Position_X,Position_Y,Position_Z,Orientation_X,Orientation_Y,Orientation_Z,Orientation_W,Twist_Linear_X,Twist_Linear_Y,Twist_Linear_Z,Twist_Angular_X,Twist_Angular_Y,Twist_Angular_Z,Steer_PWM,Throttle_PWM
-0.0023342458209025573,-0.0003676238156904607,0.0020865366263252234,-0.0006753219971112093,0.00023233195202903095,-0.0003988044243608201,0.9999996654584914,-0.0003109927800313815,-0.0005574876071198226,0.0002699979714175361,0.0019444454987874785,0.0009396210402955128,-0.0004943986512684596,1477,1530
-0.0022696629389139305,-0.0002714418188063376,0.002061204532469909,-0.0007511921395863174,0.0002113804129588495,-0.0003774138656522577,0.9999996242936613,0.0006455143271125268,0.0009631767466916646,-0.0002518523045385093,-0.0015181246055287292,-0.00042014298155919073,0.0004273974275084405,1477,1530
-0.0022396992760009738,-0.0002562374344805782,0.0021587898648151196,-0.0006745795375826344,0.00029321236573023646,-0.0004035162681380143,0.9999996480717264,0.00017925251117214478,9.037452149959656e-05,0.0005850282463876068,0.0009179543236116113,0.0009813974120185527,-0.0003119254221269748,1477,1530
-0.002352301731556589,-0.00031840125522581596,0.002073610327639637,-0.0007318307402462388,0.000239277319418407,-0.00037836540900740257,0.9999996320048066,-0.001124989267601819,-0.0006213776819980967,-0.0008532683348753417,-0.0011447017435076766,-0.0010794694292393134,0.0005019384129851174,1477,1530
-0.0024777422236670326,-0.00039311264161370925,0.002229802154599201,-0.0007064520422152295,0.00024370081882109953,-0.0003847018649037295,0.9999996467698863,-0.0012556652628673214,-0.0007509939132308884,0.0015615649817123192,0.0005080077260109775,8.88310722538794e-05,-0.0001266516840136248,1477,1530
-0.002552398946067406,-0.00033633629890185575,0.002345798627627105,-0.0007130479840692039,0.0002660893912093456,-0.0003787138884185013,0.9999996386673339,-0.0007469561829332138,0.0005650860316411431,0.001159450490049173,-0.00013201209904831313,0.0004472692145476308,0.0001199452502804265,1477,1530
-0.002552398946067406,-0.00033633629890185575,0.002345798627627105,-0.0007130479840692039,0.0002660893912093456,-0.0003787138884185013,0.9999996386673339,-0.0007469561829332138,0.0005650860316411431,0.001159450490049173,-0.00013201209904831313,0.0004472692145476308,0.0001199452502804265,1477,1530
-0.0024412674605862965,-0.00028784349293520316,0.002230061948897148,-0.000701935283178096,0.0002455211712260356,-0.0003921320059816589,0.9999996466192885,0.0008302179415251662,0.0003640501724972134,-0.0008634694463806218,0.00016616967069718914,-0.00030703929211620584,-0.00020061273391518272,1477,1530
-0.0023671690763025477,-0.00022519018873556,0.002080869355814247,-0.0008309806463646424,0.00016071089551284798,-0.0004075807705702134,0.9999995587604468,0.0005588320992204608,0.00047437978611255806,-0.0011238714155867966,-0.0019452695220571194,-0.001279421929701127,-0.0002343221139512494,1477,1530
-0.002449761782251484,-0.00012817364693427344,0.002020815099155768,-0.0008905861499368387,0.00021058492498934417,-0.00042682635019072353,0.9999994901646525,-0.0006191107415216574,0.0007269470640773011,-0.00044882884670056157,-0.0008932116222183635,0.0007470407505701752,-0.000287841889822344,1477,1530
-0.0024531246344813074,-0.0003050840443074174,0.0021996960443555966,-0.0008004918623213134,0.0002461448359640407,-0.00039042764447309294,0.9999995730957848,-3.285259281001368e-05,-0.0017713945898836956,0.0017847134565416563,0.0018004931958154368,0.0007109485830112124,0.0007286084080374782,1477,1530
-0.0024531246344813074,-0.0003050840443074174,0.0021996960443555966,-0.0008004918623213134,0.0002461448359640407,-0.00039042764447309294,0.9999995730957848,-3.285259281001368e-05,-0.0017713945898836956,0.0017847134565416563,0.0018004931958154368,0.0007109485830112124,0.0007286084080374782,1477,1530
-0.0023469757164027156,-0.0003321550863393962,0.0021541760341675484,-0.000823731248182846,0.0002275578132556162,-0.00039146275175541527,0.9999995582204952,0.0007965585208470426,-0.00020189378830201627,-0.00034138169334712004,-0.0003485286792727395,-0.00027896928778365704,-1.583797145684088e-05,1477,1530
-0.002262854002725928,-0.000292670173933201,0.0021256310473962447,-0.0008090509198781671,0.00021003681729485135,-0.00034790274756844067,0.999999590142327,0.0006320309275882837,0.00029757274835055315,-0.0002137354521889865,0.0002205967507415724,-0.00026378991980574156,0.00065453119014647,1477,1530
-0.0022157592097210963,-0.0002541181687958934,0.002016332868787552,-0.0007848636245725428,0.00019457276019626074,-0.0003954256835452867,0.9999995948844479,0.0003527247036907984,0.00029019450042953084,-0.0008176613238273442,0.00036239379480676557,-0.00023084634321802908,-0.0007116866061720717,1477,1530
-0.0023299746859084974,-0.0001399347388445267,0.0020375166368123494,-0.0008437499005084382,0.00016938179846521994,-0.00042713305964936255,0.9999995384765237,-0.0011440208880572089,0.0011414759868944905,0.00021334870052696768,-0.0011783106153283693,-0.0005041750093596784,-0.0006352614452897507,1477,1530
-0.0023299746859084974,-0.0001399347388445267,0.0020375166368123494,-0.0008437499005084382,0.00016938179846521994,-0.00042713305964936255,0.9999995384765237,-0.0011440208880572089,0.0011414759868944905,0.00021334870052696768,-0.0011783106153283693,-0.0005041750093596784,-0.0006352614452897507,1477,1530
-0.0024593268661156154,-0.0002624756520829293,0.002102236169239545,-0.0007917658630439187,0.00020699239864576362,-0.0003972768156425021,0.9999995862159624,-0.0012933007115387824,-0.001228181062312637,0.0006449906816120269,0.001039747319595746,0.0007525054302370422,0.0005982169561396469,1477,1530
-0.002349862201588401,-0.0002290515495499367,0.0019884597852832526,-0.0007967880985827172,0.00020182091524514613,-0.00039815992625726943,0.9999995829327714,0.0008197936571810738,0.0002522701034634681,-0.0008511884763621632,-7.51766915142288e-05,-7.746460677562004e-05,-1.3301870766212287e-05,1477,1530
-0.00229898402323769,-0.0002907919456297359,0.0019579642090668515,-0.0007326350820016306,0.00017431391469953565,-0.0004125674876861553,0.9999996313242137,0.0003823521729790059,-0.00046275302514765815,-0.00022948309455310127,0.0009632715337766956,-0.0004123785104508833,-0.00021642018483597773,1477,1530
-0.0026699630641887346,-0.00033662564010290884,0.0022057781667566305,-0.0008251167186592084,0.00023685721444543286,-0.000410714403129089,0.9999995471972669,-0.0027846749558332975,-0.0003490178738230806,0.001858442097556335,-0.0013885992921991526,0.0009382204729988226,2.8261241006766067e-05,1477,1530
-0.002617402861052187,-0.00037953006287857636,0.0022772967455276486,-0.0007702723697877922,0.00024268092554540098,-0.00037772076481455577,0.999999602556655,0.0005234854969849096,-0.00042805015776713635,0.0007118289917044186,0.0010922378529865003,0.00011590819588543362,0.000657552593602371,1477,1530
-0.002407773691379255,-0.0002508741192890846,0.002215608011371652,-0.000772199611070762,0.00023243477459933693,-0.000371756680333433,0.9999996057393253,0.0021041392691456716,0.0012943328870122842,-0.0006163824406058393,-3.865284905964592e-05,-0.00020586313719988373,0.00011959884093034905,1477,1530
-0.001998859808781409,-0.0002520949220098401,0.0017086592874088027,-0.0008072754089320509,0.00012239961018107394,-0.0003743840747507151,0.9999995965805754,0.004091172779983922,-1.3388567369543361e-06,-0.005067190859636631,-0.0007006294316332895,-0.002200746534200037,-5.440602216958631e-05,1477,1530
-0.00202274932533666,-0.00014871292770896744,0.0019453785930287554,-0.0008051054729412983,0.00013939177893032388,-0.00039820524074502716,0.9999995869037621,-0.00024034838908866746,0.0010302500120365158,0.00236979564775642,4.334783424161009e-05,0.00034038707676653453,-0.00047634360527302696,1477,1530
-0.002078550834684346,-0.00016192784106725577,0.001916447096974942,-0.000791192844766733,0.00013702740817113292,-0.0004029502552496905,0.99999959643415,-0.0005575670930064829,-0.0001320652432902204,-0.0002895471834423893,0.00027815392807617543,-4.707808914485164e-05,-9.485487843339033e-05,1477,1530
-0.002150081587884361,-0.00016666151113049676,0.002021919314210945,-0.000801101232058703,0.00019567526460411997,-0.00042588969118745215,0.9999995692828958,-0.0005358897398958368,-3.713258774654071e-05,0.0007896900425513871,-0.00014871739217430673,0.0008786536567970456,-0.00034291781552873345,1477,1530
-0.002150081587884361,-0.00016666151113049676,0.002021919314210945,-0.000801101232058703,0.00019567526460411997,-0.00042588969118745215,0.9999995692828958,-0.0005358897398958368,-3.713258774654071e-05,0.0007896900425513871,-0.00014871739217430673,0.0008786536567970456,-0.00034291781552873345,1477,1530
-0.002115715142444714,-0.00021098609207422485,0.0020072492763583746,-0.0008494810346797782,0.0001435493431627765,-0.00039150742043433647,0.9999995522486481,0.0003445679133576666,-0.00044332030886050074,-0.0001474761141470819,-0.0009686037670544997,-0.0010449019425477833,0.0006875555519267179,1477,1530
-0.002121495799725761,-0.00019354238570144807,0.0019998303649374632,-0.0007863640139318024,0.00012222512158939088,-0.0003832167956602654,0.999999609918696,-4.339306555034085e-05,0.00013074239372101027,-5.537023456206233e-05,0.0009458084229198917,-0.0003192423285606562,0.0001240854875601079,1477,1530
-0.0021093343459366123,-0.00041951018035257803,0.0017872411216961373,-0.0005446664821814067,0.0001534986510054217,-0.000393501345861984,0.9999997624666105,9.289148275918778e-05,-0.0016920428768331312,-0.0015969324330390798,0.003625012447737653,0.00047057548184303405,-0.00015344303219728473,1477,1530
-0.0021078687191046215,2.204529272260131e-05,0.0019451145223030413,-0.0010553477182083627,0.0001304024311491874,-0.00039559029308789464,0.9999993563721523,1.0670658898105366e-05,0.004403186606640428,0.0015797240432709686,-0.010188781685620239,-0.00046479455735730504,-4.3496242015850365e-05,1477,1530
-0.001841266145046434,-0.0003772012340993118,0.0018746277224829598,-0.0005049855104218893,0.00023459563682017508,-0.00038878359149315244,0.9999997694008932,0.0026748781667155237,-0.003997092730295433,-0.0007140663035138784,0.01102912367508596,0.002092382693538154,0.00014006030895015445,1477,1530
-0.001976769388246155,-0.0001751357878302535,0.0018872771453671165,-0.0006479421602199898,0.00018391941354321895,-0.00042588507460487814,0.9999996824832039,-0.001356554322173923,0.0020193101904410226,0.00012788805143073903,-0.0028583364289747207,-0.001014179559413315,-0.0007431532700004615,1477,1530
-0.0017598453399586132,0.00018235211339409727,0.0018056766876514362,-0.0010887903885900645,0.0001515919434058333,-0.00041051254124658767,0.9999993115171755,0.0021666450957984864,0.0035780299275769817,-0.0008106293848649833,-0.008817364981112203,-0.000650547595094008,0.00030542825217564306,1477,1530
-0.0017598453399586132,0.00018235211339409727,0.0018056766876514362,-0.0010887903885900645,0.0001515919434058333,-0.00041051254124658767,0.9999993115171755,0.0021666450957984864,0.0035780299275769817,-0.0008106293848649833,-0.008817364981112203,-0.000650547595094008,0.00030542825217564306,1477,1530
-0.0018451133137388671,-0.00023162237901202008,0.0019326358722029887,-0.00043998001754003315,0.0002284725441247527,-0.00044473284689556375,0.9999997782152628,-0.0006382013589381234,-0.00311205124022537,0.000946651785956783,0.009746331659282976,0.0011594946531219429,-0.0005113348839407579,1477,1530
-0.0020515778920805667,5.165088921103329e-05,0.001841536153738642,-0.0008281757840489959,0.00010003872513307971,-0.0004406985918562173,0.9999995549508383,-0.0015481034138519012,0.0021210890285617632,-0.0006812248947802821,-0.0058147380806805385,-0.0019266851117918297,5.826061726808113e-05,1477,1530
-0.001802635664789614,-0.00021487881277746653,0.0019035065546298053,-0.0006244413854251094,0.00019128282711050994,-0.0004021954017281193,0.9999997058613039,0.0018680676750104021,-0.001997379742290048,0.00046167640721117483,0.00305426365037218,0.00136903973317552,0.0005787808905843314,1477,1530
-0.002157675289109006,1.977871738189697e-05,0.0019132007816610966,-0.0008454181587769651,0.00013535204215442124,-0.00045124919223283564,0.999999531660954,-0.0035522134300354975,0.0023435262651451886,9.850942527146682e-05,-0.004418766214607382,-0.0011197460037873433,-0.0009825913362090438,1477,1530
-0.002062766324445506,-0.00013056678696199441,0.001936716390921849,-0.000734765542810118,0.00019982305830225854,-0.000413021768583742,0.9999996248016099,0.0009491869806728116,-0.0015011021979866365,0.00023257843394120683,0.0022095834495114547,0.0012881486745145597,0.0007649747278559263,1477,1530
-0.0020651116720173724,-0.0003726232193580059,0.0017892683038959983,-0.0005368867155131667,0.00017151435739019868,-0.00038350386587025835,0.999999767630105,-2.089016599042079e-05,-0.002421343038227529,-0.0014798358427534368,0.0039624876450647835,-0.000565658032333163,0.0005914494763492536,1477,1530
-0.0020142220061426025,2.9482763605111813e-05,0.001751729694342652,-0.0008830094916796338,8.045594435462404e-05,-0.0004156243378532166,0.999999520538629,0.000379353649574552,0.0030155806007987045,-0.0002780960374054717,-0.005189847686082292,-0.0013672419207556023,-0.00048330290183611855,1477,1530
-0.0020142220061426025,2.9482763605111813e-05,0.001751729694342652,-0.0008830094916796338,8.045594435462404e-05,-0.0004156243378532166,0.999999520538629,0.000379353649574552,0.0030155806007987045,-0.0002780960374054717,-0.005189847686082292,-0.0013672419207556023,-0.00048330290183611855,1477,1530
-0.002053478157826092,-0.00023684561750319898,0.0017977133771074608,-0.0005205674986512802,0.0001681910303864136,-0.0004320039137941554,0.9999997570469077,-0.0003903778617226072,-0.0026641240553887933,0.0004550193671686366,0.007247340414308139,0.0017578092004298758,-0.00032542096894193324,1477,1530
-0.002095519324282478,5.784934809535176e-05,0.0017892656734567738,-0.000930682454350668,6.85561058881651e-05,-0.0004332007167008206,0.9999994707335439,-0.00031770807194423544,0.002213562119474235,-6.126161592999239e-05,-0.00616098019271892,-0.0014995815831784789,-1.9798385877181505e-05,1477,1530
-0.0019715005010101402,-0.00015588940972637252,0.0018639223431191326,-0.0007424105967961049,0.00013751299289474855,-0.0004097666035894018,0.9999996310039382,0.000930179230694003,-0.00160108032591074,0.0005563064441755872,0.002819743376749088,0.001033832489113264,0.0003521863190632495,1477,1530
-0.002063803597651705,-1.7401085529564827e-05,0.0017894726438571588,-0.0008564943136648437,8.447555381988144e-05,-0.00043271583182688436,0.9999995360190821,-0.0009236659856069725,0.0013847873809413784,-0.0007424568294332114,-0.0022804473868707595,-0.0010610028068930638,-0.0004599392642568958,1477,1530
-0.0019400626573373143,-9.941628635836395e-05,0.0018051886212295221,-0.0007650880541453739,0.0001245364790625429,-0.0004027345031351766,0.9999996184678542,0.0012373128830299716,-0.0008188331435222058,0.00015586647337782584,0.0018265776568697444,0.000800990851530186,0.0006000896236750519,1477,1530
-0.0017437620188654314,-0.00011899339321273705,0.0018000987504999803,-0.0007588624589691434,0.0001441956291959462,-0.0003881942336066977,0.9999996263202428,0.0019647675196346618,-0.0001942694789378074,-5.074915607210007e-05,0.00012441819066847634,0.00039332908316449237,0.00029135766847049137,1477,1530
-0.002074730920037791,-1.0629883239652826e-05,0.0018329432580336128,-0.0008600197436087155,0.00011485654878712828,-0.00045520433323987457,0.9999995199813989,-0.0033101605398848147,0.001080414862028968,0.0003290867143179233,-0.002022442372275599,-0.0005864673213230543,-0.0013407516275320338,1477,1530
-0.0021532571602544156,-0.00013556385735761514,0.0020005445319328952,-0.0008002278507600614,0.00016340426351851235,-0.0004303496980722402,0.9999995738666944,-0.0007845630090562067,-0.0012530228230966767,0.0016737975995069186,0.00119542281243927,0.0009711385255018221,0.0004981002120028646,1477,1530
-0.0021096721727892993,-6.138247156533548e-05,0.0019953206808753935,-0.0009142259979978987,0.00016112634139694816,-0.00040663298661446003,0.9999994864392382,0.00043521934908567175,0.0007422564222759633,-5.090754775983069e-05,-0.002279975675086238,-4.691795576344792e-05,0.0004739147834424263,1477,1530
-0.002049107053435271,-0.00018638293365702161,0.0019787149054543976,-0.0008505350250903564,0.00015081122970979108,-0.00038355425814132703,0.9999995533660375,0.0006067334395047604,-0.001249231075571626,-0.0001681506165575646,0.0012738550222637919,-0.00020621047413804024,0.000461600747727272,1477,1530
-0.0022370601929073285,-0.00012239235202773636,0.0019995331688457962,-0.0009342860810660193,6.21696013689469e-05,-0.0004229785779056134,0.9999994721666513,-0.0018821925096693872,0.0006388247069689078,0.00020893664745576091,-0.0016761000946735568,-0.0017747911223379503,-0.0007911332033826429,1477,1530
-0.002159761853610669,-0.00010746053093019527,0.0020141960886975287,-0.0009872425831555882,0.00011195092399677484,-0.0004064285376847386,0.9999994238172919,0.00077281547599105,0.00014969323195794344,0.00014700025827351124,-0.0010595403068297778,0.0009948389032185428,0.00033185461929485766,1477,1530
-0.002224833325327567,-0.00021497242569624682,0.0019504448620807147,-0.000772397864313837,0.00013141841303558868,-0.00043768308090198765,0.9999995972820489,-0.0006497500822022412,-0.0010744724326633268,-0.0006398311196668516,0.004297150834779261,0.0003917440043870059,-0.0006242736120677215,1477,1530
-0.0021147010127005776,-5.7187664627898554e-05,0.0018443984311000833,-0.0009116753185038359,0.0001318866826543915,-0.00041107784895697355,0.9999994912343796,0.0011001531548575562,0.0015803524614239088,-0.0010576720649590355,-0.0027854565002602095,7.735019043950752e-06,0.0005317127549105283,1477,1530
-0.0022423207229887647,-0.00015449276989337794,0.0019063792598060173,-0.000819566127794847,0.00015346952803475483,-0.00040988245131052994,0.9999995683773276,-0.0012754828894042199,-0.0009751697158617149,0.0006176584856408365,0.0018418931722024212,0.0004323660272200043,2.4543592845718804e-05,1477,1530
-0.0021076460098636814,-0.00019012446225413437,0.0019234047795678476,-0.0007148375262244986,0.00018642991174848083,-0.0004005268216696985,0.9999996469146695,0.002015149914500609,-0.0005318309180150376,0.0002544548110161589,0.0031331231406943575,0.0009872571935120947,0.0002812184868097897,1477,1530
-0.0019749305499809295,-0.00021431208737598997,0.0019086535666894284,-0.0007763669594481669,0.00018872066090794862,-0.0003522421600227032,0.9999996187820855,0.0013268985964086976,-0.00024051084801318502,-0.00014730615721920599,-0.0012303194950007885,4.461492070969965e-05,0.000965129249229126,1477,1530
-0.0018249173134156273,-0.00028299735540228616,0.0016995905171838174,-0.0007395790834593578,0.00014640007755955126,-0.00036881397545843875,0.9999996477829617,0.0011278744506083203,-0.00051273969898343,-0.0015708823761056202,0.0005529818509530988,-0.0006354474772342437,-0.0002493684185951957,1477,1530
-0.00212599771580913,-0.0003068603761888654,0.0017157924014950207,-0.0007089753558677869,0.00016481225295504807,-0.0003790975891379787,0.9999996632378849,-0.004502750930420126,-0.00036057274013671854,0.00024046558923060678,0.0009152578585103995,0.000551308175697459,-0.00030706090691676527,1477,1530
-0.0020759449125846096,-0.00019027759598912465,0.0018158778168478294,-0.000837096444634409,0.00013526901421709588,-0.00038292319705635915,0.9999995671707366,0.0004992743541250593,0.0011646932138425728,0.0010025910811459306,-0.002561980710581017,-0.00059173408307334,-7.734790021545031e-05,1477,1530
-0.0019662590675784044,-0.0001866674137846321,0.0018468131568865774,-0.0007600767062330162,0.00014342748429028838,-0.00041666363498703903,0.9999996140516115,0.0010966372744151398,3.6419946104841455e-05,0.00030967987015659396,0.0015402696585770316,0.00016430750616009294,-0.0006743957117223416,1477,1530
-0.002023753729187651,-0.00014863472002014358,0.0019129979233705725,-0.0007942913254071364,0.00013763785192538047,-0.0004102722419786593,0.9999995909168158,-0.0005754528474242321,0.0003788411842907412,0.0006622596921035874,-0.0006842625585083257,-0.00011617481497567839,0.00012764146041502973,1477,1530
-0.002090657353627991,-0.0001058030582637444,0.0020638115571578585,-0.0007420664669654191,0.00025621955726665163,-0.0004214886045622408,0.9999996030180475,-0.0005026088698182458,0.0003191919385176051,0.0011320527821053095,0.0007830674176003249,0.0017800921567578082,-0.00016681013759230326,1477,1530
-0.002215756121434737,-0.00010502158348658169,0.0020903615556396873,-0.0007673467481579597,0.0002545252107476097,-0.0004092278557062014,0.999999589464139,-0.001251304729060372,6.367455395134685e-06,0.00026490650358686993,-0.0005057249717064342,-3.4286720434245995e-05,0.00024509438632879665,1477,1530
-0.002033332730872093,-5.9644301391806606e-05,0.00199905330958512,-0.0007933197388328525,0.00017303522015292122,-0.00039270479991501954,0.9999995932426893,0.0018197944314460395,0.0004555316934814723,-0.0009091913008872424,-0.0005175878995847418,-0.001626216039786382,0.0003282608044758038,1477,1530
-0.0020755480654415627,-0.00020094493199663868,0.0020766959619664548,-0.0008524562903485282,0.00014718338461015384,-0.00040167835905468766,0.9999995451548064,-0.00042175407016632825,-0.001416054410038686,0.0007748509971549808,-0.0011837401417254547,-0.0005179022175781452,-0.0001802756064183695,1477,1530
-0.0026551123057053615,-0.0005705479938037969,0.0026092463827571814,-0.0008544166010530491,0.000339916806015916,-0.00040474280139147286,0.999999495305923,-0.005784978162843559,-0.0037038325780932592,0.005308990869915128,-4.0681272290882325e-05,0.003848545646317463,-5.7916387258040576e-05,1477,1530
-0.002658145987855418,-0.0004451956092629281,0.002799125092011561,-0.0008469128023894188,0.0003517882494950165,-0.0004321853562164586,0.999999486099643,-3.268787693692792e-05,0.0012520171778765453,0.001903589014140648,0.00015037823961393135,0.00023829449723975952,-0.0005493716315085215,1477,1530
-0.0026853529288543253,-0.0003821940607037554,0.002779391725933654,-0.0008112149342284051,0.000359862023351204,-0.00040989444377201014,0.9999995222079854,-0.00027243734704698717,0.0006300254449525494,-0.0001964305050585569,0.0007136310786207026,0.00016138353913097846,0.00044614378922212675,1477,1530
-0.002943427079257497,-0.0006740131526586859,0.0024327336299480194,-0.0007480124883455402,0.0003539645397517783,-0.00045272177480440987,0.999999555114609,-0.0019353930290047804,-0.002189970057672682,-0.002609599625478629,0.0009500236175779951,-8.771141949287014e-05,-0.0006433044367552495,1477,1530
-0.0027343388813538183,-0.0007984975316637486,0.0026149184617556545,-0.0006963241865076419,0.00034819137091121117,-0.0003726238911885714,0.9999996275233465,0.0020909498920570107,-0.0012458129718766417,0.001821665900080289,0.0010333655668904045,-0.00011620689675432416,0.0016024134291982687,1477,1530
-0.0027343388813538183,-0.0007984975316637486,0.0026149184617556545,-0.0006963241865076419,0.00034819137091121117,-0.0003726238911885714,0.9999996275233465,0.0020909498920570107,-0.0012458129718766417,0.001821665900080289,0.0010333655668904045,-0.00011620689675432416,0.0016024134291982687,1477,1530
-0.002685727281628661,-0.0007558701297423514,0.002535946867523796,-0.0007102408188345323,0.0003811154341804169,-0.00040218441150239036,0.9999995942782696,0.0004863425291474624,0.00042773125230107954,-0.0007887747833579046,-0.00027836973364460507,0.0006587826245133569,-0.0005908429219876028,1477,1530
-0.002787250164838474,-0.0008034165630469381,0.002286673775578701,-0.0006222902747040994,0.00033549504936931284,-0.00038478110450248897,0.9999996760706409,-0.0007586878365530111,-0.0003540764770419316,-0.001868115719967847,0.001317658680098284,-0.0006830403882084788,0.0002607154462107388,1477,1530
-0.002202287734326524,-0.0004674931254842481,0.0015616079839896866,-0.0006544636438999056,0.0002325602181413452,-0.0003844869194763191,0.9999996848813963,0.0058518963603181404,0.003372755881944436,-0.00724254285894138,-0.0006426768922125636,-0.002058947272266681,4.386779411974988e-06,1477,1530
-0.0023132064097380074,-0.0006373719442688166,0.0016871910974702168,-0.0005421272188007173,0.00022890294762950737,-0.0003946248018295674,0.9999997489863607,-0.0011082191381263022,-0.001700908643813963,0.0012528145547645898,0.0022463097217624863,-7.213328080163613e-05,-0.00020223796920982088,1477,1530
-0.002237578940837915,-0.0004374378150283607,0.0017301447372038714,-0.0007371887559405936,0.00022350085347236956,-0.0004116633904676277,0.9999996185666067,0.0005650580700401346,0.001497438994574234,0.00032357000380108897,-0.002921611175312217,-8.192864289262239e-05,-0.0002559234098394809,1477,1530
-0.0024116447727069207,-0.0007644401960455802,0.0017287431090641115,-0.0005621125277667251,0.00020803372125229472,-0.00037998707301557756,0.9999997481806187,-0.0017407082423487846,-0.003276608077054772,-1.9647086589647538e-05,0.003507052032452197,-0.0003088566783640416,0.000635085158900038,1477,1530
-0.0026319392785100044,-0.0008023811745801456,0.002112148412159972,-0.0007189971586508611,0.00029964862944644865,-0.00039401142683816246,0.9999996190043172,-0.002204161220810798,-0.00038537863008079886,0.0038325529776251648,-0.0031382056504031457,0.0018311903749861568,-0.00028009957166212304,1477,1530
-0.0025442972696866468,-0.0004289974140128919,0.0022097984491569475,-0.0006435145643529005,0.0002993072840853167,-0.0004124731124108035,0.9999996630849863,0.000654453947156114,0.0027989221642491483,0.0007365537319477466,0.0011319532415040938,-4.473687901834376e-06,-0.00027649877176645995,1477,1530
-0.0025442972696866468,-0.0004289974140128919,0.0022097984491569475,-0.0006435145643529005,0.0002993072840853167,-0.0004124731124108035,0.9999996630849863,0.000654453947156114,0.0027989221642491483,0.0007365537319477466,0.0011319532415040938,-4.473687901834376e-06,-0.00027649877176645995,1477,1530
-0.0024020826115891433,-0.0002445445905155107,0.0024347127517572917,-0.000760474523417913,0.0003522258292742331,-0.00044784746940909945,0.9999995485239521,0.0014190512720828681,0.001842508657542962,0.0022520060169454615,-0.002339050413043097,0.0010576924237003294,-0.0007073937259364786,1477,1530
-0.0024728205895955366,-0.0004511074582221995,0.002350979611641993,-0.0007025700060224525,0.00033302013264415023,-0.0004405288308269463,0.9999996007135835,-0.0007050092539286052,-0.0020651913936743796,-0.0008410541896533143,0.0011583269197106344,-0.00038374516628286823,0.00014650362385486794,1477,1530
-0.0022044222361569197,-0.000642729286459859,0.0021028404298090823,-0.0007321391598905618,0.00026815921813332837,-0.00036093491962746086,0.9999996308943656,0.002018494206887409,-0.0014349079730740348,-0.0018644920630709089,-0.0004441665096250427,-0.000975398580733851,0.0011948544899174627,1477,1530
-0.0022313296752701083,-0.0007393466098834271,0.002050082717751832,-0.0006517176978943045,0.0003005245277470711,-0.000333486077514328,0.9999996868679939,-0.00020081931197561022,-0.0007232909783446441,-0.0003963561721248251,0.0012045307994346637,0.00048500693931681634,0.0004118968367252113,1477,1530
-0.0024023048719322123,-0.0007125746605774562,0.0022863280496799037,-0.0006430611588993549,0.00035243429450829107,-0.0003937570488208113,0.99999965360884,-0.0017111093114388033,0.0002634628565827992,0.0023614407976197396,0.0001731220894958267,0.0010388930948808373,-0.0012045219971042584,1477,1530
-0.00253591008092589,-0.0006730158939857789,0.0023145826560523036,-0.000692894970271809,0.00029491627245767355,-0.0003643816907260237,0.9999996500734065,-0.0013348134628578757,0.0003936565050680967,0.0002817429233501076,-0.0009951264072255688,-0.001149624261161722,0.0005856487157274015,1477,1530
-0.0023273146100277445,-0.00048264189897599197,0.0021701850102538744,-0.0007170605763195609,0.00027610182124697505,-0.00038839138967610885,0.9999996293719523,0.003142722868047644,0.0028742382697178664,-0.002170239205866706,-0.0007279315051324738,-0.0005668311655612772,-0.0007242600286557099,1477,1530
-0.0023203817901163767,-0.0005364288480921533,0.002181993554987926,-0.0006536261506276045,0.00031565536739967066,-0.0003939670895100374,0.9999996589621799,5.219084935534648e-05,-0.000402948292581082,8.789650025298647e-05,0.0009500359608647425,0.0005929378456230213,-8.283614395358013e-05,1477,1530
-0.0022830098671480685,-0.00034587844016956105,0.00222931828104478,-0.0007101439787500164,0.0003278003345823298,-0.000430531640938665,0.9999996014424084,0.0003718327978415774,0.0019047393102901797,0.00047586393835367903,-0.0011299618960555055,0.00024287643001988512,-0.0007313210663003742,1477,1530
-0.0024817913160324247,-0.0003609412272658029,0.002351882344300812,-0.0006863742432600057,0.00034217694522154207,-0.00047010783627121985,0.9999995954018972,-0.001986499835741746,-0.00015392555344347035,0.0012228979152088713,0.0004750550495718542,0.00028801089529328726,-0.0007903732461351882,1477,1530
-0.0024817913160324247,-0.0003609412272658029,0.002351882344300812,-0.0006863742432600057,0.00034217694522154207,-0.00047010783627121985,0.9999995954018972,-0.001986499835741746,-0.00015392555344347035,0.0012228979152088713,0.0004750550495718542,0.00028801089529328726,-0.0007903732461351882,1477,1530
-0.0025726592538295448,-0.0005491148797858005,0.0022554707862436447,-0.0006789978990700802,0.0003712335486372179,-0.000430887663961176,0.9999996077415861,-0.0006801019634948143,-0.0014118092411628423,-0.0007259323952725663,0.00011030633235376568,0.0004357628463090842,0.0005889987386564402,1477,1530
-0.002502526681416102,-0.0007139192581191095,0.0022144799247940227,-0.0006737185476537295,0.0003565677838420091,-0.0003673078242176218,0.9999996420237839,0.0007031277918972187,-0.0016470620120642816,-0.0004116697941903183,0.00010525335688173707,-0.00029416570901501514,0.0012715765019048043,1477,1530
-0.0023272832537490156,-0.000690576760103599,0.002144110387183107,-0.000661223891085327,0.0003682489073729809,-0.00034283081796021976,0.9999996548213094,0.0013140829417653977,0.000176678885411647,-0.0005264010436517256,0.00018715492135576537,0.00017497302592135315,0.0003672031244975734,1477,1530
-0.0024520458940884625,-0.0005965450298418963,0.002248057798553764,-0.0007163796211659243,0.00038183771215482274,-0.0003834589400605967,0.9999995969796392,-0.0009381655358615503,0.0007046076984647905,0.0007810034596696741,-0.0008284077437777186,0.0002042539447231672,-0.0006104953386204559,1477,1530
-0.002533259706646872,-0.0007356388976284086,0.002231532011409409,-0.0006371418505301649,0.00036781523423510566,-0.0003966217105273458,0.9999996507266561,-0.0008108872790202458,-0.0013912250310566003,-0.00016785903149456322,0.001584852666138826,-0.00027963400199885395,-0.00026283228174977006,1477,1530
-0.0024110503936725755,-0.0005167470000591509,0.0022691095516012075,-0.0007112013218602653,0.00031934990795286607,-0.0004078996565022443,0.999999612913018,0.001220005601508786,0.0021892750435941744,0.0003794405191481267,-0.0014806331411075496,-0.0009696914862906609,-0.00022670792798414212,1477,1530
-0.0023892729328062186,-0.0005739071719751659,0.0021862427606880556,-0.0006507181908185778,0.0003142226186078458,-0.00039600372435125007,0.9999996605054583,0.00021877641587031313,-0.0005702615823162812,-0.0008293654624445273,0.0012096649685887863,-0.00010222490501213457,0.00023823946131473837,1477,1530
-0.002298280112266476,-0.0004753777908370078,0.0020105225225595033,-0.0006843348925298332,0.00026597662851714465,-0.0004226932015507859,0.999999641136258,0.0009099773838862026,0.0009880038879822566,-0.0017548197398703554,-0.0006715827426428828,-0.000964548888053002,-0.0005344683291073917,1477,1530
-0.0024821930911352198,-0.0005899379064282802,0.002071761566280692,-0.000692560609668011,0.0002832037768303882,-0.00041330230679525456,0.999999634668246,-0.001839055494839763,-0.0011483480643799107,0.0006100318005919977,-0.00016476103931323437,0.00034445158758653613,0.00018806809994444319,1477,1530
-0.002412498843812582,-0.0005151567837021824,0.0021215778995287123,-0.0006921421352175627,0.00026843949967523905,-0.0004141211928921528,0.9999996386915032,0.0006960139672545233,0.0007476660370717736,0.0004995735778271437,8.495882271859573e-06,-0.0002952588459657875,-1.6579152396997943e-05,1477,1530
-0.0024732994496926733,-0.0006496037965380219,0.002082640221965554,-0.0006579121485272098,0.0002711574419089004,-0.0003927598918404099,0.9999996696824022,-0.00045519424622251847,-0.001008727967287438,-0.00029379047855323647,0.0005135524609608054,4.07761590465817e-05,0.000320713926328833,1477,1530
-0.0024732994496926733,-0.0006496037965380219,0.002082640221965554,-0.0006579121485272098,0.0002711574419089004,-0.0003927598918404099,0.9999996696824022,-0.00045519424622251847,-0.001008727967287438,-0.00029379047855323647,0.0005135524609608054,4.07761590465817e-05,0.000320713926328833,1477,1530
-0.002447031987360041,-0.0005633700632863227,0.0020110528855516916,-0.0006631039536319128,0.0002835096263800004,-0.0003781033489047742,0.9999996684765928,0.0002621356429951934,0.0008626651461163294,-0.0007139173292515006,-0.00010391387894303408,0.0002465757304052388,0.00029298679207475774,1477,1530
-0.0025929181346268314,-0.000514627629353954,0.002074738929726823,-0.0006779394924956452,0.0002764337470012321,-0.00043610205920881223,0.9999996368986448,-0.0010931214307301393,0.0003635846274243925,0.0004768231917640323,-0.0002219275233624839,-0.00010549362700790807,-0.0008688650226924965,1477,1530
-0.002534065736685927,-0.0005494833789055462,0.0020811694617739827,-0.0006830342717508333,0.00026112768034125176,-0.0004373512282183662,0.9999996370001446,0.0005884980461154252,-0.00034795717738927485,6.412639441941927e-05,-0.00010170428819185181,-0.000305995724399896,-2.520646612089825e-05,1477,1530
-0.002428837777101093,-0.00043868070605401364,0.002078438601164652,-0.0006892834820144948,0.00026125522283842057,-0.0004512728527573469,0.9999996264933312,0.0007885893823997154,0.0008318388789625747,-1.8936071855127174e-05,-9.369601222736873e-05,2.015062465928153e-06,-0.0002088731190543481,1477,1530
-0.0025344233769903184,-0.0003560761631505683,0.0021312084098623367,-0.0007768108488198026,0.0002613977299019414,-0.00047104728587408264,0.9999995531751932,-0.0010567815547309456,0.0008242899525941984,0.0005282361835497341,-0.001750288129785773,2.3329426479816713e-06,-0.0003959089196230861,1477,1530
-0.0025629995284178688,-0.0005583808453379743,0.0021453928311975924,-0.0007067566188726589,0.00030386083707627487,-0.0004363188150340368,0.9999996088947057,-0.0002837499154727819,-0.002022258964681155,0.00013846463634078156,0.0013996214755478658,0.0008488471270655255,0.0006951576384484693,1477,1530
-0.002489720724718284,-0.0006093497928876771,0.0019783771074964518,-0.000719088356804771,0.0002518404896759326,-0.00042552209425877554,0.9999996192095523,0.0007346873883602216,-0.000506992593079744,-0.001671432654134012,-0.0002463940176765089,-0.0010412916032087008,0.0002152533159118736,1477,1530
-0.0024031666046932716,-0.0006048811673440851,0.001966312826762874,-0.000631965635960064,0.00026682642106443815,-0.00039381814910506173,0.9999996871651314,0.0006502910675098969,3.425593862211833e-05,-9.026169309172867e-05,0.00130887689856491,0.00022539042061615384,0.00047687040562584867,1477,1530
-0.002085795836902313,-0.00048114996822734893,0.00201877930199029,-0.0007226214315646483,0.00023543220037674427,-0.00038741066604315556,0.9999996361513943,0.003171595214443586,0.0012388115459434248,0.0005277806118464388,-0.001812413559441127,-0.0006285092717248911,0.0001272342774881628,1477,1530
-0.002085795836902313,-0.00048114996822734893,0.00201877930199029,-0.0007226214315646483,0.00023543220037674427,-0.00038741066604315556,0.9999996361513943,0.003171595214443586,0.0012388115459434248,0.0005277806118464388,-0.001812413559441127,-0.0006285092717248911,0.0001272342774881628,1477,1530
-0.0021418662299403294,-0.0005871235291040756,0.00187029285624683,-0.0006537628751686591,0.00023022869467014063,-0.0003702572185879074,0.9999996912491737,-0.0005592677858628467,-0.0010581809056288795,-0.0014868814851291146,0.0013773375721652,-0.00010380028393593083,0.0003433697837908055,1477,1530
-0.0023634897135760267,-0.0004695977381845702,0.0019195383258452888,-0.0006936161711163248,0.00022186673299588104,-0.00041228325359527043,0.9999996498470778,-0.0022146514304272765,0.0011715545341639665,0.0004923733758591428,-0.000795847804840692,-0.00016678280220088304,-0.0008397974345766692,1477,1530
-0.002572146729747672,-0.0005574367627368842,0.002087857774470105,-0.0006466563787179879,0.00024555724672643885,-0.0004260896899815738,0.9999996699923165,-0.0015655691870255126,-0.0006620980370054391,0.0012612899584774854,0.0007045781199751933,0.0003559339446164174,-0.00020677629512676535,1477,1530
-0.0024407778762405128,-0.0003731768543502239,0.0021239476163885523,-0.0006799559857142563,0.0002486550353097849,-0.0004388918858516465,0.9999996416021572,0.0013117564006322364,0.0018429911058469518,0.0003638756969666487,-0.0006658625918296855,6.182903463236786e-05,-0.0002561316915045406,1477,1530
-0.0023727503322045766,-0.00043465649578701285,0.0020659770275398026,-0.0006814381502919937,0.00021452926314072742,-0.0004420306901551765,0.9999996471139931,0.0006811029076476599,-0.0006134102293078889,-0.0005802025015433489,-2.9328045894571663e-05,-0.0006824855514046527,-6.324746660456168e-05,1477,1530
-0.0024088768637797395,-0.0006729794628604524,0.0019311055058922248,-0.0006406561414497039,0.000255517074401839,-0.0003834089101936119,0.9999996886341215,-0.0002686110678416201,-0.0017841306829469092,-0.001012866986831834,0.0006105342380411122,0.000613748448200138,0.0008788178827591701,1477,1530
-0.002264735718632759,-0.0005675059188751616,0.0020765052599689975,-0.0006703031855053903,0.0003325863238282729,-0.000328369626024527,0.9999996661266266,0.0014399025736880561,0.0010540074026779182,0.001456128397957202,-0.0005938310500909689,0.0015404982746376958,0.0011016542089093864,1477,1530
-0.002206447921007456,-0.0004854584736449537,0.002069064634761476,-0.0006995468646987858,0.00031759429157191975,-0.00037372239262400205,0.9999996350497447,0.0005823646838291023,0.000820923005701481,-7.291552748175938e-05,-0.0005844502944421934,-0.0002994124144483031,-0.000907414441759026,1477,1530
-0.0024716199387316627,-0.0006348677807456397,0.0022476955747942075,-0.0006954640492086206,0.0003246263511844753,-0.00038341446849256305,0.9999996319703488,-0.003987631686090595,-0.002253525111903034,0.0026805388691020747,0.00012280671756822821,0.00021174345253498672,-0.00029130836698678417,1477,1530
-0.002376822211323108,-0.0005761280488580842,0.002175538572947521,-0.0007107518178459159,0.0003088978761097779,-0.0003581317049746327,0.999999635577752,0.0007100175959169653,0.0004412373834959997,-0.0005393592616149493,-0.0002290335676877355,-0.0002359537027043474,0.0003784814547172337,1477,1530
-0.002446427831197449,-0.0005534260831312163,0.0021332132815884853,-0.0006843919403226525,0.00030167287065741027,-0.00038019639961091816,0.9999996480258622,-0.000695915569640678,0.00022710923832890365,-0.0004233347209438555,0.0005273539588721837,-0.00014398903735588785,-0.0004412070238372635,1477,1530
-0.0024555347881699764,-0.0005524034995099122,0.0021024975873130017,-0.0007150204988901037,0.00028019980921301687,-0.00038683328528108917,0.9999996302968125,-9.089668960624097e-05,1.0577643326534965e-05,-0.0003072129589580902,-0.0006123984953569137,-0.00042962450471901407,-0.00013322317855999795,1477,1530
-0.002420590834070273,-0.0008776480123342694,0.0022022358197676998,-0.0006996956840734845,0.00033048823269000467,-0.0003321182887586963,0.9999996454503968,0.00052849843766293,-0.004893363111637502,0.0014933474868895902,0.0004599198561725948,0.001511662097864869,0.0016470216098609046,1477,1530
-0.002407517051647599,-0.000630629873339062,0.002100319405177608,-0.0007117575880129694,0.00030637862129671216,-0.00035710111430047015,0.9999996360059686,9.719505802092058e-05,0.0018512602719013482,-0.0007606844547922778,-0.0001804401410852469,-0.00036095278888588494,-0.00037454762091080533,1477,1530
-0.0024748117073269847,-0.0006488564644888087,0.0021193692936070908,-0.0006984707212769268,0.00029690512320299856,-0.000385984996387206,0.9999996375007248,-0.0010100757067532354,-0.0002747098949885083,0.00028493071717016616,0.00039924035196492246,-0.00028363579677027646,-0.0008671773006405494,1477,1530
-0.002480306694346576,-0.0006652381125933874,0.0021831112390457543,-0.0007153004955709522,0.00033131243103154596,-0.00035684508200093046,0.9999996256193603,-5.520313329288362e-05,-0.00016475419529160022,0.0006371763715383513,-0.0003370442910585035,0.0006876296182119833,0.0005831961936449137,1477,1530
-0.0022351557435150863,-0.0006359861957792805,0.002022169790586819,-0.0006833109925781525,0.0003087938563306427,-0.00031923152792498265,0.9999996679117811,0.0024491322006919233,0.00029617910314899866,-0.0016052494641110803,0.0006388586080959883,-0.00045008728437346103,0.0007511693775888758,1477,1530
-0.0019755414148294116,-0.0006261434640362029,0.0018944392464276115,-0.0006826407884484487,0.0003039639362005292,-0.00030551605857322145,0.9999996741336552,0.0025967897658345494,0.00010182644104773261,-0.0012755267676500357,1.3349894877599174e-05,-9.677866520241412e-05,0.00027423924083544215,1477,1530
-0.0020134155408363693,-0.0006178499113569809,0.0019853251044138417,-0.0007546765098079998,0.000222831046017909,-0.00031840522262105566,0.999999639713837,-0.00037935155826609985,8.146478121282944e-05,0.000908758549667545,-0.0014401691261832865,-0.0016229537127205864,-0.00025933421158486124,1477,1530
-0.0023522292621673897,-0.0007411114741085758,0.0020369626643432785,-0.0007514576332633766,0.0002843462105540464,-0.00036087914856831367,0.9999996121123734,-0.0033875468383772673,-0.001235537545090119,0.0005129979612401701,6.417400454833256e-05,0.0012309522405742409,-0.000848527077082039,1477,1530
-0.0024424185396320322,-0.0007057091368830319,0.002111629687592041,-0.0006683757956598719,0.00035025732079490044,-0.0003428157462065155,0.9999996565354252,-0.0009026264425420711,0.00035227111867188973,0.0007467326781569086,0.0016611580005554943,0.0013186287310128972,0.00036275306116720547,1477,1530
-0.002333807978055251,-0.0006717797476792058,0.002069498952792014,-0.0006503104359034949,0.00033271172891786337,-0.00034030857880119853,0.9999996752946037,0.0010859717685171712,0.00034053965569439657,-0.0004200164648895759,0.0003613450147209594,-0.00035075836472457796,5.002646425067317e-05,1477,1530
-0.0023774211058510144,-0.0005921111810790684,0.0020478109438045867,-0.0006985275717266886,0.00029976880765370195,-0.0003706555799833128,0.999999642406103,-0.0004365512693975185,0.0007967101213224942,-0.0002161450653386282,-0.0009639648780962428,-0.0006588244083889382,-0.0006077197470399241,1477,1530
-0.002519626886673009,-0.0007740823563299873,0.002112612662139313,-0.0007601087551992173,0.00027693871689789555,-0.0003636850253964194,0.999999606636337,-0.0014208966771149946,-0.001821413529604405,0.0006445310545525903,-0.0012313238924940141,-0.00045709133527487076,0.00013870320695504422,1477,1530
-0.0024660989631954595,-0.0007077763381209473,0.0021240423340818815,-0.0007586998599006796,0.00026629505788174654,-0.000358456951228658,0.9999996124849639,0.00039936458059362025,0.0004953654942997171,8.633656455454312e-05,2.1080872814270895e-05,-0.000159035639001268,7.797655012152264e-05,1477,1530
-0.0026291143677681767,-0.000837215451357371,0.002205593005148083,-0.0007703814161070738,0.00027870005534470435,-0.00036455393979273267,0.9999995979695078,-0.002465854821542292,-0.001962194821168517,0.0012296640969127336,-0.00035359547737560455,0.00037541602900861143,-0.00018431782824418496,1477,1530
-0.002650267785183654,-0.0007726297345369885,0.00218153373043777,-0.0007916257441556738,0.0002480176491254955,-0.0003527847025277041,0.9999995936793573,-0.00021184798725722596,0.000646001774490293,-0.00023968910521016967,-0.0004246816351759731,-0.0006139165530479627,0.00023476763592983614,1477,1530
-0.0024428433513023757,-0.0006789831365042548,0.002114727827097426,-0.0007435926506247524,0.0002520048127631849,-0.00032783586867487287,0.9999996380435278,0.002073954944800739,0.0009390038837748862,-0.0006655588718527037,0.0009605295060390213,7.968851808983098e-05,0.0004992881610217253,1477,1530
-0.002442902432220564,-0.0005566827032159307,0.0020669862591129683,-0.0007085168561146035,0.0003291124993607664,-0.00037943229622194955,0.9999996228599084,-1.153159248779175e-06,0.0012241286183076172,-0.00047575851587966484,0.0007015084009854593,0.0015436754164853176,-0.0010309552822171967,1477,1530
-0.0025762671718784994,-0.0008145695434492405,0.0021994126371785504,-0.0006573427884274996,0.00036844911956925914,-0.00036331649287175684,0.9999996500733538,-0.000997753347640332,-0.001933086766980286,0.0009881472262083229,0.0007660283053108059,0.0005891849889556035,0.00024200365811699218,1477,1530
-0.0025762671718784994,-0.0008145695434492405,0.0021994126371785504,-0.0006573427884274996,0.00036844911956925914,-0.00036331649287175684,0.9999996500733538,-0.000997753347640332,-0.001933086766980286,0.0009881472262083229,0.0007660283053108059,0.0005891849889556035,0.00024200365811699218,1477,1530
-0.0022980750070856833,-0.0008239877776630546,0.0021750896060369713,-0.0006801063323155831,0.000314097225645096,-0.00029551831171295665,0.9999996757335655,0.0020923116766288405,-6.906942996186631e-05,-0.00018147002644373388,-0.0003424619247149027,-0.0008182945360394916,0.001019080126102321,1477,1530
-0.0022818291601606642,-0.0007524033707208243,0.00211962088175371,-0.0007179933315382259,0.0003027353390628267,-0.0003215847995980999,0.99999964470999,0.0001217402567209577,0.0005373121617714954,-0.0004150473685263547,-0.0005679118788382958,-0.00017026414472611,-0.0003911401745780455,1477,1530
-0.002439711033493017,-0.0007441548337990687,0.002078230380053963,-0.0007319996449591622,0.0002838081701080879,-0.00037108835202376544,0.9999996229613671,-0.0015766184837000957,8.196085778627755e-05,-0.00041421668459955605,-0.0002793502430999767,-0.0003774429802749214,-0.0009891711849693157,1477,1530
-0.002664156609369825,-0.001149508014991781,0.0023297585528114085,-0.0007190658359193,0.00033523346757883827,-0.0003236287955097126,0.9999996329135564,-0.0016820565370476981,-0.0030439805463050623,0.0018809442756614599,0.00019350775394719473,0.00077088569103693,0.000712471877866143,1477,1530
-0.002948814974028438,-0.0012224796387167863,0.0024965248640705915,-0.0007143136290360452,0.000397952099788445,-0.00030733712117737545,0.9999996184669565,-0.0028424233853775326,-0.0007327168183093883,0.0016618932798872455,9.436922961895427e-05,0.0012520527746907374,0.000326215807306417,1477,1530
-0.0029315861436653326,-0.0011242675386799995,0.002550281762605939,-0.000705961300539654,0.00042774474443497393,-0.00032461969316193584,0.9999996066374874,0.0001714140576162393,0.000982361271244203,0.000539604747511122,0.00016715454437930846,0.000596699966859934,-0.0003454771170986062,1477,1530
-0.002818062496853327,-0.0013005675558598398,0.002421218237940488,-0.0006460130971261122,0.0004205138801930922,-0.0002642563057122898,0.9999996680018244,0.001137610156917372,-0.001760632723443656,-0.0012922926665099549,0.001198626855198204,-0.0001450967905252506,0.0012078112881146687,1477,1530
-0.0026551848221834447,-0.0012775652846056464,0.0024206855029149316,-0.0006721957477307674,0.0004249529063662999,-0.0002596186592873714,0.9999996500829663,0.0016260570357128827,0.0002305204837352988,-3.6539513418935245e-06,-0.000522878928179522,8.84408411288889e-05,9.244204574887835e-05,1477,1530
-0.0027006016712217873,-0.0011145487314946302,0.0024729757912510153,-0.0006855506368813161,0.000427759300313207,-0.000293657693282182,0.9999996304036635,-0.0004558245340929207,0.0016305295988643363,0.0005251273852560399,-0.00026703685571651664,5.6561550103502534e-05,-0.0006814014400714208,1477,1530
-0.002685665982396878,-0.0010727780285846571,0.002329091640890728,-0.0007249261346427507,0.0003680570030071686,-0.0002797377578998453,0.9999996303813956,0.00011289450556339413,0.00031521165019691066,-0.0010799272910002051,-0.0005911827824069932,-0.0008969494776477273,0.0002081874002812509,1477,1530
-0.002685665982396878,-0.0010727780285846571,0.002329091640890728,-0.0007249261346427507,0.0003680570030071686,-0.0002797377578998453,0.9999996303813956,0.00011289450556339413,0.00031521165019691066,-0.0010799272910002051,-0.0005911827824069932,-0.0008969494776477273,0.0002081874002812509,1477,1530
-0.0027143675956026853,-0.0010969432400198076,0.0022678643420024685,-0.0006927238761894344,0.0003450875295534772,-0.0003068805519203418,0.9999996534362171,-0.000286192687870369,-0.00024072461526214255,-0.00061232565208659,0.000643839189237525,-0.0004584352735410306,-0.0005425012528317476,1477,1530
-0.002677821806763462,-0.0010799051296567432,0.002259214659601351,-0.0006983700912834687,0.00031142669677249773,-0.00030998393509765995,0.9999996596012357,0.0002743956889339652,0.00012820071499691977,-6.458535498615883e-05,-8.462578768234918e-05,-0.0005055253610994274,-4.698725404898427e-05,1477,1530
-0.002590354008238048,-0.0005411976466851054,0.002404087949081944,-0.0007047435818718011,0.00033969629431311783,-0.0003965151434797954,0.9999996153592519,0.0008704772952665471,0.005385855941569337,0.0014568725201478314,-0.00012711304182764217,0.0005665894659537526,-0.0017303552152613453,1477,1530
-0.002263063021441019,-0.0005244836322717114,0.002283896639303562,-0.000715295663531958,0.0003479653301092942,-0.00035352886833790465,0.9999996211447189,0.0032729694908959694,0.00017139571317316855,-0.0011992228183722085,-0.00021135893381083178,0.00016465976041708566,0.0008596067536870262,1477,1530
-0.002229091009976055,-0.0006289988194890506,0.002078586238956299,-0.0006770434030838534,0.00029985768520592027,-0.0003549351090827116,0.9999996628592763,0.00025562235361521724,-0.0007790625973611342,-0.001536004351116993,0.0005722711172371992,-0.0007191654696778868,-2.134367416230282e-05,1477,1530
-0.002320300975969237,-0.0006577460651682082,0.002029334918025461,-0.0007021700633858635,0.0003053629643677256,-0.0003588827231225962,0.9999996424568621,-0.000913994616269384,-0.00028820731555296284,-0.0004947455422428472,-0.0005038688551717776,0.00011026966242957847,-7.923613988194642e-05,1477,1530
-0.002471069248169732,-0.0006818462450047933,0.0020962181572510776,-0.0006872972113238155,0.00032550284233058064,-0.0003651488397322944,0.9999996441683201,-0.0015075251459247937,-0.00024295925928424745,0.0006673981484628616,0.0002972733795571702,0.0004028874038451938,-0.00012491613215560973,1477,1530
-0.002471069248169732,-0.0006818462450047933,0.0020962181572510776,-0.0006872972113238155,0.00032550284233058064,-0.0003651488397322944,0.9999996441683201,-0.0015075251459247937,-0.00024295925928424745,0.0006673981484628616,0.0002972733795571702,0.0004028874038451938,-0.00012491613215560973,1477,1530
-0.002416239543639631,-0.0007366240053249901,0.002024450115998567,-0.0006604692279492739,0.00029111731249262734,-0.00033210866891320316,0.9999996843674204,0.00041122012969556414,-0.0004091430418792579,-0.0005377028001014276,0.0004018091673044412,-0.0005151588288244102,0.0004945939308410122,1477,1530
-0.002685155737168283,-0.0008360536538644301,0.00213712931648181,-0.0006991556283260869,0.0003136020558279787,-0.00036930380557607717,0.9999996382248627,-0.0026942207730064134,-0.0009994481547372753,0.0011260276485583704,-0.0007751183799908024,0.0004507768169276682,-0.0007452320772463608,1477,1530
-0.0028090122023431354,-0.0006712219988846731,0.0023474840124864255,-0.0007413083789765757,0.00034878791658109366,-0.00039164945384232184,0.9999995877097054,-0.0009321070359411047,0.001235041922146342,0.0015809774649531679,-0.0006332520818576288,0.000528515505518975,-0.0003354754432484307,1477,1530
-0.002874920121530931,-0.0008505869304787422,0.002563733928996127,-0.0007986975304745017,0.00035146693970518605,-0.00035150250959389997,0.9999995574995171,-0.0004941417774294941,-0.0013473635156871619,0.0016187357615587664,-0.0008606391687941665,3.93825270129987e-05,0.0006016369718532625,1477,1530
-0.0028598608275788684,-0.0009834645420690226,0.0026218533153961666,-0.0007789332115568243,0.0004085064204161379,-0.0003523341794925591,0.99999955112299,0.00015093689899413177,-0.0013279899807773575,0.0005784767123232647,0.00039441371666081075,0.0011395625128092354,-1.556452642185662e-05,1477,1530
-0.0029368709021978783,-0.0009477600798178589,0.0024167116458348225,-0.0007973190733791273,0.00035417244963385563,-0.00036489459652420606,0.999999552847952,-0.0007697086256531728,0.0003601809901122586,-0.002054239682593299,-0.000367724300556094,-0.0010880708417125432,-0.0002525432892627888,1477,1530
-0.0023630332214516535,-0.0008412409617770315,0.0020108098168205644,-0.0007715354368085355,0.00023881998313701945,-0.00035278585256782584,0.9999996116200379,0.005733588389181038,0.0010745583466676993,-0.004048387640333053,0.0005158105235657707,-0.0023042884929094275,0.0002402301062639352,1477,1530
-0.0023630332214516535,-0.0008412409617770315,0.0020108098168205644,-0.0007715354368085355,0.00023881998313701945,-0.00035278585256782584,0.9999996116200379,0.005733588389181038,0.0010745583466676993,-0.004048387640333053,0.0005158105235657707,-0.0023042884929094275,0.0002402301062639352,1477,1530
-0.0026520548840270686,-0.0009747169645541705,0.0022341303412269494,-0.0007950088048361245,0.00024973800722227334,-0.0003704234095726098,0.9999995841891259,-0.0021669306424972512,-0.0010048001743649298,0.001671685412953361,-0.0003519615485859285,0.00016378806039791502,-0.0002644206516347202,1477,1530
-0.0025580239918585397,-0.000843670889616265,0.0020726841560154484,-0.0007624172726244274,0.00025466549262326255,-0.0003581145670863305,0.9999996128095976,0.0009414512266604122,0.001315550920618529,-0.0016141496502143752,0.0006526400130496183,9.87325028349153e-05,0.000246761092086156,1477,1530
-0.0023446744394410583,-0.0007442429894931768,0.0020943043929617985,-0.0007737165825522675,0.00024203045943380663,-0.0003752523075932577,0.9999996009847261,0.0015973038507008867,0.000745579305049856,0.00016387863649047353,-0.0001691234133147483,-0.00018912955839350126,-0.0002568998527212291,1477,1530
-0.0021928615400154954,-0.0007989456027003954,0.0020067190049924523,-0.0008174672730424498,0.00020722242921696646,-0.0003540757916828749,0.9999995817181402,0.0015189018409973716,-0.0005445092650246586,-0.0008759283298197725,-0.0008748200373600816,-0.0006967884051415865,0.0004227626831105568,1477,1530
-0.0022688012600383203,-0.0007526791085605307,0.002034726422217403,-0.0008444416004009644,0.00019413272686253413,-0.0003870414635393669,0.9999995497147849,-0.0007598710460827525,0.00046168721985256287,0.00028052618586719877,-0.0005392790964440894,-0.00026145631517005246,-0.0006596655763849195,1477,1530
-0.0024640262806251913,-0.0009768127907460178,0.00210239421447836,-0.0008880163004130237,0.0002074071157236639,-0.0003431133713216918,0.9999995253411634,-0.0014653056368473237,-0.0016855476543976061,0.0005048655999528292,-0.0006548191870013226,0.0001986078027119978,0.0006599636925245241,1477,1530
-0.002671933858409213,-0.0009499277603507094,0.0022351835511938162,-0.0008861726930322577,0.00020806995300341735,-0.0003652402539739152,0.9999995190020887,-0.00207899891069273,0.00026496196081313215,0.0013269873851999413,3.69448459312244e-05,1.3657071316534473e-05,-0.0004423455519732513,1477,1530
-0.002724752470124649,-0.0007233498607993509,0.002201155035019745,-0.0008658769340116531,0.00021490398772444348,-0.00039036301691835286,0.9999995258449502,-0.0005298859468427995,0.002266785726933581,-0.00033660715481590445,0.0004061118701519931,0.0001373221816585801,-0.0005024252346035932,1477,1530
-0.002710521903155571,-0.0008565032564203921,0.002205419489761393,-0.0008642513584117301,0.00023029218022630466,-0.0003886229735425756,0.9999995245035294,0.00014290010002403311,-0.001327525062103577,4.027963911544339e-05,3.228731580838237e-05,0.0003068288496379991,3.4969753451341665e-05,1477,1530
-0.0025752766665845758,-0.0007258341670546891,0.002193146989199287,-0.0008432480090704005,0.0002350385418428209,-0.0003912660098181997,0.9999995403001882,0.0013521952581671646,0.0013086318371383974,-0.00011990494944452914,0.00042026087829704267,9.518554355380713e-05,-5.2709207254546966e-05,1477,1530
-0.00271568018433988,-0.000635153630153614,0.0021859411810664507,-0.0008471027314132158,0.00022420608192859573,-0.0004251303567453856,0.9999995257062746,-0.0010552372561290564,0.0006804693544088137,-5.3478677317045114e-05,-5.773126214335336e-05,-0.000162343239578696,-0.0005089375971458251,1477,1530
-0.00271568018433988,-0.000635153630153614,0.0021859411810664507,-0.0008471027314132158,0.00022420608192859573,-0.0004251303567453856,0.9999995257062746,-0.0010552372561290564,0.0006804693544088137,-5.3478677317045114e-05,-5.773126214335336e-05,-0.000162343239578696,-0.0005089375971458251,1477,1530
-0.002668228835744929,-0.0008153679133762735,0.0021192403330136354,-0.0008102296511090673,0.00023996348876098383,-0.00038919582000594265,0.9999995672359311,0.00047631151413985855,-0.0018004801050524688,-0.0006698003061236342,0.000737115247966383,0.0003148304752488783,0.0007190727181630612,1477,1530
-0.0023453052911541028,-0.0007228346808678159,0.0020863591918799515,-0.0008303576209532046,0.0001932174420463306,-0.0003469258143335364,0.9999995764077703,0.0032282191126255157,0.0009282461151844147,-0.00032571421874363665,-0.0004023417440403779,-0.0009356312280126237,0.000844427498912597,1477,1530
-0.002382864652262872,-0.0005541335444882755,0.0022221280921651556,-0.0008505257932356225,0.00022231829701549965,-0.0004117263149755414,0.9999995288308343,-0.0002826130674085326,0.0012617926815335129,0.0010189835869398194,-0.00030210904113915654,0.0004366691020962375,-0.0009704902235901572,1477,1530
-0.002425764054568467,-0.0006356023423993561,0.0022906800790869633,-0.0008399260129403471,0.00026081229299637523,-0.00039845211302341727,0.9999995338684681,-0.0004285969956376929,-0.0008161487172742583,0.0006838942137692323,0.00021160477759630853,0.0007696871395216153,0.0002661672569605397,1477,1530
-0.002427876267531183,-0.0007549551177768158,0.0021617581267668064,-0.0008084327157166427,0.0002322768686341223,-0.00037819319316433563,0.9999995747268636,-1.461507233310583e-05,-0.0008929787648151216,-0.0009678248948791034,0.00047219828336190274,-0.00042783308059486934,0.0003034594484878142,1477,1530
-0.002329396088883664,-0.0007889108279849766,0.002103688137180772,-0.0008443867709817119,0.00019151318074210204,-0.0003539215910112046,0.9999995625364989,0.0009855248783589418,-0.0003379406135190308,-0.0005809061182749854,-0.0007190292260916334,-0.0008161009654128919,0.0004847025650426263,1477,1530
-0.0023370130771471933,-0.0009640259940556185,0.00203964835159126,-0.0008080942122301831,0.0002010611368068769,-0.00032523491810181445,0.9999996003901255,-7.469156723189849e-05,-0.0017502785683515716,-0.000643441085920387,0.0007257393512253179,0.00019074850159416746,0.0005740853962534292,1477,1530
-0.002503757033919205,-0.0010821615365230717,0.0021153659562444245,-0.0008019943373016125,0.00023238455504226806,-0.00033994761168002234,0.9999995936189784,-0.001666941000911503,-0.0011836378736756685,0.0007545793763354983,0.0001218503170098079,0.0006267330696287703,-0.00029371714926327305,1477,1530
-0.0025073332906808358,-0.0008302895528844532,0.0022800438295648797,-0.0008422694364924808,0.00026075279808175953,-0.00036944913027427595,0.9999995430486526,-2.869933794421712e-05,0.0018882885205243353,0.001238920330679537,-0.0006045691980959056,0.0004259553737853249,-0.00044261521163849556,1477,1530
-0.0025073332906808358,-0.0008302895528844532,0.0022800438295648797,-0.0008422694364924808,0.00026075279808175953,-0.00036944913027427595,0.9999995430486526,-2.869933794421712e-05,0.0018882885205243353,0.001238920330679537,-0.0006045691980959056,0.0004259553737853249,-0.00044261521163849556,1477,1530
-0.0023916783890419453,-0.0007836323687311521,0.0022275420358287023,-0.0008366529831226846,0.00022708078202139903,-0.0003967204251058174,0.9999995455294006,0.0011564886272982591,0.00046831431284944525,-0.0005236326229405365,0.00011272120833790741,-0.0006729458604347345,-0.0005459690168389191,1477,1530
-0.002323832773986228,-0.0007227070065669905,0.002039764211152996,-0.0008217633873196243,0.00022805089027097853,-0.0004120578984293404,0.9999995514529065,0.0005094018391379307,0.0004599562267101489,-0.0014081206431238765,0.00022351498924312837,1.4840958031589661e-05,-0.0002301273642770329,1477,1530
-0.002477840025042824,-0.0007831212168265509,0.00208329696101333,-0.0008320988441829037,0.00022196304089544018,-0.0003850443088511561,0.9999995550423016,-0.0015399567716837255,-0.0006061979994287657,0.00043368262507605294,-0.00020680684090970677,-0.00012230077707176416,0.000540189205874554,1477,1530
-0.0025146200778912134,-0.0007601146912330045,0.0020178798859873683,-0.0007797630319796442,0.00023884023862198327,-0.0003711158133534597,0.9999995985989227,-0.00027522767083868133,0.00017281505673866473,-0.000489505858950601,0.0007833620533751706,0.0002527919258436321,0.00020890408527448522,1477,1530
-0.0024901121980517352,-0.0007504289748809302,0.0020573451004610816,-0.0007621279237332449,0.00021081109419770997,-0.00037321638078313094,0.9999996177145483,0.00024498752868407883,9.648987092289361e-05,0.00039519254784194975,0.00035316407985635606,-0.000560806058711647,-4.2393323584647194e-05,1477,1530
-0.0024103592393875163,-0.0008437894422461713,0.0021614807441264657,-0.0007836489883493861,0.00022162797694376014,-0.00034946736011258977,0.9999996073238561,0.000797692276941589,-0.0009344836021688062,0.0010401441218869842,-0.00043055049199799066,0.0002157890852242824,0.00047499729398208255,1477,1530
-0.0024103592393875163,-0.0008437894422461713,0.0021614807441264657,-0.0007836489883493861,0.00022162797694376014,-0.00034946736011258977,0.9999996073238561,0.000797692276941589,-0.0009344836021688062,0.0010401441218869842,-0.00043055049199799066,0.0002157890852242824,0.00047499729398208255,1477,1530
-0.0023449280429446817,-0.0007515441477021704,0.002122033684231538,-0.0008723714066109101,0.00019247030875009768,-0.00037028778279748266,0.9999995324050238,0.0004902755815646175,0.0006924963594450571,-0.0002944872411844724,-0.0013303285507254635,-0.0004374908868515943,-0.00031287703301011665,1477,1530
-0.0023579137927094724,-0.0007493429088181954,0.001984365343741672,-0.0008342918956717651,0.0002175834485252104,-0.0003673375390189266,0.9999995608387072,-0.00012928394648704114,2.4306952978468295e-05,-0.0013760461343133004,0.0007610353336914072,0.0005022569238269135,5.9561807709977184e-05,1477,1530
-0.002346155780727594,-0.0006805053454049915,0.002052102652790054,-0.0008222192950805646,0.0002245571300694119,-0.0003794390014719822,0.99999956477769,8.774362080544666e-05,0.0005164325947417947,0.0005098516997936548,0.0001814184167126415,0.00010501320133462793,-0.0001817240827031057,1477,1530
-0.002396813194681805,-0.0007548041143245956,0.0021741461071785348,-0.0008114579640141933,0.0002493119152569515,-0.0003790151701704565,0.9999995678634274,-0.0005068359440349685,-0.0007457880315905951,0.0012196540842741154,0.00021515515162617155,0.000495442663609402,8.936969004166158e-06,1477,1530
-0.002305206071266593,-0.0006977799901219348,0.0021429160782213317,-0.0008183669516890718,0.00023199223631399757,-0.000385877066140799,0.9999995637769167,0.0009153087809247748,0.0005711385585420172,-0.0003107524570081265,-0.00013794114782755986,-0.0003461509582056981,-0.00013748056006872267,1477,1530
-0.002342036557093997,-0.0008532354305983642,0.002154873555576801,-0.0008221245693676752,0.0002296050974716358,-0.0003761375432990124,0.9999995649565251,-0.0002752404799987225,-0.0011657258791875473,8.76033522632069e-05,-5.6357813212435355e-05,-3.5931490551457906e-05,0.00014598179487690204,1477,1530
-0.002498166447485153,-0.0009816046968520824,0.0021732920565666895,-0.0008683870457635124,0.0002147264223909917,-0.0003518626029214567,0.9999995379944984,-0.0015600109861201464,-0.001284833321423208,0.00018130918353587703,-0.000925008610912213,-0.000298242866780189,0.0004849152310544295,1477,1530
-0.002481950181529359,-0.0007245024178148055,0.0021967054181726256,-0.0008449638566002976,0.00024101849543642267,-0.0004077963918375522,0.9999995308240239,0.00016033211276476019,0.002572011667019941,0.00023878727047228835,0.0004687530041010931,0.0005272411477751239,-0.0011186774251955999,1477,1530
-0.002481950181529359,-0.0007245024178148055,0.0021967054181726256,-0.0008449638566002976,0.00024101849543642267,-0.0004077963918375522,0.9999995308240239,0.00016033211276476019,0.002572011667019941,0.00023878727047228835,0.0004687530041010931,0.0005272411477751239,-0.0011186774251955999,1477,1530
-0.002485410932594352,-0.0007632294044705299,0.0022296933936271743,-0.0008175024792672808,0.0002517922010080834,-0.00038076453812726206,0.9999995616542787,-3.444303681855385e-05,-0.0003877735013742493,0.0003291390383893066,0.0005488943690681024,0.00021519582482607588,0.0005408379378673996,1477,1530
-0.002298733845299139,-0.0006538700961959654,0.0020843818802589046,-0.0007942148078342995,0.00022928355176959366,-0.0003741701496300571,0.9999995883242104,0.00139845199191748,0.000822130687605792,-0.0010865845694044566,0.0003490323432923444,-0.00033720409491521595,9.861865792189555e-05,1477,1530
-0.0022895122945342772,-0.000633982198509133,0.0019242467421965114,-0.0007751693959308671,0.00020222294304309352,-0.00039121678725472013,0.9999996025837777,6.956882716367159e-05,0.00015105106934072706,-0.0012002061422053015,0.0002857638582788221,-0.00040541761470451893,-0.00025584176692846055,1477,1530
-0.002399176415812606,-0.0007169698945256565,0.001909004919869567,-0.0007476967595796315,0.00021386504226472808,-0.00036070197643396916,0.9999996325526239,-0.0010959296514370127,-0.0008304970896572833,-0.00015414868323937003,0.0005492384656918346,0.00023258364287094159,0.0006105878122876588,1477,1530
-0.0023317796154913523,-0.0007999641724788211,0.0019509371807589384,-0.0007426306624574498,0.0001927254388526821,-0.0003475272327411373,0.9999996452906501,0.0006741314547907885,-0.000829767453294813,0.00041821085883019264,0.00010137972099509377,-0.0004227917737358872,0.00026310043972376895,1477,1530
-0.0022949543238336262,-0.0007357477711853986,0.00204921994793464,-0.0007877998896753796,0.00018846397382145093,-0.00034594037871257273,0.9999996120888838,0.00027605198555665135,0.0004815584501823975,0.0007392298653959536,-0.0006787035515078277,-6.428701668392033e-05,2.3665817288183973e-05,1477,1530
-0.0023340228334633676,-0.000962238830376332,0.0020493830590907645,-0.0007583531968696067,0.0001794352745750145,-0.0003397546535353596,0.9999996386350275,-0.00038884179128522415,-0.002263572863308989,-2.083180456210207e-06,0.000588555323748364,-0.0001803397000259111,0.00012359562297881282,1477,1530
-0.0023195458871961643,-0.0008316967966416516,0.002271912137450676,-0.0007947457234674545,0.0002601320954918355,-0.00035575281047216044,0.9999995870751472,0.00014293021075375306,0.0013007366887495778,0.002224916978007998,-0.0007275562199666922,0.0016121902091874641,-0.0003185260335681388,1477,1530
-0.002176901485141941,-0.000863056737536355,0.0020738759385192083,-0.000725836351069903,0.00023518890489831876,-0.00033180971535485176,0.9999996538749814,0.0014298549959649483,-0.00030990442269830524,-0.001983109185778833,0.0013803251364498776,-0.0004995084906245836,0.0004795483387960882,1477,1530
-0.002099336379710679,-0.0008014435160156482,0.001941560783764079,-0.0007727817270958161,0.00020878194508110079,-0.000352227842546143,0.9999996175769508,0.0007749180537343526,0.0006178131592210022,-0.0013202797173674004,-0.0009374926973208591,-0.0005275104143571768,-0.00040846847508119904,1477,1530
-0.0023480157169040376,-0.0010220338165576675,0.001818310900078348,-0.0007697154531124889,0.00023737657325462703,-0.0003703144959742524,0.9999996070287513,-0.0018650022818654409,-0.0016556048384962034,-0.0009284360335679305,4.593547953899484e-05,0.0004294812165954604,-0.0002711708807832197,1477,1530
-0.0023480157169040376,-0.0010220338165576675,0.001818310900078348,-0.0007697154531124889,0.00023737657325462703,-0.0003703144959742524,0.9999996070287513,-0.0018650022818654409,-0.0016556048384962034,-0.0009284360335679305,4.593547953899484e-05,0.0004294812165954604,-0.0002711708807832197,1477,1530
-0.0022614234972548014,-0.0008391292364659729,0.0019013950647338268,-0.0008143061883572173,0.000257352684226967,-0.00042579031339865913,0.9999995446887142,0.0008639911401906082,0.0018280210890911242,0.0008338924107653376,-0.0008915126721382302,0.0003999621263267793,-0.0011091876222802755,1477,1530
-0.0023137844835540455,-0.0006805468665289798,0.002278035556872637,-0.0007397917870313414,0.00033894905795364715,-0.00042843849111037346,0.9999995771309639,-0.0003947501428801899,0.0011831643955417825,0.002823512768681717,0.001116010854185829,0.0012231444179271484,-3.839704185180161e-05,1477,1530
-0.002280090187598097,-0.0007194451049579233,0.0020387398491797013,-0.0007900137599137613,0.0003051714446313851,-0.0004259100364340741,0.9999995506745434,0.0003388799829156108,-0.0003851327360176735,-0.0023931810409838802,-0.0010041169262535003,-0.0006759857532655804,4.9726137309672114e-05,1477,1530
-0.0023462832183391786,-0.0009733081371786009,0.0021218345710962336,-0.0007237042323968532,0.0003234224756760793,-0.00037706675935210627,0.9999996147352981,-0.0004949720140907434,-0.0019044820634472079,0.0006196071346961082,0.0009938359390161949,0.0002734813386733466,0.0007328246238196279,1477,1530
-0.0023670837100631947,-0.0009563117242079439,0.0020113826735527725,-0.0007757671895001747,0.0002873562664104261,-0.00039005406102398223,0.9999995817346489,-0.0002074109238670915,0.00017139924021692172,-0.0011043621073326246,-0.0010408615890184865,-0.0007214994788767251,-0.00026059455042886954,1477,1530
-0.0023670837100631947,-0.0009563117242079439,0.0020113826735527725,-0.0007757671895001747,0.0002873562664104261,-0.00039005406102398223,0.9999995817346489,-0.0002074109238670915,0.00017139924021692172,-0.0011043621073326246,-0.0010408615890184865,-0.0007214994788767251,-0.00026059455042886954,1477,1530
-0.0022709348164274717,-0.0011073638676258953,0.0020445798776649957,-0.0007021137332942222,0.00029333631951071617,-0.0003548543967724221,0.9999996475341707,0.0007230742778450951,-0.0011346224976063984,0.00024805344625111606,0.0011064770835372318,8.98730179962274e-05,0.0005292726878768703,1477,1530
-0.002027639326784866,-0.000955275978314072,0.0018140958933917477,-0.0007460837191410449,0.00023252112220328123,-0.0003618116917932191,0.9999996291925866,0.002433370897556298,0.001525931251310836,-0.0023014113559240443,-0.0008789799759848202,-0.0012165907678925994,-0.00014026634110486322,1477,1530
-0.002119432787516406,-0.0008553066493791611,0.0016875975447036824,-0.000768291437918526,0.00017432583433052876,-0.00038525011896274093,0.9999996154604835,-0.0006876777511788109,0.0007497327953475861,-0.0009467336124179469,-0.00033229538097338704,-0.0008716779560593034,-0.00035185734803441137,1477,1530
-0.002112148735049031,-0.0010093081703129428,0.0018121727112913632,-0.0007407307477849246,0.00022730892838996206,-0.00037788510386742964,0.9999996284256599,7.372217356972935e-05,-0.0015445587295011029,0.0012455767088133114,0.0005517399042487978,0.0010616078117181805,0.00014846890100435323,1477,1530
-0.002592421362931773,-0.0009536941756437068,0.002001451461088018,-0.0008394595742611909,0.0002669755655986757,-0.0004268179178548183,0.9999995209289526,-0.00359640385921839,0.0004115248191144557,0.001415968899348707,-0.0014782783988844764,0.0005938939764275387,-0.0007325442224396356,1477,1530
-0.0025968896645210356,-0.0009969095186529036,0.0020857929916111725,-0.000706214544475389,0.0003058018667577976,-0.0004060824046085957,0.999999621421586,-4.476184554224677e-05,-0.000433589660600314,0.000842630948677923,0.0026643522794102944,0.000777283318078145,0.0004160576073342389,1477,1530
-0.002852562842502842,-0.000879978658231387,0.0021808472379899,-0.0007891985358425945,0.0002690103870376909,-0.00046977626894522626,0.9999995420545648,-0.0025585684725210286,0.001166028783789172,0.0009507415287401887,-0.0016591910614520442,-0.0007356914495026093,-0.001275057642729558,1477,1530
-0.002971695439850611,-0.0009490546522390819,0.0021160778837768083,-0.0007453754825975897,0.0002802245213407886,-0.0004247081147828011,0.9999995927562292,-0.0011899709935097897,-0.0006906479065195274,-0.0006492298321945258,0.0008758508698260594,0.00022391552209398882,0.0009015054758971471,1477,1530
-0.0030377412395874628,-0.0010367195110984454,0.0021805701197585114,-0.0007206019332658788,0.0002866553951573581,-0.0004472104984606005,0.9999995992820735,-0.0006602981889625609,-0.0008784682768067453,0.0006434630927734698,0.0004957109133593738,0.00012920720287820225,-0.0004499657117537337,1477,1530
-0.0030813721106466023,-0.0010305157127571297,0.0022993649600682215,-0.000767330680322985,0.00031211404097230075,-0.00044041367337988865,0.9999995599120272,-0.0003276734362153101,4.493653464694986e-05,0.0008905411282065707,-0.0007008965559905741,0.00038136501532915444,0.00010199216141108596,1477,1530
-0.0030813721106466023,-0.0010305157127571297,0.0022993649600682215,-0.000767330680322985,0.00031211404097230075,-0.00044041367337988865,0.9999995599120272,-0.0003276734362153101,4.493653464694986e-05,0.0008905411282065707,-0.0007008965559905741,0.00038136501532915444,0.00010199216141108596,1477,1530
-0.00264994607648173,-0.0007350820300950848,0.0023175084311942294,-0.000757004379499028,0.0003199674193960484,-0.0004366550756628056,0.9999995669486883,0.004311109907903015,0.002957556005677789,0.0001886446873832801,0.00020641275537566778,0.00015708502205908427,7.534943073089503e-05,1477,1530
-0.002443523183531555,-0.0007931974402186552,0.002134099922272924,-0.0008183949122314387,0.0003138863642325403,-0.000418987131373464,0.9999995280773392,0.001551715909688414,-0.00043306832063976777,-0.0013772580012569213,-0.0009222610306057552,-9.19537212262994e-05,0.00026504537895729604,1477,1530
-0.0022555063459280033,-0.0008626701543408267,0.0020496553918869106,-0.0008246572647885534,0.0002848481607602076,-0.0003970081946625252,0.9999995405931013,0.0018819380842344858,-0.0006920112036685259,-0.0008446949813009664,-0.000125185247114358,-0.0005813795826976961,0.0004392177501618752,1477,1530
-0.0024866638858329856,-0.0009820925696162807,0.002157427530971321,-0.0008009764818593052,0.0003027594828409146,-0.0004066608815907484,0.999999550700048,-0.0017307593804324415,-0.000896992068546731,0.0008045829015415137,0.00035459931545653056,0.00026851590316620517,-0.00014424493746146043,1477,1530
-0.002576576180770353,-0.0009041616431000999,0.0022199564115107004,-0.0008275704626637845,0.0003280318774675087,-0.000426521620173558,0.9999995128006431,-0.0009001259094859944,0.0007775675551501411,0.0006259848314281418,-0.000531959949993971,0.0005055447045319722,-0.00039696711148338407,1477,1530
-0.0027749365517966643,-0.0009430528138595469,0.00210191122450406,-0.0008299166522054547,0.00031304178209849465,-0.000436175119273247,0.9999995114971095,-0.0019797451284643813,-0.00038810844101650345,-0.0011807551142326493,-4.6667716317857026e-05,-0.0002992460357722154,-0.00019306503834901268,1477,1530
-0.002634053060033707,-0.0009122635711451477,0.0020332782174620465,-0.0008352600737247742,0.00025654957481086434,-0.0003969564235052638,0.999999539474155,0.0014112242928339637,0.0003107505169055169,-0.0006860188665832441,-0.00010678937292101342,-0.0011323304293828667,0.0007846423804548252,1477,1530
-0.002411821129317645,-0.0009484354361113343,0.0019768138632692087,-0.0007684600656493891,0.00022955938432652306,-0.0003952125090095969,0.9999996002892644,0.0022026089572989914,-0.0003557349742435909,-0.0005589571256616159,0.0013240117445853627,-0.0005343810225147581,3.445331533918325e-05,1477,1530
-0.002411821129317645,-0.0009484354361113343,0.0019768138632692087,-0.0007684600656493891,0.00022955938432652306,-0.0003952125090095969,0.9999996002892644,0.0022026089572989914,-0.0003557349742435909,-0.0005589571256616159,0.0013240117445853627,-0.0005343810225147581,3.445331533918325e-05,1477,1530
-0.0025576944185817714,-0.0009215365589267707,0.002142663729329988,-0.0008164625765283,0.0002910084306228482,-0.0003941560862963622,0.9999995466718639,-0.0011007755500488403,0.00020005473797074478,0.0012504915086500598,-0.0007243518191065899,0.0009264857968497635,1.6478810500370158e-05,1477,1530
-0.002470608133395672,-0.0008971027417338361,0.0023032288642726856,-0.0007910207087702799,0.0003215192326392057,-0.0003820103768442538,0.9999995624897506,0.0006527199062639823,0.00018191762147703037,0.001205688103118376,0.0003816388781378967,0.0004579565191463225,0.00018278735751182015,1477,1530
-0.0023868308642266633,-0.0009721136398421158,0.0022135302920628227,-0.0007918214973443443,0.00031110692830061223,-0.0003884411752461453,0.9999995626722284,0.000838938786838567,-0.0007480638471338349,-0.0008976496596789657,-1.589517481741147e-05,-0.00020815454022298072,-0.00012878836248582113,1477,1530
-0.002434024763042508,-0.0009860051413232756,0.0021902558701652947,-0.0008315967785494324,0.00028992059144009486,-0.00038435336827301287,0.9999995383325615,-0.00047061778954343437,-0.00013859794990085525,-0.00023272948142918977,-0.0007935651108465018,-0.0004231396169359604,8.098906618691452e-05,1477,1530
-0.002446354598523228,-0.0010969862304282781,0.0021470106858326506,-0.0007713920439536493,0.00030779657223910776,-0.0004033974824901659,0.9999995737429367,-9.192784370469688e-05,-0.0008344500630264641,-0.0003267794581004604,0.000905831705873994,0.0002695516113962701,-0.0002860547623409051,1477,1530
-0.0024205295491962204,-0.0009821313188714796,0.002140481000066495,-0.0007772633642228348,0.00029470788378691904,-0.00037772807130478854,0.9999995831651277,0.0002572090018765829,0.001148167462006903,-6.332795559107026e-05,-0.00011740818531069497,-0.000262059872647167,0.0005128423018610133,1477,1530
-0.0022938286531951914,-0.0010365658115279953,0.0021060238491955644,-0.0007165194324409418,0.00030962980491721953,-0.00037802091603787155,0.9999996239146659,0.0012684980133990187,-0.0005432266289291628,-0.00034490755720453195,0.001215606528704606,0.00029910788857894193,-5.2702212639498624e-06,1477,1530
-0.0022938286531951914,-0.0010365658115279953,0.0021060238491955644,-0.0007165194324409418,0.00030962980491721953,-0.00037802091603787155,0.9999996239146659,0.0012684980133990187,-0.0005432266289291628,-0.00034490755720453195,0.001215606528704606,0.00029910788857894193,-5.2702212639498624e-06,1477,1530
-0.002158533360077745,-0.0010741394716152302,0.0019557945789964283,-0.0007747177538157505,0.00027106219417210415,-0.0003476065339165201,0.999999602753614,0.0010143337747516611,-0.00027906535784081454,-0.001125061359421577,-0.0008717879371285747,-0.0005784346773762962,0.00045495169855617725,1477,1530
-0.0020940569812035147,-0.0010689755828701107,0.0018350519482936466,-0.0007161129416837949,0.0002473844695523094,-0.0003361775406092158,0.9999996564838608,0.0006449043119623709,5.3917946926760764e-05,-0.0012061022738854867,0.001171332474787954,-0.0004729742511851275,0.00022836200090923603,1477,1530
-0.0023747528514955103,-0.001068494085280684,0.0020319195537511913,-0.000787634557860663,0.00024190545928754305,-0.0003636386556388627,0.9999995944401575,-0.0021063191474900204,8.15968951191163e-08,0.0014757261591747772,-0.0010728827644552806,-8.226497239742212e-05,-0.00041231330554718904,1477,1530
-0.002483791353703826,-0.0011336709083596367,0.002134763056529945,-0.0007829634566407976,0.00028054650011311434,-0.0003870006808636721,0.9999995792460911,-0.0010914988192731435,-0.0006548349233410651,0.0010279067783345323,9.334709476248432e-05,0.0007739965597842059,-0.00046707620202738936,1477,1530
-0.0024252889961981056,-0.0010585153776555307,0.002172348661291393,-0.0007568475651078706,0.00031690809199436777,-0.0003782316858369735,0.9999995918458245,0.0004376455950374161,0.0005628852741263578,0.00028268000932327235,0.0003910191969379114,0.0005448157087555638,0.00013191293590498947,1477,1530
-0.002383278017334608,-0.0010700056318912123,0.0020801393048765597,-0.0007662546535157709,0.00025550128630579596,-0.0003451388955175984,0.999999614225946,0.00042082255061483194,-0.00011320011282508395,-0.0009220919187466216,-0.0001879053706054382,-0.0012288307225573048,0.0006609326633359461,1477,1530
-0.0023549531031402653,-0.0009668566898334873,0.001984603501657147,-0.0007428422722766424,0.0002475077451584428,-0.0003768273854021304,0.9999996224631266,0.0002830327955196649,0.0010331786315348809,-0.0009536599199790646,0.00046847873138007443,-0.00015922834069068882,-0.0006337913739720906,1477,1530
-0.0023549531031402653,-0.0009668566898334873,0.001984603501657147,-0.0007428422722766424,0.0002475077451584428,-0.0003768273854021304,0.9999996224631266,0.0002830327955196649,0.0010331786315348809,-0.0009536599199790646,0.00046847873138007443,-0.00015922834069068882,-0.0006337913739720906,1477,1530
-0.002255213530114081,-0.000909222894847253,0.00218301260819955,-0.0007611383009621301,0.00031658310043631926,-0.00039029789309932524,0.9999995840555042,0.0007482155960581818,0.00043131479236211974,0.0014915328708658708,-0.000275233945932157,0.0010378840801637773,-0.0002016877773871684,1477,1530
-0.0021252224961986707,-0.0010482131565724578,0.00207690311675366,-0.0007408725431079347,0.00027603124572956597,-0.0003442219048631599,0.9999996282128838,0.001301536369136056,-0.0013871322509842277,-0.0010622788850193448,0.0004052999391836771,-0.0008114990968047467,0.0009209386367824356,1477,1530
-0.002228652559287709,-0.0008827183429379225,0.0019510887009121047,-0.0007899370937646746,0.0002349036371542512,-0.00039789095294953366,0.9999995812511414,-0.0007750270099160966,0.0012404212238229005,-0.0009409428553238317,-0.0007345551430199908,-0.000615750125317583,-0.0008046237083561596,1477,1530
-0.0022811275983616714,-0.0009067914174241651,0.001979282077917871,-0.000782705171715831,0.0002761599689195721,-0.0003873059104290304,0.9999995805511205,-0.00039335091498326276,-0.0001811179492879188,0.00021089005670937597,0.00010814928377484413,0.000618499597456274,0.0001592222283694999,1477,1530
-0.0023636010869083892,-0.0008349207337390039,0.0020846270270929424,-0.0008199239329475416,0.00026679440749828847,-0.000395715920411466,0.9999995499770977,-0.0008259140394359795,0.0007164537653434573,0.001054169648348486,-0.0007442936087884458,-0.00018747700459992387,-0.00016856097008193397,1477,1530
-0.002414857982225412,-0.000898749326745768,0.0020593601778713124,-0.0007961602336103337,0.00026431539780323593,-0.00041140813254348215,0.9999995635047051,-0.000511903028629407,-0.0006382440076652143,-0.00025397580785661725,0.00047535357857405534,-4.913238526249457e-05,-0.00031374215877938194,1477,1530
-0.0023647671193641477,-0.0009582509448804258,0.0020418769398691567,-0.0007843015764181995,0.00024241062080716393,-0.0003946116525392101,0.9999995851947996,0.000501470476653614,-0.0005943010817094629,-0.0001755073165291008,0.00023725534018200598,-0.00043824781227150923,0.0003356301009857927,1477,1530
-0.0026938615756508973,-0.0006260621886741277,0.0023197494443695245,-0.0007889647292342414,0.00042197284686704465,-0.0005085263301557245,0.9999994704371316,-0.0032947139058363715,0.0033147282726584265,0.0027821668992544664,-9.41240346659386e-05,0.0035927780877508574,-0.0022753629804138104,1477,1530
-0.0024513205364002865,-0.000581455129255417,0.0024341731062804657,-0.0007998583310048655,0.0004186681171388936,-0.0005064379793913582,0.9999994642319717,0.0024238925896860686,0.0004467110787693617,0.0011469414453540965,-0.00021784731776060563,-6.62356041379517e-05,4.162118282507046e-05,1477,1530
-0.002572939696933116,-0.0004808359336525344,0.0024927056882641492,-0.0008197182840186849,0.00041833078208334206,-0.000548597537818642,0.9999994260508516,-0.0012176634862548787,0.0010039923934411666,0.0005858971372060689,-0.0003968311192813899,-6.272912813337349e-06,-0.000843337494381147,1477,1530
-0.002572939696933116,-0.0004808359336525344,0.0024927056882641492,-0.0008197182840186849,0.00041833078208334206,-0.000548597537818642,0.9999994260508516,-0.0012176634862548787,0.0010039923934411666,0.0005858971372060689,-0.0003968311192813899,-6.272912813337349e-06,-0.000843337494381147,1477,1530
-0.0026429172693833735,-0.00043397678481114655,0.0025076717976346896,-0.0008111332448003344,0.0004486682950387462,-0.0005656345354203339,0.9999994104084221,-0.0005252216598670834,0.0003506237725304262,0.00011236295795569142,0.0001286107184410033,0.00045526526525601154,-0.0002550846876704196,1477,1530
-0.002783032382549149,-0.0004856123117907599,0.0025319446705920367,-0.0007904662434567915,0.0004434018411710046,-0.0005716346834193938,0.9999994258956919,-0.0014006566861438881,-0.0005182855660440928,0.0002406106650679707,0.0004134162462388768,-0.00010498856747117584,-0.00011989190710529067,1477,1530
-0.00273148001412498,-0.00037401366449883895,0.0025315747313360733,-0.0008493545163978885,0.00046210682276518215,-0.0005443465520067046,0.9999993843703208,0.000386485417788849,0.000839167295502935,-1.1108088377878446e-06,-0.0008854945058761203,0.00028032521670255813,0.0004099981436216123,1477,1530
-0.00272921915226372,-0.00039993733901652807,0.002561177436921091,-0.0008170256344946188,0.0004933135340677763,-0.0005653065373578706,0.9999993847695047,1.6931324470924556e-05,-0.00019441900953440556,0.0002212877054227757,0.00048391003220777735,0.00046774851188332244,-0.0003131867690563444,1477,1530
-0.002738414370141942,-0.0003995317674942129,0.002565800020448736,-0.0008135563717761626,0.000450795570019089,-0.0005890570532249205,0.999999393960402,-9.20003888919857e-05,3.876180423096891e-06,4.61406458381424e-05,7.009900256412818e-05,-0.000849914530652246,-0.00047566094461382665,1477,1530
-0.002738414370141942,-0.0003995317674942129,0.002565800020448736,-0.0008135563717761626,0.000450795570019089,-0.0005890570532249205,0.999999393960402,-9.20003888919857e-05,3.876180423096891e-06,4.61406458381424e-05,7.009900256412818e-05,-0.000849914530652246,-0.00047566094461382665,1477,1530
-0.0027808989220060496,-0.0004262896454087956,0.0024620261970503712,-0.0008081901531312004,0.0004477371131980596,-0.0005714149683521577,0.9999994099223695,-0.00031760414204512504,-0.00019973410956276066,-0.0007786905204238682,8.037784558434075e-05,-4.603146064669183e-05,0.00026455349584663345,1477,1530
-0.0027381766552324665,-0.0005016635195818641,0.002489059358670129,-0.0007887793641931431,0.00042043472739783366,-0.0005770163604814181,0.9999994340567767,0.000427889400304975,-0.0007537693428918155,0.0002695258217008038,0.0003886208669440649,-0.0005457952752854659,-0.00011230734624807552,1477,1530
-0.0028641867543336514,-0.0006557161847999529,0.0025832828904326184,-0.0008205378962660336,0.00044880615821403915,-0.0005303121195704987,0.9999994220296572,-0.0009456841938796677,-0.0011592528022176312,0.0007050641511306093,-0.00047759973037493755,0.00042535101781037544,0.0007017001862435408,1477,1530
-0.0028707110911253522,-0.0004785343159281699,0.0025244853294279315,-0.0008176877485328797,0.0004464992269797734,-0.0005895976929860333,0.9999993921996883,-6.651609607191717e-05,0.0017705689590915197,-0.000584419210516932,5.748949237957657e-05,-4.5080632144691995e-05,-0.0011842903832377397,1477,1530
-0.002705335712255331,-0.0005134763036618778,0.0025514481160309166,-0.0008073909825861788,0.00048148299250546766,-0.0005722243626271499,0.9999993944264203,0.0012410323040408292,-0.0002610575234915962,0.00020299733085845007,0.0001540988667077895,0.0005248834435113414,0.0002612219465258108,1477,1530
-0.002603624374319677,-0.0003866090369286971,0.0024661152569263843,-0.0008271142774737126,0.0004864035642143836,-0.0005844827075583168,0.9999993688365552,0.0010166022550530307,0.0012713643977907895,-0.0008504008167129522,-0.00039445167602238557,9.839565102903283e-05,-0.00024530695197021667,1477,1530
-0.0026933252490832877,-0.0003343682141955655,0.0024563085705204997,-0.000802344454055364,0.00048150365921616596,-0.0005816356833825816,0.999999393048583,-0.0008965820909643869,0.0005209745632084516,-9.797340961339406e-05,0.0004949064865429108,-9.765328331811869e-05,5.7040744804408025e-05,1477,1530
-0.0027658512901389248,-0.0005014087297660192,0.002585162513933703,-0.0007806394842716604,0.0004789244319884382,-0.0005651303522346405,0.9999994209303665,-0.0007252583296583874,-0.001674938103993545,0.0012864063408371733,0.0004343919957134983,-5.164725110194596e-05,0.0003305950560195262,1477,1530
-0.0027658512901389248,-0.0005014087297660192,0.002585162513933703,-0.0007806394842716604,0.0004789244319884382,-0.0005651303522346405,0.9999994209303665,-0.0007252583296583874,-0.001674938103993545,0.0012864063408371733,0.0004343919957134983,-5.164725110194596e-05,0.0003305950560195262,1477,1530
-0.002772910054566148,-0.00041780606413002286,0.0025451312521647825,-0.0008200838330859276,0.0004469603552388175,-0.0005799568189219194,0.9999993956693349,-5.3298300974046254e-05,0.0006266728016202163,-0.00029894587259187875,-0.0005905760718221396,-0.00047904419997153475,-0.00022278627743925567,1477,1530
-0.0027263475468302578,-0.00039043493916816267,0.0024373387254950814,-0.0007935348528142822,0.000407175284982544,-0.0005865582872878805,0.9999994302298875,0.00046617155398007333,0.00027596102465684067,-0.0010768317867176618,0.0005313887441090414,-0.0007951180380221528,-0.00013241629426070792,1477,1530
-0.0027530064061306496,-0.0004249006684716525,0.002414980505446721,-0.0007641364429629689,0.00041572050009313407,-0.0005839353546309491,0.999999451145581,-0.00019945705288428858,-0.00025840318658782206,-0.00016822208528175146,0.0004407868664954742,0.00012837689940808076,3.961660524523862e-05,1477,1530
-0.0027484227398598803,-0.0005942420254368359,0.002491274598550448,-0.0007558535378580743,0.00044198772410772324,-0.0005520820674650718,0.999999464268692,3.5438206482042797e-05,-0.0012727570541796454,0.0005711297700637131,0.00012399660745080493,0.0003942931479478301,0.00047885340718181003,1477,1530
-0.0027266105651081174,-0.000591082271192428,0.002502411657464539,-0.0007589387145544415,0.000427843300487563,-0.0005489600235950295,0.9999994698023742,0.0002179621080466071,3.1665969534934476e-05,0.00011159777362971619,-6.156744957240213e-05,-0.00028293567905856925,6.219234751133173e-05,1477,1530
-0.0026370759817005967,-0.0004940678113200828,0.0025046873011312846,-0.00077001344434312,0.0004152052276920682,-0.0005576164636616997,0.9999994618737518,0.0008934288537478613,0.0009701885051270422,2.497216318257888e-05,-0.00022107616991384066,-0.0002525166111324455,-0.00017325426555722277,1477,1530
-0.0026370759817005967,-0.0004940678113200828,0.0025046873011312846,-0.00077001344434312,0.0004152052276920682,-0.0005576164636616997,0.9999994618737518,0.0008934288537478613,0.0009701885051270422,2.497216318257888e-05,-0.00022107616991384066,-0.0002525166111324455,-0.00017325426555722277,1477,1530
-0.0027565112283761944,-0.0003457121353457942,0.0025176647557132448,-0.0007605038252978204,0.00044891614682583545,-0.0006139232504702247,0.999999421603066,-0.0008977209570339193,0.0011123041638280966,9.836875720070874e-05,0.00014281350096710159,0.0005067521884227474,-0.0008447507510483763,1477,1530
-0.002859141350097665,-0.00048016851366192756,0.0025466602587331626,-0.0007865539946720205,0.00046782431552661307,-0.0005770192993037575,0.9999994147608041,-0.0010245599045937,-0.001345804263128364,0.0002868902815576217,-0.0005213894166858843,0.00037715381640770985,0.0007378813406177507,1477,1530
-0.0026805546792047063,-0.0004931438342349622,0.0024533924170328167,-0.0007507595891444168,0.0004411078763223728,-0.0005537801284137731,0.9999994675555829,0.0013384014454359766,-9.454464388689212e-05,-0.000697487312863548,0.0005362780060830839,-0.0004001838537823513,0.0003480652139466705,1477,1530
-0.0026465647191756324,-0.0005460587025989848,0.0025044344825737096,-0.0008092805586923291,0.00042518642590260586,-0.0005354745578181842,0.9999994387740814,0.0002549433540055978,-0.0003970236127608002,0.00038231911100632224,-0.0008775158797281288,-0.00023943528613513693,0.0002739269539439801,1477,1530
-0.0027675977681368004,-0.000469328422230535,0.0025366052848693746,-0.0008165689969285111,0.0004299908634864721,-0.0005476280196955993,0.9999994242130751,-0.0012114006925386107,0.0007654698302008536,0.00032191234278391436,-0.00014571410765252076,9.620555320513711e-05,-0.00024304861224170936,1477,1530
-0.0027258607433468755,-0.0004327186903474513,0.002476210630797253,-0.0008088127645141743,0.0004520904527152308,-0.0005451993212242193,0.99999942209675,0.00041747910903884366,0.0003675327062101815,-0.0006029764339188094,0.00015485849378684113,0.00044202799432866075,4.9000557238665704e-05,1477,1530
-0.0027258607433468755,-0.0004327186903474513,0.002476210630797253,-0.0008088127645141743,0.0004520904527152308,-0.0005451993212242193,0.99999942209675,0.00041747910903884366,0.0003675327062101815,-0.0006029764339188094,0.00015485849378684113,0.00044202799432866075,4.9000557238665704e-05,1477,1530
-0.002671706961862615,-0.0004327300148876875,0.002458324471740063,-0.0008080471221962967,0.00042979613509329736,-0.0005773870973552979,0.9999994144794634,0.00040692224405253983,5.756188847791593e-07,-0.000133991887914078,1.1904092480817087e-05,-0.00033455052144145786,-0.00048385224677825804,1477,1530
-0.0026919456263053473,-0.0004003620299142872,0.002510398615030233,-0.000839608037607536,0.00044657789953412755,-0.0005682708586546949,0.9999993863471883,-0.00020313850850358557,0.0003224941678612978,0.0005209122277758997,-0.0006312759134353955,0.00033500964652256437,0.00018226228715523583,1477,1530
-0.0029138924102674736,-0.0005246906992595892,0.002644579873852535,-0.0008159387154653596,0.00046282021412408,-0.0005755091401876503,0.999999394415162,-0.0016627696050331396,-0.0009351067023008933,0.0010022991445504,0.0003545942714509286,0.0002436831415286585,-0.00010810260412423432,1477,1530
-0.002927135093130299,-0.0002860456153216545,0.0028298713300270524,-0.0008363528233785637,0.0004935922523704276,-0.0005895538471104116,0.9999993546532436,-0.00013688051203140656,0.0023831260531029246,0.0018565703242369698,-0.0004084822392461688,0.0006153980586828817,-0.0002805643914421869,1477,1530
-0.0027087649834058396,-0.000380780981806491,0.0025665906480677337,-0.000825825491966599,0.00048645120787592036,-0.0005364950615090421,0.9999993967750817,0.0016399118323695433,-0.0007050014443271992,-0.0019733915680676907,0.0001575184872724985,-0.00010764593155922234,0.0007955557550214285,1477,1530
-0.002759658256355212,-0.00040569834874922526,0.0024832636234541376,-0.0008376828137142345,0.00044498259333623975,-0.0005542116362335662,0.9999993965635462,-0.000507788670428684,-0.0002483098706781795,-0.000834067296645675,-0.00023649823150215536,-0.0008290986175277171,-0.00035508539886659366,1477,1530
-0.002613787364420507,-0.00047503040013689626,0.002518590900589583,-0.0008485539158086492,0.0004324339832348156,-0.0005383483896243645,0.9999994015688772,0.0014592645308448675,-0.0006923438355014784,0.00035343520722735846,-0.00021743913322720075,-0.0002513759566520501,0.0003169800006907058,1477,1530
-0.0027617536286983794,-0.00043969122551260097,0.0026740885477600546,-0.0008716013878256276,0.00046106851105902493,-0.0005506486646248136,0.9999993622562448,-0.0014816224740443764,0.00034921516060484913,0.0015545408924616737,-0.000461225553659996,0.0005727427901585633,-0.00024575846881279756,1477,1530
-0.00263074650786515,-0.0005223980978010801,0.002566375323243488,-0.0008773734548923025,0.00042603183350302317,-0.000513617628612205,0.9999993924546297,0.0013117374858164753,-0.0008235987872028073,-0.0010771682660349576,-0.00011537559258432018,-0.0007013162394470479,0.0007398234255803175,1477,1530
-0.00263074650786515,-0.0005223980978010801,0.002566375323243488,-0.0008773734548923025,0.00042603183350302317,-0.000513617628612205,0.9999993924546297,0.0013117374858164753,-0.0008235987872028073,-0.0010771682660349576,-0.00011537559258432018,-0.0007013162394470479,0.0007398234255803175,1477,1530
-0.0027257949974249887,-0.0002857371942959553,0.002689201580946751,-0.0008602274646566244,0.0004596514232252918,-0.0005758907946272571,0.9999993585393293,-0.0007152911375064976,0.0017721570225268728,0.00092346777841035,0.00025726323302577536,0.0005051178635119466,-0.0009333094982646474,1477,1530
-0.002853946522636649,-0.0003696854325772012,0.002574507885680402,-0.0008237109036892451,0.00045646746877547195,-0.0005994148404424419,0.9999993769196286,-0.0012795058466758442,-0.0008389901254806357,-0.0011495694820843835,0.0007305913024305624,-6.285453403266773e-05,-0.00047020418556652406,1477,1530
-0.0028212299816652254,-0.000350109565172929,0.0025537824262256872,-0.0008276050330391562,0.000462423900862852,-0.00059440615199008,0.9999993739574895,0.00024570674289451467,0.00014758948578191667,-0.00015520665910457465,-5.85873787406781e-05,8.938317511604693e-05,7.528974402761471e-05,1477,1530
-0.002735539072557853,-0.0005984638639779532,0.0024551973208163636,-0.0008180200739347305,0.0004393088468649862,-0.0005357538108861532,0.9999994254092095,0.0006444312584885137,-0.001857354853903964,-0.0007405539723485265,0.00014331873193235207,-0.0003467505211970159,0.000877999523061711,1477,1530
-0.0028112383499494463,-0.0004810774878713193,0.0025841426620045295,-0.0008955648501141719,0.0004223905602757458,-0.0005335271733966892,0.9999993674490841,-0.0007597243757736882,0.0011714678944443222,0.0012912864315686302,-0.0015514320080137517,-0.00033938507827060353,4.35936081926902e-05,1477,1530
-0.002723278677866438,-0.00043734796785906507,0.0024742021940183097,-0.000782801172242184,0.0004494012413716414,-0.000566022330911696,0.9999994324396235,0.0008800830655344956,0.00044021503825917576,-0.0010979084996733592,0.0022553272490557783,0.0005420142717493606,-0.0006484850976790122,1477,1530
-0.002709716972753589,-0.0006018455548862012,0.002470895076571912,-0.0007995685335811916,0.00046592615524715327,-0.0005448906608230017,0.9999994233484062,0.00013766826556098463,-0.0016466612384903976,-3.556454650007793e-05,-0.0003361107074770628,0.00033035743074865407,0.0004232277799132251,1477,1530
-0.0025243165279943674,-0.00023630559366605612,0.0021194345008199106,-0.000719660806180804,0.0004926609547159386,-0.0005970798998606499,0.999999441434394,0.0018512333942843915,0.003658972502779654,-0.0035031383557343134,0.0015965766913005872,0.0005358061646192721,-0.0010414558177052546,1477,1530
-0.002434523138082319,-7.857992416584894e-05,0.002335764058380852,-0.0007317139437939954,0.0005103961324240353,-0.0006334262007124164,0.9999994014306908,0.0006702043236348177,0.0011809946220200855,0.0016242668018225494,-0.00018062442022300963,0.0002662190408168025,-0.0005449014729851055,1477,1530
-0.002434523138082319,-7.857992416584894e-05,0.002335764058380852,-0.0007317139437939954,0.0005103961324240353,-0.0006334262007124164,0.9999994014306908,0.0006702043236348177,0.0011809946220200855,0.0016242668018225494,-0.00018062442022300963,0.0002662190408168025,-0.0005449014729851055,1477,1530
-0.002472967982793664,0.00016533844837546188,0.002698689952647933,-0.0007655668099009987,0.0005508263381059673,-0.0006740378867374284,0.9999993280851399,-0.0003915583593961964,0.0024353515366858838,0.0036353730097278573,-0.0006777045610100119,0.0008094254698610141,-0.0008126463075447389,1477,1530
-0.002490910616104385,0.00016319878404051614,0.0025708380879077026,-0.0007836709551309117,0.000559235714510701,-0.0006883616820400702,0.9999992996364766,-0.0001778708623326769,-1.9666620054674815e-05,-0.0012778907818407125,-0.00036179625969415735,0.00016805039357840895,-0.0002863549252860944,1477,1530
-0.002460041922894044,1.012011707702729e-06,0.0025788528535410317,-0.0007580825693457792,0.0005714449021948771,-0.0006436638554626082,0.9999993422289747,0.0002330313326504816,-0.00121569367771451,5.844116121146809e-05,0.00038317365067563945,0.00018280390730502215,0.0006705606662882139,1477,1530
-0.0025674451257909356,2.3805650072289947e-05,0.0025341994517988726,-0.0007646928442672014,0.0005409082363731235,-0.0006720099799623834,0.9999993355326392,-0.000806487687006333,0.00017066218570895256,-0.00033603185866600124,-9.875433999041616e-05,-0.00045843177842809296,-0.0004261911554401699,1477,1530
-0.0025748253171460973,-0.00012020516997485062,0.0025612781915303096,-0.0007307909158101678,0.000531921931701876,-0.0006408528976915791,0.9999993861554409,-7.215702168514091e-05,-0.0014406042745898693,0.0002685028887564704,0.0006778158299457679,-0.00017974558746471284,0.0006233649994784226,1477,1530
-0.002500636522795385,-0.00017834259712461116,0.002559192282013898,-0.0007295763248693118,0.0005303322206701829,-0.0006416765474928681,0.9999993873584772,0.0007426472614105243,-0.0005803865629368488,-2.091823373958694e-05,2.4320716048207392e-05,-3.176629045434383e-05,-1.6483119239767404e-05,1477,1530
-0.0024992253003312285,-0.00016853162526383157,0.002528225922445715,-0.000741797980570788,0.0005459842631346646,-0.000621999731875905,0.9999993823764459,1.4312804443041092e-05,9.85688477704319e-05,-0.00030947097829718475,-0.0002448156832077689,0.00031256236671694274,0.00039359146868015967,1477,1530
-0.002564156393997744,-1.548183308154881e-05,0.002561302690131854,-0.0007738183321928446,0.0005355556449956274,-0.0006730083558121622,0.999999330722322,-0.0006516347538502447,0.001529334527376016,0.0003323570015313982,-0.0006397782532191573,-0.0002082319819110541,-0.0010207687311246459,1477,1530
-0.0025233324060602033,-9.42395717693785e-05,0.0024963109599704693,-0.0007204277201284026,0.0005320279754363284,-0.0006420958067783181,0.9999993928213694,0.0004100323790428116,-0.0007860910157843553,-0.0006507553382649214,0.0010676249491580673,-7.032010530747344e-05,0.0006188243743186654,1477,1530
-0.0025233324060602033,-9.42395717693785e-05,0.0024963109599704693,-0.0007204277201284026,0.0005320279754363284,-0.0006420958067783181,0.9999993928213694,0.0004100323790428116,-0.0007860910157843553,-0.0006507553382649214,0.0010676249491580673,-7.032010530747344e-05,0.0006188243743186654,1477,1530
-0.0023944621958391335,-0.00020030736124217706,0.0025114227094267735,-0.000719147441642543,0.0005436963177454582,-0.0006108911061753691,0.9999994070164876,0.0009660889006675245,-0.0007933310932924331,0.00011306500757809847,1.8816848180828043e-05,0.00017445841013640534,0.0004675591023227688,1477,1530
-0.002629290722759321,7.116531684307585e-05,0.0027126812418841895,-0.0007402225016899886,0.0005432941998357594,-0.000677920065055626,0.9999993486630103,-0.002354211512889064,0.002709446365528265,0.0020142918276239157,-0.0004208437612101408,-7.3364567047886635e-06,-0.0013410554378872161,1477,1530
-0.0026140117335769855,-7.781053735006092e-05,0.0026535235667500224,-0.0007554579315794666,0.0005676895481365798,-0.0006466502187925055,0.9999993444274772,0.00011654366936820659,-0.001116063359250785,-0.00044503470201898116,-0.00022894381604557574,0.00036528360794863023,0.0004690087968695051,1477,1530
-0.0026444624154076182,-0.00025793552533951136,0.0026313061095198666,-0.0007482712098748649,0.000541854080468281,-0.0006330251044908115,0.9999993728815875,-0.00030192927011461323,-0.0018013400516536477,-0.00022524492113211445,0.0001439170816397695,-0.000516832592449493,0.0002721991637258971,1477,1530
-0.002541129471473611,-0.00016802104145920258,0.002540656001659969,-0.0007074551296822251,0.0005434298366041108,-0.0006139450032700315,0.9999994136312202,0.0007745718716440143,0.0006760887633246947,-0.0006777575867655576,0.0006118295617831947,2.3800002703328635e-05,0.00028643801453509565,1477,1530
-0.0024770743319735954,-0.00016838722216387184,0.002581432646108683,-0.0007109165181608094,0.0005522566635281767,-0.0006097534795166941,0.9999994089053128,0.0006401314064099584,-3.4530952196521185e-06,0.0004084696163894593,-6.938381706760823e-05,0.000176439971186097,8.392015673114785e-05,1477,1530
-0.0024736052570776515,-6.332370342028174e-05,0.0026535220698868925,-0.0007519429149175054,0.0005409771935977807,-0.0006293573032304476,0.9999993729172598,3.261366130428199e-05,0.0010496711398204006,0.0007224389839518272,-0.0008201902848536648,-0.00022581497019133142,-0.00039269805260819013,1477,1530
-0.0023895822894299656,-0.000127245780977986,0.002540555308290035,-0.0007712824748348198,0.0005263524877080694,-0.000634619590815264,0.9999993626669853,0.0008422800823972296,-0.0006364820564005876,-0.0011297505641264314,-0.00038656168793869137,-0.00029266689454794713,-0.0001056781691618322,1477,1530
-0.0023879436191110016,-7.819940222664778e-05,0.0024148960497394093,-0.0007393401259363386,0.0005227502346419252,-0.0006156758423968891,0.9999994005256336,1.2833203779648812e-05,0.0003698700618779675,-0.0009432728556968462,0.000479737297933509,-5.402993131849338e-05,0.00028479268933382306,1477,1530
-0.0023932581078380728,4.974456814489875e-05,0.0022796672376072086,-0.0006877961744246471,0.0005462356754090303,-0.0006707364134149377,0.9999993893376496,-5.3307061084235776e-05,0.001281333967058866,-0.0013504099453904852,0.0010311337829580953,0.00047114337353848653,-0.0011002917223950804,1477,1530
-0.0023932581078380728,4.974456814489875e-05,0.0022796672376072086,-0.0006877961744246471,0.0005462356754090303,-0.0006707364134149377,0.9999993893376496,-5.3307061084235776e-05,0.001281333967058866,-0.0013504099453904852,0.0010311337829580953,0.00047114337353848653,-0.0011002917223950804,1477,1530
-0.0023626299761389086,-0.00024230543090118046,0.002258124377920347,-0.0006209177710133366,0.0005143619742355134,-0.0006117040007069467,0.9999994878554167,0.00031039872488951677,-0.0029194371297686585,-0.00021908236361445818,0.0013371908085732015,-0.000637313122636389,0.0011807993340538863,1477,1530
-0.0023783216923985687,-0.0003476102193492655,0.002423933267906212,-0.0007095951049774751,0.0005680879721490111,-0.000578638570925063,0.9999994194639547,-0.0001573560416985188,-0.0010554565923741857,0.0016568666814653348,-0.0017748102819743691,0.0010731855854992393,0.0006611615380421901,1477,1530
-0.0026075164707790944,-0.0002549463299193733,0.0027141053653418207,-0.0007121842675207638,0.0005702291137359698,-0.00061161042040338,0.999999396782328,-0.0017198265240523085,0.0006889355691211079,0.0021722773439007874,-3.85213476776166e-05,3.240041496084458e-05,-0.0004938854851699151,1477,1530
-0.002613393986591942,-0.000353263122458516,0.0029139336775923994,-0.0007440951376508208,0.0006500145749845063,-0.0006095379209461671,0.9999993261332732,-5.985484833431861e-05,-0.0009861843418838916,0.001997012708552024,-0.0006392815404545743,0.0015954487525648698,4.222583139177465e-05,1477,1530
-0.0027916877284486505,-0.0003324677841016286,0.002937925391517311,-0.0007575825075758697,0.000660078743651122,-0.0006308945247753087,0.9999992961681995,-0.0013370868078871625,0.00015400598018179632,0.00017835808112713934,-0.00020211318227276678,0.00015101699032266948,-0.0003202393935023018,1477,1530
-0.0029674597030690665,-0.00027214811524146887,0.002923013859038978,-0.0008014826953733831,0.0006314377454250229,-0.0006599759018238843,0.9999992616715628,-0.0017580181092354409,0.0006011152950799415,-0.00015050115449095262,-0.0008771267826910538,-0.0005728464758831585,-0.0005825536938255224,1477,1530
-0.0028645236772399003,-0.00010574821205946769,0.0028725171545433597,-0.0007346908905569092,0.0006295673087542384,-0.0006614931318331623,0.9999993131503314,0.0007706478581085363,0.0012492974120007095,-0.0003756515863362176,0.001001649409767743,-2.737044538734893e-05,-2.2142030626470424e-05,1477,1530
-0.0028537887945095986,-0.00024413900997777936,0.0029689563613663193,-0.0007604710195258887,0.0006727597497194578,-0.0006613039146095885,0.9999992658773702,0.00010795126454993911,-0.001384973468846467,0.0009623488460862245,-0.0005160993175212567,0.0008633754669918588,4.0931578138210445e-06,1477,1530
-0.0028537887945095986,-0.00024413900997777936,0.0029689563613663193,-0.0007604710195258887,0.0006727597497194578,-0.0006613039146095885,0.9999992658773702,0.00010795126454993911,-0.001384973468846467,0.0009623488460862245,-0.0005160993175212567,0.0008633754669918588,4.0931578138210445e-06,1477,1530
-0.0028032654409733105,-0.00025498959226766667,0.0030828657849732593,-0.0007809416679976928,0.0006713517464161126,-0.0006341166882677958,0.9999992686562168,0.0005033413896269798,-0.00010946194078429427,0.001138468793484368,-0.0004093504632187516,-2.8815515622329394e-05,0.0005429044085244066,1477,1530
-0.0026619783872472297,-0.00029920956366767605,0.0027461181134415926,-0.0007382882340078455,0.000646266876590636,-0.0006257654194788452,0.9999993228433941,0.0014195374693281057,-0.0004356338931152482,-0.003370035835684202,0.0008542316436056634,-0.0005018493203976885,0.00016739433524772326,1477,1530
-0.002455289120485347,-0.00032564670321541495,0.0026561087149532883,-0.0007346222039126135,0.0006091595911453082,-0.0006046969711262406,0.9999993617979874,0.0015535398924300982,-0.00019562588982357734,-0.0006743345093567166,5.5214976539047024e-05,-0.0005576167343490272,0.0003161098366228329,1477,1530
-0.002431067337822017,-0.00016605696905914398,0.002723414063219415,-0.0007168660741688803,0.0005920738872972784,-0.0006288884029059003,0.9999993700252613,0.00023948813251196963,0.0015953413771818427,0.0006757519740408246,0.00035565586046208317,-0.0003411744920006252,-0.0004839064833097573,1477,1530
-0.002390338103794818,5.0121068751723664e-05,0.0027649477802047066,-0.0007504653082682881,0.0005618595351915738,-0.0006246312183169198,0.9999993654755607,0.00030266987466961623,0.001619184743560629,0.00031378368992376936,-0.0005030932969769391,-0.0004529944553019294,6.31530829959448e-05,1477,1530
-0.002399010787740391,-0.00010750956148503879,0.002478079917934793,-0.000707659786837002,0.0005360549539726397,-0.0006185875687419606,0.9999994146058943,-8.153608670050181e-05,-0.0015721195909616504,-0.0028711646481865815,0.0008563736398486263,-0.0005156529632092745,0.0001209684432010674,1477,1530
-0.0023787786192916334,-0.00012987729557263964,0.0024346437178617273,-0.0007191143857373101,0.0005206692107000585,-0.0006253709292912327,0.9999994103444627,0.00020306970629846647,-0.00022281842776090114,-0.00043447368857149957,-0.0002288356956097842,-0.0003077695799374094,-0.00013601182796868435,1477,1530
-0.002547865581968076,-0.00024066391198215238,0.0024753482658951462,-0.0007358891401693367,0.0005268775141057805,-0.0006230312736032405,0.9999993963494626,-0.0016899720086633355,-0.0011106078392814484,0.0004037060570246238,-0.0003356105300983292,0.00012392763926350202,4.670938714499267e-05,1477,1530
-0.0025523450709008725,-0.00026102072545656195,0.002506467875557133,-0.0007104367306897753,0.000572589253997158,-0.0006245448037591174,0.9999993886823056,-3.3634671850330195e-05,-0.00015298482337329104,0.000233020142113923,0.0003811800011170338,0.0006855875228577665,-2.1986281018189956e-05,1477,1530
-0.0025523450709008725,-0.00026102072545656195,0.002506467875557133,-0.0007104367306897753,0.000572589253997158,-0.0006245448037591174,0.9999993886823056,-3.3634671850330195e-05,-0.00015298482337329104,0.000233020142113923,0.0003811800011170338,0.0006855875228577665,-2.1986281018189956e-05,1477,1530
-0.0026042856128714502,-0.00026089371108124683,0.0024365324761005994,-0.0007380397471195223,0.000552023291965507,-0.0006252077474051939,0.9999993798412519,-0.0005186163697430562,1.6160059734820556e-06,-0.000699960297912533,-0.0005518066736817748,-0.0004116624880094578,-1.3867572708579978e-05,1477,1530
-0.0025045789411688433,-0.0002906447472656504,0.0024446628990838514,-0.0007375077228875075,0.0005488022246190956,-0.0006123269907278428,0.9999993899768802,0.0009972381988628172,-0.00029635133959673575,8.195786059945745e-05,1.0537535693628687e-05,-6.459779081641826e-05,0.00025754509884209936,1477,1530
-0.002560747753646028,7.588906305406061e-05,0.002615176214297382,-0.0007574441364229283,0.0005502286861514583,-0.0006316171560628258,0.9999993622930669,-0.00042594526250359915,0.0027460053887993683,0.001282162246639906,-0.00029883638166827313,2.1422817548188645e-05,-0.00028943866529873325,1477,1530
-0.0025250184825298173,6.104389826566448e-07,0.002692191391274904,-0.0007638476597361086,0.0005687607253313541,-0.0006433864924972357,0.9999993395506871,0.0003573576909250541,-0.0007534180824516381,0.0007693194585321358,-0.00012816121792704664,0.0003706974215852983,-0.00023515072764608417,1477,1530
-0.002434367403887094,6.15041073499132e-05,0.0024324053158228678,-0.0007198036077680233,0.000551081571419075,-0.0006455094705271501,0.9999993807545035,0.0006825544581069043,0.0004612607264332878,-0.0019499088500712083,0.0006618638515726889,-0.00026514443421486874,-3.1719666957825996e-05,1477,1530
-0.002495368724366044,-3.776881000141328e-06,0.002356978288267965,-0.0007459962948470956,0.0005246466293999214,-0.0006327051288214062,0.9999993839596409,-0.0006083201415529459,-0.0006524897535910537,-0.0007558585853790254,-0.0005236375065472294,-0.0005292051569382913,0.000255409809143082,1477,1530
-0.0024656990823379295,-4.190061852465651e-05,0.0023019709197532718,-0.0007009168886077789,0.00047582218265776715,-0.0006371587394275304,0.9999994381685949,0.0002977822085996818,-0.00038007457163649486,-0.0005503792526627609,0.0009023341492318441,-0.0009759398497130118,-8.933495338712297e-05,1477,1530
-0.0023856432977053875,-4.409990046371264e-05,0.0022989729009541345,-0.000723164053907135,0.0005031422311378441,-0.0006280694053558528,0.9999994147050625,0.0008005493340394043,-2.092942988253593e-05,-2.9246061211570203e-05,-0.00044534239982028804,0.0005459462933311341,0.00018194299263331033,1477,1530
-0.002252881957371882,-0.0001674343201447822,0.0023267891277446977,-0.000723150316104136,0.0005041720461789471,-0.0006219092747563018,0.9999994180463413,0.0013287094421187548,-0.0012319175743384704,0.0002776798598640168,1.998539005250637e-07,2.0504666403281433e-05,0.00012320159839023767,1477,1530
-0.002592451235109345,0.00030782059266974053,0.0028445015300330354,-0.0008168222097242473,0.0006246744170105241,-0.0007076787916752054,0.9999992208867352,-0.0034039255212080987,0.004736802132300579,0.005176159791819887,-0.001872482002950434,0.002408076513783066,-0.0017131373341284862,1477,1530
-0.002182449242119173,0.0003346919156771558,0.0025569519777470713,-0.0007869875996883705,0.0006433229330561391,-0.00066427646333695,0.9999992627611788,0.004106917419719204,0.0002794630006695948,-0.0028725088645541953,0.0005964230109470247,0.0003730184504745263,0.0008695064277108734,1477,1530
-0.002046774206253481,0.00030092848120024843,0.0024951445700461673,-0.0008049586725526626,0.0006355277903236598,-0.0006602463786684416,0.9999992561100641,0.0013375932435884647,-0.0003298292324432652,-0.0006075911001376007,-0.0003539715216096145,-0.00015385849976197574,7.904223383838674e-05,1477,1530
-0.0020030151374684844,0.00026649182700880323,0.002344118705963208,-0.0007933700824109876,0.0005866450511373027,-0.000677369313190119,0.999999283790898,0.0004468036176933178,-0.0003466631640686055,-0.001533734382538004,0.00023625223278868015,-0.0009924196617331507,-0.00034843224205971166,1477,1530
-0.002074117143650958,0.0001909115213408394,0.002396930882851106,-0.0007836844119466255,0.0005805082292572275,-0.0006493792848401009,0.9999993135775053,-0.0007087564316688298,-0.0007556226751864333,0.0005247123362642068,0.00019296291401346984,-0.00012272806515213695,0.0005583539478486932,1477,1530
-0.002179431067107449,0.00044063267005105294,0.0022958132593932376,-0.0008082992473465586,0.0005604444240909586,-0.0007007372689045983,0.9999992707605607,-0.001055199667049261,0.0024974001725409575,-0.001008475843308405,-0.0004914352717850999,-0.0004007860411616127,-0.0010277495109353564,1477,1530
-0.0022782843114561835,0.00040529080983292445,0.0023804345393297196,-0.0008404793843432157,0.0005520618416609519,-0.0007113319345772508,0.9999992414142149,-0.0009891014680542126,-0.00035621369534599793,0.0008446323059360981,-0.0006434437240677192,-0.00016795107475145053,-0.00021241527631511635,1477,1530
-0.0021866301255164164,0.00030090827803025226,0.002365359246029375,-0.0008114686603097418,0.000590015057815128,-0.0007025110874275776,0.9999992499392266,0.0009180824529035638,-0.0010421411228993189,-0.000151475186543348,0.0005795073031967118,0.000759236994987413,0.0001773539401652181,1477,1530
-0.00213532906092777,0.0003604238173234742,0.002384710371109053,-0.0008001062272366714,0.0006002451079759102,-0.0007149957088375962,0.9999992441581997,0.000511996077857159,0.0005956196663995154,0.00019510172965035737,0.00022727471247910934,0.0002049836786226602,-0.0002494171564221204,1477,1530
-0.0021729811603129036,0.0003610192037644286,0.0024153783465725876,-0.0007709697880837434,0.0005779096595468734,-0.0006944694984073075,0.9999992946688142,-0.00037682507536894693,4.923839813450866e-06,0.00030617804926988266,0.0005826914193629664,-0.000446536209830976,0.000410439002675146,1477,1530
-0.002131234516099915,0.0002380790071957096,0.002427276493829745,-0.0007464102544049487,0.0006221063719872847,-0.0006922585928569803,0.9999992883164636,0.0004188820393188887,-0.0012285488498709847,0.00011752605409617472,0.0004903693730584801,0.0008839136768161362,4.516663037004242e-05,1477,1530
-0.0020512870996151795,0.0003296388798299934,0.002358411741841973,-0.0007637011043756832,0.0005616264509118635,-0.00070121381539301,0.9999993048175269,0.0006003774653415822,0.0006895415916696971,-0.000515642928720261,-0.0002591178574755455,-0.0009089159274764633,-0.0001354106424975398,1477,1530
-0.0020512870996151795,0.0003296388798299934,0.002358411741841973,-0.0007637011043756832,0.0005616264509118635,-0.00070121381539301,0.9999993048175269,0.0006003774653415822,0.0006895415916696971,-0.000515642928720261,-0.0002591178574755455,-0.0009089159274764633,-0.0001354106424975398,1477,1530
-0.002151642943711772,0.0002456178971511567,0.0023382198466549023,-0.00076495909969554,0.0005865299127400691,-0.0006915029845688265,0.9999992963216816,-0.0010011400265018426,-0.000840457144669708,-0.00020412342396197882,-2.5592500465391593e-05,0.0004974006451748548,0.00019438627773617095,1477,1530
-0.002231277302897038,0.00024371153649883323,0.002463789244626406,-0.0007737770309993436,0.0006186552982722062,-0.0007132839590776211,0.9999992548800829,-0.0007984822544184785,-2.2105556695620472e-05,0.0012558200588575746,-0.00017670165857981484,0.0006432786756833139,-0.0004356106855658106,1477,1530
-0.0021480986905934012,0.00040574830188015227,0.0023876990755769215,-0.0007713260591071608,0.0005967593340648378,-0.0006950866669282895,0.999999282894209,0.0006220502164264865,0.0012155630685591634,-0.0005673308017488116,3.6785400782607217e-05,-0.00032822403114840163,0.0002723957614425199,1477,1530
-0.0021322509022400865,0.0003930561895265206,0.0023959454550079636,-0.0007797906226268065,0.0006148757648821659,-0.0007281613848180482,0.9999992418174002,0.00011887081981985681,-9.508412899732427e-05,6.181899303253716e-05,-0.0001268125197910176,0.00027193567680716495,-0.0004957948848180946,1477,1530
-0.002145524623432568,0.0004434018433275995,0.0023360324397737288,-0.0007559149440386616,0.0006079268539977074,-0.0007530683261459048,0.999999245952532,-0.00013273454797518348,0.0005041971389961607,-0.0005985076251335952,0.00047792076627460513,-0.0001382420122407522,-0.0004979531510443019,1477,1530
-0.0021855334372684345,0.00048613301473027345,0.0023702318514403327,-0.0008036217504463152,0.0006255501844860635,-0.000735160520541926,0.9999992112087174,-0.00040119092706679003,0.00042623805829251286,0.0003421898410211643,-0.0009547241177677656,0.0003515161679486363,0.0003578810754447647,1477,1530
-0.002377488086852164,0.0003559467840255938,0.002513974009988558,-0.0008675031312951555,0.0006331069505240948,-0.0007114941968212514,0.9999991701946123,-0.0014389457418837127,-0.0009798196598963791,0.001074228082632655,-0.0009581114667228596,0.00011231348279881555,0.0003543325512652245,1477,1530
-0.002377488086852164,0.0003559467840255938,0.002513974009988558,-0.0008675031312951555,0.0006331069505240948,-0.0007114941968212514,0.9999991701946123,-0.0014389457418837127,-0.0009798196598963791,0.001074228082632655,-0.0009581114667228596,0.00011231348279881555,0.0003543325512652245,1477,1530
-0.002384920549345889,0.00031691407095406213,0.002535734125853939,-0.0008123280450250355,0.0006171886150322865,-0.0006975328496841781,0.99999923632435,-7.404907503817013e-05,-0.0003908369230703851,0.0002168447654790177,0.001103628946640364,-0.0003178466274349715,0.00027966967942808077,1477,1530
-0.0022739214741968974,0.00024961985190047824,0.0025383697774630453,-0.0008097353996145133,0.000604716886175777,-0.0007030323897084152,0.999999242195477,0.0011103517220030898,-0.0006711072521242649,2.6622101181435843e-05,5.206932390976236e-05,-0.00024918683984465084,-0.00011010730168134121,1477,1530
-0.0022731618543306003,0.0003136205746516335,0.0025445412626712055,-0.0008074453021116465,0.0006192147182389154,-0.0007209527803844088,0.9999992224158498,4.974940214104587e-06,0.00048081842307812526,4.7156301278210815e-05,3.442394290262666e-05,0.00021810899210476618,-0.00026910213065075103,1477,1530
-0.002395126914381962,0.0003473847407402757,0.0025619713658246506,-0.0008057293531207044,0.0006500781645928226,-0.0007290668178526086,0.9999991983297605,-0.0012204610799025472,0.0003356320440006885,0.00017334935447266405,3.397708698605378e-05,0.0006174800937898894,-0.0001617758685911652,1477,1530
-0.0022950126726079094,0.00036020275841240916,0.0027916506896328917,-0.0007903317553749346,0.0006932357595528002,-0.0007163162607343737,0.9999991908451284,0.0007474478754514057,9.432151852879958e-05,0.0017213520127583785,0.00023005049158075032,0.0006464872279464973,0.0001916658466389585,1477,1530
-0.002255238273717714,0.0003755783397544416,0.0025740530164578427,-0.0007826915702457872,0.0006515467068336782,-0.0007151405819686059,0.9999992257270711,0.0004005492345960189,0.00015777122667953887,-0.002175242385324454,0.00015338968247360547,-0.0008337150025511084,2.296171021710813e-05,1477,1530
-0.0021814038071793526,0.00045351543531676455,0.002672701632340774,-0.0007976228586846138,0.0006735512860705154,-0.0007222009606174568,0.9999991942757813,0.0007358256592758512,0.0007787547424782787,0.0009885081961075615,-0.00029880094576342455,0.00043991822947966164,-0.00014103546047472833,1477,1530
-0.0023583428118311317,0.0003248685675295337,0.0026252652292597795,-0.0007890583790950002,0.0006676499969247523,-0.0007385945669696828,0.9999991930538846,-0.0017693125248978913,-0.0012900296586903616,-0.00047945641898294644,0.0001718309196744347,-0.00011780183606324182,-0.0003283004198317998,1477,1530
-0.0023883047445519604,0.0003863846310188729,0.002746580137627826,-0.0008001618566196061,0.0006804823948827937,-0.0007416596303844128,0.9999991733125109,-0.00030214357040812703,0.0006127951055745571,0.0012137041116844973,-0.0002222160916716382,0.0002565298012842196,-6.124665249073504e-05,1477,1530
-0.002214466073181683,0.0004232913461551192,0.002440021994589921,-0.0007584792303142621,0.0006174192845570621,-0.0007314706344570745,0.999999254226419,0.0017414291802412198,0.00037642775178009047,-0.003061606137412577,0.0008341746128138958,-0.001260391106483192,0.00020327194251362895,1477,1530
-0.002214466073181683,0.0004232913461551192,0.002440021994589921,-0.0007584792303142621,0.0006174192845570621,-0.0007314706344570745,0.999999254226419,0.0017414291802412198,0.00037642775178009047,-0.003061606137412577,0.0008341746128138958,-0.001260391106483192,0.00020327194251362895,1477,1530
-0.0022300621440356286,0.00032289296845126213,0.0023565829467592715,-0.0007409711089666675,0.00063884002179192,-0.0007462138214979414,0.9999992430048004,-0.00011498501691583683,-0.0007514821254084015,-0.0006264732545854167,0.0002622699175327021,0.0003213606459677101,-0.00022052909769110273,1477,1530
-0.002477655192859745,0.0002872281628129613,0.002506522758401316,-0.0007926466546614523,0.0006651520098633594,-0.0007244914204853334,0.9999992021978144,-0.0024764899510858786,-0.0003624439106082488,0.0014952074536966609,-0.001033839799301205,0.0005249735096323794,0.0004340335316217726,1477,1530
-0.002408890822789136,0.0002299121729694979,0.0025825722983817082,-0.0007769669319415514,0.0006450751051162577,-0.000727235484085783,0.9999992256642228,0.0006874282856984515,-0.0005733405917293633,0.0007604632389034107,0.0003139062962014334,-0.00040124732645393265,-5.498782865497869e-05,1477,1530
-0.00246770455575388,0.00018919703096558632,0.002514088210609393,-0.0007390310148717933,0.0006384019071873658,-0.0007147585454650663,0.9999992676979241,-0.00043990435546214097,-0.00030514205585174825,-0.0005145666531868688,0.0005688728305464137,-9.980917509910556e-05,0.00018740480634287808,1477,1530
-0.0024458020911059092,0.0004243660894233804,0.0024861985647577182,-0.0007145442902132545,0.000625184536519061,-0.0007453010905681535,0.9999992715482527,0.0002160570976956927,0.002352858028971736,-0.00027519453496312543,0.000490406281594496,-0.000263595872484763,-0.0006108491745391419,1477,1530
-0.002527815154405942,0.00047382275936236275,0.002800551472709076,-0.000819587379698522,0.0006865268458534834,-0.0007588739934965627,0.9999991405334696,-0.0006194146344581856,0.000367121955549726,0.0023605243371666623,-0.0015782923842280767,0.000920323471827475,-0.00020419249765308564,1477,1530
-0.0024253300306672216,0.0003660129446779459,0.002707185946645361,-0.0007514811612011225,0.0006829783112476737,-0.0007636074268049183,0.999999192859868,0.001027880447181421,-0.0010751280138975195,-0.000934113495701068,0.0013623927705668935,-6.986776503865595e-05,-9.3801140481382e-05,1477,1530
-0.002349652170764053,0.0003422099089369471,0.002541823051612219,-0.000737526284396142,0.0006568406524412834,-0.0007411929594007231,0.9999992376238759,0.0007595267833293606,-0.000234427613086907,-0.0016532294966087884,0.0002792384604590093,-0.0005229660299232374,0.00044816363611235535,1477,1530
-0.00228946825827057,0.00026854837668586,0.0024747493005166307,-0.0007097545260899107,0.0006252219693847511,-0.0007394574958812262,0.9999992792740465,0.0004521845001472955,-0.0005502292426737373,-0.0005025243002179317,0.0004162906789994614,-0.0004732855349573584,2.5917608921417408e-05,1477,1530
-0.00228946825827057,0.00026854837668586,0.0024747493005166307,-0.0007097545260899107,0.0006252219693847511,-0.0007394574958812262,0.9999992792740465,0.0004521845001472955,-0.0005502292426737373,-0.0005025243002179317,0.0004162906789994614,-0.0004732855349573584,2.5917608921417408e-05,1477,1530
-0.002214904082676087,0.0004204941872411633,0.0023862067100374634,-0.0007814145623721097,0.000602109634534915,-0.000754263960862856,0.9999992289702758,0.0007454821429693732,0.0015238261296177094,-0.000883501899768676,-0.0014345670769782613,-0.00046370744055356655,-0.00029774700646864464,1477,1530
-0.0022711252899216662,0.00046117372519295527,0.002394948021349115,-0.0007748757020928983,0.0006213554890148995,-0.0007720941776868554,0.999999208677478,-0.0005629752690724748,0.00040584261331025155,8.737762606371006e-05,0.00013071163035789695,0.00038532515955432353,-0.0003562533458830589,1477,1530
-0.002302580318609993,0.000416697568243458,0.0024096649336345453,-0.000774610517642422,0.0006158389209253508,-0.0007128283143353253,0.9999992562981048,-0.00023526801567415478,-0.0003337284942898783,0.00010944286861817734,3.4858901635345442e-06,-8.334050887906241e-05,0.0008879227973385384,1477,1530
-0.002275574454118195,0.0002911565818429361,0.0024836361113225996,-0.0007912652246459289,0.0006181392918854938,-0.000707964655303023,0.9999992452943182,0.0002708549113756366,-0.001255779662640764,0.0007378707077232298,-0.00033308350693490494,4.5680571777812275e-05,9.707336417970439e-05,1477,1530
-0.002316974250200988,0.0001746472881600793,0.0026111941089154373,-0.0007717987761354279,0.0006374241108225584,-0.0006883231414204879,0.9999992621139298,-0.0003103212082483256,-0.000875432661444336,0.000954546875344152,0.0002914968394671237,0.00028913346922749086,0.0002949177696135229,1477,1530
-0.002299898352091625,8.238344867600832e-05,0.0025426719598607636,-0.0008089464126117225,0.0005846956698724314,-0.000686437971096647,0.9999992662695237,0.00017291466284869862,-0.0009214077066755927,-0.000686473669184974,-0.0007423022272596912,-0.001055182447599436,3.641849425156791e-05,1477,1530
-0.002360903954139857,0.00018570179239561028,0.002561165902368057,-0.0008004418048995471,0.0006082132584571485,-0.000719596158647024,0.9999992357751663,-0.0006115009331837411,0.0010317249626481911,0.00018583812502812153,0.000170103685590922,0.0004708590385299543,-0.0006624783732536305,1477,1530
-0.002421877938848176,0.0002657296615034032,0.002682150107851905,-0.0008378425742740762,0.0006195955190273815,-0.0007155671974441392,0.99999920104208,-0.0006124228291672273,0.0007975417785727318,0.0012104987052850606,-0.0007483030241494362,0.00022706539849586975,8.031395786461857e-05,1477,1530
-0.0022864146793423377,0.00022278523050891353,0.002407541137317244,-0.0008045847216428622,0.0006112306829343291,-0.0006749189863812757,0.9999992617621468,0.0013587807179983196,-0.0004229442952780465,-0.002745397241784798,0.0006648400257292827,-0.0001675192640299606,0.0008133177325052229,1477,1530
-0.00228939821956808,3.740680397909429e-05,0.002090797992212937,-0.0006286712563670852,0.0005845744456370984,-0.0006841235604048112,0.9999993975098794,-2.3459553458502485e-05,-0.0018484805739625988,-0.003170030905693687,0.003518283854080442,-0.0005305343784200711,-0.00018234427731187572,1477,1530
-0.0023244169766518078,1.600390851493509e-05,0.0022668079559626823,-0.0006495700650334251,0.0005792144302758702,-0.0007158248812977006,0.9999993650818548,-0.0003518940023300434,-0.00021668725518373205,0.0017591369226228593,-0.000417465560844292,-0.00010707008545505307,-0.0006342367336229061,1477,1530
-0.0023986035863624005,8.871002405464706e-06,0.0023262232934025333,-0.0006304207478413574,0.000619855418861739,-0.0007075713122246487,0.9999993588456833,-0.0007417753830590184,-7.309632434807596e-05,0.0005926604576282762,0.00038196098681898735,0.0008122471087421387,0.00016567024206273472,1477,1530
-0.002484735633753037,-2.444545397601192e-07,0.002432646632720066,-0.0006468680919805046,0.0006405773395713008,-0.0007199026429476689,0.9999993264810368,-0.0008634321454856347,-9.381576826446361e-05,0.0010641870020625171,-0.0003294399525825405,0.0004148051163319855,-0.0002468336552845475,1477,1530
-0.0026153182849875146,1.2648078494905982e-05,0.0024149250687395167,-0.0007322401571415962,0.0006087723435730453,-0.0007016369294034955,0.9999993004628575,-0.0013054696331055396,0.00012724493115280394,-0.00017867996734433165,-0.0017068069381993571,-0.0006374116810554239,0.0003637211362045379,1477,1530
-0.0024040010628160456,3.6107640620543685e-05,0.0023534557290093732,-0.0006553708806261461,0.0006406732244037791,-0.000717084088797483,0.9999993229083892,0.0015837687789152558,0.0001786841381387026,-0.0004584189724712533,0.0011518101525692223,0.0004790613954609586,-0.000230447840721545,1477,1530
-0.0024040010628160456,3.6107640620543685e-05,0.0023534557290093732,-0.0006553708806261461,0.0006406732244037791,-0.000717084088797483,0.9999993229083892,0.0015837687789152558,0.0001786841381387026,-0.0004584189724712533,0.0011518101525692223,0.0004790613954609586,-0.000230447840721545,1477,1530
-0.0023656597551131573,-0.00010970137180787011,0.002397320976171821,-0.0006571370823010168,0.0006154169385920826,-0.0007154421857545214,0.9999993387874436,0.0003853361271866806,-0.0014596019725213996,0.00043767997473071184,-3.5018341006617904e-05,-0.0005056882310901945,3.251775862308388e-05,1477,1530
-0.002284902457072014,-0.00013781610573927242,0.0023703871658473747,-0.0006207774676957272,0.0005780322696416531,-0.0007048975074129298,0.9999993918165819,0.0008083053154245429,-0.00027963769802491516,-0.0002687121765998653,0.0007275976521374675,-0.0007473118592651934,0.00021085037558064872,1477,1530
-0.002391356216607139,-0.00013390165123089938,0.0024477348709197465,-0.000628995857156083,0.0006335594248521521,-0.0007102696539059342,0.9999993492416305,-0.0008002016881854218,2.755010599053435e-05,0.0005800084871574143,-0.0001239853185969358,0.0008340045637279236,-8.024594034252275e-05,1477,1530
-0.0024803498857454884,-8.983535701566697e-05,0.0023280075185495843,-0.0006305573308410045,0.0006010027418873004,-0.0007190387278349242,0.9999993620880283,-0.0008894990362936904,0.00044113088240005724,-0.001198457325022365,-3.067133908436693e-05,-0.0006513774679781792,-0.00017590023718321498,1477,1530
-0.0024528702717196596,-7.896770372776506e-05,0.0023322631996368966,-0.000627307401640408,0.0005705714535566367,-0.0007014333066313283,0.9999993944622944,0.0002056070199593685,8.163054880075495e-05,3.221584521249519e-05,4.883935469398335e-05,-0.0004558600191336242,0.0002633949501408424,1477,1530
-0.002247467385138092,-0.0001437383187114867,0.002275971106665693,-0.0005680901166915859,0.000575768753628969,-0.000678959736891367,0.9999994423886627,0.002055987690660258,-0.0006442470966505656,-0.0005614987760407798,0.0011842530669806035,0.00010451507739759307,0.0004503028154765213,1477,1530
-0.002261573538749084,-8.49352272355654e-05,0.0022133191421782467,-0.0006449373767203437,0.000559970768034909,-0.0006804503816752699,0.9999994037377202,-0.00014112651684580434,0.0005884978991151294,-0.0006259573863242356,-0.0015365748017126663,-0.00031695715197231904,-3.087504376091017e-05,1477,1530
-0.002267582560707003,-0.00017243846840685672,0.0020725903034669387,-0.0005841770858767355,0.0005640168156547253,-0.0006837852678260829,0.9999994365297764,-5.732783099444286e-05,-0.000873357444752939,-0.0014085802994136419,0.0012152728704503978,8.179616574237771e-05,-6.596918614125693e-05,1477,1530
-0.002267582560707003,-0.00017243846840685672,0.0020725903034669387,-0.0005841770858767355,0.0005640168156547253,-0.0006837852678260829,0.9999994365297764,-5.732783099444286e-05,-0.000873357444752939,-0.0014085802994136419,0.0012152728704503978,8.179616574237771e-05,-6.596918614125693e-05,1477,1530
-0.002217538460061914,-8.992185094407682e-05,0.002051889219418157,-0.0006409452542927335,0.0005108642979485298,-0.0007000199739322971,0.9999994190892738,0.0003745076759242234,0.0006193189137830756,-0.00015404964831493926,-0.0008504973507368936,-0.0007974062122026712,-0.0002443683052843321,1477,1530
-0.0021652146626600787,-2.8599895250209985e-05,0.002174726171957023,-0.0006147048363623302,0.0005518952828975423,-0.000711531975779935,0.999999405635727,0.0005211555672147816,0.000612411894926648,0.0012297623784076918,0.0005243825154670005,0.0008211835783394455,-0.00022945978099042316,1477,1530
-0.0022002736487913774,-7.883845096413953e-05,0.002153104156806549,-0.0006048012686810992,0.000557125513430733,-0.0007018811384193609,0.9999994155945563,-0.0002621270565043029,-0.0003768198206664705,-0.00016285640208128319,0.00014836142548978022,7.844023596498438e-05,0.00014483775401514124,1477,1530
-0.0023556389770997017,-6.132270647886295e-05,0.0022191446030042127,-0.0005594106030942323,0.0005686907604054331,-0.0007231531979609046,0.9999994203498557,-0.0015542124430226506,0.00017213141413540642,0.0006587049745161982,0.0009076424508324151,0.00023213655887394588,-0.00042468055222027003,1477,1530
-0.002299176939811346,-0.0001343460077510113,0.0021064336119888225,-0.0006092038271721791,0.000534732665135034,-0.0006998818173694625,0.9999994265483928,0.00042592803235215487,-0.0005470273507133566,-0.0008468738342757734,-0.0007479752847127974,-0.0005109586059441431,0.00034894273380345537,1477,1530
-0.0023004138515134503,-0.00013073751945528168,0.002095215593838273,-0.0006052251348022162,0.0004983801846954375,-0.0007113385754195291,0.9999994396584219,-1.2299016591466647e-05,3.620210800396449e-05,-0.00011214260534810018,8.02005243264818e-05,-0.0007268104411389552,-0.00022952144547598146,1477,1530
-0.002460116087883768,-0.0002262725416382936,0.0020731103762440402,-0.0006136665855090775,0.0004928401750789294,-0.0007166401738461823,0.9999994334742115,-0.0015955517666970196,-0.0009574189277277493,-0.00022381652006490133,-0.0001687091433491068,-0.00011086375044293815,-0.00010619063054101381,1477,1530
-0.0025425852246242398,-0.0002457478986615198,0.0022471622899286436,-0.0006343508042562084,0.0005368520536328909,-0.0007049178922752837,0.9999994062396707,-0.0006180794024030059,-0.00014819105420930688,0.0013014099084463757,-0.00031006346900366876,0.0006582350789727432,0.00017565569381719221,1477,1530
-0.0025425852246242398,-0.0002457478986615198,0.0022471622899286436,-0.0006343508042562084,0.0005368520536328909,-0.0007049178922752837,0.9999994062396707,-0.0006180794024030059,-0.00014819105420930688,0.0013014099084463757,-0.00031006346900366876,0.0006582350789727432,0.00017565569381719221,1477,1530
-0.0025094304684804792,-8.19563014551141e-05,0.002386479658770678,-0.0006367242512954482,0.0005833850578649966,-0.0006963239753090004,0.999999384688322,0.0003282311890636903,0.001639053842714998,0.0013976873843205729,-4.828944948639603e-05,0.0009319058102395774,0.00017270013781267829,1477,1530
-0.002422726001398105,-0.00011022007747518868,0.00241044958599813,-0.0005972198147827415,0.0006020116097781185,-0.0006975765646010872,0.9999993971485434,0.0008672009632959447,-0.00028174994057268606,0.00024036364818597563,0.0007898831094773318,0.00037311542823409264,-2.435468912847718e-05,1477,1530
-0.002397693111743918,-9.856502730722293e-05,0.0024192778709415893,-0.0006723954610634651,0.0005795056715877524,-0.0006911428464476612,0.9999993671893425,0.0001874790530687472,8.756473940607015e-05,6.65193036671018e-05,-0.001127062414322696,-0.0003383144354457909,9.559147956128523e-05,1477,1530
-0.002353634515590781,-0.00011490994407308499,0.002311468532766579,-0.0006826867530856545,0.0005953775952864999,-0.0006707202055519786,0.9999993647991587,0.0003320637183221727,-0.00012123156349709971,-0.0008096152513680788,-0.00015495349362855152,0.0002381381437903776,0.00030688953490956496,1477,1530
-0.0025934396220303065,-0.00013574439333197786,0.0025002037424713625,-0.00067113625172484,0.0006130569923732929,-0.0007131469888859273,0.9999993325790908,-0.0023993653716099734,-0.0002140796468562146,0.001883698413689949,0.00023121505303771596,0.00035422668674531217,-0.0008479276914263642,1477,1530
-0.0024151669966650377,-3.123429997317104e-05,0.0023640896698273422,-0.0006746108069313133,0.0005668662578945099,-0.00070377137966088,0.9999993641341723,0.0017810469409409561,0.0010483780496751594,-0.001356138666808181,-6.887514403637347e-05,-0.0009230299123911244,0.00018665577987320587,1477,1530
-0.002338487748152764,-0.00013465806812109672,0.00218955037362958,-0.0006370974726159618,0.0006046851651264571,-0.0006907928792586717,0.9999993756337342,0.0005781557763162997,-0.00077375240878903,-0.001310540212292868,0.0005626642238259272,0.0005680263928344719,0.00019554392069802065,1477,1530
-0.002338487748152764,-0.00013465806812109672,0.00218955037362958,-0.0006370974726159618,0.0006046851651264571,-0.0006907928792586717,0.9999993756337342,0.0005781557763162997,-0.00077375240878903,-0.001310540212292868,0.0005626642238259272,0.0005680263928344719,0.00019554392069802065,1477,1530
-0.002254313744182204,-0.00018357899428890403,0.002061698412510451,-0.0006663778439952012,0.0005403058947047229,-0.0006738839430066027,0.9999994049450928,0.0008436478095295567,-0.0004862360532178642,-0.0012776491313454517,-0.0005847053843018343,-0.0012877284857049872,0.00033687984777832996,1477,1530
-0.0024054089763193543,-8.264425294313717e-05,0.002095808635090483,-0.0006261092483535776,0.0005664044421697674,-0.0006997178134242268,0.9999993987839181,-0.0015103082674621415,0.001005277137374667,0.00034027785622200735,0.0008040364302909433,0.0005220381349835963,-0.0005150855226011484,1477,1530
-0.0023288318605922086,-9.081137697780396e-05,0.0020789923649044925,-0.0006350699398376728,0.0005708609847816339,-0.0006927689886361836,0.9999993954373347,0.000574514309956685,-6.028759144880879e-05,-0.000125538292029491,-0.00013450638368102885,6.668398264811851e-05,0.000104190443828586,1477,1530
-0.002393392687339306,-0.00011528081833998256,0.0022007003740616444,-0.0006148073321748745,0.000593028389377154,-0.0006878931958192286,0.999999398565931,-0.0006465918525036987,-0.00024711014015304855,0.0012159084505656077,0.000404848657320433,0.0004435222526688951,9.801893852804045e-05,1477,1530
-0.0023607466834408806,-0.00013957770589163827,0.002137137845267775,-0.0006215842188267735,0.0005662086550497917,-0.0006798703891787956,0.9999994154083645,0.00024557268294267745,-0.00018123830878380388,-0.00047648124094134636,-0.00010141145831174982,-0.0004022960157693444,0.00011999168615547235,1477,1530
-0.0023129872623239194,-0.00013556888028963838,0.002179437506945625,-0.0006543837433322486,0.0005571687198798357,-0.000671708834153014,0.9999994050759106,0.00047688382769721003,4.019620175838529e-05,0.0004234303943068075,-0.0006557171229143183,-0.00018127885790769708,0.0001626868613448605,1477,1530
-0.002383575213617726,-0.00013656882934965603,0.0021892820269764205,-0.0005827514572592659,0.000560602715287143,-0.000701998419534515,0.9999994266616119,-0.0007062147244936844,-1.1079931392341086e-05,9.7677977823163e-05,0.0014334239110698318,7.006218892613261e-05,-0.0006051536410837321,1477,1530
-0.0024459133621197644,-9.289720987494131e-05,0.002305679369494143,-0.0006290735437226874,0.0005844885476633453,-0.0007043796848995766,0.9999993832442461,-0.0006230798479126718,0.0004329418471132019,0.0011596527408631175,-0.000923462833900757,0.0004754018230261399,-4.769706370395471e-05,1477,1530
-0.0024459133621197644,-9.289720987494131e-05,0.002305679369494143,-0.0006290735437226874,0.0005844885476633453,-0.0007043796848995766,0.9999993832442461,-0.0006230798479126718,0.0004329418471132019,0.0011596527408631175,-0.000923462833900757,0.0004754018230261399,-4.769706370395471e-05,1477,1530
-0.002346642970721356,-6.881471539282736e-06,0.0022742671078199383,-0.0005737594832800578,0.0006225135911048747,-0.0007045525287399382,0.9999993934411248,0.0007470488722074098,0.0006492046923000455,-0.00023490195883632588,0.0008328289477905964,0.0005733838195580097,-1.756203473730283e-06,1477,1530
-0.0022866509028074975,-9.207098031631283e-05,0.0022965213756405227,-0.000623560544403963,0.0006194659308772785,-0.0006910636738223102,0.9999993749324074,0.0005989570298378177,-0.0008486311378482658,0.0002216148566260144,-0.0009930178197672579,-6.161538511805916e-05,0.0002682765934131733,1477,1530
-0.0022062913811989712,-4.8570913066501175e-05,0.0020862601269702255,-0.0006232641385991625,0.000582328654980104,-0.0007045186486902378,0.9999993880441246,0.0006053694906257894,0.00032968925725836195,-0.0015788621608045074,4.9658150114597046e-06,-0.0005580111362673823,-0.000202561429619474,1477,1530
-0.002208445722189794,7.64609922211444e-06,0.0019703813856867688,-0.000656818352861838,0.0005412050714681203,-0.0006929801534723495,0.9999993977324325,-2.1014647456710938e-05,0.0005643178126145363,-0.0011596180404425736,-0.0006715116562634944,-0.0008241593088598656,0.00023016570636062494,1477,1530
-0.0023341891158287996,-5.4668633668707444e-05,0.002141152858930039,-0.0006524377295292696,0.0005669191679437361,-0.0006923551850259319,0.9999993867857934,-0.0009417016763776184,-0.00046929825759879813,0.00127629006091106,6.529058772887842e-05,0.00038488853130252986,9.641714413789675e-06,1477,1530
-0.002353051849255613,-7.827187491223973e-05,0.0022611649824945557,-0.0006641527047778518,0.0006319496440801405,-0.000685511932294746,0.9999993448068962,-0.00028515964462556733,-0.0003576304159297359,0.0018036349299083462,-0.00035374828482608365,0.0019551310881763223,0.0002068563031928798,1477,1530
-0.002285287409148082,0.00011136904842442666,0.002247123009780268,-0.0006649868456082064,0.0006020907796310731,-0.0006910630056934094,0.9999993588553492,0.0005058009355070255,0.0014214172194036603,-0.00010265930142842238,-1.2137598363835156e-05,-0.0004472937385930624,-8.347006422476393e-05,1477,1530
-0.0024304930454595794,0.00013567260877980368,0.002495917785379751,-0.0006936101637712083,0.0006497688980849976,-0.000735621036745186,0.9999992777832437,-0.0014553691221865564,0.00023771604516695564,0.0024864920424203943,-0.0005725837607101536,0.0009537501962251198,-0.0008908628318500681,1477,1530
-0.0023706633148607497,1.8684750169309727e-05,0.0021786524725980927,-0.0006209315361210317,0.0006471949255545218,-0.0007193684477145156,0.9999993390456772,0.0006039992033803733,-0.0011643245007620946,-0.003172761300909113,0.0014530648089774618,-5.062474653732972e-05,0.000325886272897379,1477,1530
-0.002273398516840124,-3.4492621282252364e-05,0.0020679243986602,-0.0006062682111295483,0.0006249801400510133,-0.0007380460446212866,0.9999993485631457,0.0009745320806237354,-0.0005288288058090478,-0.001106324974736299,0.00029373380260507237,-0.0004437106353553157,-0.00037351810513689933,1477,1530
-0.0023022164113613145,-7.083781439233875e-05,0.0021604334028435704,-0.0006341050440721505,0.000615221030675424,-0.0007379319132679806,0.9999993374349638,-0.0002889242664001484,-0.0003651596562743192,0.0009246946717378689,-0.0005568388133395033,-0.00019568030177103193,1.8169786768522423e-06,1477,1530
-0.002296037827647121,-2.0988450134067576e-05,0.0022524132939460003,-0.0006408687695354314,0.0006207505624293238,-0.0007408460180141729,0.9999993275513419,5.99097417102302e-05,0.0004973419040843704,0.0009203672432622042,-0.00013530000197067778,0.00011051124032363145,-5.828655683692753e-05,1477,1530
-0.002255457316220741,6.88308670610998e-05,0.002097494520910716,-0.0006353363651927605,0.0005943977603475761,-0.0007266016198505048,0.9999993575443389,0.00030473960513202977,0.0006754596490235404,-0.0011604333076332654,8.313113565443949e-05,-0.0003952943671801856,0.00021342486180802645,1477,1530
-0.002255457316220741,6.88308670610998e-05,0.002097494520910716,-0.0006353363651927605,0.0005943977603475761,-0.0007266016198505048,0.9999993575443389,0.00030473960513202977,0.0006754596490235404,-0.0011604333076332654,8.313113565443949e-05,-0.0003952943671801856,0.00021342486180802645,1477,1530
-0.0022648181596273834,0.00011386800992843127,0.0020338396503232336,-0.000643980924971848,0.0006445961645418799,-0.0007599621250548958,0.9999992961207124,-9.350508187990605e-05,0.00045103500194902256,-0.000636074503038303,-0.00017322129721862828,0.0010042463639747213,-0.0006666621435084224,1477,1530
-0.0023565218761388996,4.053263905097117e-05,0.001955796107880671,-0.0006132433774199087,0.0005906028374480483,-0.0007583628039645627,0.9999993500031412,-0.0009143752454938178,-0.0007333067321954592,-0.0007820996362660065,0.0006151882905691433,-0.0010787834054262488,3.166938597716147e-05,1477,1530
-0.002221870173351136,-4.1391314030017346e-05,0.001857561412917423,-0.0005712414160879255,0.0005830929076837602,-0.0007598474975309963,0.9999993781586491,0.0010117055547819046,-0.0006120039131575388,-0.0007363312451275709,0.0006301388786200607,-0.00011215963741238506,-2.1967437226890853e-05,1477,1530
-0.002116840792506226,-0.00011069399460207406,0.0017268479206152,-0.0005808869422967885,0.0005460760201099551,-0.0007007299807584728,0.9999994366742581,0.0010529214044195873,-0.0006899700895327067,-0.0013067639271687626,-0.00019304626430715995,-0.0007411970234143539,0.0011818741868402625,1477,1530
-0.002290407875486797,-0.0001562693554055063,0.0018650806024537755,-0.0005458430902658995,0.0005720946802882462,-0.0007376490747928509,0.9999994153182485,-0.0013043630548418088,-0.00034536233071601105,0.0010364814878198849,0.0005264772589973665,0.0003915582054144357,-0.000554105108342759,1477,1530
-0.0022752891858235204,-0.00014400391300276963,0.0018731821054734652,-0.0005591621025902063,0.0005986835064283616,-0.0007394198711571156,0.9999993910868422,0.00015092202887631256,0.00012279602510174284,8.132671311773357e-05,-0.0002667683645676987,0.0005316312234056871,-3.528050907569248e-05,1477,1530
-0.0022484797174724745,-0.00019091411028060071,0.0018632958426383554,-0.000547231131709936,0.0005830115576552055,-0.0007217532476632168,0.999999419853762,0.0002689065314909523,-0.0004685942292145116,-9.906545888414726e-05,0.00023863982269918088,-0.00031346025923936413,0.0003533002744589091,1477,1530
-0.0022484797174724745,-0.00019091411028060071,0.0018632958426383554,-0.000547231131709936,0.0005830115576552055,-0.0007217532476632168,0.999999419853762,0.0002689065314909523,-0.0004685942292145116,-9.906545888414726e-05,0.00023863982269918088,-0.00031346025923936413,0.0003533002744589091,1477,1530
-0.002176323396203763,-0.00019635872601878447,0.0019899906420911243,-0.0005698316742384722,0.0005926469501101629,-0.0007293155031725984,0.9999993960799932,0.0005395661300879071,-4.1052093780915765e-05,0.000949815885037419,-0.0003386966145469176,0.00014419951917756524,-0.00011343545596793676,1477,1530
-0.0021400348208805904,-0.00022835232728380265,0.0018727259277006242,-0.0005508130842912521,0.000568273122961429,-0.0007148970440287862,0.9999994312962478,0.00036460240375680485,-0.00031794813738339104,-0.0011721340626126779,0.00038041203708640323,-0.00048717844902766477,0.0002882076501044131,1477,1530
-0.002168461403364463,-0.00011276018834377222,0.001838617810038,-0.000535020030154729,0.0005629873667236329,-0.0007289867382014355,0.9999994326884024,-0.00021404314668652357,0.0008664902015225511,-0.0002549731264763386,0.00023695577159933473,-7.896165379453098e-05,-0.00021115033635995783,1477,1530
-0.0022577642886051513,-0.00010402060688724144,0.001834279123987237,-0.0005915471071519954,0.0005621546980418756,-0.0007152753702872122,0.9999994112174562,-0.0008934097511919342,8.616995703024193e-05,-4.4314653870892526e-05,-0.001131067937872402,-1.7629983543574194e-05,0.0002736745485248929,1477,1530
-0.002243652776297736,-0.0001056249988296475,0.001821684777741001,-0.0005594479248889836,0.000545060214238436,-0.0007198192437758853,0.9999994358936596,0.00010600349986084538,-1.177464339983573e-05,-9.439178776062585e-05,0.0004819093861518286,-0.00025613889675194814,-6.806705756942473e-05,1477,1530
-0.002216048897844949,-0.00014256447455063265,0.0019619599543776833,-0.0006010897590901747,0.0005657119783943993,-0.000732760445450927,0.9999993908614082,0.00027507532567345696,-0.00037061202211004533,0.0014028065050898909,-0.0008330929252923925,0.0004126303633691919,-0.00025907849962750494,1477,1530
-0.0022500639410630717,-0.00018212932956394385,0.001977333521184295,-0.0005782453803137216,0.0005953815960914924,-0.0007220349838457582,0.9999993949090751,-0.0002548962418929419,-0.0002973516175599217,0.0001146961013020887,0.00034236735840235814,0.00044535310760098515,0.00016139931846186127,1477,1530
-0.0022500639410630717,-0.00018212932956394385,0.001977333521184295,-0.0005782453803137216,0.0005953815960914924,-0.0007220349838457582,0.9999993949090751,-0.0002548962418929419,-0.0002973516175599217,0.0001146961013020887,0.00034236735840235814,0.00044535310760098515,0.00016139931846186127,1477,1530
-0.002267067715271279,-0.000138675607869951,0.0019319275509727622,-0.000522692820473343,0.0006083081436436514,-0.0007328320309915938,0.9999994098551414,-0.0001701862141423885,0.0004349731403540872,-0.00045392294099766704,0.0011113926976137885,0.0002595511397320967,-0.0002152070772059447,1477,1530
-0.0021925868555414526,-9.804896023398821e-05,0.0019048096125625139,-0.0006444053621990697,0.00054939909425458,-0.000704419131546942,0.9999993933478413,0.0007445040260308504,0.00040762033054538076,-0.00026983448450727923,-0.002433610157207188,-0.0011802020029073029,0.0005661325036219227,1477,1530
-0.002260323929250788,-0.00013816650252617544,0.0019083978654379434,-0.0005442153386601053,0.0005840937971203905,-0.0007069734677138216,0.9999994314261464,-0.0005069381766986892,-0.0003012184238202316,2.5930106269237934e-05,0.0015004486508560593,0.0005207897584604322,-3.7102759720887936e-05,1477,1530
-0.0022274013946467024,-0.000201919067033539,0.0020479689019949456,-0.0006291471090225681,0.0005898083806885445,-0.0006948111547439772,0.9999993867685356,0.000328264180334845,-0.00063812654850647,0.0013944100299016016,-0.0016976524740706454,0.00011287871566669131,0.00024214360457494978,1477,1530
-0.002139140702360614,-0.00020114651292378176,0.0021722905817431817,-0.0005553543685019865,0.0006376790096620871,-0.000698789729217198,0.9999993983197787,0.0008819053604585427,7.392516924032197e-06,0.0012453624909037203,0.0014765351126101876,0.0009593315704345303,-7.81672424309881e-05,1477,1530
-0.002087306204852352,-9.603863661125902e-05,0.00187355067460383,-0.0005869089786699013,0.0006022552863932856,-0.0007251926437780603,0.9999993834608345,0.000390307579321567,0.0007909281947553172,-0.002238005754611654,-0.00047244828250802927,-0.0005311886470823486,-0.00039643341589104303,1477,1530
-0.0022687929137609796,-0.00014245712363859054,0.001874166188636467,-0.0005730870645621888,0.0006297143568361723,-0.0007342426418931771,0.9999993679591938,-0.001814143273395008,-0.00046680826029323985,3.4229960529479812e-06,0.00027614039141276827,0.0005494714743522488,-0.00018050585445008764,1477,1530
-0.002221631076588954,-0.00011847067433598929,0.0018780125910862287,-0.0005762409642121833,0.0005969320674906415,-0.0007085984943342372,0.9999994047531382,0.0004713109306878999,0.00024056029069329966,3.934090764600171e-05,-6.293168440923863e-05,-0.0006561173005065072,0.0005125702181359255,1477,1530
-0.0022343997938724137,-8.977854213702018e-05,0.0018151857528203243,-0.0005791205170085993,0.0005752079919682906,-0.00070052682144933,0.9999994215085147,-0.00012730475674723688,0.000287375486005643,-0.0006278949868424334,-5.7361538331402766e-05,-0.0004344805963816539,0.00016109891440601297,1477,1530
-0.0022343997938724137,-8.977854213702018e-05,0.0018151857528203243,-0.0005791205170085993,0.0005752079919682906,-0.00070052682144933,0.9999994215085147,-0.00012730475674723688,0.000287375486005643,-0.0006278949868424334,-5.7361538331402766e-05,-0.0004344805963816539,0.00016109891440601297,1477,1530
-0.0022539586746250905,-0.00018013071571785865,0.0018882709578302381,-0.0005919194857982173,0.0005676796784101097,-0.0007155099831989591,0.9999994077081086,-0.00014645329237838276,-0.0006788593898036498,0.0005474903323535202,-0.00019188313221126907,-0.00011299184639771854,-0.00022504873396211994,1477,1530
-0.002203775488382516,-8.599316719529213e-05,0.0019131539781115172,-0.0006252493678394238,0.0005971905387039363,-0.0006942631749670273,0.9999993852124767,0.0005003310515070573,0.0009420418094371976,0.0002505788744079932,-0.000667434579234759,0.0005896419333417408,0.0004250170425971227,1477,1530
-0.002205658303447128,-0.00015740834027756702,0.0019010538148378207,-0.0006103786074743436,0.0005662397739387643,-0.0007009311794174617,0.9999994077528019,-1.3275168037432031e-05,-0.0005357814334099318,-9.14821331776607e-05,0.00022355307142644574,-0.00046427148019065914,-0.0001002259502779507,1477,1530
-0.0023010577141372238,-0.00020051265166373485,0.0021944288776945065,-0.0006285048805908729,0.000622734390191293,-0.0007204482234283658,0.9999993490687135,-0.000716651233612534,-0.00032657123473878863,0.0021964085412245916,-0.0002719888194074615,0.0008463684358325191,-0.0002920343423011861,1477,1530
-0.002486294806871324,-5.26338945619925e-05,0.0021072636236340436,-0.0006227274391800976,0.0005905753689176217,-0.0007447214128172642,0.9999993544104347,-0.001853266416403109,0.001477095534185244,-0.0008720326371984067,0.00011630520892112116,-0.0006427402908053955,-0.00048575682006755396,1477,1530
-0.002481851168015155,1.909106376921152e-06,0.0020792656980788654,-0.0006648468105434986,0.0006238356531851929,-0.0007634376988841959,0.9999992929850876,4.39565960032732e-05,0.0005458768342884206,-0.00027926424345190375,-0.0008427125365754993,0.0006648516314682982,-0.0003744321119326609,1477,1530
-0.002427239932303132,-7.788953252313189e-05,0.0022622625055307268,-0.0006541588191510719,0.0006605660557939439,-0.000768103010586157,0.9999992728729803,0.0005450871990612207,-0.000799642374628534,0.001829714718490815,0.0002132717185825649,0.0007348844523040182,-9.269121071957171e-05,1477,1530
-0.0023485525877153957,-9.380129198632643e-05,0.00204030445515475,-0.0006570325346950521,0.0006175939343360259,-0.0007514408347181691,0.9999993111110884,0.0011880398975582847,-0.00023308719598003698,-0.003336457636224667,-8.576504940028011e-05,-0.001292788646296987,0.000500216067732445,1477,1530
-0.0023485525877153957,-9.380129198632643e-05,0.00204030445515475,-0.0006570325346950521,0.0006175939343360259,-0.0007514408347181691,0.9999993111110884,0.0011880398975582847,-0.00023308719598003698,-0.003336457636224667,-8.576504940028011e-05,-0.001292788646296987,0.000500216067732445,1477,1530
-0.002349828681715929,-0.000148793400624562,0.0020467570763810132,-0.0006423785164736332,0.0006082459310708875,-0.0007498419828957677,0.9999993275616382,-7.198107872394434e-06,-0.00032955303165781456,3.821941965730437e-05,0.0001756747269642159,-0.00011189989041514177,1.9194384338795567e-05,1477,1530
-0.0022902072603367437,-5.252006902159274e-05,0.001979707953096229,-0.0006000050992262497,0.0006123015863324277,-0.0007358848941578512,0.9999993617768312,0.0005955716443255726,0.0009644678452489791,-0.0006685149500709165,0.0008472206613859597,8.15671557841475e-05,0.0002797040805795749,1477,1530
-0.002399777629798198,-7.986333228133297e-05,0.002111557036658283,-0.0006252789029055256,0.0006533364845207727,-0.0007705680395821667,0.9999992942010644,-0.000824039934561413,-0.0002078123613426751,0.0009892409914622868,-0.00037986670840784966,0.0006165711319536315,-0.0005209673972480848,1477,1530
-0.0023589703611886104,-0.0001621427083367062,0.0021091911806864426,-0.0005857661910746989,0.0006574607439518939,-0.0007465626129073362,0.9999993336335797,0.0004093591720302077,-0.0008221093049013377,-2.4152308023743083e-05,0.0007898532435134747,8.279087434499808e-05,0.0004806622606504967,1477,1530
-0.0023257992146045775,-5.945523362710786e-05,0.0020653816281504876,-0.0006183825043433591,0.0006200104975095523,-0.0007453996749345195,0.9999993387844738,0.0003303263235174607,0.0010265573425175766,-0.0004358940701016276,-0.0006509421675888397,-0.0007485395080959488,2.2362352755723737e-05,1477,1530
-0.0022824347288191347,-3.894515416161611e-05,0.002034449446638985,-0.0006166465535617634,0.0006049165984796723,-0.0007614627146984129,0.9999993369985152,0.00032550914225283834,0.0001547006983093499,-0.0002315524457751397,2.6375052836276167e-05,-0.00022639159530397798,-0.00024123094427350915,1477,1530
-0.00232207716327805,-0.00012379789273027835,0.002039142165456463,-0.0006767424949568019,0.0006321051232765054,-0.0007368942746233737,0.9999992997245226,-0.00039483604452467976,-0.000848431998639547,4.5361066911944465e-05,-0.0012015604000703327,0.0005420699268827114,0.000490539581393214,1477,1530
-0.002378445554754434,-6.809412486639884e-05,0.0020469176557055438,-0.0006547243160697503,0.0006405075231763299,-0.0007479967041011767,0.9999993007933117,-0.0005650036574102987,0.0005564960951683589,7.785028883270002e-05,0.00044069270009167166,0.0001686423740060884,-0.0002218138248297865,1477,1530
-0.002272323108655326,-0.000174263735940936,0.0020946423897317307,-0.0006359298911208419,0.000605294800928162,-0.0007144280454682953,0.999999359401767,0.0010622219337667173,-0.001060753921675309,0.0004772273488160321,0.0003759932839034469,-0.0007044271928538774,0.0006711666702427029,1477,1530
-0.002402606259225211,-5.959663112388639e-05,0.002212229307346209,-0.0006761277745030163,0.0006449179407327798,-0.0007416100513325017,0.9999992884730534,-0.001304091310329738,0.001141736242877365,0.0011741261044666655,-0.0008030868899452347,0.0007911427172433827,-0.00054287429658594,1477,1530
-0.0024224877317803187,0.00020312909149260597,0.002144886790873779,-0.0006846757910478614,0.0007001701273481371,-0.0008319376879839232,0.9999991744299273,-0.00020209609783424914,0.0026311311107744396,-0.0006709624122704417,-0.0001708280114133039,0.0011075124069716926,-0.0018081583601196973,1477,1530
-0.00228008735358133,0.00017028150964432386,0.002267158129990104,-0.0006684318286907354,0.0007080687257954955,-0.0008197984435499103,0.9999991898837123,0.0021278604565779648,-0.0004902011543065751,0.0018308842037686155,0.00048540801439805507,0.00023640311735040494,0.00036358828077032434,1477,1530
-0.0022616401009433232,0.00022956162641749083,0.0021726878495300704,-0.0007161972043581485,0.0006738739591651313,-0.0008247963871149371,0.999999176332846,0.00018483267407587404,0.000594354274398991,-0.0009436288946587079,-0.000954656393386968,-0.0006845972386502878,-0.00010109055147230696,1477,1530
-0.002148374629322466,0.00019507479742119502,0.0020859756520620666,-0.0006759474668495047,0.0006679962816247318,-0.0008254914367843461,0.9999992077196244,0.0011344230402260786,-0.0003417673722203298,-0.0008661120146559663,0.0008051250157195218,-0.00011688347088757948,-1.3442593987224462e-05,1477,1530
-0.0021933306321971126,0.00023925897054347459,0.002015238259203076,-0.0007098268889183306,0.0006622343657514501,-0.0008355123691040902,0.9999991797549198,-0.0004492008859828985,0.000441914577884925,-0.0007071506369322283,-0.000677142589806364,-0.00011562472362632252,-0.00020088518764764293,1477,1530
-0.002042962158803179,0.0002521780757884554,0.0019075343556606216,-0.0006855233147742663,0.0006454147075072425,-0.000799034164030327,0.9999992375207312,0.001131198961753796,0.00010014825698740572,-0.0008079530774572054,0.0003652195455994257,-0.00025294501411630244,0.0005484628711702879,1477,1530
-0.0020283221226239253,0.0002530622238933264,0.0018527544218227142,-0.0006681759043999345,0.000632942168665115,-0.000822749021613873,0.9999992380043188,0.0001468017631273338,9.807493539331822e-06,-0.0005465150163088786,0.00034676678938341045,-0.00024835648182325293,-0.0004733067138552421,1477,1530
-0.00205513552595735,0.00013648280827496676,0.0021931909309145727,-0.0007019338597809161,0.0006621943215781172,-0.0008144267045860765,0.9999992027480216,-0.0002705010099336558,-0.00117070354622563,0.0034022247506974093,-0.0006756984599188237,0.0005843354533526055,0.00016639756075839869,1477,1530
-0.002130230166876923,8.696465759356906e-05,0.0023045168321097795,-0.0006762287967003688,0.0007222028700448799,-0.0007919557666581019,0.9999991969715234,-0.0007507549695521193,-0.0004973998765568989,0.0011103011579079796,0.0005122417612031084,0.001198906571061314,0.0004500880813331456,1477,1530
-0.0021614541938472856,0.00017829653633603037,0.002098117596618902,-0.0006631485455586449,0.000675965810190262,-0.0008040432817797532,0.9999992284090172,-0.00031065211272418423,0.0009154515905043451,-0.00206283416055603,0.0002624649411335189,-0.0009242038937603941,-0.00024214242944991935,1477,1530
-0.0022020505595472415,0.00019607431542874057,0.002075851288804538,-0.0007413463014608231,0.0006205684574008966,-0.0007910135950231479,0.9999992197986668,-0.0004059074240279667,0.0001774027633910583,-0.0002229540582780956,-0.0015630830322740238,-0.0011092654579156107,0.00025877560437093577,1477,1530
-0.002230599698165393,0.00017214403782341798,0.001962797275879336,-0.0006655689179516871,0.0006490368507233168,-0.0007981159519465422,0.9999992493897722,-0.0002836534468879762,-0.0002380286478251302,-0.0011310210573066287,0.0015148817224017275,0.0005705570684787643,-0.00014065582849572057,1477,1530
-0.0022964437613206736,0.00018782103184480377,0.002216244654993659,-0.0006957356575727713,0.0006768920308458183,-0.0008160290581852878,0.999999195932501,-0.0006620165740833958,0.0001523519312527062,0.0025339745653478922,-0.0006035833740956315,0.000556894208862213,-0.0003583050031336397,1477,1530
-0.002065615030273327,0.00015518325691488225,0.0020411074467193407,-0.0006706062355476888,0.0006588111637020869,-0.0007953836323230044,0.9999992418097144,0.002315630094315791,-0.00032078891464332003,-0.0017520589788667345,0.0005035711270938424,-0.0003621902268308017,0.0004137920226960497,1477,1530
-0.002065615030273327,0.00015518325691488225,0.0020411074467193407,-0.0006706062355476888,0.0006588111637020869,-0.0007953836323230044,0.9999992418097144,0.002315630094315791,-0.00032078891464332003,-0.0017520589788667345,0.0005035711270938424,-0.0003621902268308017,0.0004137920226960497,1477,1530
-0.0019035427092694297,0.00012332238191236185,0.001888072308111956,-0.0006767817805927564,0.0005819132277081189,-0.0007522439941761203,0.9999993187359625,0.001217534733265728,-0.00023550289697290915,-0.0011465762894121126,-9.214902703481852e-05,-0.0011540746464703642,0.0006463153848773966,1477,1530
-0.001810249024526372,-4.210230832091933e-05,0.0018011431193601833,-0.000629933478218453,0.0005852087695558094,-0.0007300408488541896,0.9999993638772312,0.0009367545712755731,-0.0016522250126939561,-0.0008707375059855644,0.0009369766051158606,6.633711470155176e-05,0.00044480435673131997,1477,1530
-0.0018440570014530814,-2.8686641708383503e-05,0.0017080929129021799,-0.0006666533020892598,0.0005342469059115867,-0.0007284014189847247,0.9999993697922964,-0.00025252530324203096,0.00010098119113438423,-0.0006970386210507826,-0.0005494593105902337,-0.0007637415093827023,2.3753303444390574e-05,1477,1530
-0.0019748391970733714,0.00011885082347818453,0.0017969786645629419,-0.000659558760810717,0.0005648494816543814,-0.0007532440354211538,0.9999993392751447,-0.0013110501813575143,0.0014724289011924297,0.0008895124787307727,0.00014172412430280064,0.0006125472916636429,-0.0004964182711122933,1477,1530
-0.001928956306596608,7.645206426798893e-05,0.002032882516956269,-0.0006385830787879709,0.0006331850972226904,-0.0007250328029331071,0.9999993328076362,0.00045678620998813337,-0.0004263926628426822,0.0023589004759325327,0.0004181483821248822,0.0013666006742184295,0.0005653399550740645,1477,1530
-0.0020567676827124744,0.00012367738063859962,0.0023844226579010233,-0.0007329913774792533,0.0006783546930570791,-0.0007901510893099062,0.9999991891095742,-0.0009621043143700001,0.00034931060485546284,0.0026348815688358226,-0.0014155128614867696,0.0006769100234284296,-0.000976904617734341,1477,1530
-0.002047088789451061,8.265473558944435e-05,0.002495105011601222,-0.0007514976555150889,0.0007326361654810526,-0.0007898451795946115,0.9999991373196848,9.592746453469794e-05,-0.0004116552419552891,0.0011062411867126646,-0.00037095088632477783,0.0010852238087117093,6.6613853831594365e-06,1477,1530
-0.002153616124083436,0.00031072299643409565,0.0024367797329659774,-0.000755602672109569,0.0007234835796519953,-0.0008282470282687896,0.9999991098210892,-0.0010680756269269096,0.0022799868590404945,-0.0005814175383647455,-8.139747006020988e-05,-0.00018254795170077109,-0.000768272871557615,1477,1530
-0.0020886647958901785,0.00011711728439751538,0.002176509521610571,-0.000724364295195912,0.0006637859438788893,-0.0007938656798534952,0.9999992022306167,0.0006561555775405617,-0.0019300756787152351,-0.002603377548659423,0.0006249473059309851,-0.001193358421473102,0.0006868343249835664,1477,1530
-0.002205152157932421,2.8660960366990685e-05,0.002191384527559833,-0.0007636974454871309,0.0006759355595303798,-0.0007678438630967919,0.9999991851462339,-0.00116425690352015,-0.0008870776464620626,0.0001459958794752341,-0.0007876026646957787,0.00024211433403477662,0.0005203548687845998,1477,1530
-0.00212039931358394,0.00013708262985416293,0.0023797372800737544,-0.0007252775937131213,0.000673683954183876,-0.0007622340660964655,0.99999921956048,0.0008433501919936609,0.0010826792787020324,0.0018864007054877976,0.0007683864108483096,-4.452999147606861e-05,0.00011268588048890673,1477,1530
-0.0024598826376462505,0.0002650173376587497,0.0026170626360091016,-0.000714748600302655,0.0007144599113579484,-0.0008531710093606965,0.999999125389968,-0.0034000068060966644,0.0012707399894034976,0.002370549222706844,0.0002111840884277902,0.0008170075476138004,-0.0018180237196652755,1477,1530
-0.0019137025828809978,0.0003233950285210882,0.0024520186841140872,-0.0007652514056978884,0.0007331236766553185,-0.000799265681236036,0.9999991190467772,0.005462764239250849,0.0005954092057170853,-0.0016416763058362698,-0.0010110732716348025,0.000371616731199392,0.0010775752344725847,1477,1530
-0.001620952012653739,0.00013241686111774558,0.0022794691631239455,-0.0006916418400306359,0.0007024618422101595,-0.0007348334676478975,0.9999992440990638,0.002932847063154601,-0.0019023054969427794,-0.0017239780765887927,0.0014716196041872946,-0.000612998407221048,0.0012891520214359247,1477,1530
-0.001620952012653739,0.00013241686111774558,0.0022794691631239455,-0.0006916418400306359,0.0007024618422101595,-0.0007348334676478975,0.9999992440990638,0.002932847063154601,-0.0019023054969427794,-0.0017239780765887927,0.0014716196041872946,-0.000612998407221048,0.0012891520214359247,1477,1530
-0.0017393526620249654,0.00011288165113001996,0.0020171372442996955,-0.0006766644361665625,0.0007128966150111455,-0.0007394478797249063,0.9999992435599584,-0.0008838278086843231,-0.00014489802210033864,-0.001966272268053021,0.00022429057324173957,0.00015652235286351703,-6.88567611629178e-05,1477,1530
-0.0019596244968762295,0.00014499920565881491,0.002078356990477089,-0.0007363596126731608,0.0006823922515749531,-0.0007586513843450358,0.9999992082813923,-0.002207107056852271,0.0003175284767149496,0.000610330028695381,-0.001194827035753785,-0.0006115531904943117,-0.00038586677390077865,1477,1530
-0.0020718533702981505,0.00010766236008039873,0.0022599876598598575,-0.000706291252463197,0.0007031658343251623,-0.0007467461300625344,0.9999992245400453,-0.0008443398890790048,-0.0002837103398178507,0.0013625901218353232,0.0004513044337513577,0.0003122550612229424,0.00017936944586596911,1477,1530
-0.0024210300814426298,0.00018225346354785345,0.002248237677431461,-0.0006840936480646652,0.0006863161277290296,-0.0008347990165394016,0.9999991820479925,-0.0034886973949991547,0.0007400130901979088,-0.00012122157144664833,0.000444929439304619,-0.0003350326463016793,-0.0017589600385459585,1477,1530
-0.0023444556201079273,0.00017353834129729014,0.002429540483557646,-0.0006583809245084558,0.0007190022950838857,-0.0008310463662956106,0.9999991794657602,0.0007624335752864578,-8.824382162856452e-05,0.0018116566726364685,0.0005130052607828162,0.0006532711493105684,7.57568383151354e-05,1477,1530
-0.0021602513238832975,0.00019406550281209366,0.002307390800815113,-0.000724450241585091,0.0006865278535942273,-0.0008119189295761974,0.9999991723191596,0.001384742513667674,0.00015770092412425727,-0.0009153535578627201,-0.0009923836436757177,-0.0004888888648377604,0.0002863231906932727,1477,1530
-0.002168554052436378,0.0003094487225965446,0.002391161757595251,-0.000674404013463549,0.0006942464033046809,-0.0008212461574247791,0.9999991943776283,-8.604681352231509e-05,0.0011524224135259704,0.0008392223393932318,0.0010008767410548847,0.00015531060988227977,-0.00018573576089496267,1477,1530
-0.0020620845498620704,0.00018286407698841174,0.0021332829221958343,-0.0007023384528530279,0.0006539148420643538,-0.0008161566934996904,0.9999992065018488,0.0010702222330067981,-0.0012604633583135128,-0.0025787005178080262,-0.0005580294346794335,-0.0008070613640647404,0.00010084543116882307,1477,1530
-0.0021396933631298107,0.00020228386490373632,0.0020852945790240064,-0.0007019770151882268,0.0006553481514527982,-0.0008134342763730451,0.99999920803556,-0.0007756989799204405,0.00019358655788268182,-0.0004805777923590315,7.16905151822335e-06,2.8630940500674355e-05,5.4467737944459424e-05,1477,1530
-0.002061567910413405,0.00017867605100112605,0.00201406062275464,-0.0006832462837882905,0.0006261719166215541,-0.0007928551840722406,0.9999992562316745,0.0007825308272701101,-0.00023379477492849245,-0.0007116089804030018,0.00037480119749606515,-0.0005834798888212499,0.0004113976163436579,1477,1530
-0.002061567910413405,0.00017867605100112605,0.00201406062275464,-0.0006832462837882905,0.0006261719166215541,-0.0007928551840722406,0.9999992562316745,0.0007825308272701101,-0.00023379477492849245,-0.0007116089804030018,0.00037480119749606515,-0.0005834798888212499,0.0004113976163436579,1477,1530
-0.0020934340392596384,0.00020169071553868592,0.00218275451910705,-0.0007242563055513049,0.0006393512936205413,-0.0007900399071939977,0.9999992212595322,-0.00032116548376662717,0.00022735470875692165,0.0016870027423680828,-0.0008205183934622233,0.00026292267422745833,5.597648774217601e-05,1477,1530
-0.0021598756921282357,0.00017759021124693527,0.0020408884999893024,-0.0006799829650094693,0.0006257084051972112,-0.000802402144183956,0.9999992511311978,-0.0004960982473312746,-0.00017979213212515678,-0.0010636746542554074,0.0006636203038168979,-0.00020375119133999605,-0.00018494491547569583,1477,1530
-0.0022528333674031458,0.00021537979154111317,0.0020963401280464306,-0.0007336490522641874,0.000642601257060955,-0.0008243162029542203,0.999999184662412,-0.0006978439072060182,0.0002816109471585568,0.0004152126255944806,-0.0008046289582405968,0.0002528576492989424,-0.00032889564166901106,1477,1530
-0.0022122832417740966,0.00019835100787520397,0.0020622428992453047,-0.0006930444147050409,0.0006344619597119856,-0.0008125985412079223,0.9999992284152375,0.00040624751570197005,-0.00016913045261967614,-0.0003407235311492153,0.0008121331717699356,-0.00016230024939935456,0.00023477262332288819,1477,1530
-0.0021349558311391462,0.00011863489427296032,0.0022336197935522457,-0.000716577343721044,0.0006626699431366858,-0.000807127045094293,0.9999991979653727,0.0005796549340193436,-0.0005990802897864836,0.0012860270466685845,-0.0003536082308394007,0.0004230372179649012,8.219204036730558e-05,1477,1530
-0.0021806983445007526,0.0002803060562742513,0.002470447909203642,-0.0006998510140495869,0.0007174335426991012,-0.0007936059949385155,0.9999991828432628,-0.00046310665309976136,0.0016123475153351368,0.0023696533870654606,0.0003334162066184479,0.0010951942139284113,0.00027138907546148594,1477,1530
-0.0021830028950908585,0.00040890768103483803,0.0024437809881019882,-0.0006889147259119406,0.0007348276336937384,-0.0008322921145705789,0.9999991463569775,-2.467350939329814e-05,0.0012846802894376497,-0.0002645592673716122,0.00021871975094361575,0.0003481445437192849,-0.0007723179395388226,1477,1530
-0.0021959871139979664,0.0003016232031764237,0.0021935291609402286,-0.0006573617207944229,0.000672058150960054,-0.000834307040971263,0.9999992100722729,-0.0001243762462403619,-0.0010695750867820602,-0.002504105926032056,0.0006321159414424428,-0.0012547988868512703,-4.069734811605678e-05,1477,1530
-0.0022430191049872157,0.00035799174387999574,0.002230733087750108,-0.0006876466375529134,0.0006659291174478585,-0.0008388730736346258,0.9999991899859106,-0.0004718114558391912,0.0005624720952632761,0.00037218732876663637,-0.0006056010942067257,-0.00012303914541992838,-9.181866069058576e-05,1477,1530
-0.002202475348736535,0.00021621696372788426,0.0020791644441940345,-0.0007169961159439159,0.000678440780547745,-0.0008591022162792898,0.9999991437886622,0.00040961228826960215,-0.0014142147348890442,-0.0015162726513969999,-0.0005866134468800223,0.00024988453723247077,-0.00040458364646256656,1477,1530
-0.002105092925124785,0.0004909515687854474,0.00217412725785937,-0.0006985369310638835,0.000691798694919548,-0.0008990018838406577,0.9999991126277729,0.000968188963001247,0.002748720586567125,0.0009552578663093753,0.0003696389688097307,0.0002681523856050545,-0.0007978623489698827,1477,1530
-0.002084092615282302,0.0004197190065863145,0.0022750871745717527,-0.0007346077921325278,0.000720531082626633,-0.0009027447102333925,0.9999990631187298,0.00020987790603927537,-0.0007133224653868373,0.0010088433119689977,-0.0007218460043502061,0.0005740229626811252,-7.495126685382786e-05,1477,1530
-0.002084092615282302,0.0004197190065863145,0.0022750871745717527,-0.0007346077921325278,0.000720531082626633,-0.0009027447102333925,0.9999990631187298,0.00020987790603927537,-0.0007133224653868373,0.0010088433119689977,-0.0007218460043502061,0.0005740229626811252,-7.495126685382786e-05,1477,1530
-0.0021004745507887,0.0003887494158021837,0.002192046604494776,-0.0007019706312588148,0.0007286642058901556,-0.0008669581213917342,0.9999991123342671,-0.00016229108173424067,-0.00030920242849084644,-0.0008322600039578427,0.0006529949723028258,0.0001629532164980212,0.0007173260662431691,1477,1530
-0.0021735324395282746,0.0002649822717682047,0.002074538618395984,-0.0006854722162944872,0.0006642105817426724,-0.0008534396602882374,0.9999991802961083,-0.0005448401471140801,-0.0009276237782317107,-0.0008830869903627743,0.0002480765950525489,-0.0009663793103027659,0.00020220547415544877,1477,1530
-0.0022367865531197793,0.0005093756809791927,0.0023112843955811787,-0.0007210613545033038,0.0007228241788517419,-0.0009080004360643072,0.9999990665650325,-0.0004797094009756077,0.001829005582648538,0.0017767949394421844,-0.0005338416949490287,0.0008789757589895483,-0.0008178535477250403,1477,1530
-0.002147353227868977,0.000594021995565425,0.0023640556304277854,-0.0007443182293341958,0.0007415676441195119,-0.0009041385236913012,0.9999990393002041,0.0008919235589589122,0.0008472206616665811,0.0005301612816831298,-0.00046547780946290757,0.00037434638946100014,7.716251187232951e-05,1477,1530
-0.002031843794755728,0.00042967554707635115,0.0022079758816922384,-0.0007468578914767836,0.0006895752507958274,-0.0008781148772096485,0.9999990978013552,0.0008700308862396787,-0.0012289288401948453,-0.001170803198653954,-3.766766829216993e-05,-0.0007799845970370695,0.00038963338866442515,1477,1530
-0.001966431009999994,0.00032532638064697387,0.0019614039755110053,-0.0007299550592605974,0.0006624256928046804,-0.0008385976201732472,0.9999991625555708,0.0006594166089064408,-0.0010387481880219887,-0.002466590376152451,0.00033801953449852113,-0.0005433338859815005,0.0007902442651589511,1477,1530
-0.0018632760483315997,0.0002731501250547956,0.0018977640563443482,-0.0007685367982631229,0.0006368784692738014,-0.0008334047601466388,0.9999991545863973,0.0010318309715088051,-0.0005183818123645925,-0.0006349086663284149,-0.0007702039875103067,-0.0005109566096420353,0.00010282992909240344,1477,1530
-0.0019233894482037443,0.0002285031899678113,0.0018539418692945732,-0.0007338092689935001,0.0006367718986206414,-0.0008254429277524013,0.9999991873444085,-0.0006005210330917421,-0.0004473099523628899,-0.0004401794534294858,0.0006952504016237878,-1.6772948673134434e-06,0.0001598616063691825,1477,1530
-0.0019552746997910696,0.0003177867997099531,0.001913906694938232,-0.000713152545018597,0.0006212896559862575,-0.0008587013351572647,0.9999991840219803,-0.00032115702070576303,0.0008916143829657243,0.0006006762109366318,0.00041390016857517756,-0.00030888029811625806,-0.0006652715172488755,1477,1530
-0.0019552746997910696,0.0003177867997099531,0.001913906694938232,-0.000713152545018597,0.0006212896559862575,-0.0008587013351572647,0.9999991840219803,-0.00032115702070576303,0.0008916143829657243,0.0006006762109366318,0.00041390016857517756,-0.00030888029811625806,-0.0006652715172488755,1477,1530
-0.002064808904949677,0.0004893342063236029,0.0021828618543975865,-0.0007468658904002137,0.0006900263804444828,-0.0008644010046482563,0.9999991094325223,-0.0008258498965488718,0.001281739395901447,0.0020170693737216264,-0.0005063062415164074,0.0010302164244201594,-8.503676914117432e-05,1477,1530
-0.0022276561432639556,0.0005252778238499016,0.002447989279934601,-0.0007893662468896735,0.0007279216273370983,-0.0008871404050595035,0.999999030005996,-0.0016328436051767207,0.0003526793207210428,0.0026497147492297876,-0.0008503999012803573,0.0007575557309924073,-0.0004548367405342226,1477,1530
-0.002096882973991937,0.0002960875608847108,0.002226172738157014,-0.0007728755433414452,0.0007316394355248606,-0.0008351737072062332,0.9999990849255853,0.0009875366460088998,-0.0017167605146523322,-0.0016670446210781816,0.0002470615491339055,5.544184401753733e-05,0.0007807277574582888,1477,1530
-0.0021568090773743877,0.00031459721041032773,0.0021920042665192784,-0.000747660500492635,0.0006841762003042341,-0.0008384322287193431,0.9999991349686754,-0.000448764656057072,0.00013830260541073755,-0.00025639974722554477,0.000378403100704993,-0.0007107436499192332,-4.909188632573083e-05,1477,1530
-0.0021858579535337396,0.00048644822268948486,0.0022099280231267617,-0.0007579021839755379,0.0006973127282702844,-0.0008689584981070492,0.9999990921247706,-0.0002936635668244415,0.0017180256337255002,0.00018143612328132332,-0.00020466945506565642,0.0002630577341107034,-0.000610566977841528,1477,1530
-0.0020233972360822776,0.000294066551038498,0.002119285994327729,-0.0007420314790273444,0.0006940100073763739,-0.0008385976695201112,0.9999991322462939,0.0016287391927266822,-0.0019190583084402876,-0.0009068013321596842,0.00031695648027945793,-6.622010471080565e-05,0.0006072119003933025,1477,1530
-0.001981086429879722,0.00020372920515924955,0.0022435446870096016,-0.000753761726985227,0.0006942338237982956,-0.0008284670412953601,0.9999991317621314,0.0003171329308605539,-0.0006782907641548969,0.0009312510289280268,-0.000176038523707797,3.096525111506355e-06,0.00015181954686807275,1477,1530
-0.0021153793004170768,0.00029901458306818033,0.0022242491794598166,-0.000731613832009549,0.0007087049406539705,-0.0008520773357636189,0.9999991182209712,-0.0013441973826200445,0.0009508902307138255,-0.0001933798054172989,0.0004430320642555252,0.0002901364764934885,-0.0004716658819327702,1477,1530
-0.0021153793004170768,0.00029901458306818033,0.0022242491794598166,-0.000731613832009549,0.0007087049406539705,-0.0008520773357636189,0.9999991182209712,-0.0013441973826200445,0.0009508902307138255,-0.0001933798054172989,0.0004430320642555252,0.0002901364764934885,-0.0004716658819327702,1477,1530
-0.001982199810850788,0.00027309615434919745,0.002032709648293056,-0.0007213935817493699,0.0006741550110775375,-0.000853857527692509,0.9999991480164581,0.001334799264322956,-0.00025408251263195087,-0.0019136704076120113,0.00020499672815443742,-0.0006907222079688656,-3.596002510952e-05,1477,1530
-0.001940234652661335,0.00022896749056955303,0.0019480019182647305,-0.0007420942500851962,0.000655187268978563,-0.0008435070370048375,0.999999154260464,0.00042155411832563616,-0.0004393549591778896,-0.000847162429092555,-0.00041383684234887457,-0.0003798650442455888,0.00020646109990226982,1477,1530
-0.0020445485175498808,0.0003039641346851681,0.0021405522150517164,-0.0007531319885451126,0.0006998929688454043,-0.0008559861026684798,0.9999991051145147,-0.0007849822060702661,0.0005588598842180576,0.0014435462877918357,-0.00016596508998749956,0.0006704053339243112,-0.00018674733270036101,1477,1530
-0.0019808548728310945,0.0005013234978321553,0.002088207614569633,-0.0007712822067442089,0.0006803517916769727,-0.0008606853086006337,0.9999991007325931,0.0006342353727425115,0.0019753092950905746,-0.0005195405542608998,-0.00036257478080989,-0.00039103179398988595,-9.452495347345303e-05,1477,1530
-0.001851069393996488,0.0003854607990824972,0.001996549796889697,-0.0007904872503296141,0.0006727327736185132,-0.0008487601404330025,0.9999991010829683,0.0009771121892232545,-0.0008673792698771477,-0.0006883561651462292,-0.00028848024177951446,-0.00011482293254111157,0.00017882972951335695,1477,1530
-0.0018544616790279736,0.00029520953617340553,0.0020839310536395405,-0.0007221715826166757,0.0006826386648998515,-0.0008406968001771027,0.9999991528504146,-3.357033249758285e-05,-0.000904112961804023,0.0008724962288326279,0.0013662822313095842,0.00019918499728272177,0.00016237253936016694,1477,1530
-0.00212277030878005,0.00020116278342682857,0.0022849126559113813,-0.0007942443576986467,0.0007067209059857714,-0.0008478665466811715,0.9999990754214618,-0.0026839708986524232,-0.0009477842819717228,0.0020045879054477194,-0.0014416182673608567,0.00048048915061383506,-0.0001440178717586954,1477,1530
-0.002133092504293901,0.00026243348286628706,0.0021112208920984,-0.0007555861893994533,0.0006768481783215346,-0.000844801995154669,0.999999128637441,-9.779141622773197e-05,0.000591012768147318,-0.0016675829003250985,0.0007431001868633572,-0.0005732968588100993,5.8942407950594495e-05,1477,1530
-0.002201499118113312,0.00043638491929959473,0.00232928793268649,-0.0007903211551999132,0.0007132963319087056,-0.0008859118834281003,0.9999990408800139,-0.0007193921061432279,0.001809084680263104,0.002275478314661178,-0.0007244018885159195,0.0007601013288044074,-0.0008571943355363442,1477,1530
-0.002245964572733984,0.0003497701919458684,0.0022441083619462467,-0.0007924443410893812,0.0007093521541727897,-0.000883975656696595,0.999999043718805,-0.00044182867792447227,-0.0008654375953991791,-0.0008536515917888744,-4.241415997320532e-05,-7.893832397358083e-05,3.862534892145997e-05,1477,1530
-0.0021260097892850487,0.0003003561129526719,0.0021316248175587164,-0.0007463391032193797,0.0007109774382633507,-0.0008753730402174542,0.999999085605114,0.0012025061831864696,-0.0004904369367382863,-0.0011243729471426098,0.0009223319156233218,3.319744369921204e-05,0.0001728036110021076,1477,1530
-0.0019830866062839074,0.0002905171449089252,0.001995715298182591,-0.0007596363590930903,0.0006596605787905275,-0.0008387402305339787,0.9999991421573055,0.001431259785738886,-9.385364276547816e-05,-0.0013571370215126393,-0.00026555322660966893,-0.0010270653130125468,0.0007316648540190878,1477,1530
-0.0021289319755567666,0.00030748807950040487,0.0020824403856528396,-0.000717232089246783,0.0006825750217316497,-0.0008787224938961964,0.9999991237577396,-0.0010946487472053314,0.0001244294217652331,0.0006490314101669012,0.0006360195696167786,0.0003446237554026673,-0.0005989107401039973,1477,1530
-0.0021289319755567666,0.00030748807950040487,0.0020824403856528396,-0.000717232089246783,0.0006825750217316497,-0.0008787224938961964,0.9999991237577396,-0.0010946487472053314,0.0001244294217652331,0.0006490314101669012,0.0006360195696167786,0.0003446237554026673,-0.0005989107401039973,1477,1530
-0.002230391865072506,0.00021834662460318033,0.0020907209885368877,-0.0007507043379489768,0.0006478984210853388,-0.0008748338893335223,0.9999991256677665,-0.0010130202751614768,-0.0008932060587697192,8.013226141661458e-05,-0.0006688077662241827,-0.0006940921772342376,7.680846982528592e-05,1477,1530
-0.0023092921625049666,0.00023383233686637828,0.0021013062142165705,-0.0007596383364080183,0.000655128787369489,-0.000874244940544043,0.9999991147254342,-0.0007894723847947085,0.00015333020575558114,0.00010506935923651209,-0.0001788284224870676,0.00014445373951710847,1.1772506713701612e-05,1477,1530
-0.0020169096104037543,0.00019828074014913413,0.0020371146395384444,-0.0007214610472353344,0.0006719057081744872,-0.0008575524774014665,0.9999991463198473,0.002925280732845991,-0.000349429666700041,-0.0006386193297043123,0.000763033530487193,0.00033595162642756306,0.00033460462839580784,1477,1530
-0.0021188982004624922,0.00024489740100531776,0.001971160335944824,-0.0007430211037606423,0.0006420921642029003,-0.0008764918152978294,0.9999991336993188,-0.0007635904629684803,0.0003484531571868612,-0.0004943666144883074,-0.0003222953448803203,-0.00044653935030863516,-0.0002841617662904606,1477,1530
-0.0021514674473615335,0.0003294625366627456,0.0022906448649756017,-0.000711041060789069,0.000672878782774759,-0.0008594153355045601,0.9999991515296566,-0.0002484464473890845,0.0006302233679316434,0.0023966732484249293,0.00047911442533248087,0.0004620126672624909,0.00025678936042783954,1477,1530
-0.002277833872734559,0.0003482979151253758,0.0022032829481830247,-0.0007669050104982162,0.0006768384662875313,-0.0008959251736363175,0.9999990755318112,-0.0012627474227151145,0.0001874164988063208,-0.000875008235263152,-0.0011168000133018237,7.874968150369466e-05,-0.0007308563899179473,1477,1530
-0.002277833872734559,0.0003482979151253758,0.0022032829481830247,-0.0007669050104982162,0.0006768384662875313,-0.0008959251736363175,0.9999990755318112,-0.0012627474227151145,0.0001874164988063208,-0.000875008235263152,-0.0011168000133018237,7.874968150369466e-05,-0.0007308563899179473,1477,1530
-0.002280204455050289,0.0003062605762415853,0.0022575487907424826,-0.000728604789572095,0.0007020546009199026,-0.000884146237665917,0.9999990972695059,-2.3682366916573355e-05,-0.0004211844867654196,0.0005418996200682618,0.0007652779679603399,0.0005047518355250442,0.00023644865268773168,1477,1530
-0.002322708459310488,0.0003759146081734751,0.0022647591021163213,-0.0007525667870967884,0.0006971927521635428,-0.0008811124008074102,0.9999990856027983,-0.00032033756713623854,0.0005226723859533616,5.448475668375896e-05,-0.0003600245787443456,-7.34063989718968e-05,4.5280783882834735e-05,1477,1530
-0.002322708459310488,0.0003759146081734751,0.0022647591021163213,-0.0007525667870967884,0.0006971927521635428,-0.0008811124008074102,0.9999990856027983,-0.00032033756713623854,0.0005226723859533616,5.448475668375896e-05,-0.0003600245787443456,-7.34063989718968e-05,4.5280783882834735e-05,1477,1530
-0.0023264878128394497,0.00025791166881335213,0.0023920700617608257,-0.0007333115188355761,0.0007355993872709516,-0.0008905700224108506,0.9999990640159577,-2.2461377401964197e-05,-0.0007082487765133347,0.0007617378409070578,0.00023042431789993342,0.0004605457252142392,-0.00011283109776851894,1477,1530
-0.002127114793110178,0.0002331812653843147,0.0023214675716028274,-0.0007265578639519902,0.0007129195764732978,-0.0008563943210617911,0.9999991152236651,0.001497383340951628,-0.00018215782923481077,-0.0005279332819542985,0.00010129751659506289,-0.0003407062736735592,0.00051279665555572,1477,1530
-0.0020271830686861784,0.00015788877644402641,0.002070724213772066,-0.0007336974503816031,0.0006818416709364742,-0.0008693317624554794,0.9999991205207495,0.00075354170846211,-0.0005609786493349359,-0.0018813422087976704,-0.00010661390754963886,-0.0004663719515494015,-0.00019458198960160686,1477,1530
-0.0020447586471057056,0.0003563505744811642,0.0021254403404700143,-0.0007369211966693888,0.0006585771266077664,-0.0008627396622642967,0.9999991394514256,-0.00017994437949657983,0.001983404720090599,0.0005498026427652471,-6.41567866499526e-05,-0.000465420246745515,0.00013145030006882685,1477,1530
-0.0021087468768492498,0.0003401920929884282,0.002199301465227612,-0.0007664933938738954,0.0006960265521074384,-0.000878384426890809,0.9999990782374316,-0.00047985208840299864,-0.0001226851510019031,0.0005524804121017039,-0.000443379068522295,0.0005608559101982131,-0.00023426794121655562,1477,1530
-0.0022707232197209637,0.00037131965053613115,0.0022805896856215187,-0.0007990167465375899,0.0006959520943931695,-0.00088534409413531,0.9999990466939228,-0.0016215343023172912,0.0003072022119979505,0.0008111489546778593,-0.000650407771407962,-1.9535003708319705e-06,-0.00013965603386264773,1477,1530
-0.001885623052239657,0.0003105450254851627,0.0021141975841238053,-0.0007568602665111012,0.0006703230205123918,-0.0008795926865416917,0.9999991020727416,0.0028894504093408806,-0.0004484942003391342,-0.00124406616355167,0.0006323351239866812,-0.00038376791438649347,8.636473588086955e-05,1477,1530
-0.001885623052239657,0.0003105450254851627,0.0021141975841238053,-0.0007568602665111012,0.0006703230205123918,-0.0008795926865416917,0.9999991020727416,0.0028894504093408806,-0.0004484942003391342,-0.00124406616355167,0.0006323351239866812,-0.00038376791438649347,8.636473588086955e-05,1477,1530
-0.0019221684217570441,0.00032368761052887373,0.002251759337591803,-0.0007453487568696582,0.0006699716109210502,-0.0008930838473782846,0.9999990989968497,-0.0003675448970582132,0.00012870548158013128,0.0013753918486949953,0.0002304285116238433,-6.621748101049472e-06,-0.0002696875036969333,1477,1530
-0.002015146285998704,0.0002744856228892526,0.0021550199599517416,-0.0007479066558198204,0.000668154789553082,-0.0008744379143783668,0.99999911478118,-0.0009274907413964047,-0.0004921760463481288,-0.0009692554730827841,-5.1368926780948406e-05,-3.6655850243518495e-05,0.0003728125107262248,1477,1530
-0.0020331269517745902,0.0003205522514359181,0.002027212244994429,-0.0007816146227787293,0.0006086269670863243,-0.000872723223700239,0.999999128502605,-0.00013438349937978017,0.0003472249458520411,-0.0009596762279888659,-0.0005056225695217631,-0.0008947358149873594,2.4752428278710828e-05,1477,1530
-0.001962150574389607,0.0003984837185012454,0.0019505337321311037,-0.0007432922909885633,0.0006268282444966842,-0.0008926821290718707,0.999999128860389,0.0005313598362827438,0.0005856069816552022,-0.0005728356891170466,0.0005740866484268749,0.0002734251171059342,-0.000298460414342292,1477,1530
-0.0018820615567023684,0.00031985177369215826,0.0019860836225516756,-0.0007463140020332954,0.0006001702239634561,-0.0008731381274827913,0.999999160220108,0.0008018877622479834,-0.0007854563422638918,0.0003553530534285052,-6.020578422206295e-05,-0.0005335315025889945,0.0003904655985359523,1477,1530
-0.0018820615567023684,0.00031985177369215826,0.0019860836225516756,-0.0007463140020332954,0.0006001702239634561,-0.0008731381274827913,0.999999160220108,0.0008018877622479834,-0.0007854563422638918,0.0003553530534285052,-6.020578422206295e-05,-0.0005335315025889945,0.0003904655985359523,1477,1530
-0.0017062751824930885,0.0002496685070192457,0.0019517632836048224,-0.0007246652688416243,0.0006566766359535379,-0.0008402216260379243,0.9999991688314853,0.0013190427687712126,-0.0005234572104414071,-0.00025649010015620706,0.00032355205756704603,0.0008471376942736618,0.000494357169435856,1477,1530
-0.0017969642183217674,0.0002465660409061647,0.00203601537520371,-0.0007557834882413611,0.0006550004489527399,-0.000840771430863155,0.9999991464342008,-0.0009079961114563097,-3.377174444255208e-05,0.0008413326829179987,-0.0006223661490336683,-3.4040415950412005e-05,-1.1430135189486745e-05,1477,1530
-0.001947341604898766,0.00040825764321682424,0.002046297934854936,-0.0007802309692354146,0.0006435729951893174,-0.0008938253835879629,0.9999990890643934,-0.0011307267362182696,0.0012114835788725046,7.752381356668437e-05,-0.00036629259473098657,-0.00017123268401143997,-0.0007967128796277133,1477,1530
-0.0019328779528223787,0.00033784915184915205,0.0021807041164550664,-0.0008059773177696034,0.0006515162212647974,-0.000854129240426134,0.9999990981948013,0.00010818668012081378,-0.0005297418684344641,0.0010079301425870812,-0.0003869030779381669,0.00011840531995857552,0.0005956226726879794,1477,1530
-0.0019328779528223787,0.00033784915184915205,0.0021807041164550664,-0.0008059773177696034,0.0006515162212647974,-0.000854129240426134,0.9999990981948013,0.00010818668012081378,-0.0005297418684344641,0.0010079301425870812,-0.0003869030779381669,0.00011840531995857552,0.0005956226726879794,1477,1530
-0.001971260271260053,0.0003224115714099724,0.002072244312347883,-0.000815339656876423,0.0006266442169881159,-0.0008646746231493856,0.9999990974376246,-0.00038211608168504344,-0.0001532688542192617,-0.0010852582273592978,-0.0001866694040488035,-0.0004973897820569082,-0.00021141348386506697,1477,1530
-0.0019493303817551112,0.000125720084714855,0.0020920307945116894,-0.0007588947841580166,0.0006189290475656255,-0.0008547461781635245,0.9999991552068982,0.00016663609069464698,-0.0014733313549428206,0.00014602147159239798,0.000845641750504455,-0.00011497617573026372,0.00014918037627696489,1477,1530
-0.0019493303817551112,0.000125720084714855,0.0020920307945116894,-0.0007588947841580166,0.0006189290475656255,-0.0008547461781635245,0.9999991552068982,0.00016663609069464698,-0.0014733313549428206,0.00014602147159239798,0.000845641750504455,-0.00011497617573026372,0.00014918037627696489,1477,1530
-0.0018561753333985458,0.0001448488946120545,0.002000030248140407,-0.0007737517357716695,0.0006213867570845627,-0.0008365997340898892,0.9999991576434616,0.0005599820210669241,0.0001166840130493583,-0.000551693853291541,-0.0001786239989990628,2.920438407971128e-05,0.0002178897112314947,1477,1530
-0.0017303128543857207,0.00020105625805036113,0.0019448933712317947,-0.0007384268110570926,0.0006180447321662792,-0.0008369053250471773,0.9999991861676834,0.00094247591500809,0.0004231900885024214,-0.0004111331468014622,0.000529189584193678,-4.96154130713553e-05,-4.287128885222632e-06,1477,1530
-0.0017303128543857207,0.00020105625805036113,0.0019448933712317947,-0.0007384268110570926,0.0006180447321662792,-0.0008369053250471773,0.9999991861676834,0.00094247591500809,0.0004231900885024214,-0.0004111331468014622,0.000529189584193678,-4.96154130713553e-05,-4.287128885222632e-06,1477,1530
-0.0018991561427579866,0.0003200375163331345,0.002181833820374542,-0.0007362222080101841,0.0006686505176005822,-0.0008768638921076906,0.9999991209961431,-0.0008460562284519667,0.0005913100102807727,0.0011836693737637433,2.1853017885814858e-05,0.000506001979054141,-0.0003989073763281831,1477,1530
-0.002096923011476505,0.0003207881990793251,0.002253301455136047,-0.0007201820870636567,0.0006854624881056521,-0.0008859868041821731,0.9999991132527668,-0.001981584424499628,2.991764825031318e-06,0.00071310120970277,0.0003211076379073445,0.0003371572122111852,-0.00018226774422039024,1477,1530
-0.0022300580373268617,0.0003234443434112015,0.0024071739933645207,-0.0007863739761122108,0.0007097540730694643,-0.0009096001200541181,0.9999990252458976,-0.0009997687235629468,1.6483143162229753e-05,0.001152288322413243,-0.0009926035899495585,0.0003636197733648745,-0.0003544920280764063,1477,1530
-0.0021560183088170774,0.0003163204616227018,0.0022265678072878976,-0.0007331717964033086,0.0007157073984934786,-0.0008851986441004864,0.9999990833222776,0.0005571446641558188,-5.027194167247468e-05,-0.0013534254786877141,0.0007974483681549013,8.970987485447416e-05,0.00036654740801662315,1477,1530
-0.0021560183088170774,0.0003163204616227018,0.0022265678072878976,-0.0007331717964033086,0.0007157073984934786,-0.0008851986441004864,0.9999990833222776,0.0005571446641558188,-5.027194167247468e-05,-0.0013534254786877141,0.0007974483681549013,8.970987485447416e-05,0.00036654740801662315,1477,1530
-0.002115539417720915,0.0003046948921631795,0.0022573845048739646,-0.0007869064864895393,0.0006819415049372996,-0.0008846040833442645,0.999999066604354,0.0003014957953541579,-8.644337126631732e-05,0.00022996821573690367,-0.0008004827636238361,-0.0005039998275264658,7.91955547587286e-06,1477,1530
-0.0018836849444677328,0.00020426130472705394,0.0021512120593119967,-0.000717990993041766,0.000690734460896046,-0.000846557117341184,0.9999991453575767,0.002345713223390073,-0.0010088618065566084,-0.0010710717709448215,0.0013918460886404864,0.00017829878194200582,0.0007698787768117507,1477,1530
-0.0017801261450669315,0.0003937082657466956,0.001963529575216807,-0.0007177953113005627,0.0006664209188864392,-0.000884790185594514,0.9999991288993085,0.0010336435194041788,0.0018964870575311373,-0.0018702770636927102,4.847024946095664e-06,-0.00048509694006703986,-0.0007640294672946989,1477,1530
-0.0014109426666248526,0.00025428726447965884,0.0017174127710488229,-0.0007136095407874206,0.0006162622581990352,-0.0007842131509009239,0.9999992479957096,0.0027726032662930516,-0.001037890240245488,-0.001843295919668263,6.243512877936072e-05,-0.000753251498680296,0.0015078446965718856,1477,1530
-0.0012761701268414335,0.00029651712965314477,0.0016722310676325828,-0.0007557094961073333,0.000589435297009535,-0.0008039064311442368,0.9999992176015121,0.0013476972325317388,0.00042508110618923184,-0.0004495782896716455,-0.0008413859045350196,-0.0005369499032073245,-0.00039479124464271437,1477,1530
-0.0012761701268414335,0.00029651712965314477,0.0016722310676325828,-0.0007557094961073333,0.000589435297009535,-0.0008039064311442368,0.9999992176015121,0.0013476972325317388,0.00042508110618923184,-0.0004495782896716455,-0.0008413859045350196,-0.0005369499032073245,-0.00039479124464271437,1477,1530
-0.0014701262567887255,0.0005986105378261077,0.002006336429656714,-0.0007194814109158232,0.0006586589529340403,-0.0008696078689273247,0.9999991461481533,-0.0011701672269621535,0.001809441995338619,0.0020079768810662355,0.00043496270619017014,0.0008324514909402571,-0.0007883121732340107,1477,1530
-0.0016737648704385983,0.0004688440976510556,0.0020790594588613004,-0.0007432736280886999,0.0006652867715486533,-0.0008944584039792739,0.9999991024405908,-0.002035080226027411,-0.001302248166908937,0.0007226779916244669,-0.00047563247760901606,0.00013250062685127303,-0.0004972290841255417,1477,1530
-0.0018928933435914846,0.00028841987561665806,0.0022341878302864432,-0.0007310193832757113,0.0006627629430861066,-0.0008787400672752045,0.9999991270855365,-0.001640471815529103,-0.0013561013415129331,0.0011577709515528448,0.00018345458806955157,-3.781977762794183e-05,0.0002355660287126112,1477,1530
-0.0018928933435914846,0.00028841987561665806,0.0022341878302864432,-0.0007310193832757113,0.0006627629430861066,-0.0008787400672752045,0.9999991270855365,-0.001640471815529103,-0.0013561013415129331,0.0011577709515528448,0.00018345458806955157,-3.781977762794183e-05,0.0002355660287126112,1477,1530
-0.0020136523828875636,0.0002766209045031763,0.0020925040076001126,-0.0007723979475659162,0.0006177039845470572,-0.0008736075597193658,0.9999991293261349,-0.0009036556558498049,-8.848183775382537e-05,-0.0010634019311420112,-0.000619811144515371,-0.0006761322257564617,7.604239624851652e-05,1477,1530
-0.001986273057451672,0.0002737978452664642,0.002077573815702106,-0.000728297197885276,0.0006555052102886874,-0.0008741987120430074,0.9999991378359888,0.0002057130400978884,-2.066062070515193e-05,-0.00011186009198057853,0.0006616428379201698,0.0005681366123006431,-8.028130092643957e-06,1477,1530
-0.0019087000380235536,0.000247248748004785,0.002196466318863346,-0.0007614206129189356,0.0006817887615346284,-0.0008596967368353118,0.9999991081617292,0.0005809912255008598,-0.00019940589890181802,0.0008921880430844509,-0.0004973508025872438,0.00039367028938982053,0.0002174959338333567,1477,1530
-0.0019087000380235536,0.000247248748004785,0.002196466318863346,-0.0007614206129189356,0.0006817887615346284,-0.0008596967368353118,0.9999991081617292,0.0005809912255008598,-0.00019940589890181802,0.0008921880430844509,-0.0004973508025872438,0.00039367028938982053,0.0002174959338333567,1477,1530
-0.0020104784084775955,0.000337517438783073,0.002214558188703411,-0.0007731324361802786,0.0006791245743052783,-0.0008728118971960742,0.9999990896273052,-0.000764034203317153,0.0006749195501693493,0.0001355614975548782,-0.0001753594275896225,-3.9929780055959676e-05,-0.0001967099770649619,1477,1530
-0.001877351878948275,0.0002905163265058845,0.0019949144532161777,-0.0007710258150290609,0.0006246147770928915,-0.0008364885752541141,0.9999991578308627,0.001000849622204239,-0.0003480606042199286,-0.0016457752070301926,3.192942212499024e-05,-0.0008176746600083553,0.0005439960982803288,1477,1530
-0.0018441471381365798,0.0002771632446382803,0.00199639595867041,-0.0007598713249972797,0.000639430059237264,-0.000842752723166798,0.9999991517459477,0.0002498358637667394,-0.00010000762975066174,1.1297624640477437e-05,0.00016762408354568302,0.00022301912791155922,-9.39296403115877e-05,1477,1530
-0.0019299247600617943,0.0005035685631835049,0.002336339342961139,-0.0007842526611104068,0.0007165477965707425,-0.0008759414907138531,0.9999990521163117,-0.0006480147371027545,0.0016893282739497404,0.0025456805027581158,-0.0003655667620772,0.0011542765025495446,-0.0004960871361701777,1477,1530
-0.001763645954304277,0.00020108552072475844,0.0022259854852727306,-0.0007023839868002168,0.0006775544537946663,-0.0008360169588627316,0.9999991743258291,0.0016694659647003578,-0.003019816255747736,-0.0011057588396665074,0.0016372883374559137,-0.0007789663667482475,0.0007989577898860797,1477,1530
-0.001763645954304277,0.00020108552072475844,0.0022259854852727306,-0.0007023839868002168,0.0006775544537946663,-0.0008360169588627316,0.9999991743258291,0.0016694659647003578,-0.003019816255747736,-0.0011057588396665074,0.0016372883374559137,-0.0007789663667482475,0.0007989577898860797,1477,1530
-0.0018977746942812027,0.00019391126588810708,0.002074989672818071,-0.0007668713237509817,0.0006326918330650802,-0.000857510545095721,0.9999991381421688,-0.0010040186288913517,-5.387845424627686e-05,-0.0011335436006521527,-0.0009662194117866894,-0.0006733051662639819,-0.00032342855094191964,1477,1530
-0.0020376507729634096,0.0003246329872240117,0.001984942632131679,-0.0007551166713495096,0.0006153218806600275,-0.00085446610099317,0.9999991605323858,-0.0013998485278066482,0.0013061852124369609,-0.0009002279171030209,0.0002353502097675695,-0.0003472406587778415,6.077093694464521e-05,1477,1530
-0.0019971419377214777,0.00030384601431073573,0.002117832155765603,-0.0007314851657757388,0.0006476416799887114,-0.0008414177728591362,0.9999991687525727,0.0003031668895687256,-0.0001570498094053246,0.0009978288125100608,0.0003542999744493234,0.0004854479672893422,0.0001965099875522141,1477,1530
-0.0019411803889880798,0.00027128586512697626,0.0020199195335255894,-0.0007367441043919624,0.0006221178361978327,-0.0008359632590176671,0.9999991856711437,0.0005611040665124954,-0.0003230386115875731,-0.000978307376115993,-0.00010475880436889079,-0.0005103489654360595,0.00010858596658053889,1477,1530
-0.0018669219108197,0.0006712386484624595,0.002153893022410835,-0.0007458821074703414,0.0006748068885252617,-0.0009620560995730894,0.9999990313713332,0.0007339630704638179,0.003997344247589309,0.0013460617718626627,-0.0001820086933361367,0.0010551074520358356,-0.002520287365136354,1477,1530
-0.0017270249107454287,0.0005072771791055577,0.001983695591656286,-0.0007267837392836618,0.0006340354064413177,-0.0009415391025269813,0.9999990916438957,0.0010542564221960476,-0.0012268817976989956,-0.001278037275305213,0.000287113577938769,-0.000612073998577445,0.00030776813472718344,1477,1530
-0.0017270249107454287,0.0005072771791055577,0.001983695591656286,-0.0007267837392836618,0.0006340354064413177,-0.0009415391025269813,0.9999990916438957,0.0010542564221960476,-0.0012268817976989956,-0.001278037275305213,0.000287113577938769,-0.000612073998577445,0.00030776813472718344,1477,1530
-0.0017426380161436714,0.0005824420168442715,0.0018713498734390377,-0.0007227466833370264,0.000636398535048701,-0.0009559722490753035,0.9999990793751731,-0.00015612991653588226,0.00075301686918556,-0.0011226065218284873,8.088262552087562e-05,4.755040325365951e-05,-0.0002885889009463159,1477,1530
-0.0017618677628394815,0.000581840927554779,0.0018158731680737665,-0.0007228418329164307,0.0005908142241103394,-0.0009576889617957683,0.999999105634644,-0.00014333070713960273,-4.171516502218153e-06,-0.0004152381191851237,-7.550431031928368e-07,-0.0006820606434949777,-2.6180655817791505e-05,1477,1530
-0.0017216651223276778,0.0005645734147237049,0.0017306879837747484,-0.0006905885528092607,0.0006130647555125226,-0.0009443566209671736,0.999999127714433,0.00030276724668176606,-0.00012810844174482763,-0.0006392375260405828,0.0004837542682864119,0.0003343479060789503,0.0002006753891798816,1477,1530
-0.001750528325403832,0.0005785299600162702,0.0017065990947276594,-0.0007019044246039728,0.0005978063752342451,-0.000984819860255504,0.9999990900433647,-0.00028856822702683115,0.0001393378343041037,-0.0002410236406039595,-0.00022550863406838072,-0.00030478820614527566,-0.0008095252360776979,1477,1530
-0.0016897106460675353,0.0005380888648273386,0.001754282211356228,-0.0006968935827717297,0.0006202571335804616,-0.0009565311284648255,0.9999991073339121,0.0004569920198113115,-0.00030336983739000337,0.0003582843348899762,7.46902062914559e-05,0.00033704603508011934,0.0004252542871292431,1477,1530
-0.0017138527889692784,0.0006090718567138235,0.001815690054109858,-0.0007135886317364645,0.0006517705705693091,-0.0009697183526792843,0.9999990628159122,-0.00024344780626193448,0.0007082405314418832,0.000614532536556791,-0.0003342135828283795,0.0006298937849293574,-0.0002634128778410354,1477,1530
-0.0017138527889692784,0.0006090718567138235,0.001815690054109858,-0.0007135886317364645,0.0006517705705693091,-0.0009697183526792843,0.9999990628159122,-0.00024344780626193448,0.0007082405314418832,0.000614532536556791,-0.0003342135828283795,0.0006298937849293574,-0.0002634128778410354,1477,1530
-0.0018298174474458036,0.0005922989394151125,0.0019789023134387513,-0.000770398854555606,0.00062753139690753,-0.000987351446252199,0.9999990189130541,-0.0008701318116659997,-0.00012909001135460264,0.0012214409209707626,-0.0008506986567635752,-0.0003638269611128621,-0.0002650221181006185,1477,1530
-0.0018644827347212558,0.000604353110536198,0.002182516017185493,-0.0007696131038277688,0.0006747591176949154,-0.0009753629883248458,0.9999990005309219,-0.0003495333326444994,0.00011674769155871914,0.0020364124668858963,1.4635451281360757e-05,0.0009446301219539565,0.0002405686534750766,1477,1530
-0.0018544287901288566,0.0004929503477739336,0.001966043227068544,-0.0007665125436780625,0.0006604409991501588,-0.0009724345474866057,0.9999990153231433,0.00010427803857802709,-0.0010962638117901957,-0.0021385425254579864,6.145348981844491e-05,-0.00028267771940721154,5.764230406752193e-05,1477,1530
-0.001769423937358176,0.0006710226118219478,0.0018855782845471562,-0.0007385707452420864,0.0006670142319998883,-0.0009587584104247336,0.9999990451933328,0.000641798666563442,0.0013504684008838856,-0.0006063283905974725,0.0004228929379641779,9.979171048181788e-05,0.00020745564978170636,1477,1530
-0.001650281073518718,0.0006230328789476676,0.00180434784185315,-0.0007124732974631852,0.000625203183113869,-0.0009398959030090791,0.999999109048838,0.0008947045887327983,-0.00035716225459954057,-0.0006083155862555426,0.000391714024598357,-0.0006267424611763035,0.0002826202893687824,1477,1530
-0.0015366311139594336,0.0008048053244963466,0.0017502323037422215,-0.0007013913781636766,0.0006455185528517568,-0.0009888895733819057,0.9999990567262264,0.0011337200664373185,0.0018205719024007748,-0.0005371276659654153,0.00022186152042400422,0.0004072019215939789,-0.0009794160833170972,1477,1530
-0.001633395017505178,0.0007220968271533414,0.001756867038203869,-0.0007033088359165169,0.00063664309386107,-0.000983309855532982,0.9999990665715537,-0.0009660757017200156,-0.0008290803050515977,6.393682213786588e-05,-3.8245097574251444e-05,-0.0001776235576446553,0.00011144407349320048,1477,1530
-0.001633395017505178,0.0007220968271533414,0.001756867038203869,-0.0007033088359165169,0.00063664309386107,-0.000983309855532982,0.9999990665715537,-0.0009660757017200156,-0.0008290803050515977,6.393682213786588e-05,-3.8245097574251444e-05,-0.0001776235576446553,0.00011144407349320048,1477,1530
-0.00161627907959507,0.0006471454410086158,0.0017961197453770152,-0.0006958579915827326,0.0006526027324435532,-0.0009621684876187619,0.9999990820611431,0.0001290933261431167,-0.000562263553741839,0.00029375150672495467,0.0001113190316126777,0.00023926731315605107,0.00031734172527209917,1477,1530
-0.0016465544279142088,0.0007090281702805514,0.0019051177848793499,-0.0007337385577760404,0.0006958438241829897,-0.0009852115972052787,0.9999990033931073,-0.00022911214226223485,0.0004627218325473832,0.000818147465059476,-0.0005688262988641709,0.000648560055080289,-0.0003457000259301134,1477,1530
-0.001606508798716421,0.0008384897852551981,0.0018405612878017736,-0.000712737748604453,0.0006771651283215135,-0.0010336795200412017,0.9999989824789516,0.00029898665223093875,0.0009718925337624021,-0.00048214757346559553,0.0003156735660809909,-0.0002792300376151028,-0.0007267286501128087,1477,1530
-0.0016588085576056876,0.000821117531374412,0.0018267731716721087,-0.0006836233331855505,0.0006640967173779576,-0.0009997551987541262,0.9999990460616595,-0.000522455368703959,-0.00017460771595193114,-0.0001388387582825468,0.0005821051669225157,-0.00026125310996281774,0.0006787018552098901,1477,1530
-0.0016588085576056876,0.000821117531374412,0.0018267731716721087,-0.0006836233331855505,0.0006640967173779576,-0.0009997551987541262,0.9999990460616595,-0.000522455368703959,-0.00017460771595193114,-0.0001388387582825468,0.0005821051669225157,-0.00026125310996281774,0.0006787018552098901,1477,1530
-0.0015687952531513298,0.0007870559635285728,0.0017758493349856353,-0.0007192861509110714,0.0006368061733194636,-0.0010037966311951896,0.9999990347483602,0.0006771075836638162,-0.0002539611101549796,-0.00038193897652612636,-0.0005352765352357726,-0.0004104523394039255,-6.134657136495195e-05,1477,1530
-0.001718782946161161,0.0007585673077877707,0.0018226896172343892,-0.0007528386052115733,0.0006450008629805005,-0.0010122185473799836,0.9999989963102621,-0.0014998813821320946,-0.0002885669982378839,0.00046607540605201177,-0.0006710995337164568,0.00016334004971546543,-0.00016874668698919917,1477,1530
-0.0018432970098583809,0.0006727642639109809,0.0018362166222200122,-0.0007878793626615605,0.0006473449405630946,-0.0010150674996138407,0.9999989649137678,-0.0009323957304348265,-0.0006453664541042666,9.924787374612384e-05,-0.0005254589508987923,3.4651002103174206e-05,-4.30341410050485e-05,1477,1530
-0.0018432970098583809,0.0006727642639109809,0.0018362166222200122,-0.0007878793626615605,0.0006473449405630946,-0.0010150674996138407,0.9999989649137678,-0.0009323957304348265,-0.0006453664541042666,9.924787374612384e-05,-0.0005254589508987923,3.4651002103174206e-05,-4.30341410050485e-05,1477,1530
-0.0017825157345350386,0.0007563817329364303,0.0018285265589610637,-0.0007642275228092764,0.0006476823825098634,-0.001012533862067591,0.999998985618986,0.0003632470066300797,0.0005018524675095957,-4.4818387867222095e-05,0.00028342350236992093,4.307587856141568e-06,3.0550404804685876e-05,1477,1530
-0.0015244528622176995,0.0007278153873786158,0.0017628453720044373,-0.0007163733479169139,0.0006168611202551276,-0.0009735858510958002,0.9999990792106628,0.0025821531163905077,-0.00027944555817745886,-0.0006539261110305862,0.0009572418798051055,-0.00061607669861467,0.0007791412872017775,1477,1530
-0.0014137699521186444,0.000728800987542097,0.0017400931167136932,-0.0007631185094901668,0.0006088084381922448,-0.0009500705283471046,0.9999990721837773,0.0008314962314326496,9.265482562909623e-06,-0.00016984691355855378,-0.0007022740683124157,-0.00012189849323809242,0.00035271120373756313,1477,1530
-0.0013636293250244018,0.000721182539192842,0.0017505460469580112,-0.0007713737181010371,0.0006314403888886322,-0.0009770681679009117,0.9999990258012333,0.000501472848330861,-7.53991785518144e-05,0.00010503466656479431,-0.00016522256036635024,0.0004529396400486047,-0.0005397622472612505,1477,1530
-0.0013736049326738087,0.0008090016152450768,0.0016723102691865055,-0.0007396818916665984,0.000632459516015896,-0.0009578734783691797,0.9999990676715941,-7.526866095866453e-05,0.0006585628365915458,-0.0005851019164173609,0.00047457677803642944,1.5509141990133288e-05,0.0002878663306378958,1477,1530
-0.0015863529863172868,0.0008092331497246073,0.0017480159567715469,-0.0007467868920638109,0.000643529441675988,-0.0010138429277677576,0.9999990001503559,-0.0021287339329131333,-2.8796639067934724e-06,0.0007544703872202442,-0.0001416248053642504,0.0002221221359089843,-0.0011194720719907478,1477,1530
-0.0015350696872332376,0.00082449462068889,0.001912154473689199,-0.0007250034898488085,0.0006857226853918103,-0.0009896926685861941,0.9999990123308914,0.0005105241542860904,0.00015123319802198026,0.0016426319220466852,0.0004345970274778715,0.0008441305795609253,0.00048402198495851325,1477,1530
-0.0015350696872332376,0.00082449462068889,0.001912154473689199,-0.0007250034898488085,0.0006857226853918103,-0.0009896926685861941,0.9999990123308914,0.0005105241542860904,0.00015123319802198026,0.0016426319220466852,0.0004345970274778715,0.0008441305795609253,0.00048402198495851325,1477,1530
-0.0015852319348470822,0.0007957817402514247,0.0018287297985013207,-0.0007362707171880805,0.0006586651342074097,-0.001010706533490747,0.999999001268488,-0.00037466047570219304,-0.00021502626825053002,-0.0006260583871360623,-0.00016826854361614004,-0.0004055074996875377,-0.0003153893144062144,1477,1530
-0.0015804648016665554,0.0008125626757313953,0.001761401438214583,-0.0007093706383500371,0.0006508102108824793,-0.0009772247357081863,0.9999990591351479,4.822305706951364e-05,0.0001689160613503917,-0.0006730465714997925,0.0005377787618059762,-0.00015706562074939046,0.0006699488468422233,1477,1530
-0.001605782153067314,0.0007737206206745838,0.0018213277858773291,-0.0007481029528171431,0.0006303276447619566,-0.0009747093608873223,0.9999990464848915,-0.0001901915430908323,-0.0002927811903763561,0.0004494887554395266,-0.0005816173965867721,-0.0003083143380295351,3.719245784552003e-05,1477,1530
-0.0014621945957022165,0.0007482034675927716,0.0017709426075597937,-0.0007174618538875187,0.0006646992979033749,-0.0009891083249001127,0.9999990325435577,0.00143538184719569,-0.00025133450206133573,-0.0005018529637797817,0.0006116415046263261,0.0006874685051608839,-0.0002867546952939091,1477,1530
-0.001555157707100341,0.0006713422406581572,0.0017869188621194834,-0.0006747818727676055,0.0006579410965335903,-0.0009683721389093548,0.9999990870187514,-0.0006966383915774901,-0.0005783392649895161,0.00011813501968875068,0.000640459865939213,-0.00010102123474119028,0.00031157448258733116,1477,1530
-0.0016333230710432285,0.0007068084293557429,0.0017867009919115637,-0.0006555151417493849,0.000682337615667869,-0.0009834339651066102,0.9999990687860222,-0.000782320189911366,0.0003531436112583281,-2.7300418468586615e-06,0.00038505201915900445,0.0004884968234553439,-0.0003006478150267846,1477,1530
-0.0015850288584550304,0.0007630189060983674,0.0017896909261581344,-0.0006689110183503631,0.0006580986226668728,-0.0009921081246864311,0.9999990675924251,0.0004817505325307503,0.0005629627418737273,3.129233512881146e-05,-0.00026729811826153534,-0.00048488551094333897,-0.00017396798715273206,1477,1530
-0.0016972557366193954,0.0007391207828852437,0.0018811970542190627,-0.0007058045663451134,0.0006988816130229069,-0.0010201275439293128,0.9999989863715849,-0.0011234325240629273,-0.00024252634980966896,0.0009136179628812273,-0.0007385998443255079,0.000815621010004567,-0.0005605480757241038,1477,1530
-0.0016972557366193954,0.0007391207828852437,0.0018811970542190627,-0.0007058045663451134,0.0006988816130229069,-0.0010201275439293128,0.9999989863715849,-0.0011234325240629273,-0.00024252634980966896,0.0009136179628812273,-0.0007385998443255079,0.000815621010004567,-0.0005605480757241038,1477,1530
-0.0016137525723261476,0.0007997476706171572,0.0018408588006823333,-0.0007202797713579579,0.0006717920971830837,-0.001004962889262041,0.9999990099705192,0.0006247789500448813,0.00045568491025399906,-0.0003005439497643138,-0.00021652994101097338,-0.000406083009522409,0.00022667326141588939,1477,1530
-0.0016322686797410146,0.0006770247086942956,0.0018262025291734308,-0.0007102227740766955,0.0006638970346213793,-0.0009694166766173471,0.9999990575273777,-0.0001824868760321189,-0.0012273251511596452,-0.00014857028803634656,0.00020081148260437447,-0.0001582037498635617,0.0007109103505467056,1477,1530
-0.0018373427400544375,0.0006265979902095016,0.0018859837030185686,-0.0006999271929707742,0.0006686307901559286,-0.0009911994841336079,0.9999990402787253,-0.0015374087910315698,-0.0003816923177747266,0.0004456309495180451,0.00015453086682096237,7.136483619281134e-05,-0.0003264821743020019,1477,1530
-0.0019519253639050285,0.0006248931432500668,0.002064555602354031,-0.0007337332988015344,0.0006704757790559927,-0.0009904385049541117,0.9999990155641364,-0.001148232054662148,-2.1822031712332957e-05,0.0017842471588351495,-0.0006762023751365598,3.622105964584596e-05,1.4793569813062928e-05,1477,1530
-0.0020611636955583292,0.0007007403698799934,0.00195342995836982,-0.0007597735044605781,0.000616024455068155,-0.0010205841645615718,0.9999990008325277,-0.0008205536373142774,0.0005693270192664769,-0.0008349860956838237,-0.00039008853383814916,-0.0008180776968941106,-0.00045374120737771723,1477,1530
-0.00204769033203391,0.0008065787986596191,0.002070533369311587,-0.000771475313292224,0.0006625159188952597,-0.001019032697234321,0.9999989637348922,0.00013111523563476212,0.0010567480268700935,0.0011726642884085235,-0.00023497639321209027,0.0009294548410758397,3.158705550946705e-05,1477,1530
-0.00204769033203391,0.0008065787986596191,0.002070533369311587,-0.000771475313292224,0.0006625159188952597,-0.001019032697234321,0.9999989637348922,0.00013111523563476212,0.0010567480268700935,0.0011726642884085235,-0.00023497639321209027,0.0009294548410758397,3.158705550946705e-05,1477,1530
-0.001976551885707703,0.0007474048939834771,0.0021808787045943913,-0.0008504768596720437,0.0006392562865989305,-0.0010268967004749584,0.9999989067612403,0.0005302497863830906,-0.0004414161717742033,0.0008228067369658858,-0.0011777111088324826,-0.00034797793965881925,-0.00011832404503200551,1477,1530
-0.0017122435192758825,0.0004986826374373056,0.001955716486647291,-0.0006898172840748083,0.0006866761117798823,-0.0009599700608232127,0.9999990655423197,0.0026705029224357176,-0.002496127202793635,-0.002268978799326258,0.0032349112833516057,0.0009575254466056663,0.0013512322033287277,1477,1530
-0.0016581862652239642,0.0005879214435498219,0.001988353981471678,-0.0006290604546915494,0.0007122644428295098,-0.0009393592579920903,0.9999991072828467,0.0004036352529180391,0.0006694446456948201,0.00024615595873391454,0.000910384353013678,0.00038432244584090427,0.0003099212111440031,1477,1530
-0.0015388637131469424,0.0005584151811937749,0.0017588262414684253,-0.0006691724724469569,0.000669443318449973,-0.0009564853820988644,0.9999990945943689,0.001195752368667181,-0.00028961761335555096,-0.002291468105432341,-0.0008003269904437715,-0.0008560351488922067,-0.0003432618407515537,1477,1530
-0.001507223051960547,0.0005915860340417627,0.00181234784871257,-0.0006159182955951994,0.0006769050869867341,-0.000958661290033425,0.9999991217059571,0.0002361926366699554,0.0002485929338623264,0.00040189420856527494,0.0007983936659237684,0.00011266501031642943,-3.2015176208981594e-05,1477,1530
-0.001507223051960547,0.0005915860340417627,0.00181234784871257,-0.0006159182955951994,0.0006769050869867341,-0.000958661290033425,0.9999991217059571,0.0002361926366699554,0.0002485929338623264,0.00040189420856527494,0.0007983936659237684,0.00011266501031642943,-3.2015176208981594e-05,1477,1530
-0.0015519093850868805,0.0006084488686269631,0.001846435319394052,-0.0006619045839820756,0.0006866327852050515,-0.0009466503267597334,0.9999990971350409,-0.00044771378941954517,0.00016737626263922315,0.0003405272231257598,-0.0009202124114803732,0.00019355349822752096,0.00023975180845354525,1477,1530
-0.0015022001969597421,0.0004835262019099332,0.0019687942890940784,-0.0006508586592558596,0.000726855470029642,-0.000925083513236817,0.9999990961419031,0.00037387003195998733,-0.0009387751651217408,0.0009182816995106007,0.00016513239694319746,0.0006041494141049033,0.0003244806474946633,1477,1530
-0.0015998194122295321,0.000592171336997573,0.0019390248517017375,-0.0006804955150407157,0.0007247471442384795,-0.000976445342617694,0.9999990291104897,-0.0005859109481766919,0.0006501865361452194,-0.00017839243313277548,-0.00035471703764685785,-2.5194899792049463e-05,-0.0006158288458720816,1477,1530
-0.0015998194122295321,0.000592171336997573,0.0019390248517017375,-0.0006804955150407157,0.0007247471442384795,-0.000976445342617694,0.9999990291104897,-0.0005859109481766919,0.0006501865361452194,-0.00017839243313277548,-0.00035471703764685785,-2.5194899792049463e-05,-0.0006158288458720816,1477,1530
-0.0017429071123181816,0.0006110321624314871,0.0020325691499694836,-0.0006692138750210525,0.0007226162725975363,-0.0009817171577585734,0.9999990331044988,-0.0010761041711632076,0.00013861872444386527,0.000701296205906497,0.0001695741421338924,-3.1792997946866944e-05,-7.909800845511171e-05,1477,1530
-0.0017108378334778863,0.0005802434123640173,0.002029478395464652,-0.0007042363214961712,0.0007281612426693277,-0.0009677337689251096,0.9999990186613978,0.00032131235924300213,-0.0003071882247165219,-3.085245972422269e-05,-0.000700696347212194,0.00011001480132320307,0.00027921015338874556,1477,1530
-0.001623375711564516,0.0005369183201822522,0.0018130013379127953,-0.000643131370348325,0.0006868157539205916,-0.0009492683428985063,0.999999106777487,0.0006582264819825374,-0.0003210237488918635,-0.0016212800489445718,0.0009159583589550914,-0.0006188054185473387,0.000276906382795112,1477,1530
-0.0015761376017260464,0.0006077167277280468,0.0017197737128981745,-0.0006392661555592726,0.0007076876246918995,-0.0009873103892157522,0.999999057867157,0.00035412521684697587,0.0005323928737358659,-0.0006978184937814149,5.805427930766439e-05,0.00031340237495609976,-0.0005702115197151094,1477,1530
-0.001586187620684182,0.0005120372524830385,0.001689485534182167,-0.000625005028373371,0.0006750813614101165,-0.0009555484452770886,0.9999991202801315,-9.81725780732465e-05,-0.0009565167102090552,-0.00030421818361554625,0.00028539168707531436,-0.0006521913209411815,0.0006349673325064642,1477,1530
-0.001586187620684182,0.0005120372524830385,0.001689485534182167,-0.000625005028373371,0.0006750813614101165,-0.0009555484452770886,0.9999991202801315,-9.81725780732465e-05,-0.0009565167102090552,-0.00030421818361554625,0.00028539168707531436,-0.0006521913209411815,0.0006349673325064642,1477,1530
-0.001700209012359281,0.0004963864341703266,0.0016728565044023314,-0.0006078089509224586,0.0006880095806067733,-0.0009460975424193291,0.9999991310548897,-0.0011397328303482262,-0.00015848413068586498,-0.00016803300724120272,0.0003435604502047729,0.0002587848588517839,0.00018941945263407017,1477,1530
-0.0016517230528810426,0.0005951205908538935,0.0018325333309584418,-0.0006167905363898461,0.0007100663882626935,-0.0009480523800915507,0.999999108285523,0.0003604692272967549,0.0007394759148764481,0.0011985546940341603,-0.0001349694773845786,0.00033062670366178557,-2.9204237627013143e-05,1477,1530
-0.0015968354035403925,0.0006181645913032783,0.0019021640747762466,-0.0006187221962174532,0.0006957795060505039,-0.000940856347276027,0.9999991239311437,0.0005473020080691121,0.0002305575216279155,0.0006971820417185226,-3.8453885518770546e-05,-0.0002857858446506748,0.00014367835906554986,1477,1530
-0.0016825821843470719,0.0006216207381730441,0.0019412919955528922,-0.0006235022677566292,0.0007480786648299854,-0.0009618290470510322,0.9999990632536191,-0.0006442823455749213,2.437541919706268e-05,0.00029292555178251435,-7.230229856423616e-05,0.0007855001628468014,-0.0003145101959821356,1477,1530
-0.0016257702552242702,0.0006252240966924452,0.0017998636509722345,-0.0006504428937689062,0.0007059489400610202,-0.0009627278033549367,0.9999990758572284,0.0004272928944425069,2.9146166118996355e-05,-0.0010592233015533524,-0.00040318053574629444,-0.0006318391833184444,-1.4166567132567904e-05,1477,1530
-0.0016257702552242702,0.0006252240966924452,0.0017998636509722345,-0.0006504428937689062,0.0007059489400610202,-0.0009627278033549367,0.9999990758572284,0.0004272928944425069,2.9146166118996355e-05,-0.0010592233015533524,-0.00040318053574629444,-0.0006318391833184444,-1.4166567132567904e-05,1477,1530
-0.001526981242240973,0.0005826752402050562,0.0017093396297120562,-0.0006407662997257638,0.0006677650128535322,-0.0009503567757714771,0.9999991201648297,0.0007422059130816283,-0.0003166851669023059,-0.0006780389263999577,0.00014551432457725552,-0.0005725222503425464,0.00018522541720481406,1477,1530
-0.001481149907891196,0.0006170608031669186,0.0017186560710418031,-0.0006218331914024322,0.0006607956698799891,-0.0009617690933079261,0.9999991258360049,0.00045755680969368365,0.00034462317532441244,9.422183905837102e-05,0.00037896573644480085,-0.00013888764023044735,-0.0002280939038679258,1477,1530
-0.0015350131644053856,0.0005715681606789409,0.0016926969808776914,-0.0005936107514330462,0.000666067159927364,-0.0009758750021640388,0.9999991258240142,-0.00040362676651880196,-0.0003422090742819478,-0.00019592640254311873,0.00042399571084640163,7.972301743910357e-05,-0.00021155677651844623,1477,1530
-0.0013684274144350058,0.0006429034825590308,0.0016859585916291849,-0.0006134571758541075,0.000680713874580361,-0.0009455620165523663,0.999999133105317,0.0012471339513926774,0.0005369607115718427,-4.818815538148745e-05,-0.00029790794330505807,0.0002189156403043701,0.000454161109075778,1477,1530
-0.0013684274144350058,0.0006429034825590308,0.0016859585916291849,-0.0006134571758541075,0.000680713874580361,-0.0009455620165523663,0.999999133105317,0.0012471339513926774,0.0005369607115718427,-4.818815538148745e-05,-0.00029790794330505807,0.0002189156403043701,0.000454161109075778,1477,1530
-0.0014622845655412509,0.0008856904020687037,0.0018561511825301393,-0.0006082081295536696,0.0007094655533646849,-0.0010055981842819193,0.9999990577564509,-0.0009466228748087707,0.0024269351416488483,0.0017056837025669332,0.00010538104073418023,0.00057656760815335,-0.0012017536400891243,1477,1530
-0.001405702060525531,0.0008402334771157626,0.001742693216328167,-0.0006438403555064008,0.0006655458145086471,-0.0009906225698113201,0.9999990805922213,0.00042569898408679617,-0.00033859047646461217,-0.0008496254324492936,-0.0005332769710289881,-0.0006586020967324401,0.00022355992696236203,1477,1530
-0.0014375915455178531,0.0008154969053268648,0.001711106640589359,-0.0006337705669608049,0.0006558055071831503,-0.0009735906740656072,0.9999991101872056,-0.00023839710527483665,-0.00018562152277117603,-0.00023736602736522218,0.000150964310609159,-0.00014606412356813096,0.00025538805413847425,1477,1530
-0.001481246431558512,0.000727392221712768,0.001659492503125218,-0.0006399787198322168,0.0006634697782620975,-0.0009866557825508923,0.9999990883723127,-0.00032613564301438915,-0.0006619836429527624,-0.00038899142404154525,-9.325433050689885e-05,0.00011518114567920963,-0.00019627755275239699,1477,1530
-0.0014272516110699733,0.0006998236040086238,0.0017305173218187466,-0.0007011023638621351,0.0006739277267644781,-0.0009531589974964619,0.9999990728819793,0.0005396141216933392,-0.00027556347204306364,0.0007106969180299333,-0.0012232696067790495,0.00020754898626920937,0.0006693378887096497,1477,1530
-0.0014272516110699733,0.0006998236040086238,0.0017305173218187466,-0.0007011023638621351,0.0006739277267644781,-0.0009531589974964619,0.9999990728819793,0.0005396141216933392,-0.00027556347204306364,0.0007106969180299333,-0.0012232696067790495,0.00020754898626920937,0.0006693378887096497,1477,1530
-0.001359238145685541,0.0007153099926282413,0.0017281411854064696,-0.0006463978615714326,0.0007084932403602593,-0.0009473965077823868,0.9999990913230812,0.0005091396354695956,0.00011696937113932599,-1.694467741716298e-05,0.0008187883829524126,0.0005184272219586541,8.72234248168162e-05,1477,1530
-0.0014389538119128334,0.0006629381050333531,0.001633085374459874,-0.0006597739289752908,0.00067870606800833,-0.0009526299578111721,0.9999990982758923,-0.0005959524708162087,-0.00039289269702915726,-0.0007140814238779943,-0.00020010831044725734,-0.00044682707015381256,-7.891143975061666e-05,1477,1530
-0.0012556820112933152,0.0006088750392525387,0.0015853928767297957,-0.000658757636504466,0.0006631207458532871,-0.0009370450894205955,0.9999991241274921,0.0013779664672311355,-0.00040301758881069517,-0.0003569231130390245,1.5332859245391457e-05,-0.00023428919099204357,0.00023399842159458432,1477,1530
-0.0012336660413773295,0.0007079593911233294,0.0016091229501499727,-0.0006222944122099073,0.0006573122689434088,-0.000978587101635279,0.9999991115283694,0.00021800434026972716,0.0009910196647262112,0.00023891590825120469,0.0007299818832015398,-0.00011494778911515882,-0.0008304991297934562,1477,1530
-0.0012336660413773295,0.0007079593911233294,0.0016091229501499727,-0.0006222944122099073,0.0006573122689434088,-0.000978587101635279,0.9999991115283694,0.00021800434026972716,0.0009910196647262112,0.00023891590825120469,0.0007299818832015398,-0.00011494778911515882,-0.0008304991297934562,1477,1530
-0.001281037153729699,0.0007784130857422067,0.0015980593899360762,-0.0006314614220891135,0.0006420699218183176,-0.0009858191184412132,0.9999991085812786,-0.0003557046585423923,0.0005270638114759839,-8.267012016915399e-05,-0.00013701613083784157,-0.0002283788726879509,-0.00010855924986123206,1477,1530
-0.001523350221655723,0.0006884665622962817,0.0018455414595313939,-0.0006443117937850912,0.0007205489827211168,-0.0009985182273975417,0.9999990343159455,-0.0024196370886767483,-0.0009055377882601557,0.002465586728387924,-0.0002578714911748116,0.0015663238155712563,-0.00025264695686789696,1477,1530
-0.0016999801599962428,0.0005972487198059747,0.0020050033475312967,-0.000641800639725165,0.0007375574947019034,-0.0009589299561886253,0.9999990622766693,-0.0013265513957121944,-0.00068908565192661,0.0011944994395633405,3.7026107333226766e-05,0.00025506589558781746,0.0005946770145709171,1477,1530
-0.0019112359065006693,0.0006522385730877327,0.0022884527117282252,-0.0006505701449438773,0.000756884171262622,-0.0009677631237809943,0.9999990336592192,-0.001587818095026321,0.00040652070244312315,0.0021233604237354416,-0.00013167987467387087,0.00028976419226724864,-0.0001323654137122654,1477,1530
-0.0019112359065006693,0.0006522385730877327,0.0022884527117282252,-0.0006505701449438773,0.000756884171262622,-0.0009677631237809943,0.9999990336592192,-0.001587818095026321,0.00040652070244312315,0.0021233604237354416,-0.00013167987467387087,0.00028976419226724864,-0.0001323654137122654,1477,1530
-0.0017740409667955134,0.0007087058940064636,0.0019266936251465404,-0.0006576628024033396,0.0007190647730618513,-0.0010019613961373998,0.9999990232489476,0.001033904547380301,0.0004297193129620354,-0.0027154434968019794,-0.00010562238340397148,-0.0005679725570701296,-0.0005142499849823045,1477,1530
-0.0017305359480301143,0.0006808778002188657,0.001956575277374285,-0.0006288577766007089,0.000738347472393246,-0.0009662686354987024,0.9999990628524754,0.0004351861415016728,-0.0002778077711155624,0.0002990825390075441,0.0005752122599629286,0.00038576851021776293,0.0007145374837573515,1477,1530
-0.0017626025869833418,0.0006289719910406988,0.002018317069825154,-0.0006771714244210606,0.0007289250477461823,-0.0010000510123932584,0.9999990050020587,-0.00024010069778766994,-0.0003898061129401437,0.0004615856984296419,-0.0007232030797360975,-0.00014152330440225886,-0.00050666584917601,1477,1530
-0.0017290040529898544,0.0005710905135674326,0.0018897012918034813,-0.0006440144921100296,0.0006812162234508762,-0.0009624592759128781,0.9999990974305583,0.0002541977034133031,-0.00043218910342196227,-0.0009645924644533945,0.000497533446948916,-0.0007153365019020589,0.0005636124884845095,1477,1530
-0.0017677391314320332,0.0006602700242805342,0.0018028923806292325,-0.0006582614211645148,0.0006619667445360915,-0.0009583540558957465,0.9999991050243157,-0.00038787772805980983,0.0008921488552864654,-0.0008674509684309165,-0.00028461792780326355,-0.00038530874630487684,8.166079554358514e-05,1477,1530
-0.0017677391314320332,0.0006602700242805342,0.0018028923806292325,-0.0006582614211645148,0.0006619667445360915,-0.0009583540558957465,0.9999991050243157,-0.00038787772805980983,0.0008921488552864654,-0.0008674509684309165,-0.00028461792780326355,-0.00038530874630487684,8.166079554358514e-05,1477,1530
-0.0018226136392887633,0.0005928850845904991,0.0020269130488418034,-0.0006614083365205966,0.0007215978468837813,-0.0009896712958316967,0.9999990311926727,-0.0004134227305141381,-0.0005091417821762339,0.001681430493159526,-4.782144390120597e-05,0.00089605661767167,-0.00046989714222709007,1477,1530
-0.001858272800138047,0.0011570066476085414,0.002165933395523528,-0.0007312774054454514,0.0007631282784590886,-0.0010702171033992684,0.9999988687513285,-0.00027697852034114326,0.004223710262126298,0.001046546767412595,-0.0010464732355051013,0.0006219420945956667,-0.0012070238066483215,1477,1530
-0.0014476351835594208,0.0011003739945362498,0.0019717843194332826,-0.0007055923704744617,0.0007151344868238963,-0.0010872784774720121,0.9999989042731912,0.0030818687958265776,-0.0004158834951215102,-0.0014515437154074195,0.00038611188779038343,-0.0007190661021896366,-0.00025606640607726784,1477,1530
-0.0014476351835594208,0.0011003739945362498,0.0019717843194332826,-0.0007055923704744617,0.0007151344868238963,-0.0010872784774720121,0.9999989042731912,0.0030818687958265776,-0.0004158834951215102,-0.0014515437154074195,0.00038611188779038343,-0.0007190661021896366,-0.00025606640607726784,1477,1530
-0.0015066254950019036,0.0011082276824471687,0.0019685659683989867,-0.0006984530793161301,0.000727045076312287,-0.0010912596779972124,0.9999988963599241,-0.00044280621451703506,5.8012488765334134e-05,-2.470401727872696e-05,0.00010700690774678323,0.00017893316320855793,-5.955398909435272e-05,1477,1530
-0.0013429271247134592,0.001025402824325696,0.0019198801946295027,-0.0007002513414700306,0.0007010272870511245,-0.0010306276993509679,0.9999989780071502,0.0012303893233270946,-0.0006183818776626152,-0.0003644499837432888,-2.7225413279104597e-05,-0.00039117644834927895,0.0009097564158501682,1477,1530
-0.001309568102130903,0.0010021254451988999,0.0016983541153506765,-0.0007329846257855279,0.0006380901935660052,-0.0010178798158200753,0.9999990097470706,0.00025253487578439916,-0.00017150140845009618,-0.0016590749457685143,-0.0004894925744483821,-0.0009434103129455069,0.0001899544546312641,1477,1530
-0.0012705053679990096,0.0010281914147418077,0.001766567083476836,-0.0006988976395803605,0.0006634757973174992,-0.0010355746806550957,0.9999989994630167,0.00038833653752664123,0.0002598577918209336,0.0006814487486540278,0.0006798909764326223,0.0005075028523600784,-0.0003522832703442608,1477,1530
-0.0012705053679990096,0.0010281914147418077,0.001766567083476836,-0.0006988976395803605,0.0006634757973174992,-0.0010355746806550957,0.9999989994630167,0.00038833653752664123,0.0002598577918209336,0.0006814487486540278,0.0006798909764326223,0.0005075028523600784,-0.0003522832703442608,1477,1530
-0.0013568968646877645,0.0009575629505280326,0.0018248007406914623,-0.0007067516703085154,0.0006417733632883049,-0.0010104987919762995,0.9999990337601412,-0.0006481609607588314,-0.0005322764063372171,0.00043565219854887295,-0.0001178579614622719,-0.0003262966509264084,0.00037626551084938057,1477,1530
-0.001315167607270525,0.0009695691072320038,0.0016982379530728015,-0.0007112115368233029,0.0006561564319739351,-0.001043580735214178,0.9999989872875541,0.0004184829912622651,0.00012263959106411257,-0.0012643508498144259,-8.902389951764004e-05,0.0002879096135123063,-0.0006611955659752063,1477,1530
-0.0012975037143631483,0.0009602791068746675,0.0018254396065570048,-0.0006980144439097206,0.0006732681571280438,-0.0010455507974929665,0.9999989831541594,0.000175329792281977,-9.443104956909602e-05,0.00127331111691469,0.00026385826299366537,0.000342859966367418,-3.9021383770141274e-05,1477,1530
-0.0012627418351540472,0.0009087523442208104,0.0019396460070532707,-0.0007295562527292171,0.0006711055761790865,-0.0010223239620801687,0.9999989861088332,0.00026111053738237173,-0.00038820306098876834,0.0008587957148063503,-0.0004746741601951479,-3.327098596071992e-05,0.00034905147268945866,1477,1530
-0.0013165802291207939,0.0010269934129084792,0.0018874834939360426,-0.0007234170467550692,0.0006809964913709578,-0.0010490019666854872,0.9999989562526689,-0.0004038989440898121,0.0008839745921081586,-0.0003893330097788116,9.193655503139836e-05,0.00014831762256986542,-0.0003988374694517191,1477,1530
-0.0012888032644188445,0.0010674975551712253,0.0018642745068568254,-0.0006962959153634025,0.000688047469084778,-0.0010315470491988035,0.9999989888361697,0.00027735639037970955,0.0004061374220336497,-0.00023122696254251242,0.0005422754697759738,0.00014139763696907284,0.00034972395136081307,1477,1530
-0.0012888032644188445,0.0010674975551712253,0.0018642745068568254,-0.0006962959153634025,0.000688047469084778,-0.0010315470491988035,0.9999989888361697,0.00027735639037970955,0.0004061374220336497,-0.00023122696254251242,0.0005422754697759738,0.00014139763696907284,0.00034972395136081307,1477,1530
-0.0011942328569062319,0.001000317811151448,0.0018632442578148656,-0.0006938294092428952,0.0006645670379656667,-0.0010039159478928182,0.9999990345516192,0.0007100034132778767,-0.0005021446458818891,-7.4473514054980705e-06,3.7059314782666545e-05,-0.00035229671404731687,0.0004140586273605476,1477,1530
-0.001291401899701208,0.0010387695947916746,0.001876663368018301,-0.0007226758165592909,0.0006716478816334948,-0.0010243684671760133,0.999998988648503,-0.0009629032312419929,0.0003785530365116898,0.0001320955747509855,-0.0005710254886563662,0.00013990750568481514,-0.0004052390946352602,1477,1530
-0.001312349122744685,0.0009945412934037857,0.0018328046577836684,-0.0007050067156971841,0.0006706508179157158,-0.0010138004538296332,0.9999990127003372,-0.00015712352178376304,-0.0003339825920467778,-0.00033204139068441585,0.0002668835983979019,-1.4907512434080828e-05,0.00015984851216972043,1477,1530
-0.0012629329504270134,0.0009518441810772804,0.0018811293255115488,-0.000682216446087423,0.000663020390371571,-0.0009953979912247707,0.9999990520833106,0.00037135048799837234,-0.0003204765022405112,0.0003630345031444347,0.0003423070529333122,-0.00011447931340641676,0.00027660766428131496,1477,1530
-0.0012584042813902107,0.0008418879321589023,0.0018956340144503454,-0.0006836421273581975,0.0006594858331007584,-0.0009918209033569047,0.9999990570011411,4.729340287170765e-05,-0.0010998762457293564,0.00014363520453470265,-2.8496013348733312e-05,-7.078178152677389e-05,7.148823843392216e-05,1477,1530
-0.0012477572299663022,0.0009802796987589946,0.00178043349566009,-0.0006755084236089306,0.000608585490427591,-0.0009912140116053064,0.9999990954030168,7.881263831890457e-05,0.0010377142727144135,-0.0008611830219612431,0.00012257262000198342,-0.0007622428403112803,8.649418289395816e-06,1477,1530
-0.0012477572299663022,0.0009802796987589946,0.00178043349566009,-0.0006755084236089306,0.000608585490427591,-0.0009912140116053064,0.9999990954030168,7.881263831890457e-05,0.0010377142727144135,-0.0008611830219612431,0.00012257262000198342,-0.0007622428403112803,8.649418289395816e-06,1477,1530
-0.0011305897491497353,0.0009332187429666201,0.001764764367184345,-0.0006410697943029604,0.0006476021834265641,-0.000992178379654082,0.9999990926110842,0.001172701667508689,-0.00046803708378590907,-0.00015588609155700288,0.0006879551490786923,0.000780966460570533,-1.8339632607909228e-05,1477,1530
-0.0011053698918146576,0.0009180728267337304,0.0015907895667192657,-0.0006813238868531104,0.0006022254034544204,-0.0009681052776795828,0.999999117946858,0.0001909567367446409,-0.00011148265389650206,-0.001303988653649095,-0.000603035938375155,-0.0006811055939210218,0.0003600702653865254,1477,1530
-0.001032019781409383,0.0008899804716147008,0.0016998078788500125,-0.0006816766044963659,0.0006337913236332567,-0.0009636674614563195,0.9999991024848907,0.0005505245960929163,-0.00021111667421862585,0.0008194649611232504,-5.799673416124457e-06,0.0004742787078536166,6.700513970960462e-05,1477,1530
-0.001115233012468019,0.000925286396097898,0.0016092118791865247,-0.0006766161357164654,0.0006173126771143283,-0.0009479203742259604,0.9999991312809355,-0.0008327295703890182,0.0003531434564170308,-0.0009076952528085014,0.00010145753436085095,-0.00033011270008868415,0.0003151849371259689,1477,1530
-0.0012154089509726449,0.0009712437204328284,0.0017275889000649318,-0.0007095486774605813,0.0006078149343091814,-0.0009833096806196877,0.9999990801014519,-0.0010027047425349939,0.00045544184907197614,0.0011815210131717927,-0.0006571271324066422,-0.0001898375324470051,-0.0007073454665757382,1477,1530
-0.0011132974484339964,0.0008017095853156779,0.0017984492720365807,-0.0006664966860386209,0.0006240746219145451,-0.0009545749949808562,0.9999991275494248,0.001023433921303165,-0.0016940814152360403,0.0007073352783017482,0.0008602415998770627,0.0003255829343649858,0.0005753619066152333,1477,1530
-0.0011598389950974893,0.0008067724529005361,0.0016067614721062393,-0.0006772347100492069,0.0005896936764091964,-0.0009629733806190933,0.9999991331480151,-0.00034625081087285436,3.910031619725222e-05,-0.0014335296221485584,-0.00015999567113296538,-0.000514165241252626,-0.00012602317826595415,1477,1530
-0.0011598389950974893,0.0008067724529005361,0.0016067614721062393,-0.0006772347100492069,0.0005896936764091964,-0.0009629733806190933,0.9999991331480151,-0.00034625081087285436,3.910031619725222e-05,-0.0014335296221485584,-0.00015999567113296538,-0.000514165241252626,-0.00012602317826595415,1477,1530
-0.0011469843687484185,0.0009629836588673858,0.0016934299586073593,-0.0006719528214655116,0.000631591245970712,-0.0010063031483479486,0.9999990684625039,0.0001247446502423466,0.0015640581855994437,0.0008705511117254914,0.00010553508943728166,0.0008401859847709998,-0.0008675623802619707,1477,1530
-0.0012060212201044519,0.0010217444026523498,0.0018116491464944494,-0.0007156188427344867,0.000632445911475563,-0.0009855189511004398,0.9999990583266746,-0.0004450828117793164,0.0004389182053607024,0.0008872753304402837,-0.0006556438172791434,1.1959560438266008e-05,0.0003115685312496751,1477,1530
-0.0012036931074004067,0.000995526531846504,0.001802322486612611,-0.000696270913402116,0.0006483722849571933,-0.0009913002042881579,0.9999990560716037,1.792285907256321e-05,-0.0001963447148283358,-7.015382472201346e-05,0.0002898105500115979,0.0002390558137132884,-8.629650076169433e-05,1477,1530
-0.0012469546310959214,0.0010953965724077364,0.0017732277319997191,-0.0007344221502869824,0.0006572409721087735,-0.0010064277149837882,0.999999007880339,-0.00043425280421962225,0.0009983255590461236,-0.0002901423719406533,-0.0007630653992262592,0.00017684261826599463,-0.0003029463433891332,1477,1530
-0.0011981765270744037,0.0010245756780728318,0.0018147360483083453,-0.0007187290885044492,0.0006460470599825362,-0.0009912763311192628,0.9999990417110044,0.0004887243641559997,-0.0007079276554924064,0.0004147388618504885,0.00031392838693572407,-0.0002238142325510953,0.0003031093231485347,1477,1530
-0.0012718208617549282,0.0009845476888765332,0.0016934001432106116,-0.0006882244412843767,0.0006405405099107292,-0.000992232355602661,0.9999990657645257,-0.0007341326834570413,-0.00040002034028097273,-0.0012149693073423827,0.0006102569464928383,-0.00010952035997046536,-1.8806316514669948e-05,1477,1530
-0.0012718208617549282,0.0009845476888765332,0.0016934001432106116,-0.0006882244412843767,0.0006405405099107292,-0.000992232355602661,0.9999990657645257,-0.0007341326834570413,-0.00040002034028097273,-0.0012149693073423827,0.0006102569464928383,-0.00010952035997046536,-1.8806316514669948e-05,1477,1530
-0.0012283658996480847,0.001001846349494681,0.0018144994902788436,-0.0007164690009992437,0.0006867969782403455,-0.0010072162840244537,0.9999990002482185,0.0003249455454825621,0.00012931546167863824,0.0009101117585298493,-0.0004248068340871678,0.0006945519496613374,-0.00022486779849767454,1477,1530
-0.0011133650361908516,0.0009723959366381342,0.0016690094427005743,-0.0006697893438214166,0.0006771019409964947,-0.0009715754926052951,0.9999990744777,0.0011526527376054165,-0.00029011546071953454,-0.0014538105952799298,0.0009333456813724008,-0.0001934816249449341,0.0007133545438512451,1477,1530
-0.001168535051520682,0.0010040161546069498,0.0017955544093887043,-0.000739498306484537,0.0006841808466625198,-0.0009941232975809449,0.9999989983783439,-0.0004149878272972468,0.0002347741872304355,0.0009476290602397508,-0.001044171854704038,0.00010526014802736138,-0.00033842157151494804,1477,1530
-0.0011229356662430868,0.0009196834592782205,0.0018233612851696944,-0.0007204417920439147,0.0007188535391756251,-0.000982784339599304,0.9999989991735758,0.0004571894471110114,-0.0008426444569639887,0.0002773856735858001,0.00038020173785743394,0.0006935117599099119,0.0002275024677457458,1477,1530
-0.0010461179496543025,0.0010455571252171686,0.0016031876078864264,-0.0007142663723391918,0.000660173414466496,-0.0009761674415819142,0.9999990505454174,0.0005757539201384806,0.0009460967374155209,-0.0016465589326765892,9.328087257260609e-05,-0.0008788198426453351,9.85338548835198e-05,1477,1530
-0.0010515851834352354,0.0008851721612514013,0.0017840697420636034,-0.0007147474341834126,0.0006871584119574415,-0.0009875489631671125,0.9999990208477534,-5.3962945714601136e-05,-0.001607663287306388,0.0018077219798456052,-1.0005217602568178e-05,0.0005402311881666941,-0.00022741084512814625,1477,1530
-0.0010515851834352354,0.0008851721612514013,0.0017840697420636034,-0.0007147474341834126,0.0006871584119574415,-0.0009875489631671125,0.9999990208477534,-5.3962945714601136e-05,-0.001607663287306388,0.0018077219798456052,-1.0005217602568178e-05,0.0005402311881666941,-0.00022741084512814625,1477,1530
-0.0012328014216510708,0.0009225658074949643,0.0018521155840836457,-0.0007319032507109115,0.0006467169316286597,-0.000956760486096858,0.9999990653416693,-0.0013609681244253365,0.0002771594837961805,0.0005090962847788296,-0.0002571673088947345,-0.000607472061505855,0.00046141882056841915,1477,1530
-0.0011340447510977444,0.0009124733310538162,0.0017323961974306393,-0.0006972184543789946,0.0006403083770117847,-0.0009708586369680359,0.9999990806621345,0.0009894624153868083,-9.729730608164487e-05,-0.0011962518579292933,0.0006941115396720441,-0.00012732147163586262,-0.00028165270909558706,1477,1530
-0.0011851823391061962,0.0009514787382806525,0.001783375528398427,-0.000711565046362003,0.0006559519675815899,-0.0009895978164245296,0.9999990420487215,-0.0003851178206125586,0.0002916627563576298,0.0003827865175668727,-0.0002155432906805994,0.00023496414121744116,-0.0002814491770185834,1477,1530
-0.001158548620668862,0.0009396359665032142,0.001859407753798156,-0.0007094576311364146,0.0006450843989489134,-0.0009747638568606476,0.9999990651852676,0.0001991291295201979,-8.921443312655703e-05,0.0005702284124995103,3.1618586575048544e-05,-0.00016309824293919798,0.0002223564517835285,1477,1530
-0.001158548620668862,0.0009396359665032142,0.001859407753798156,-0.0007094576311364146,0.0006450843989489134,-0.0009747638568606476,0.9999990651852676,0.0001991291295201979,-8.921443312655703e-05,0.0005702284124995103,3.1618586575048544e-05,-0.00016309824293919798,0.0002223564517835285,1477,1530
-0.001110545973832864,0.0009669427508687423,0.0015519757877871603,-0.0006555435300679762,0.0005957162085041116,-0.000971148676270265,0.9999991361271897,0.0004828318362749591,0.0002780098630811344,-0.0030693474535654817,0.0010778074529887726,-0.0009850932568702053,7.220687050737017e-05,1477,1530
-0.0011699079311937315,0.0009947776049004952,0.0017070330838395258,-0.0006810621675319837,0.0006028070815188053,-0.0010112434747702908,0.9999990750818618,-0.00044678989193183525,0.00020627190001526905,0.0011621154383394633,-0.0003823422806752602,0.00010633529613897324,-0.0006012935318985876,1477,1530
-0.0006481751639579131,0.001188188029276048,0.0015222742250492764,-0.0006630760559051285,0.0005082386430764549,-0.0009907051769934595,0.9999991602630854,0.003918075720559306,0.0014627471118080085,-0.0013812331530017687,0.0002714815401464121,-0.001420768224069252,0.00030777136037223756,1477,1530
-0.0008885853894429372,0.0012811710479067597,0.0016914685304585662,-0.0007042130599836274,0.0005161464046823423,-0.0010316846934637018,0.9999990866513561,-0.001803636922340131,0.0006913080320348556,0.0012665657688863939,-0.0006161410338069788,0.00011827506792351324,-0.0006142111927350923,1477,1530
-0.0008931562494877488,0.001381418794998505,0.0016045670757488847,-0.0006815265298700885,0.0005184189887244184,-0.0010260412050495723,0.9999991070009936,-4.688374840642968e-05,0.0010036450751679156,-0.0008676843340378496,0.00045364347107648933,4.5841885488282e-05,0.0001131408098000283,1477,1530
-0.0008924971785877916,0.001346579862004708,0.0016505631318037104,-0.0007171522852088653,0.0005536684867831713,-0.0010116232530617004,0.9999990778806741,6.8373260449411355e-06,-0.00034939701078500065,0.00046001204025445324,-0.0007141947470409094,0.0007048585294940876,0.0002887956117221194,1477,1530
-0.0008511795410312755,0.001251549666224704,0.0015676205636113041,-0.0007000419203353941,0.0005300859269602551,-0.001027775419379963,0.9999990863135351,0.00041602845483351713,-0.0009483012784501146,-0.000830353062921996,0.0003428733812951545,-0.0004710871314145578,-0.0003232013302399013,1477,1530
-0.0009343261452087094,0.0012248384247877022,0.0016636232767181488,-0.0006742552309985368,0.0005474668249354366,-0.0009913666711793756,0.9999991314256629,-0.000831922649160823,-0.00027016255201066326,0.0009587596820858312,0.0005149855287755886,0.0003476339927926004,0.0007286846695104848,1477,1530
-0.0008936679765395704,0.0012377714092946166,0.0015016268392707348,-0.00067565276357479,0.0005300487158080396,-0.0010234511289649864,0.999999107544345,0.0004080304233516026,0.00013230044284480015,-0.0016190828919611583,-2.7249931118984517e-05,-0.00034790100139912524,-0.0006418365650882331,1477,1530
-0.0008936679765395704,0.0012377714092946166,0.0015016268392707348,-0.00067565276357479,0.0005300487158080396,-0.0010234511289649864,0.999999107544345,0.0004080304233516026,0.00013230044284480015,-0.0016190828919611583,-2.7249931118984517e-05,-0.00034790100139912524,-0.0006418365650882331,1477,1530
-0.0009420564366248554,0.0012137371390478937,0.0014313461795287417,-0.0006750665341115026,0.0005084154690084265,-0.0010146819539544542,0.9999991281093277,-0.00036154696034314244,-0.00018006788901498027,-0.0005270936812497326,9.045062598572128e-06,-0.00032418537523452374,0.00013116419939138014,1477,1530
-0.0008295569341664318,0.0012662586072844522,0.0014275418877750443,-0.0006753390554475338,0.0004960691671586584,-0.0009965964893435305,0.9999991523136291,0.0011238409236988404,0.0005274887506938554,-3.6184845724514764e-05,-5.3828502703866485e-06,-0.0002471485897626942,0.0003615002404291954,1477,1530
-0.0007381251749598509,0.0013099506110697567,0.0013761938472611822,-0.0006606351373980298,0.0005013761187680627,-0.0009919695016655345,0.9999991640895048,0.000685229998628615,0.00032946312576415506,-0.0003838547437822688,0.00022036946359824163,7.974974106485344e-05,6.954428573652614e-05,1477,1530
-0.000806240669738011,0.0011646250712246324,0.0015717675413218237,-0.0006862026416507606,0.0005316936410194261,-0.0009925823450180563,0.9999991306036685,-0.000511003702850592,-0.0010946754617937456,0.0014672403260220636,-0.00038458595202565623,0.0004551302079243217,-9.099825306330228e-06,1477,1530
-0.0008987398403104453,0.0011834161761001855,0.0016991678814596396,-0.0006618490487500911,0.0006074342787670601,-0.001007751975678426,0.9999990887072783,-0.0013852871632918024,0.00027553571165203904,0.001903335409981321,0.0007260842714818744,0.00226542824228377,-0.0004515818939976887,1477,1530
-0.0008730519879220055,0.0012580210532174966,0.00176709518223253,-0.0006640152285385856,0.0005881190395779208,-0.001016958194316583,0.9999990894974857,0.0001912422930203905,0.0005602158867321875,0.0005113115079593401,-3.217238001007211e-05,-0.0002901709489976161,-0.00013854397026070384,1477,1530
-0.0008730519879220055,0.0012580210532174966,0.00176709518223253,-0.0006640152285385856,0.0005881190395779208,-0.001016958194316583,0.9999990894974857,0.0001912422930203905,0.0005602158867321875,0.0005113115079593401,-3.217238001007211e-05,-0.0002901709489976161,-0.00013854397026070384,1477,1530
-0.000902519539153518,0.0014301882437316952,0.0018382445494045875,-0.0006796817602731409,0.0005830752633865223,-0.0010285760239648455,0.999999070043219,-0.00022376575377002967,0.001287246666609897,0.00053389253532468,-0.0002343007215811849,-7.56125654745705e-05,-0.00017407132912522873,1477,1530
-0.0009060607493519349,0.0013057254706266854,0.0015798932879518704,-0.0006817056511590439,0.0005673559333601763,-0.0010268164363326459,0.9999990795159034,-2.9792620961963055e-05,-0.0012391495338535544,-0.002581007371151444,-4.010902143295774e-05,-0.00031393711546255973,3.4897398598723846e-05,1477,1530
-0.0009185551875183336,0.0012585605042960382,0.00165382397651609,-0.0006879505076585796,0.0005500542921060078,-0.0010365260386414788,0.999999074888644,-9.365489578911076e-05,-0.00035485639060908676,0.0005541583335431125,-9.336874285209083e-05,-0.0002596465184478268,-0.00014594445528442066,1477,1530
-0.000878345645915842,0.0013688112303635463,0.0016212979222562235,-0.000687506676128779,0.0005432336101815138,-0.001017724644644476,0.9999990982337738,0.00030007294696640776,0.00082769804470627,-0.0002424348615462583,6.607504820948415e-06,-0.00010248002101592761,0.000281906365537356,1477,1530
-0.0009102192604636023,0.0012955648013798337,0.0015544989864204517,-0.0006671207166271013,0.0005168225742866316,-0.001027048261711846,0.9999991165077309,-0.0003169977108274599,-0.0007332986615994177,-0.0006703536461043593,0.00040897550793809995,-0.0005284752909485461,-0.00018689568221844143,1477,1530
-0.0009102192604636023,0.0012955648013798337,0.0015544989864204517,-0.0006671207166271013,0.0005168225742866316,-0.001027048261711846,0.9999991165077309,-0.0003169977108274599,-0.0007332986615994177,-0.0006703536461043593,0.00040897550793809995,-0.0005284752909485461,-0.00018689568221844143,1477,1530
-0.0009497069595301912,0.001322541276900738,0.0015321613431729599,-0.0007224889326027205,0.000494499937795161,-0.001032200121621511,0.9999990840208108,-0.0002968613714662239,0.00020225303734994687,-0.00016782985528139641,-0.0008314318721875441,-0.0003361631671817244,-7.805231376047983e-05,1477,1530
-0.0009453752012146767,0.001400548167062119,0.0014439346009105989,-0.0007143999875740882,0.00046593249439193186,-0.0010223526134065656,0.9999991136669574,4.243055097181541e-05,0.0007787293842283287,-0.0008780499461711602,0.00016171040020519458,-0.0005693483054146064,0.0001959378978287545,1477,1530
-0.0008491929612246191,0.0013406448648919022,0.0013696363038627477,-0.000715832236548496,0.00048443663584752517,-0.0009999969914376836,0.9999991264553034,0.000966975858369747,-0.0005980061966011622,-0.000745436736681923,-2.932970525355038e-05,0.00037097645064398764,0.0004488670497294588,1477,1530
-0.0009411662225422486,0.0011687340306562976,0.0016645162777369788,-0.0007295304389510693,0.0005297314712052421,-0.0009994396964647407,0.9999990941446888,-0.0006876472790095486,-0.001290664353202947,0.0022036010876213554,-0.00020564513131706984,0.0006775253709228537,8.724045454122584e-06,1477,1530
-0.0008284374199485933,0.0011733425157624284,0.0015108352096038417,-0.0007133983446093102,0.0005228929453544504,-0.0009765423883782255,0.9999991320049889,0.0008473853249480617,3.7970359280098406e-05,-0.0011527077354800035,0.00024212252076627274,-0.00010268025312458543,0.00034382611099987345,1477,1530
-0.000946950156183632,0.0011769005575614023,0.0016248578938475283,-0.000701184793771186,0.0005518141411086052,-0.0010053574458905223,0.9999990965483132,-0.0011865153320681986,3.164199157539162e-05,0.001139160055893355,0.000244033630875514,0.0005791371621914802,-0.0005758243089374087,1477,1530
-0.0009658750218349697,0.0013587088688267795,0.0016807922267009147,-0.0007104009991893944,0.0005373827648390646,-0.001058918658227325,0.9999990426202705,-0.00019351011644654927,0.0018168032371928123,0.0005616472171727663,-0.00018343240164322478,-0.0002880435723125899,-0.0010714641693071356,1477,1530
-0.0009658750218349697,0.0013587088688267795,0.0016807922267009147,-0.0007104009991893944,0.0005373827648390646,-0.001058918658227325,0.9999990426202705,-0.00019351011644654927,0.0018168032371928123,0.0005616472171727663,-0.00018343240164322478,-0.0002880435723125899,-0.0010714641693071356,1477,1530
-0.0008376520734530558,0.0011970759533702514,0.0015250937628683403,-0.0006948645275245358,0.0005464492559439233,-0.001016041574011519,0.9999990931075972,0.000966921997077607,-0.0012103378423036079,-0.0011701544177772252,0.00023290245424442945,0.0001359879706469242,0.0006443319087935053,1477,1530
-0.0008869831626937142,0.0012873847055672265,0.0016160155147344015,-0.0007082452785639902,0.0005546564994467145,-0.0010388022372944687,0.9999990558169056,-0.0004955134631276281,0.0008996845350867862,0.0009087852364556575,-0.00026719665560639077,0.00016398291383588125,-0.0004546729023318732,1477,1530
-0.0008845521653751917,0.001301083796864496,0.00151999453931545,-0.0007257786189636778,0.0005558061955087804,-0.0010166938894628642,0.9999990653287644,1.882861764022806e-05,0.00010386734648315181,-0.0007204461637057119,-0.00026336818968897833,1.6747861440237476e-05,0.00033170119286170393,1477,1530
-0.0008979810321695265,0.0013291698156706509,0.0014436586345845043,-0.0007016409086941534,0.0005581213734425961,-0.0010172821716176008,0.9999990806683519,-0.00010027475705284275,0.00021077876481870151,-0.0005709902200759348,0.0003611907962954623,3.5020163405951734e-05,-8.577497305020058e-06,1477,1530
-0.0008979810321695265,0.0013291698156706509,0.0014436586345845043,-0.0007016409086941534,0.0005581213734425961,-0.0010172821716176008,0.9999990806683519,-0.00010027475705284275,0.00021077876481870151,-0.0005709902200759348,0.0003611907962954623,3.5020163405951734e-05,-8.577497305020058e-06,1477,1530
-0.0009308380523476243,0.0012609414904878038,0.0014695281885985598,-0.0006950993700848132,0.0005107641898107712,-0.0010326894077786093,0.9999990947542868,-0.0003279149966201806,-0.0006842432942302178,0.0002577217329606528,0.0001321460627489124,-0.0009480830533274448,-0.00030915614099418534,1477,1530
-0.0008858387003948618,0.0012051118681995693,0.0014425190857123358,-0.0007253689143344349,0.000514797958594,-0.0010109029575347513,0.9999990934486933,0.00033841709485620274,-0.00041755850507449184,-0.00020271519523123034,-0.0004540723750249989,5.9784140172746534e-05,0.0003264629429709484,1477,1530
-0.0007994715770958388,0.0011580671727329929,0.0013976576422302885,-0.0006910174343466985,0.0004835642007030609,-0.0009615687259364274,0.9999991820227417,0.0006498950095601435,-0.0003516228416963958,-0.0003368656472315907,0.0005162261605987469,-0.00046930508641619467,0.0007411754774406276,1477,1530
-0.0007036796133151503,0.0012025133866371332,0.0013593520675484496,-0.0006664582712422403,0.0005149679876098738,-0.0009755771480814949,0.9999991694449403,0.0007171723919833808,0.0003347032713612858,-0.00028577587432570515,0.0003675734473334782,0.00047096370347053944,-0.00020935942479207952,1477,1530
-0.0007036796133151503,0.0012025133866371332,0.0013593520675484496,-0.0006664582712422403,0.0005149679876098738,-0.0009755771480814949,0.9999991694449403,0.0007171723919833808,0.0003347032713612858,-0.00028577587432570515,0.0003675734473334782,0.00047096370347053944,-0.00020935942479207952,1477,1530
-0.0008214597370582301,0.0012710853756932475,0.0013484884036374769,-0.0007196422419194694,0.0005052227263436047,-0.0010172048593901214,0.9999990960792476,-0.0008838666193818333,0.0005124410596966645,-8.166616023597348e-05,-0.0007969328636561004,-0.00014647371433846188,-0.0006246402560946153,1477,1530
-0.0007894253863077004,0.0012663657918875982,0.0013225723427758422,-0.0006730168195608834,0.0005158332396587114,-0.0009888112350620979,0.9999991516080246,0.00032071304747146424,-4.61727901225856e-05,-0.0002589142857763661,0.0009320429217919548,0.00021275791080383515,0.0005685196836507416,1477,1530
-0.000728146748207456,0.0013297186666890205,0.0013451107348291013,-0.0006957407273954985,0.0004882950760970482,-0.0010057688414321282,0.9999991329705213,0.00045920922193196806,0.0004765886154208241,0.00017042420872434114,-0.0003408642391321173,-0.0004139000523697029,-0.00025522634925718995,1477,1530
-0.0006963341208215317,0.0011196002704379959,0.0014847333561870892,-0.000668433229585063,0.0005385938921458193,-0.0009876224531943471,0.9999991438573959,0.0003202233915559306,-0.0020974482877726516,0.0013902769631456457,0.0005436558646149966,0.0010038628685413162,0.0003630229949240404,1477,1530
-0.0008878071229722665,0.0012911515013259134,0.001677296821163652,-0.0006621018330808616,0.0006049072330465799,-0.001059858165028587,0.9999990362040706,-0.0014422529184422983,0.0012837434749507217,0.001446512900588585,9.470973416052625e-05,0.0009969787722214239,-0.0010844089624134634,1477,1530
