Position_X,Position_Y,Position_Z,Orientation_X,Orientation_Y,Orientation_Z,Orientation_W,Twist_Linear_X,Twist_Linear_Y,Twist_Linear_Z,Twist_Angular_X,Twist_Angular_Y,Twist_Angular_Z,Steer_PWM,Throttle_PWM
0.08870157774781139,-0.015334408494221467,0.0,0.0,0.0,0.004464102785057928,0.99999003584352,-0.0024473809821843094,0.0034429114622559526,0.0,0.0,0.0,-0.0013065209183394857,1476,1555
0.08844062843210046,-0.014869516827550657,0.0,0.0,0.0,0.0044339470318750214,0.9999901700085448,-0.003856201411501872,0.007016007023011154,0.0,0.0,0.0,-0.0009057095292974622,1476,1555
0.08858592845846182,-0.013934388926634182,0.0,0.0,0.0,0.004229785107187024,0.9999910544189619,0.004472778901062203,0.009358041782860673,0.0,0.0,0.0,-0.00444692377320478,1476,1555
0.08878407216880278,-0.014426864684652997,0.0,0.0,0.0,0.004334563978906724,0.9999906057334302,0.004392872807966571,-0.011455863012980851,0.0,0.0,0.0,0.006091338561991057,1476,1555
0.0886039870074173,-0.014343622499583524,0.0,0.0,0.0,0.004309120878343824,0.9999907156955288,-0.0026157884109064412,0.0012367498027952306,0.0,0.0,0.0,-0.0007421452938405549,1476,1555
0.08939055613563124,-0.01509241173705074,0.0,0.0,0.0,0.004506526844868459,0.999989845556342,-0.0018606250810465398,-0.0064617467665549,0.0,0.0,0.0,0.003578912639359929,1476,1555
0.08912129104709243,-0.015120190216499272,0.0,0.0,0.0,0.004538681814698989,0.9999897001306488,-0.00808570154000733,-0.0007605674926734045,0.0,0.0,0.0,0.0019294529824781762,1476,1555
0.08879621260511153,-0.01483574170828746,0.0,0.0,0.0,0.00446498071704664,0.9999900319239169,-0.004841360652150929,0.004314481518912985,0.0,0.0,0.0,-0.0022129363292221565,1476,1555
0.08887078091839498,-0.014676887485505483,0.0,0.0,0.0,0.004355648098594712,0.9999905141198296,0.003107203813767984,-0.001300998845746123,0.0,0.0,0.0,0.00033927567469250997,1476,1555
0.08904410503085812,-0.015086334841046168,0.0,0.0,0.0,0.004494487728850461,0.99998989973902,0.003174382541930255,-0.009232032067561038,0.0,0.0,0.0,0.0061772050090757695,1476,1555
0.08889279633132494,-0.01461318697805826,0.0,0.0,0.0,0.00439233755332039,0.9999903536388827,-0.0022080501368521885,0.00712477805105372,0.0,0.0,0.0,-0.003067741304683444,1476,1555
0.08882237711749029,-0.014872489300064943,0.0,0.0,0.0,0.004434351656669397,0.9999901682143605,-0.0024074304198853525,-0.002476750162431081,0.0,0.0,0.0,-0.000576680915044154,1476,1555
0.08881762821737949,-0.014362976874482717,0.0,0.0,0.0,0.004362309433292249,0.9999904850829373,-0.001596883382798643,0.0036003881453693758,0.0,0.0,0.0,-0.0018989272825551335,1476,1555
0.08886119360726948,-0.014419832876212516,0.0,0.0,0.0,0.004418737063743661,0.9999902373337258,0.0006531840386451462,-0.0008680355748169618,0.0,0.0,0.0,0.0017116303725156783,1476,1555
0.08855328316719435,-0.01431486724019524,0.0,0.0,0.0,0.004313990624064971,0.9999906946991535,-0.0021438351153658594,0.0029679877343004595,0.0,0.0,0.0,-0.002350919148834383,1476,1555
0.08878145358553223,-0.014326472294610143,0.0,0.0,0.0,0.004329410927968322,0.9999906280565918,0.0034229636384602614,-0.00020372002693709162,0.0,0.0,0.0,0.000462888856114493,1476,1555
0.08909547006914605,-0.014951627622666872,0.0,0.0,0.0,0.004505904804352451,0.9999898483594192,0.004059203595372521,-0.008968776648372555,0.0,0.0,0.0,0.004008642965621805,1475,1555
0.08909184413949603,-0.014929046268322782,0.0,0.0,0.0,0.0044894547806466475,0.9999899223471067,-5.1222618901059544e-05,0.0003384588584912117,0.0,0.0,0.0,-0.0004924322005792904,1475,1555
0.08876293417059211,-0.014681652855258055,0.0,0.0,0.0,0.004471955096917557,0.9999900007588132,-0.00409485603532783,0.008252401867425659,0.0,0.0,0.0,-0.0005940213262538005,1476,1555
0.08880784564380297,-0.014847182713952571,0.0,0.0,0.0,0.0044546908143345745,0.9999900778156495,-0.0011465323247743396,0.005204145753418618,0.0,0.0,0.0,-0.0033082507995164673,1476,1555
0.08891044945265189,-0.014585221627408277,0.0,0.0,0.0,0.004346910568866616,0.9999905521396221,0.0015704864820984146,0.003906797208329462,0.0,0.0,0.0,-0.0032262119557931266,1476,1555
0.08895231359313456,-0.014319972184630016,0.0,0.0,0.0,0.004401934389279534,0.9999903114398822,0.0014812675299887374,0.002389965446510052,0.0,0.0,0.0,0.0014204278874080404,1476,1555
0.08891264043111916,-0.014275200478497872,0.0,0.0,0.0,0.004333467046618783,0.9999906104875964,-0.0005924560171457755,0.0006805726586144599,0.0,0.0,0.0,-0.002065524185447149,1476,1555
0.08892657198458426,-0.01440631094847425,0.0,0.0,0.0,0.004323361691006665,0.9999906542281727,-0.002177420812126354,-0.0015445113710527178,0.0,0.0,0.0,0.0008145905800953723,1475,1555
0.0891074185368773,-0.015168242545185505,0.0,0.0,0.0,0.0044454623623432655,0.9999901188833742,0.0026091043263756835,-0.011431539978243248,0.0,0.0,0.0,0.0036565101877872462,1476,1555
0.08910466300310432,-0.01547465136064757,0.0,0.0,0.0,0.004569016145496543,0.9999895619912551,-8.216607672902241e-05,-0.00459397519681607,0.0,0.0,0.0,0.003705354264414212,1476,1555
0.08859068744574139,-0.015333325226762463,0.0,0.0,0.0,0.004559122160494339,0.9999896071485572,-0.0030658337098277404,-0.0011752677625908473,0.0,0.0,0.0,0.0006568610661247557,1475,1555
0.08852159377451492,-0.014553387208701843,0.0,0.0,0.0,0.004351207426536257,0.9999905334521579,0.00018182760223882846,0.0027062970744524575,0.0,0.0,0.0,-0.0033276958703029585,1475,1555
0.08865889872284795,-0.014568686630989614,0.0,0.0,0.0,0.004424792099718346,0.9999902105595205,0.002057612295918601,-0.0002474193521143934,0.0,0.0,0.0,0.002207682869420858,1476,1555
0.08865709104629514,-0.015110672325147076,0.0,0.0,0.0,0.0044440912551835035,0.9999901249776998,0.0010594135963907594,-0.001540455964461839,0.0,0.0,0.0,0.0003126806643202151,1476,1555
0.08878413877525823,-0.014598001788830754,0.0,0.0,0.0,0.004392967060963724,0.9999903508736477,0.0008426974401173624,0.0011606840315595294,0.0,0.0,0.0,-0.0008110768703681976,1476,1555
0.08877912690879289,-0.014468224518250037,0.0,0.0,0.0,0.00430441757594782,0.9999907359517546,-5.813890190679961e-05,0.0019494863366790874,0.0,0.0,0.0,-0.002659568170180926,1476,1555
0.08891664115339418,-0.0147068287067265,0.0,0.0,0.0,0.00443694223592787,0.9999901567233525,0.002680134346962239,-0.003969072164932646,0.0,0.0,0.0,0.004747903189766806,1476,1555
0.0890397916252993,-0.014467695242384993,0.0,0.0,0.0,0.004361022518075367,0.999990490696085,0.0012631929316991356,0.00046569116378703397,0.0,0.0,0.0,-0.0019008180973155999,1476,1555
0.0889906421189076,-0.014560315238883483,0.0,0.0,0.0,0.0043438372661628415,0.9999905654943976,-0.0007512551881161475,-0.0013863659976042894,0.0,0.0,0.0,-0.0005168856680061442,1476,1555
0.08885067825702103,-0.014075369580809693,0.0,0.0,0.0,0.004225801128048237,0.9999910712625519,-0.0007096533267293574,-0.0019506270097359405,0.0,0.0,0.0,1.984267397991897e-05,1476,1555
0.08887329293864525,-0.014181502951865467,0.0,0.0,0.0,0.004291859533688048,0.9999907899284588,0.0003254441018491756,-0.0015932970045311257,0.0,0.0,0.0,0.001979889245723923,1476,1555
0.08884391527289655,-0.014099513479473507,0.0,0.0,0.0,0.0042726025201806185,0.9999908723921956,-0.0002076150087388891,-0.001850351305113212,0.0,0.0,0.0,0.000775702411620507,1476,1555
0.08888230697561245,-0.014565845269094971,0.0,0.0,0.0,0.004362873810901584,0.9999904826207648,0.0005174450171922681,-0.007018135171700612,0.0,0.0,0.0,0.0027153188280647227,1476,1555
0.08848068093857947,-0.01417074610166556,0.0,0.0,0.0,0.004256475498567434,0.9999909411671338,-0.0017739350125044295,0.0038268416580597587,0.0,0.0,0.0,-0.0033169550912574056,1476,1555
0.08860498023470212,-0.01438819943639135,0.0,0.0,0.0,0.004326541892700813,0.9999906404738249,0.0018366178571969306,-0.003277488442716886,0.0,0.0,0.0,0.0021019691398370326,1476,1555
0.0886597953398035,-0.014794994935197533,0.0,0.0,0.0,0.004449125149642137,0.999990102593722,-0.0008846262100724595,-0.004691646370355614,0.0,0.0,0.0,0.002601606773879445,1476,1555
0.08889056857227327,-0.015615818466046365,0.0,0.0,0.0,0.004584222320238676,0.9999894923976544,0.0018558581373595772,-0.0015007664829355559,0.0,0.0,0.0,0.0010635918796631308,1475,1555
0.08899585912841423,-0.015272731161372302,0.0,0.0,0.0,0.004525706597915764,0.9999897589374551,0.001626003578956828,0.005130125426001423,0.0,0.0,0.0,-0.0017549809357488484,1475,1555
0.08856734826384587,-0.014672298673313728,0.0,0.0,0.0,0.004417359786488038,0.9999902434186629,-0.00634889478718564,0.009068604803642133,0.0,0.0,0.0,-0.0032519815250559646,1476,1555
0.08882239228924975,-0.014241548603929248,0.0,0.0,0.0,0.004329380786717377,0.9999906281870864,0.0021476995486777997,-0.0023429582639752735,0.0,0.0,0.0,0.0024937536755035837,1476,1555
0.08888927750331897,-0.01506716430620101,0.0,0.0,0.0,0.004477141774899476,0.999989977550539,-0.0014912788974844415,-0.012845167848621882,0.0,0.0,0.0,0.0035054865141263955,1476,1555
0.08895475183793916,-0.015109776969496823,0.0,0.0,0.0,0.004519471875063033,0.999989787134834,0.0009757033732782486,-0.0006475277668273811,0.0,0.0,0.0,0.0012690719200843992,1476,1555
0.08899640446245932,-0.014358162440684809,0.0,0.0,0.0,0.004323351827939019,0.9999906542708146,-0.0015720503670315195,0.00871653871053131,0.0,0.0,0.0,-0.0032813103977086945,1476,1555
0.08865543861654644,-0.014330094560423222,0.0,0.0,0.0,0.004304360797630716,0.9999907361961529,-0.003891313399155583,-0.001817964989018558,0.0,0.0,0.0,0.0008354508225347627,1476,1555
0.08887350190186936,-0.015039121788218946,0.0,0.0,0.0,0.0044851781529987944,0.9999899415378816,0.0031805438702785624,-0.010667439728148709,0.0,0.0,0.0,0.005426743721712994,1476,1555
0.08897804763103524,-0.015511755973239946,0.0,0.0,0.0,0.004592804099270188,0.9999894530196335,0.0018287385192672675,-0.0049681590544280825,0.0,0.0,0.0,0.0019964261764335647,1476,1555
0.08906796502748796,-0.015006728310735138,0.0,0.0,0.0,0.004489560936121054,0.999989921870516,0.0014185363491794236,0.007564029994553891,0.0,0.0,0.0,-0.003097868954640308,1476,1555
0.08903305139032378,-0.01491806496046504,0.0,0.0,0.0,0.004477249181689724,0.999989977069653,0.0011659059700111142,0.0008052388252908631,0.0,0.0,0.0,-1.2567910759367064e-05,1476,1555
0.08882542676400819,-0.014487714852582118,0.0,0.0,0.0,0.004389322560836784,0.9999903668773299,-0.006090834328210961,0.012918993550395412,0.0,0.0,0.0,-0.005256620125344996,1476,1555
0.08929858608984614,-0.013989172957488562,0.0,0.0,0.0,0.004174583600571234,0.9999912863879175,0.0069714992798234595,0.008544586515944428,0.0,0.0,0.0,-0.00788915932755717,1476,1555
0.0892846515612263,-0.014086227493787755,0.0,0.0,0.0,0.004147126508788419,0.9999914006338855,-0.00022071404625533577,-0.001451054785504412,0.0,0.0,0.0,-0.0008220388144757972,1476,1555
0.08938761640441936,-0.014215613367891962,0.0,0.0,0.0,0.004242788242765018,0.9999909993334575,-3.506827119284803e-05,0.0006916051321401132,0.0,0.0,0.0,0.0011932808579715856,1476,1555
0.08933114153663163,-0.01442877201739684,0.0,0.0,0.0,0.004286377221250264,0.9999908134429621,-0.0018154891453852915,-0.0011525750922204475,0.0,0.0,0.0,0.002428854878354178,1476,1555
0.08950777989468872,-0.015266706732846407,0.0,0.0,0.0,0.00443353268124549,0.999990171845686,0.000870291063415437,-0.0014255824212991942,0.0,0.0,0.0,0.0007589917215910494,1476,1555
0.0893839922762006,-0.015119671754172136,0.0,0.0,0.0,0.004423715656517824,0.9999902153220251,-0.0018370655328993513,0.0022217578930769245,0.0,0.0,0.0,-0.0002944944878043657,1476,1555
0.08917031581893793,-0.014669485736960836,0.0,0.0,0.0,0.004285625775029747,0.9999908166636914,-0.0004924144410819188,0.002098244615949668,0.0,0.0,0.0,-0.0013924769484911872,1476,1555
0.08925044148537688,-0.01468007219975799,0.0,0.0,0.0,0.004338501302663111,0.9999905886589368,0.002400839501014619,-0.00033816843733329904,0.0,0.0,0.0,0.0031724025320332785,1476,1555
0.08913914779956693,-0.014541335221167092,0.0,0.0,0.0,0.0042972294865550745,0.9999907668667446,0.0015890582977896646,0.0021093165461440718,0.0,0.0,0.0,0.0003704677652354866,1476,1555
0.08917645955503091,-0.014473476798741104,0.0,0.0,0.0,0.004241273759000334,0.9999910057580024,0.0005685202240769306,0.0010132363864103762,0.0,0.0,0.0,-0.0016790313257800257,1476,1555
0.08963095058932817,-0.015099868324665654,0.0,0.0,0.0,0.0043234916761664376,0.9999906536661861,0.004436643339699541,-0.0062251128268549965,0.0,0.0,0.0,0.0016242489751190994,1476,1555
0.08960277477664734,-0.015117819039452191,0.0,0.0,0.0,0.004324484927557473,0.9999906493713385,0.0015566672496363225,-0.004213043231941437,0.0,0.0,0.0,0.0013076030906624693,1476,1555
0.08948761808128299,-0.014805144400046114,0.0,0.0,0.0,0.004342435299874745,0.9999905715833857,-0.0033733755322150486,0.009409579471911346,0.0,0.0,0.0,0.0010770109115519357,1476,1555
0.08940181223387962,-0.014698195816575011,0.0,0.0,0.0,0.004290972238448646,0.9999907937362468,0.001895307205363162,0.0026482710661922494,0.0,0.0,0.0,-0.002009168061183618,1476,1555
0.08932343364494054,-0.01441449724209283,0.0,0.0,0.0,0.004246924498925885,0.9999909817754861,-0.001140358585705823,0.00427006579903,0.0,0.0,0.0,-0.0013228861722920596,1475,1555
0.08929430671758998,-0.014550598857218535,0.0,0.0,0.0,0.004281854320708272,0.9999908328197695,-0.0009302690790211843,-0.0045402140831064695,0.0,0.0,0.0,0.0024098105622185153,1475,1555
0.08935795974844911,-0.014382372430620158,0.0,0.0,0.0,0.004267468021700336,0.9999908943168851,-0.001962417384623146,0.005258380448659269,0.0,0.0,0.0,-0.0013781203334954496,1475,1555
0.08910161585444369,-0.014236631531766842,0.0,0.0,0.0,0.0042536481444816,0.9999909531978092,-0.0038456654311448137,0.002230046575017171,0.0,0.0,0.0,-0.0004166918727544374,1475,1555
0.08934141272756067,-0.014347405572378378,0.0,0.0,0.0,0.004315328367563538,0.999990688927192,0.003582508122359561,-0.0016920659459940513,0.0,0.0,0.0,0.0018503311590634707,1475,1555
0.08912039889088519,-0.014422670200181573,0.0,0.0,0.0,0.00427637799471172,0.9999908562538191,-0.0023324884001818583,0.0014758507338484552,0.0,0.0,0.0,-0.002098673819479139,1476,1555
0.08899109960629883,-0.014371669019918865,0.0,0.0,0.0,0.004265760902331156,0.9999909016005717,-0.0019348392442403756,0.0007823716575739886,0.0,0.0,0.0,-0.00031883929850057486,1476,1555
0.08947908163810728,-0.014490062400833902,0.0,0.0,0.0,0.004306511593681229,0.9999907269359519,0.00568628488168958,-0.0021805097953278975,0.0,0.0,0.0,0.0013096902553993786,1476,1555
0.08964886117946344,-0.014601035260683265,0.0,0.0,0.0,0.004342351339855262,0.9999905719479766,0.0025239200581184864,-0.0016809102695740333,0.0,0.0,0.0,0.0010716606003344173,1476,1555
0.08940911166847523,-0.014587973706183267,0.0,0.0,0.0,0.004242687186704492,0.9999909997622157,-0.0013702802930659291,0.0004948801933002454,0.0,0.0,0.0,-0.0018336091908142849,1475,1555
0.08920797547196284,-0.014351369868939133,0.0,0.0,0.0,0.004179860037251839,0.9999912643468787,-0.002994980843542491,0.0035842975090002852,0.0,0.0,0.0,-0.0018899813956028532,1476,1555
0.0893487319051223,-0.01466027134898879,0.0,0.0,0.0,0.004333183344375121,0.9999906117169821,0.0032826196047647115,-0.004394859487137209,0.0,0.0,0.0,0.003635963498182334,1476,1555
0.08929065508523938,-0.014735657537896471,0.0,0.0,0.0,0.004280268990375343,0.9999908396067286,-0.0008795560453708776,-0.0011214624478284258,0.0,0.0,0.0,-0.0015849886090430253,1476,1555
0.08919850023520913,-0.014172090902247641,0.0,0.0,0.0,0.0042309544450643026,0.999991049472186,-0.0017875041630767492,0.005066550327615175,0.0,0.0,0.0,-0.0011156956500264804,1476,1555
0.08911491667217512,-0.014192799111972921,0.0,0.0,0.0,0.004217308409466685,0.999991107115348,-0.0012565380460114442,-0.0003000509806523245,0.0,0.0,0.0,-0.00040945023235683804,1475,1555
0.08921475820575026,-0.014998278956168776,0.0,0.0,0.0,0.00434060369414179,0.9999905795354126,0.00022542378757852663,-0.010779333879206545,0.0,0.0,0.0,0.005142247725839249,1476,1555
0.08927115961199478,-0.015073945509452092,0.0,0.0,0.0,0.0043988841421012176,0.9999903248623481,0.0008394562006446914,-0.0011468356811053487,0.0,0.0,0.0,0.001755372629711785,1476,1555
0.08944421202720353,-0.015249347316570166,0.0,0.0,0.0,0.0043985992705800345,0.9999903261154364,-0.0012695036221897398,-0.004254689079234246,0.0,0.0,0.0,0.0016167122503897662,1475,1555
0.0895894761858697,-0.015409427129866331,0.0,0.0,0.0,0.004402440446271515,0.9999903092121029,0.002157193589794212,-0.002419643756131322,0.0,0.0,0.0,0.0001152064328288888,1476,1555
0.08939450544946827,-0.014932021815585995,0.0,0.0,0.0,0.004328581599059555,0.9999906316467871,-0.0065647425788976956,0.0058588544465480435,0.0,0.0,0.0,-0.0053318088912420415,1476,1555
0.0892158247609666,-0.014738545765213417,0.0,0.0,0.0,0.0043828045587335634,0.9999903954659765,-0.0026535794235012984,0.0029236852506331554,0.0,0.0,0.0,0.0016258425241246375,1477,1530
0.08921362844029221,-0.01462706217106364,0.0,0.0,0.0,0.004246888753596143,0.9999909819272945,-0.0012820624206464864,-0.0009299203813264617,0.0,0.0,0.0,-0.0015984777599323085,1477,1530
0.08929231587954857,-0.014368085136072909,0.0,0.0,0.0,0.004229715143241484,0.9999910547148945,0.002444963252241595,0.007807851567726829,0.0,0.0,0.0,-0.0010382543136830543,1477,1530
0.08940181340695973,-0.014344135542713009,0.0,0.0,0.0,0.00426175454462706,0.9999909186828655,0.002422977144538494,-0.0005413344900387058,0.0,0.0,0.0,0.0008892008147623203,1477,1530
0.08939541419394045,-0.014365449135518647,0.0,0.0,0.0,0.0042098894479163235,0.999991138376154,-9.841689253613503e-05,-0.00031792829330990353,0.0,0.0,0.0,-0.0015513515886103712,1477,1530
0.08928773588164414,-0.014494771272611432,0.0,0.0,0.0,0.004233323794444811,0.9999910394446799,-0.0005341276359463721,-0.00011984024006237755,0.0,0.0,0.0,0.00014775220942749696,1477,1530
0.08942469403337855,-0.0144985514783152,0.0,0.0,0.0,0.004234231775380114,0.999991035600456,0.002053654269997947,-7.408861633247037e-05,0.0,0.0,0.0,2.7237493194566062e-05,1477,1530
0.08941089333154156,-0.014444614137729793,0.0,0.0,0.0,0.0043194484069845615,0.9999906711392158,-0.00040064388743572387,0.0016229477923253683,0.0,0.0,0.0,0.005117394439386153,1477,1530
0.08935679338009159,-0.014333578630797521,0.0,0.0,0.0,0.004243445596775806,0.9999909965442025,0.0005005373175498794,0.0025764171881339395,0.0,0.0,0.0,-0.0016255074274744965,1477,1530
0.08924455490889927,-0.014261421428100385,0.0,0.0,0.0,0.0042313365587629175,0.9999910478553928,-0.0022440113245863675,0.001884528552764053,0.0,0.0,0.0,-0.002618689448489135,1477,1530
0.08918654071321655,-0.014252187011333189,0.0,0.0,0.0,0.004231103283335796,0.9999910488424413,-0.0008636677817975336,0.00014497885890481476,0.0,0.0,0.0,-6.955306887108294e-06,1477,1530
0.08928252993725563,-0.014382281158313338,0.0,0.0,0.0,0.004224222679397025,0.9999910779315758,0.0009526502093865864,-0.001314261527487769,0.0,0.0,0.0,-0.00013816458526587797,1477,1530
0.08947586895355136,-0.015086177075778502,0.0,0.0,0.0,0.004374465540094641,0.9999904319798457,0.004207710684660677,-0.00036554450594973646,0.0,0.0,0.0,0.00039705450243461706,1477,1530
0.08909854818977199,-0.015003266331672888,0.0,0.0,0.0,0.0043885755829166165,0.9999903701558096,-0.00564834710072199,0.0012930463428783207,0.0,0.0,0.0,0.0004232778348582346,1477,1530
0.08915050994792777,-0.01463929877137978,0.0,0.0,0.0,0.004285113607820993,0.9999908188585374,0.0008296628082003571,0.00546793629084503,0.0,0.0,0.0,-0.0031126973717247246,1477,1530
0.08927378204640511,-0.014501036809132976,0.0,0.0,0.0,0.004196579921990238,0.9999911943197092,-0.0017665137105821094,0.0018373267363906236,0.0,0.0,0.0,-0.0032009094836526007,1477,1588
0.08912366363403228,-0.014465946615783263,0.0,0.0,0.0,0.004257289642808061,0.999990937701386,-0.0011275832961444327,0.00027357367983588474,0.0,0.0,0.0,0.0009138501380588637,1477,1569
0.08971642020656123,-0.014606352137863715,0.0,0.0,0.0,0.004215656879421817,0.9999911140790577,-0.0014816126836486563,-0.003292807499867387,0.0,0.0,0.0,0.002651417350039558,1477,1569
0.08928402160868665,-0.014823443655293258,0.0,0.0,0.0,0.004222332762869748,0.9999910859132893,-0.024643306775040008,0.0010536141676869512,0.0,0.0,0.0,-0.00017509569439282544,1477,1570
0.08605146114405311,-0.014953700711093088,0.0,0.0,0.0,0.0021524830563968626,0.9999976834056626,-0.04836292508694955,-0.001539855859257952,0.0,0.0,0.0,-0.061916216346435064,1477,1570
0.12625458136317277,-0.016318198503524558,0.0,0.0,0.0,-0.0009566474045210541,0.999999542412767,0.42690531618187066,-0.0033629268435897623,0.0,0.0,0.0,-0.04145615540958508,1477,1570
0.18610948940482192,-0.015093604576736742,0.0,0.0,0.0,-7.420054930334259e-06,0.9999999999724714,0.656790487600548,-0.0033482578693788453,0.0,0.0,0.0,0.017625986426871892,1477,1563
0.23584280104489141,-0.016655462325909236,0.0,0.0,0.0,-0.0001597612144926348,0.9999999872381771,0.7460634375832005,-0.023418786114700628,0.0,0.0,0.0,-0.0045706232925577465,1477,1561
0.3250190856405785,-0.0197661298887078,0.0,0.0,0.0,0.0007190473502872986,0.9999997414854206,0.8348913668923064,-0.015750008880088085,0.0,0.0,0.0,0.03090529960088174,1477,1561
0.43704535501290137,-0.0182016471933982,0.0,0.0,0.0,0.0029247979710374447,0.999995722769267,0.8529534429478809,0.017193082352128672,0.0,0.0,0.0,0.03970553648821114,1477,1561
0.5377717332600798,-0.019010370342755448,0.0,0.0,0.0,0.006878403477208054,0.9999763435029875,0.7338976291590017,-0.021308892024476108,0.0,0.0,0.0,0.06543321328212559,1477,1564
0.5602462063458917,-0.020974985568316885,0.0,0.0,0.0,0.007309949960125779,0.9999732819588634,0.6860865122637172,-0.06949714191357925,0.0,0.0,0.0,0.02638284166745467,1477,1564
0.643790662983476,-0.02118237431101378,0.0,0.0,0.0,0.007600777952254723,0.9999711136700502,0.6121424392443885,0.00015606014864603354,0.0,0.0,0.0,0.023405195228027562,1477,1564
0.6835101362744714,-0.02117271513603687,0.0,0.0,0.0,0.008267863983710197,0.9999658206284587,0.5958297320273668,-0.008913394243610779,0.0,0.0,0.0,0.02001671271538796,1477,1566
0.7462133675816758,-0.023847226847690042,0.0,0.0,0.0,0.0081850599367679,0.9999665018358522,0.6226609356831168,-0.03921788412885156,0.0,0.0,0.0,-0.00641259457955604,1477,1566
0.8359578595784937,-0.02228622305094614,0.0,0.0,0.0,0.008684370206085725,0.9999622901460452,0.695581972061148,0.016109487805712693,0.0,0.0,0.0,0.022929657111493505,1477,1562
0.9302379243674135,-0.02290170265618507,0.0,0.0,0.0,0.010766419808796713,0.999942040422594,0.7186607673266135,-0.03597151813393417,0.0,0.0,0.0,0.030665490306710043,1477,1562
0.9746681671821609,-0.024331618212660038,0.0,0.0,0.0,0.010602230975996685,0.9999437947696519,0.6659838282888219,-0.03580144480452048,0.0,0.0,0.0,-0.004927030082265488,1477,1561
1.0202827069192584,-0.02411395698198982,0.0,0.0,0.0,0.009335307473191508,0.9999564250678031,0.6838121090934552,-0.011238194722202005,0.0,0.0,0.0,-0.03799173001937583,1477,1561
1.106808455876914,-0.022918288711468726,0.0,0.0,0.0,0.011048987036417846,0.9999389580796765,0.6348032266265868,-0.011512710866896272,0.0,0.0,0.0,0.02420841912137355,1487,1561
1.1452454607701879,-0.0247323352638434,0.0,0.0,0.0,0.011090951422952588,0.9999384935067425,0.5758619852484329,-0.03994737138866005,0.0,0.0,0.0,0.0012591157650898856,1487,1561
1.2169826211999333,-0.023408545374857558,0.0,0.0,0.0,0.012116538175297342,0.9999265920569602,0.5262077613699481,0.018688840749850836,0.0,0.0,0.0,0.01661847484041122,1477,1561
1.287000754561948,-0.01950693766685902,0.0,0.0,0.0,0.01447128414427388,0.999895285485043,0.5152910101456208,0.009285822266412563,0.0,0.0,0.0,0.03726177828327161,1477,1561
1.3190186036186937,-0.019390925310320765,0.0,0.0,0.0,0.01602246024899789,0.9998716321446315,0.4800209383431567,-0.012156838327626844,0.0,0.0,0.0,0.046531372773864696,1477,1561
1.3682746966360737,-0.02153109019219685,0.0,0.0,0.0,0.01698447355256993,0.9998557534255339,0.4850664258122281,-0.02782634585430778,0.0,0.0,0.0,0.012889496741647462,1517,1561
1.398845793275826,-0.01946026243032377,0.0,0.0,0.0,0.016247524525000574,0.9998680002614393,0.4585017816759714,0.015440925267621598,0.0,0.0,0.0,-0.022070360714979923,1526,1562
1.46167686087217,-0.01562739613416802,0.0,0.0,0.0,0.01725274420977138,0.9998511603319927,0.4768012756527603,0.018690057397484854,0.0,0.0,0.0,0.03700362072576019,1526,1562
1.5048347143087877,-0.012376160962337292,0.0,0.0,0.0,0.02099095125713355,0.9997796657090604,0.4434694688800428,-0.0013047735029721064,0.0,0.0,0.0,0.07400079009361549,1477,1562
1.5364816480373098,-0.010532227674588664,0.0,0.0,0.0,0.02357335889833688,0.9997221097636333,0.4752659982231324,0.007707110132991289,0.0,0.0,0.0,0.07746196852071631,1477,1561
1.5845126351027379,-0.0075108234591665934,0.0,0.0,0.0,0.026018984315055657,0.9996614489191893,0.461052624727491,0.006499806612376438,0.0,0.0,0.0,0.013962886665223221,1477,1561
1.6480977903119907,-0.002487800545766017,0.0,0.0,0.0,0.02609052655288794,0.9996595842706621,0.48922810305425407,0.012485804218716343,0.0,0.0,0.0,0.002066076001877357,1477,1561
1.6809565889650917,-0.0007179884700574889,0.0,0.0,0.0,0.026793692641110006,0.9996409845712878,0.4932011822737308,0.0008000533573585477,0.0,0.0,0.0,0.021085491468096563,1477,1561
1.7419551035314438,-0.0011740701094371169,0.0,0.0,0.0,0.029188304608328462,0.9995739306695085,0.4591139638210683,-0.0459999806747776,0.0,0.0,0.0,0.037506976241703294,1477,1561
1.7723392665281243,-0.0006814796003241303,0.0,0.0,0.0,0.029038025560962296,0.9995783076235303,0.45806693471773713,-0.019330087097909524,0.0,0.0,0.0,-0.004536527027060964,1477,1561
1.8338399155001537,0.0011754201386121816,0.0,0.0,0.0,0.0295224236542597,0.9995641182543411,0.4688547450487634,-0.01646046976747819,0.0,0.0,0.0,0.0015709107685783494,1477,1562
1.8653564748861602,0.004016767740596163,0.0,0.0,0.0,0.029680995681220564,0.9995594221932839,0.4758935828796007,0.014689607856701595,0.0,0.0,0.0,0.0047738304744889175,1477,1562
1.9313655344176628,0.00666282191741739,0.0,0.0,0.0,0.031019053888433255,0.9995187933680219,0.5059232753346091,-0.03229752769087473,0.0,0.0,0.0,0.018329249379076002,1477,1561
1.982026224980794,0.005550945331854041,0.0,0.0,0.0,0.03150834940178121,0.9995034886972507,0.49705942543783166,-0.04290088584375583,0.0,0.0,0.0,0.004787675227151327,1477,1561
2.013703837143827,0.0051931245129165395,0.0,0.0,0.0,0.03126536116688273,0.9995111190932817,0.48824939526398414,-0.03635480637446785,0.0,0.0,0.0,-0.0075143500402639766,1477,1530
2.0439783322996963,0.007407393548569452,0.0,0.0,0.0,0.030860316014908105,0.9995237070202287,0.45519396680790053,0.004765524675200254,0.0,0.0,0.0,-0.012154243186893387,1477,1530
2.091175425415619,0.011469224866033717,0.0,0.0,0.0,0.031374329140534014,0.9995077045580896,0.4816931730772254,0.013441036472795898,0.0,0.0,0.0,0.019208492709959498,1477,1530
2.1368632841865427,0.014267930797062714,0.0,0.0,0.0,0.03234186345617266,0.9994768650990289,0.44769400756995986,-0.005404792933241337,0.0,0.0,0.0,0.041458940816393376,1477,1530
2.1940213630679013,0.014253157165143462,0.0,0.0,0.0,0.03435486863236978,0.9994096972719709,0.40372574453187726,-0.03277970173388738,0.0,0.0,0.0,0.019846866260736323,1477,1530
2.2377743262745833,0.016713190066537764,0.0,0.0,0.0,0.034564732158635925,0.9994024611190437,0.2877375344099863,-0.004147330866427569,0.0,0.0,0.0,0.00775794570324515,1477,1530
2.2543279093394024,0.017031264490579366,0.0,0.0,0.0,0.03436322704685462,0.999409409915139,0.2477712345629293,-0.012381697929601018,0.0,0.0,0.0,-0.006042190860461293,1477,1530
2.2802152561097633,0.01965168165560065,0.0,0.0,0.0,0.03363407959597053,0.9994342142881301,0.16577612704300212,0.005153743894678852,0.0,0.0,0.0,-0.007661589655984779,1477,1530
2.287694387941573,0.021070737177747517,0.0,0.0,0.0,0.033641683407219125,0.9994339583671992,0.11333303622789818,0.013691566703538025,0.0,0.0,0.0,0.00022818075386669078,1477,1530
2.297495732907837,0.022515994869026678,0.0,0.0,0.0,0.03373334216768483,0.9994308688579705,0.05269503154496571,-0.0006220778952615193,0.0,0.0,0.0,0.007364639259998849,1477,1530
2.29890196013258,0.022312583627872272,0.0,0.0,0.0,0.03365368844979486,0.9994335541964379,0.020839250515448625,-0.0044664275973369146,0.0,0.0,0.0,-0.002390921279171245,1477,1530
2.2962736092652642,0.023537842329597082,0.0,0.0,0.0,0.033450077536479134,0.9994403895744876,-0.03051609523285267,0.012109715470114758,0.0,0.0,0.0,-0.002918941148802058,1477,1530
2.29411047154078,0.02407650442821417,0.0,0.0,0.0,0.0334007159585741,0.9994420404272849,-0.031843125227204075,0.010234214648613297,0.0,0.0,0.0,-0.0014820902594374432,1477,1530
2.294321340377664,0.023110189435099186,0.0,0.0,0.0,0.03331580404334946,0.9994448745183224,-0.010416642040019661,-0.0020142481010584855,0.0,0.0,0.0,0.00032121825269695403,1477,1530
2.294108738610783,0.02322175875786865,0.0,0.0,0.0,0.03323542019614333,0.9994475508221459,-0.0030674463716348003,0.0018803258558699651,0.0,0.0,0.0,-0.002410453217987281,1477,1530
2.294743383612837,0.02321591053591023,0.0,0.0,0.0,0.03329352041651041,0.9994456170789261,0.0066490242364094345,-0.002949933270014167,0.0,0.0,0.0,0.0009074859889211052,1477,1530
2.2948648658247985,0.023323267800919627,0.0,0.0,0.0,0.03331924102402051,0.9994447599430312,0.0019267984974693146,0.0014866266318869065,0.0,0.0,0.0,0.0007726221689955982,1477,1530
2.2950123512968834,0.022904291997487926,0.0,0.0,0.0,0.033286685357209196,0.9994458447449417,0.0033988064368883288,-0.0038232990870550854,0.0,0.0,0.0,-0.00026554397789163304,1477,1530
2.2957506649125112,0.022554431358903036,0.0,0.0,0.0,0.03341186287671945,0.9994416678421544,0.006233831718043762,-0.003247030844243202,0.0,0.0,0.0,8.650743705046754e-05,1477,1530
2.295328566369169,0.02268480626410169,0.0,0.0,0.0,0.03336613090032643,0.9994431956388229,-0.006174938603794801,0.0023695880670281506,0.0,0.0,0.0,-0.0013701077729359784,1477,1530
2.2950097429842633,0.022479968533309823,0.0,0.0,0.0,0.03347382766087515,0.9994395944036488,-0.0062794124964707905,-0.004486419522730328,0.0,0.0,0.0,0.003140186346953585,1477,1530
2.294785793663978,0.02304830698846737,0.0,0.0,0.0,0.03336486466260618,0.9994432379110111,-0.0027818679874841686,0.008732529544678678,0.0,0.0,0.0,-0.0032713875424204516,1477,1530
2.295500857128301,0.022885712581531714,0.0,0.0,0.0,0.033302644461679895,0.9994453130971495,0.0015627954879243447,-4.291286061221757e-05,0.0,0.0,0.0,-0.0022974118163973595,1477,1530
2.2953516090231294,0.022958916333838245,0.0,0.0,0.0,0.033304550774397236,0.9994452495748407,-0.0021797766499370885,0.001255660783345996,0.0,0.0,0.0,5.7727392376398576e-05,1477,1530
2.295080778823088,0.02306133706627641,0.0,0.0,0.0,0.033240015978826795,0.9994473979843699,-0.003953043080762736,0.00180420608438264,0.0,0.0,0.0,-0.001938036967942032,1477,1530
2.295075225646912,0.022821317123650008,0.0,0.0,0.0,0.03334066711138132,0.999444045415534,-0.006411638035306387,-0.0006090822778328887,0.0,0.0,0.0,0.005065871085439433,1477,1530
2.2952251578150484,0.022869241462599943,0.0,0.0,0.0,0.03332179858219495,0.9994446746765163,0.0007875721365765341,-4.3671801247596994e-05,0.0,0.0,0.0,0.0005634708683680618,1477,1530
2.2951192631836084,0.022821631519981508,0.0,0.0,0.0,0.03335598528470938,0.9994435342958031,-0.00329490186852794,-0.0012246725957504052,0.0,0.0,0.0,0.0020711908755210117,1477,1530
2.2948888421856277,0.023098140562946796,0.0,0.0,0.0,0.033241513609352236,0.9994473481744595,0.0007973063731787166,0.0006944240012953441,0.0,0.0,0.0,-0.0017630536840013008,1477,1530
2.294806755323219,0.023257496351688448,0.0,0.0,0.0,0.03320750413181082,0.9994484787468215,-0.0014794141722854143,0.002826458362244628,0.0,0.0,0.0,-0.0021461411984236077,1477,1530
2.294877994757828,0.02321565390980962,0.0,0.0,0.0,0.03322608157729256,0.9994478613229502,0.0010221762601875428,-0.000695552692011249,0.0,0.0,0.0,0.0005563264963107838,1477,1530
2.295409490599541,0.022546930537863975,0.0,0.0,0.0,0.03342722880554312,0.9994411540327834,-0.0008595135267716192,-0.0061373535072899955,0.0,0.0,0.0,0.0038395830987267925,1477,1530
2.295439420569616,0.022661705060401594,0.0,0.0,0.0,0.033382049951389,0.9994426640588459,0.0028979503187700263,0.004279344673475256,0.0,0.0,0.0,-0.003245432421820031,1477,1530
2.295571912580465,0.022687565922506574,0.0,0.0,0.0,0.033416228881276114,0.9994415218747689,0.002006387274800124,0.00025412664952765527,0.0,0.0,0.0,0.0010246901536216818,1477,1530
2.2955997541000936,0.02281011128079315,0.0,0.0,0.0,0.033421552146134424,0.9994413438777402,0.00041069897303171085,0.0007002279385400571,0.0,0.0,0.0,0.0009329851835219559,1477,1530
2.2953351645982445,0.022959459281628902,0.0,0.0,0.0,0.03334696296219746,0.9994438353710516,-0.003804134808346497,0.0024963004214363124,0.0,0.0,0.0,-0.0022352911660451125,1477,1530
2.295096795196451,0.023036365442844407,0.0,0.0,0.0,0.03332412134808026,0.9994445972320719,-0.0022632068627447617,0.0035906027561467637,0.0,0.0,0.0,-0.0017578702215979407,1477,1530
2.295086251007601,0.02317796580304367,0.0,0.0,0.0,0.03334520767191703,0.999443893935681,-1.6303435063424627e-05,0.0021264954542861906,0.0,0.0,0.0,0.0006319524694380993,1477,1530
2.29490556413412,0.023130521770363337,0.0,0.0,0.0,0.033323287822034336,0.9994446250236828,-0.002761804851689989,-0.0005313693276739758,0.0,0.0,0.0,-0.0006603748220492864,1477,1530
2.2949265947198842,0.022935809205023767,0.0,0.0,0.0,0.03335548753246283,0.9994435509079398,-0.000828196775995419,-0.0012253451638314311,0.0,0.0,0.0,0.0027232580490405903,1477,1530
2.294925107176512,0.02280564750747249,0.0,0.0,0.0,0.03335022929906489,0.9994437263826812,-0.0001818491612539442,-0.0032993018876617025,0.0,0.0,0.0,0.0024807516761419096,1477,1530
2.2949850738473807,0.022801854156719772,0.0,0.0,0.0,0.03335523724410356,0.9994435592610468,0.0008931254532387441,-0.0001166615499686953,0.0,0.0,0.0,0.00015022433805413993,1477,1530
2.2951335882988886,0.023015024886692284,0.0,0.0,0.0,0.03338385913145732,0.9994426036293885,0.0025424748835896666,0.002862384650498247,0.0,0.0,0.0,0.00012299082056289694,1477,1530
2.2952413709840758,0.022836379304664457,0.0,0.0,0.0,0.033403058909554015,0.9994419621246072,0.0012917174544840474,-0.002306248568870702,0.0,0.0,0.0,0.0011850791345511607,1477,1530
2.2947563263459867,0.02302171114986135,0.0,0.0,0.0,0.03338341794025309,0.9994426183661703,-0.014179681737110221,0.006533890747370897,0.0,0.0,0.0,-0.0011817866000202297,1477,1530
2.2951455495030793,0.022641938143336596,0.0,0.0,0.0,0.033424559349371497,0.9994412433116318,0.00399182062248527,-0.003259802803204281,0.0,0.0,0.0,0.0016381376444449544,1477,1530
2.2954149379474504,0.022171636742365997,0.0,0.0,0.0,0.03357630766211739,0.9994361568223249,0.0035613097313867857,-0.007310451099202483,0.0,0.0,0.0,0.0045560767587856455,1477,1530
2.29520128908015,0.022310053477940843,0.0,0.0,0.0,0.03352864935478907,0.9994377567775011,0.0004502593465694667,-0.004044872819900801,0.0,0.0,0.0,0.0022495801515229016,1477,1530
2.295323427464841,0.022614618818513343,0.0,0.0,0.0,0.033342023308501674,0.9994440001729439,0.0021348922187803244,0.004436998765255221,0.0,0.0,0.0,-0.005603902875750197,1477,1530
2.2954180930785,0.023013928881794567,0.0,0.0,0.0,0.03340752479149808,0.9994418128572096,-0.0019883019189579788,0.0058633892685209625,0.0,0.0,0.0,0.00018029112981006844,1477,1530
2.2955323713905136,0.02284497113693094,0.0,0.0,0.0,0.033362618144927615,0.999443312904997,0.0015443677617341916,-0.002648766783285029,0.0,0.0,0.0,-0.001350800984318184,1477,1530
2.294947355287659,0.022140598065519584,0.0,0.0,0.0,0.03352548252869423,0.9994378630116122,-0.0017414471743234386,-0.008538062005734098,0.0,0.0,0.0,0.006015991708762718,1477,1530
2.295047287181692,0.022706833855742382,0.0,0.0,0.0,0.03343380943279772,0.9994409339159624,0.0020648711336937655,0.008374327619629751,0.0,0.0,0.0,-0.002751845572080954,1477,1530
2.2954498813314377,0.022811064791304486,0.0,0.0,0.0,0.033321527410133035,0.999444683717441,0.006133363436892551,0.0011570404925267438,0.0,0.0,0.0,-0.0033722439100695957,1477,1530
2.294988941218358,0.022928933179158513,0.0,0.0,0.0,0.033386438857966716,0.9994425174567986,-0.001988414292767548,0.0017832823747499053,0.0,0.0,0.0,0.003772399225125415,1477,1530
2.29496482893067,0.022992629811058606,0.0,0.0,0.0,0.03330938179382581,0.999445088578914,-0.00029664676261984625,0.0009759147803732422,0.0,0.0,0.0,-0.0023093496311064206,1477,1530
2.2952260689257082,0.022863560929348034,0.0,0.0,0.0,0.033355834205415553,0.9994435393379962,-0.001364373275822813,-0.005070080771222842,0.0,0.0,0.0,0.0021900780329245934,1477,1530
2.295134675253711,0.02280768623689176,0.0,0.0,0.0,0.033448569267141376,0.9994404400533237,-0.001422491126503432,-0.000744199733217991,0.0,0.0,0.0,0.002781171600979551,1477,1530
2.2953601179562524,0.022678529043801406,0.0,0.0,0.0,0.03343782889130443,0.9994407994468886,0.003928308610627521,-0.0028971170931601695,0.0,0.0,0.0,0.0030283005054277273,1477,1530
2.295441267960431,0.022733186496490324,0.0,0.0,0.0,0.03334175584763284,0.9994440090955555,0.001268958214670969,0.0007364559849389207,0.0,0.0,0.0,-0.0028829632383215163,1477,1530
2.2948228413627603,0.02326837255310271,0.0,0.0,0.0,0.03327505985483603,0.9994462318662556,-0.010771201764679694,0.00800770247007823,0.0,0.0,0.0,-0.002658918250620452,1477,1530
2.2946314369985696,0.023220678560617897,0.0,0.0,0.0,0.03331932083162834,0.9994447572824218,-0.0041466892418018705,0.0008780817729623159,0.0,0.0,0.0,0.0022949873028191236,1477,1530
2.2947491568887757,0.022799102752874355,0.0,0.0,0.0,0.033311295801450445,0.9994450247872707,0.0013408672455957494,-0.0064279406826534555,0.0,0.0,0.0,-0.00024091232746423943,1477,1530
2.2948632770138686,0.02271918310848132,0.0,0.0,0.0,0.03334315117744368,0.9994439625459539,0.0019530215515778568,-0.0018013325416357574,0.0,0.0,0.0,0.0017986605664655326,1477,1530
2.294972416752063,0.0229529369522226,0.0,0.0,0.0,0.033337904318705355,0.9994441375763014,0.0007454436973295324,0.0007083177983087434,0.0,0.0,0.0,-2.4160390333128567e-05,1477,1530
2.295035482545686,0.022922432290458126,0.0,0.0,0.0,0.03329324108514502,0.99944562638397,0.0009126347616507619,-0.000519161302730603,0.0,0.0,0.0,-0.001339529410829753,1477,1530
2.2986567420492148,0.02193158416080283,0.0,0.0,0.0,0.0334256798162923,0.9994412058389521,0.10066271740929184,-0.03523419160342019,0.0,0.0,0.0,0.006401007822274593,1477,1530
2.2975902415375553,0.022287459683848303,0.0,0.0,0.0,0.033393754017530045,0.9994422730666422,-0.015590988538672058,0.006389279744838659,0.0,0.0,0.0,-0.0009574424632720946,1477,1530
2.2955698428210662,0.022686086823794124,0.0,0.0,0.0,0.03336925998750545,0.9994430911702208,-0.015512759084675354,0.005311122273504825,0.0,0.0,0.0,-0.001038469139549509,1477,1530
2.295085973996152,0.02303113778089097,0.0,0.0,0.0,0.033216865879169485,0.999448167651112,-0.0006487618114927902,0.0009737049640942696,0.0,0.0,0.0,-0.0016649277143651014,1477,1530
2.2953009635490482,0.02304033539154452,0.0,0.0,0.0,0.03321624821404912,0.9994481881791485,0.0032264356812816957,-7.644973620770787e-05,0.0,0.0,0.0,-1.8537589231636203e-05,1477,1530
2.2952164772214645,0.022981821813247115,0.0,0.0,0.0,0.03321894754906589,0.9994480984642136,-0.0013213910513048728,0.0009400547839405684,0.0,0.0,0.0,-0.0018116990197631928,1477,1530
2.295680779615341,0.02289615076815958,0.0,0.0,0.0,0.033262054960252606,0.9994466647599667,0.0068437829756383215,-0.001739586288662326,0.0,0.0,0.0,0.0012901572279159748,1477,1530
2.295942491915599,0.02233463065866219,0.0,0.0,0.0,0.033390653620564044,0.9994423766534974,0.0009438418064595178,-0.003882255819276283,0.0,0.0,0.0,0.003018977683673924,1477,1530
2.2955014144256913,0.02289603925392293,0.0,0.0,0.0,0.03321215017029874,0.9994483243675311,-0.003440965645508554,0.00031113716751619657,0.0,0.0,0.0,-0.003206770486404575,1477,1530
2.295555381730461,0.02288488848185086,0.0,0.0,0.0,0.03327459037181581,0.9994462474968765,0.0007970460328401472,-0.00022075213142733275,0.0,0.0,0.0,0.0018752452197764598,1477,1530
2.295280750133424,0.022900953099617524,0.0,0.0,0.0,0.033200611687328636,0.9994487077302103,-0.0026314452634683887,0.0009702789136453072,0.0,0.0,0.0,-0.0028274555350671707,1477,1530
2.2952751710832446,0.022901255722560618,0.0,0.0,0.0,0.03324833092882692,0.9994471214078547,-0.00016635676821274514,2.0160977747449543e-05,0.0,0.0,0.0,0.002863991429540049,1477,1530
2.2954903638924504,0.022832341907824582,0.0,0.0,0.0,0.03323483971395849,0.9994475701252105,0.004322774517154368,-0.0029216619952644406,0.0,0.0,0.0,-0.0014335334945256985,1477,1530
2.2954944647200115,0.02284959748480376,0.0,0.0,0.0,0.033273586369249486,0.9994462809226557,7.850645114969223e-05,0.0002539646205849987,0.0,0.0,0.0,0.0011620783825823948,1477,1530
2.2953388245460093,0.0229130193735977,0.0,0.0,0.0,0.033226427823365774,0.9994478498121343,-0.00226672671142778,0.001104773210694223,0.0,0.0,0.0,-0.0014158930495653346,1477,1530
2.2951668819192195,0.022983280810131505,0.0,0.0,0.0,0.03324354930293603,0.9994472804654296,-0.0010938862933787387,-6.171374249786256e-05,0.0,0.0,0.0,-8.547518293625491e-05,1477,1530
2.295419276664106,0.02288390006638944,0.0,0.0,0.0,0.033268999850149326,0.9994464336066095,0.0036930455978838326,-0.0017458708038266197,0.0,0.0,0.0,0.0007669608093375989,1477,1530
2.295899231229553,0.022572935572903935,0.0,0.0,0.0,0.033316875086308144,0.9994448388152711,0.0038916821761628994,-0.0022079748846820487,0.0,0.0,0.0,0.00019995474648102922,1477,1530
2.295903700477714,0.022767434779107656,0.0,0.0,0.0,0.03327090135959762,0.9994463703084423,-0.0021952883651390398,0.0010859527264624128,0.0,0.0,0.0,-0.0046665094337302974,1477,1530
2.2956412193177087,0.022881087764881472,0.0,0.0,0.0,0.033214727224584795,0.9994482387274473,-0.0038106459482830693,0.00196056137031729,0.0,0.0,0.0,-0.0016841770717865153,1477,1530
2.2952391362704305,0.023030700635478223,0.0,0.0,0.0,0.03318033264708277,0.9994493811721678,-0.003142336908585498,0.0018137569417253732,0.0,0.0,0.0,0.00017142023118253013,1477,1530
2.295637525980633,0.022589703874907312,0.0,0.0,0.0,0.0332597290422891,0.9994467421649007,0.0043766242313326926,-0.006969899568029288,0.0,0.0,0.0,0.0013241881671992907,1477,1530
2.2953234731066834,0.022920458355356176,0.0,0.0,0.0,0.03322224777648816,0.9994479887681388,-0.004374378770125072,0.005268162712942927,0.0,0.0,0.0,-0.001126050645054167,1477,1530
2.2958283482306494,0.022821891292512553,0.0,0.0,0.0,0.03323720399816216,0.9994474915023723,0.00458781067630709,-0.0008875129910559332,0.0,0.0,0.0,-0.000710154779793646,1477,1530
2.295532201494982,0.022837184081975194,0.0,0.0,0.0,0.033235408715459866,0.999447551203922,-0.003319161342907005,0.0013085221276117874,0.0,0.0,0.0,0.0009014207902999435,1477,1530
2.295232558027534,0.022998657703360088,0.0,0.0,0.0,0.03320667775488212,0.999448506203538,0.0027503597963612503,2.918033415366265e-05,0.0,0.0,0.0,-0.001308134155430965,1477,1530
2.295300076845021,0.023026042394979133,0.0,0.0,0.0,0.03328712451875512,0.9994458301185076,0.0010380115218216687,0.00034270441502272435,0.0,0.0,0.0,0.002415196743632168,1477,1530
2.2959055956092373,0.022720428149561156,0.0,0.0,0.0,0.03329886027631461,0.9994454391832995,0.004195645552441008,-0.004866002474345872,0.0,0.0,0.0,0.0038856951600861507,1477,1530
2.2956852209276875,0.02293410836266565,0.0,0.0,0.0,0.0332727898590167,0.9994463074397733,-0.0030785607224759,0.0034110420225102163,0.0,0.0,0.0,-0.0007809257276251982,1477,1530
2.295621009912,0.022891527407456733,0.0,0.0,0.0,0.03329408405774115,0.999445598302757,-0.002953164262602796,-0.00044642213374670867,0.0,0.0,0.0,-0.000317979492054799,1477,1530
2.2950548126828005,0.022789097242579107,0.0,0.0,0.0,0.03328781678217354,0.999445807062032,-0.0036348625528796583,-0.0029924445542654867,0.0,0.0,0.0,0.001090014486522536,1477,1530
2.295355412865584,0.022551021617562582,0.0,0.0,0.0,0.03332586632620882,0.9994445390483695,0.004180109086451329,-0.0037895556212472125,0.0,0.0,0.0,0.001120335083888443,1477,1530
2.2953020359681116,0.022966108847100666,0.0,0.0,0.0,0.03327868957191815,0.9994461110136833,-0.00579197890852034,0.0066472851305098245,0.0,0.0,0.0,-0.0006795510605969618,1477,1530
2.2953312039053544,0.022976832836062413,0.0,0.0,0.0,0.03323342821314301,0.9994476170611454,-0.0017304781156435927,0.0010820688095388867,0.0,0.0,0.0,-0.0022540548430562287,1477,1530
2.295489195507387,0.022969969447953258,0.0,0.0,0.0,0.033215186754686946,0.9994482234557482,0.0019937956518498805,-0.0001359566493512575,0.0,0.0,0.0,-0.002754761577898213,1477,1530
2.295739523885937,0.022710189641026772,0.0,0.0,0.0,0.03328208942649113,0.9994459978024861,0.0034942488236755194,-0.004144904809660498,0.0,0.0,0.0,0.002011831874729834,1477,1530
2.2956842043124093,0.02249660858676915,0.0,0.0,0.0,0.0333403672202926,0.9994440554196198,-0.001041006571787737,-0.003141163095226538,0.0,0.0,0.0,0.0017491646969010563,1477,1530
2.2954872246504148,0.022412711966687003,0.0,0.0,0.0,0.03337035201806708,0.9994430547090666,-0.0014484190849191293,-0.005018899772928037,0.0,0.0,0.0,0.0019270469343991051,1477,1530
2.2953439402505205,0.022917122254009686,0.0,0.0,0.0,0.03335212504268299,0.9994436631222079,-0.005461125352724189,0.01347242604901482,0.0,0.0,0.0,-0.0019841030883779517,1477,1530
2.295789995218945,0.022867269874823012,0.0,0.0,0.0,0.033280673204446325,0.9994460449624376,0.0031194307966509382,0.0004848941825675808,0.0,0.0,0.0,0.0006239348974903652,1477,1530
2.2958724028944983,0.02251113505722524,0.0,0.0,0.0,0.03335320003226249,0.9994436272484846,0.000877865590527838,-0.005411581696360058,0.0,0.0,0.0,0.002176676046088195,1477,1530
2.295272785018246,0.0229681309769842,0.0,0.0,0.0,0.033294597868536537,0.9994455811862757,-0.006196630288375455,0.004451462711455064,0.0,0.0,0.0,0.00045750617841554833,1477,1530
2.2953226922234578,0.023009429189017803,0.0,0.0,0.0,0.03323919402795335,0.999447425320798,0.0007882308959124778,0.0005683179807387192,0.0,0.0,0.0,-0.0016631521217170258,1477,1530
2.2955685884529684,0.02272079527726309,0.0,0.0,0.0,0.033310038029359404,0.9994450667077619,0.0029807140149943267,-0.0028334175926131517,0.0,0.0,0.0,0.002890696911005392,1477,1530
2.2957687095028856,0.022612191028526494,0.0,0.0,0.0,0.03325391750075612,0.999446935545281,0.0002030990243371228,-9.1918446054998e-05,0.0,0.0,0.0,-6.287325837583652e-05,1477,1530
2.2958781248724827,0.022792528619768045,0.0,0.0,0.0,0.03328493025534149,0.9994459031973152,-7.89181242904503e-05,0.0017643837131227208,0.0,0.0,0.0,0.0005664064829967706,1477,1530
2.295773235883303,0.02279628655999543,0.0,0.0,0.0,0.033260370164696254,0.9994467208293334,-0.00156618442061161,0.00016093169992953608,0.0,0.0,0.0,-0.0007372514528969934,1477,1530
2.296012572875961,0.022547282657478598,0.0,0.0,0.0,0.0332869871756829,0.9994458346927891,0.0017198898907820213,-0.004917057596921653,0.0,0.0,0.0,-3.133589698773709e-05,1477,1530
2.295728959537163,0.02281674500901128,0.0,0.0,0.0,0.03321477933693867,0.9994482369955927,-0.003966829295881106,0.004306264989798901,0.0,0.0,0.0,-0.002162524741468072,1477,1530
2.295478846387416,0.02305147808613315,0.0,0.0,0.0,0.033230952783683584,0.9994476993705517,0.0017646067552160366,0.00013071145542329284,0.0,0.0,0.0,0.00020865567276312632,1477,1530
2.2979372905537336,0.02202085411313364,0.0,0.0,0.0,0.03339585421812827,0.9994422028917137,0.037001309398025074,-0.0080330327362435,0.0,0.0,0.0,0.0019408244051384315,1477,1530
2.297460426339903,0.02188940565177288,0.0,0.0,0.0,0.03339642276420076,0.9994421838938733,-0.014539585534262978,-0.002980150248932098,0.0,0.0,0.0,3.413726525699476e-05,1477,1530
2.2957205540782937,0.02207924494186287,0.0,0.0,0.0,0.03337464783749542,0.9994429112669333,-0.016922510540270583,0.0067530395900439735,0.0,0.0,0.0,-0.0030684404350420883,1477,1530
2.2956969906724467,0.02216028059479626,0.0,0.0,0.0,0.0333894936140975,0.9994424154078083,-0.00027163256041318103,0.0012366784427638895,0.0,0.0,0.0,0.00044571971766420857,1477,1530
2.2957977115802066,0.022401083417627983,0.0,0.0,0.0,0.03332953849764323,0.9994444165953073,0.0015121181644469912,0.0012555701193387317,0.0,0.0,0.0,-0.0003365558734437294,1477,1530
2.2961035323432264,0.022445773873045607,0.0,0.0,0.0,0.03329876845570612,0.9994454422425134,0.004629882576499292,0.0003638882357603127,0.0,0.0,0.0,-0.0009252330867166264,1477,1530
2.2958410141083454,0.02230256638308159,0.0,0.0,0.0,0.03332811963962551,0.99944446391047,-0.004240478697802818,-0.00633752192322142,0.0,0.0,0.0,0.0038127235572449356,1477,1530
2.2960020613012078,0.022471770800411888,0.0,0.0,0.0,0.03333275654783203,0.9994443092743702,0.0025826277582359815,0.0023744396322699546,0.0,0.0,0.0,0.00013935738216702616,1477,1530
2.2958197044175734,0.022209399603072836,0.0,0.0,0.0,0.033396574324479796,0.9994421788294656,-0.003776901546571623,-0.004337671905446643,0.0,0.0,0.0,0.0031627332560771534,1477,1530
2.295682952614374,0.022170681267628858,0.0,0.0,0.0,0.03330671148339152,0.9994451775711173,-0.0029635018068960117,0.0007920940300862124,0.0,0.0,0.0,-0.0006394932987265225,1477,1530
2.295818862282594,0.022029309437299936,0.0,0.0,0.0,0.03349223534151925,0.9994389777129108,0.0017473005360183064,-0.0013593245024691772,0.0,0.0,0.0,0.0024130763318586453,1477,1530
2.2957121300896137,0.02212851253897045,0.0,0.0,0.0,0.03334776392721631,0.9994438086461163,-0.0014982130386441404,0.0015923587257238722,0.0,0.0,0.0,-0.0043378445052742855,1477,1530
2.2956745947632244,0.021704802556326095,0.0,0.0,0.0,0.03343218977070777,0.9994409880964135,-0.0038960019161924284,-0.008043325896869112,0.0,0.0,0.0,0.00299025705457698,1477,1530
2.2957556991912393,0.021479136679707352,0.0,0.0,0.0,0.03347369434397347,0.9994395988687692,0.0009898902721676675,-0.003466607287823076,0.0,0.0,0.0,0.0012486752352832901,1477,1530
2.29613649187363,0.021621474160735572,0.0,0.0,0.0,0.0334224210272798,0.9994413148217735,0.0058410414011179764,0.0017478248379445235,0.0,0.0,0.0,-0.0015388221532273503,1477,1530
2.2960778992804314,0.021473336060006884,0.0,0.0,0.0,0.03345270302483896,0.9994403016990719,-0.0010329848220737353,-0.0014227009760002473,0.0,0.0,0.0,0.00031418380646740327,1477,1530
2.2956839050306868,0.02212777699982988,0.0,0.0,0.0,0.03345674320594849,0.9994401664602295,-0.0013212234143478861,0.002508915919494836,0.0,0.0,0.0,0.0021665664784024144,1477,1530
2.295578396701506,0.02223066143791099,0.0,0.0,0.0,0.03331698411930833,0.9994448351806086,-0.0005524583799734836,0.0010386008126255276,0.0,0.0,0.0,-0.0029343013470875695,1477,1530
2.295660700613571,0.022224204085421598,0.0,0.0,0.0,0.03324433429723658,0.9994472543546926,0.0012279029251513129,-0.0001792332441115513,0.0,0.0,0.0,-0.0021852151401926113,1477,1530
2.2961583912703007,0.021855022163551754,0.0,0.0,0.0,0.03340160968445576,0.9994420105591356,0.007070013463477674,-0.006012346912642149,0.0,0.0,0.0,0.004713647963164332,1477,1530
2.296049134583763,0.021856433144412796,0.0,0.0,0.0,0.03342839194760044,0.9994411151297496,0.003791096041082307,-0.0037943026036848316,0.0,0.0,0.0,0.0022306776421513607,1477,1530
2.2959303578439343,0.02207084419679021,0.0,0.0,0.0,0.033389671053468885,0.9994424094798765,-0.0015625716095319818,0.003327610868432523,0.0,0.0,0.0,-0.0011621303832926896,1477,1530
2.295755594626432,0.022109898755887997,0.0,0.0,0.0,0.033286027363587004,0.9994458666592956,-0.00026854998309175365,-0.0005368899201982886,0.0,0.0,0.0,-0.0002851000484034404,1477,1530
2.295693617206098,0.022123074798832,0.0,0.0,0.0,0.033316517279867244,0.9994448507428212,-0.0009128992690228294,0.0002586182057646403,0.0,0.0,0.0,0.0009136518905252661,1477,1530
2.2959925346507237,0.02203666147273028,0.0,0.0,0.0,0.03338526822064283,0.9994425565613242,0.002817960827809583,-0.0017185711731241362,0.0,0.0,0.0,0.00020587168688675895,1477,1530
2.2957681642119896,0.022148567353936287,0.0,0.0,0.0,0.0333821952949107,0.999442659204265,-0.003237860886792253,0.0018946571297414631,0.0,0.0,0.0,-9.200686801683639e-05,1477,1530
2.2962790499763033,0.02231721763931956,0.0,0.0,0.0,0.03328443072163218,0.9994459198333528,0.006574444811027059,-1.4188701828832143e-06,0.0,0.0,0.0,0.0004759727420648705,1477,1530
2.295898543871056,0.02219340451110165,0.0,0.0,0.0,0.033309304602480265,0.9994450911515345,-0.005818479120562441,-0.0014733372015994243,0.0,0.0,0.0,0.0007466266946649209,1477,1530
2.2956608061754773,0.02246298682688911,0.0,0.0,0.0,0.03332473744576912,0.9994445766895584,-0.001628569207907918,0.0037599179175884243,0.0,0.0,0.0,-0.0013383549642928102,1477,1530
2.296342480987088,0.021730546084315912,0.0,0.0,0.0,0.03335562052886432,0.9994435464693012,0.006376031921536634,-0.011753893815377486,0.0,0.0,0.0,0.0014480824214650105,1477,1530
2.295915656692091,0.02204996982328812,0.0,0.0,0.0,0.03349003838349217,0.9994390513328325,-0.006059085114741266,0.00519935141830321,0.0,0.0,0.0,0.004028424950707609,1477,1530
2.2957907742526715,0.02220782296152919,0.0,0.0,0.0,0.03331281906581041,0.9994449740160228,0.0013999008988019198,0.001278238915569666,0.0,0.0,0.0,-0.0032441032475116907,1477,1530
2.295103363542768,0.02252742742085953,0.0,0.0,0.0,0.03331541496461002,0.9994448874879174,-0.009885659132040356,0.005424279084851003,0.0,0.0,0.0,7.726845567948834e-05,1477,1530
2.2952628031661306,0.02221642883703284,0.0,0.0,0.0,0.03333277305868313,0.9994443087237119,0.005825722611578115,-0.005120176467861428,0.0,0.0,0.0,-0.0023295172425256178,1477,1530
2.295629984071711,0.022021098241306665,0.0,0.0,0.0,0.03337961952639362,0.9994427452336994,0.005299196021545892,-0.003289760880854028,0.0,0.0,0.0,0.0014058953507746674,1477,1530
2.2959012625590467,0.022169411382062926,0.0,0.0,0.0,0.033407122896503195,0.9994418262909442,0.00048505955277272736,0.0013976779503088255,0.0,0.0,0.0,0.0019193737125299073,1477,1530
2.2958065106516696,0.022366973088877858,0.0,0.0,0.0,0.03333674602660763,0.9994441762121372,-0.0011984243395337928,0.0029972153165419057,0.0,0.0,0.0,-0.002074753354738692,1477,1530
2.2958286177524934,0.022197145379409783,0.0,0.0,0.0,0.03333413669279748,0.9994442632438019,0.006113696122861259,-0.0002725209076276719,0.0,0.0,0.0,0.0033694753066239405,1477,1530
2.295854103220665,0.022325658833400517,0.0,0.0,0.0,0.033242654034894153,0.9994473102433746,0.0005098979918372663,0.0018980218236079466,0.0,0.0,0.0,-0.002746111446298937,1477,1530
2.2956785661616035,0.02214845314801992,0.0,0.0,0.0,0.033352404246568525,0.9994436538049424,-0.00043312757549094077,-0.0005245023048088257,0.0,0.0,0.0,0.0005099475994584155,1477,1530
2.295661653000147,0.021625250155840065,0.0,0.0,0.0,0.03346489263048343,0.9994398936210372,0.0012623576607107955,-0.0010269385574168191,0.0,0.0,0.0,0.0023092039806992576,1477,1530
2.2956196728443183,0.021938729407701935,0.0,0.0,0.0,0.03337751167702464,0.999442815629914,-0.0003137548584383194,0.004733826398874243,0.0,0.0,0.0,-0.002622920095481409,1477,1530
2.2959650021152496,0.021496933292148666,0.0,0.0,0.0,0.03346916262591608,0.9994397506368855,0.00570708543809505,-0.0038065286379206967,0.0,0.0,0.0,0.0008810109066633064,1477,1530
2.2962425510183193,0.021395192047083417,0.0,0.0,0.0,0.03350266024996265,0.999438628309,0.004054341731796149,-0.001802349825567581,0.0,0.0,0.0,0.001006121437855191,1477,1530
2.2961299017789685,0.02142472489964095,0.0,0.0,0.0,0.03360345813072028,0.999435244326343,-0.001645386699039752,0.0005515052846142283,0.0,0.0,0.0,0.003005742030819033,1477,1530
2.2960174108419267,0.02132900607667699,0.0,0.0,0.0,0.03352529362539737,0.9994378693482306,-0.0037691153274549776,-0.00016514557910504946,0.0,0.0,0.0,-0.002488254169744084,1477,1530
2.2957778706647867,0.021631678232502016,0.0,0.0,0.0,0.0335068965264836,0.9994384862937606,-0.003280617658657838,0.004770422422624713,0.0,0.0,0.0,-0.0005521956088377879,1477,1530
2.2955502911839267,0.02223707575083896,0.0,0.0,0.0,0.03336073277298226,0.9994433758391966,0.0010223592925745117,0.001939969236300331,0.0,0.0,0.0,-0.0014234151466547653,1477,1530
2.295577603737481,0.02249205366624031,0.0,0.0,0.0,0.03325291242833693,0.9994469689858654,0.0006630825099844719,0.0037846158535596738,0.0,0.0,0.0,-0.0032328014037040346,1477,1530
2.295750096885869,0.022230154301031764,0.0,0.0,0.0,0.03328494442306878,0.9994459027254817,0.0024835366297607337,-0.00032763961022388917,0.0,0.0,0.0,-0.0008335045515952644,1477,1530
2.2959382834844257,0.022177421093560194,0.0,0.0,0.0,0.03335598552115042,0.999443534287912,0.001866054393227597,-0.00023378010476737666,0.0,0.0,0.0,0.0005686288252323216,1477,1530
2.2987513269663533,0.021587492744201277,0.0,0.0,0.0,0.03336900739667849,0.9994430996036545,0.043561059858385404,-0.011005052397088145,0.0,0.0,0.0,6.760101577391813e-05,1477,1530
2.2972878307175146,0.021952681318209037,0.0,0.0,0.0,0.03329613093621477,0.9994455301139119,-0.021220404675183012,0.006827632413474695,0.0,0.0,0.0,-0.0021552347372719195,1477,1530
2.295197911559336,0.022542258170416878,0.0,0.0,0.0,0.0332146925515976,0.9994482398797363,-0.007188128338559804,0.0011310538694599245,0.0,0.0,0.0,-0.001552838339231264,1477,1530
2.2954362679544866,0.022280368620802446,0.0,0.0,0.0,0.03330351193080333,0.9994452841917234,0.00330717287838997,-0.004157717842410483,0.0,0.0,0.0,0.0026664829717657043,1477,1530
2.2960490904872417,0.022017917583798625,0.0,0.0,0.0,0.03332141908264797,0.999444687329078,0.006204200469458455,-0.001922610773758603,0.0,0.0,0.0,-0.0005636706318279954,1477,1530
2.296068019649263,0.021720311227332215,0.0,0.0,0.0,0.033386172089361975,0.9994425263681846,-1.4062603658237069e-05,-0.004484170013665389,0.0,0.0,0.0,0.0019484844014450054,1477,1530
2.296127742499512,0.021662330671280296,0.0,0.0,0.0,0.033374017955012526,0.9994429323005584,-4.765383665384227e-06,-0.0016256387815003443,0.0,0.0,0.0,0.0008818604129126402,1477,1530
2.29595257981125,0.021856997437843178,0.0,0.0,0.0,0.03331972384550725,0.9994447438467317,-0.002426852187456675,0.003088852762509711,0.0,0.0,0.0,-0.0016297704218139883,1477,1530
2.2958752055387395,0.02218022444931955,0.0,0.0,0.0,0.03326117213123307,0.9994466941405412,0.0003717322092957987,0.0002195151666140945,0.0,0.0,0.0,0.0022837294770599015,1477,1530
2.296116445983762,0.022201221175820702,0.0,0.0,0.0,0.03323364141411867,0.9994476099718073,0.0036326659118866463,7.369186991433448e-05,0.0,0.0,0.0,-0.0008266346315965305,1477,1530
2.295825346386028,0.021823220818206188,0.0,0.0,0.0,0.033314227889499455,0.9994449270570772,-0.004001966084174849,-0.0052923827172470465,0.0,0.0,0.0,0.0026256434101673306,1477,1530
2.2960053321228977,0.02209744157136391,0.0,0.0,0.0,0.03328987911289139,0.9994457383713481,0.002193022805569857,6.243355696749387e-05,0.0,0.0,0.0,0.0001844567081399014,1477,1530
2.295949526484636,0.022196929729572903,0.0,0.0,0.0,0.03327381063715719,0.9994462734562987,-0.0007355470338640214,0.0015439216202298687,0.0,0.0,0.0,-0.00048207320753792664,1477,1530
2.295933198831803,0.0221809649351189,0.0,0.0,0.0,0.033287284137575875,0.9994458248022973,0.00050549428029594,-0.0007609593781159765,0.0,0.0,0.0,0.00033364046642998693,1477,1530
2.2961244409973327,0.022147786152993194,0.0,0.0,0.0,0.033297106624641505,0.9994454976087627,0.0022341472885568543,-9.091974834249316e-05,0.0,0.0,0.0,0.000697591132225909,1477,1530
2.2962763048471073,0.022119843101130406,0.0,0.0,0.0,0.03334606603700091,0.999443865297024,0.002243685635175313,-0.0005694950508708283,0.0,0.0,0.0,0.001468731913356567,1477,1530
2.2956915659179207,0.021932825574473628,0.0,0.0,0.0,0.03335721895555365,0.9994434931218229,-0.019590646916692815,-0.006677634792277342,0.0,0.0,0.0,0.004935460689149285,1477,1530
2.295814852162285,0.022175971862380635,0.0,0.0,0.0,0.03331016694361505,0.9994450624112305,0.000956922663178668,0.0011689080738275322,0.0,0.0,0.0,0.0021115824828825723,1477,1530
2.2958177526239067,0.02217535793868589,0.0,0.0,0.0,0.03330076352245872,0.9994453757703926,4.279893199585814e-05,-1.208574053083598e-05,0.0,0.0,0.0,-0.0002822705175348727,1477,1530
2.2960177813296783,0.022271392654251394,0.0,0.0,0.0,0.03326753970563112,0.9994464822099952,0.0019084746399934095,0.0008457328636750448,0.0,0.0,0.0,-0.0005479535462693127,1477,1530
2.2960148187665874,0.022115157734422655,0.0,0.0,0.0,0.033295689463486176,0.999445544821303,-0.00020008627700964654,-0.002334284312415299,0.0,0.0,0.0,0.0008445638873379996,1477,1530
2.2959869734978886,0.022137781747581065,0.0,0.0,0.0,0.03324914262542508,0.9994470944050386,-0.003844670865784411,0.0011854713939231053,0.0,0.0,0.0,-0.0013235254296990232,1477,1530
2.296018262224951,0.02209173851611543,0.0,0.0,0.0,0.033289502037192324,0.9994457509310427,0.0008789104763549505,-0.0011425245067384134,0.0,0.0,0.0,-0.00031490464073931416,1477,1530
2.296056097461468,0.022137462966851124,0.0,0.0,0.0,0.03328106200776151,0.9994460320155538,0.0006115580583377361,0.0006462105044031909,0.0,0.0,0.0,-0.000253195673960547,1477,1530
2.2962382770284013,0.022039733706863136,0.0,0.0,0.0,0.03328569137545553,0.99944587784915,0.0033678188893944356,-0.0008381465790149401,0.0,0.0,0.0,-0.00015181877482694245,1477,1530
2.2959985941378602,0.021763551992544237,0.0,0.0,0.0,0.033348368990168124,0.9994437884572076,-0.0038702644119350416,-0.003901751584617532,0.0,0.0,0.0,0.001884954328622788,1477,1530
2.2959614527445105,0.021690760037414013,0.0,0.0,0.0,0.033377707579424376,0.9994428090875147,-0.0006304217446052476,-0.0010552521372909796,0.0,0.0,0.0,0.0008831073893640013,1477,1530
2.2959465945258746,0.02217766140958782,0.0,0.0,0.0,0.03332384800299538,0.9994446063460812,0.0014462712069089818,0.0013589378583527736,0.0,0.0,0.0,-0.0007183166716132081,1477,1530
2.2959030214463105,0.022172025900751777,0.0,0.0,0.0,0.033284681603611144,0.9994459114782281,-0.0003842723763344675,0.00010516716552343544,0.0,0.0,0.0,-0.001542573811506707,1477,1530
2.2960475647990393,0.022072230562171623,0.0,0.0,0.0,0.033276433558313605,0.9994461861299182,0.0020879511195938294,-0.0016570711365212368,0.0,0.0,0.0,-0.00025048158692357315,1477,1530
2.2962139782096247,0.02193356781100422,0.0,0.0,0.0,0.03330381122906539,0.9994452742184631,0.002353688713639184,-0.0022426730317364123,0.0,0.0,0.0,0.0008222625256330806,1477,1530
2.2959232703549772,0.022198427151535628,0.0,0.0,0.0,0.0332795016061603,0.9994460839749414,-0.0011525803987223783,0.0007758041459917824,0.0,0.0,0.0,1.3496891647912732e-05,1477,1530
2.2962558514787488,0.022184580022034574,0.0,0.0,0.0,0.03329713150278846,0.9994454967799324,0.0033017051041887954,-0.0003585870601269205,0.0,0.0,0.0,0.0003519909147771641,1477,1530
2.29604163377324,0.022227237641131936,0.0,0.0,0.0,0.03321173564278287,0.9994483381423943,0.0006494147705665452,8.789947281826596e-05,0.0,0.0,0.0,0.0005145283198361705,1477,1530
2.295977322081554,0.021809561375071642,0.0,0.0,0.0,0.0333751936406146,0.9994428930406437,-0.0014145773883039385,-0.006349348215359915,0.0,0.0,0.0,0.005034977774767939,1477,1530
2.2959565395253527,0.022155734144988257,0.0,0.0,0.0,0.03327764702584486,0.9994461457269338,-0.004744800475348324,0.007674468622821073,0.0,0.0,0.0,-0.002919814794782605,1477,1530
2.2960044669373234,0.02228360842744341,0.0,0.0,0.0,0.03321043077731262,0.9994483815023092,0.0008451201642011953,0.0018665117739899485,0.0,0.0,0.0,-0.0020181071828819265,1477,1530
2.2958778532902953,0.022160646851976492,0.0,0.0,0.0,0.03336049318471541,0.9994433838364595,-0.0014539373299753858,0.00011832666245007746,0.0,0.0,0.0,0.002622257485103351,1477,1530
2.295728291047178,0.022195824652998367,0.0,0.0,0.0,0.03321164295685055,0.9994483412223498,-0.00220307699775965,0.0006760392163707639,0.0,0.0,0.0,-0.004467625277786492,1477,1530
2.2959798743058997,0.022182388415136672,0.0,0.0,0.0,0.03332069716713738,0.999444711397432,0.001246011788933452,-0.0003696548419362983,0.0,0.0,0.0,0.0008771468738555559,1477,1530
2.2961000019865994,0.02215878445008279,0.0,0.0,0.0,0.0332952165194786,0.9994455605769236,0.003524591191566057,-0.0009401562036131963,0.0,0.0,0.0,-0.0015193107355693785,1477,1530
2.2960162087883957,0.022203980636270566,0.0,0.0,0.0,0.03323508947621481,0.9994475618197826,0.00031063045622909606,0.0004396139302211349,0.0,0.0,0.0,0.00033368228506235574,1477,1530
2.2959537964666517,0.022161614411516716,0.0,0.0,0.0,0.033252332309801055,0.999446988287002,0.00042071148037546206,-0.0006225741898818994,0.0,0.0,0.0,-0.0011111801236444124,1477,1530
2.2959087322010387,0.02218693670550937,0.0,0.0,0.0,0.03326722073670664,0.9994464928271325,-0.00065108444460657,0.0004251402293143415,0.0,0.0,0.0,0.00044818185893695663,1477,1530
2.295974562190266,0.02216260544242798,0.0,0.0,0.0,0.03327148200176319,0.9994463509790841,0.0009608024765168839,-0.00042973822886730985,0.0,0.0,0.0,0.00012788318254685008,1477,1530
2.2958816586405972,0.021691216868306544,0.0,0.0,0.0,0.033361655741040955,0.9994433450307307,-0.004324903170976145,-0.006665529747733092,0.0,0.0,0.0,0.0026868398087462123,1477,1530
2.295736833028611,0.022056134415488295,0.0,0.0,0.0,0.03334381743236507,0.9994439403183338,-0.0018024069941054276,0.0056060821945669945,0.0,0.0,0.0,-0.0005354123583805372,1477,1530
2.296017158823488,0.02226196672907107,0.0,0.0,0.0,0.03322580239771544,0.9994478706040791,0.00034337934410940833,0.0019148914529128027,0.0,0.0,0.0,-0.0037601976850584807,1477,1530
2.2960158573872547,0.022385307864337865,0.0,0.0,0.0,0.03321426563002184,0.9994482540675422,0.0001035470665713279,0.0018500111788762668,0.0,0.0,0.0,-0.00034679701926621057,1477,1530
2.2958650334740818,0.022181185004873715,0.0,0.0,0.0,0.03325962692111687,0.9994467455632983,-0.00246207659521353,-0.002906570883587425,0.0,0.0,0.0,0.0013623811925268924,1477,1530
2.2977708419244625,0.02181665283967249,0.0,0.0,0.0,0.03340973309024764,0.9994417390397693,0.05344123249373395,-0.013762845285231591,0.0,0.0,0.0,0.012092984737564967,1477,1530
2.2978848672919847,0.021127687305287222,0.0,0.0,0.0,0.033453768167937506,0.9994402660466337,0.000508950975315862,-0.0052205047005452285,0.0,0.0,0.0,0.0006618702078702923,1477,1530
2.29625709724816,0.022127274782215444,0.0,0.0,0.0,0.033306521988734454,0.9994451838860469,-0.005596201442173134,0.0049717248631176115,0.0,0.0,0.0,-0.0033991208511050934,1477,1530
2.2962041778439306,0.02216711614284695,0.0,0.0,0.0,0.03332425517370096,0.9994445927699634,-0.0007526453573362883,0.0006494894786265066,0.0,0.0,0.0,0.0005325759580545932,1477,1530
2.296275950840206,0.022164048706913284,0.0,0.0,0.0,0.033264057715257464,0.9994465981053294,0.0017713761879686566,-0.0004788307135790534,0.0,0.0,0.0,-0.0015278390130294343,1477,1530
2.2964004305237458,0.022103114661964022,0.0,0.0,0.0,0.03330367079278727,0.9994452788981124,-0.0002556435649498467,0.0021564606860374224,0.0,0.0,0.0,-0.0041136606526692805,1477,1530
2.2963512533186354,0.02214992192374032,0.0,0.0,0.0,0.03332257192475761,0.9994446488927335,0.0010430591071879229,-2.4655855300233253e-05,0.0,0.0,0.0,-0.000563853029892553,1477,1530
2.296187022827876,0.02219480351575431,0.0,0.0,0.0,0.03335358985465279,0.9994436142393465,-0.0024099511751832304,0.0008347090974883337,0.0,0.0,0.0,0.0009298234249231591,1477,1530
2.2962409285007297,0.022169149014021013,0.0,0.0,0.0,0.033310676025623646,0.9994450454440784,0.000782534893245205,-0.00043865714638294755,0.0,0.0,0.0,-0.001290446998403082,1477,1530
2.296210381149684,0.022129564938422528,0.0,0.0,0.0,0.03330365997031809,0.9994452792587404,0.0007113484799094157,-0.0012532231058266226,0.0,0.0,0.0,0.00018849807307331443,1477,1530
2.296193745204166,0.02208122692679786,0.0,0.0,0.0,0.03334280927448346,0.9994439739523598,-0.00029723896701040834,-0.0007068145179203058,0.0,0.0,0.0,0.0011750730077756061,1477,1530
2.296487510559749,0.02213535490496382,0.0,0.0,0.0,0.03328281082751571,0.9994459737791832,0.0007958693169956494,0.0006152249900993979,0.0,0.0,0.0,-0.0036481823751802617,1477,1530
2.2966266967392315,0.022126879831670193,0.0,0.0,0.0,0.03330770189206981,0.9994451445650577,0.002074294807829676,-0.0002656895372991417,0.0,0.0,0.0,0.0007469967854992978,1477,1530
2.296182080795985,0.022236392930722926,0.0,0.0,0.0,0.033343024536194546,0.9994439667709134,-0.00018523713352630168,0.0008984900080954996,0.0,0.0,0.0,0.0007710170689047165,1477,1530
2.2962488806773127,0.022125609962990164,0.0,0.0,0.0,0.03334062083600819,0.999444046959243,4.051021500706595e-05,-0.0013410345334099998,0.0,0.0,0.0,-0.0010070470189080822,1477,1530
2.29625126221873,0.02216361096305373,0.0,0.0,0.0,0.0333134743212188,0.9994449521752808,-0.005681600160995265,0.003944523391799332,0.0,0.0,0.0,-0.0013303758311252675,1477,1530
2.2961344504994314,0.02216958746644853,0.0,0.0,0.0,0.03325439408635477,0.999446919688059,-0.0017333383833241602,0.0002050636705080614,0.0,0.0,0.0,-0.0017642507967108548,1477,1530
2.2962376098257806,0.0221786665673567,0.0,0.0,0.0,0.03327921541405138,0.9994460935045097,0.00039522893214960893,5.60979855683838e-05,0.0,0.0,0.0,-0.001345309025158982,1477,1530
2.2963731412048927,0.022198076564850365,0.0,0.0,0.0,0.033327688243927886,0.9994444782959759,0.002610172450524379,-0.00022063491593861276,0.0,0.0,0.0,0.000978882778643855,1477,1530
2.296195649492523,0.022191635104505003,0.0,0.0,0.0,0.03327509185410221,0.9994462308008876,-0.00024266147137756613,0.0007440728750185811,0.0,0.0,0.0,-0.00018989023349964186,1477,1530
2.296226080263196,0.022193345385462283,0.0,0.0,0.0,0.03328210381176099,0.9994459973234487,0.0009196481389580671,-9.582326417335465e-06,0.0,0.0,0.0,0.0004234063751253247,1477,1530
2.2961330900262027,0.021826267247828345,0.0,0.0,0.0,0.03337591642934152,0.9994428689037216,-0.0026979845022447927,-0.004379200636273888,0.0,0.0,0.0,0.0039699058445173815,1477,1530
2.2962376485007288,0.02218675603536318,0.0,0.0,0.0,0.03330901325789759,0.9994451008613655,0.004999951047670497,0.0006995582575215706,0.0,0.0,0.0,-1.5773280976644254e-05,1477,1530
2.2962376485007288,0.02218675603536318,0.0,0.0,0.0,0.03330901325789759,0.9994451008613655,0.004999951047670497,0.0006995582575215706,0.0,0.0,0.0,-1.5773280976644254e-05,1477,1530
2.296311383473752,0.02221030257897272,0.0,0.0,0.0,0.033273045600029555,0.9994462989258094,-8.157479312791289e-05,0.0004927165357806508,0.0,0.0,0.0,0.0001334062051202498,1477,1530
2.296037933173,0.022238011046618267,0.0,0.0,0.0,0.03331969879838754,0.9994447446817581,-0.0017887161641625985,0.0002736793830024042,0.0,0.0,0.0,0.0020820198297997077,1477,1530
2.2962197669744886,0.02220433342436663,0.0,0.0,0.0,0.0332658454598415,0.9994465386031621,-0.0014853457635237485,0.0014657003478750522,0.0,0.0,0.0,-0.0001861321992724424,1477,1530
2.2961724431538766,0.022177460168449962,0.0,0.0,0.0,0.03327144599143639,0.999446352177864,-0.0007352299274341759,-0.0003550722826396719,0.0,0.0,0.0,0.00016814095214112175,1477,1530
2.296245585947604,0.02213864325900781,0.0,0.0,0.0,0.03328451129964145,0.9994459171498696,0.0010757453574561425,-0.0011614752639257605,0.0,0.0,0.0,0.0014640865103068632,1477,1530
2.2962090658698315,0.022147238156407085,0.0,0.0,0.0,0.03332714691750192,0.9994444963470154,-0.0005382251305941632,0.00016515024586099343,0.0,0.0,0.0,0.0012802906639993897,1477,1530
2.2964588036087434,0.022091234768207763,0.0,0.0,0.0,0.03338464520328411,0.9994425773723326,0.0016411792688748484,-0.001395538247424496,0.0,0.0,0.0,0.001207304596502546,1477,1530
2.296154081122073,0.022183018439043575,0.0,0.0,0.0,0.03332357584813188,0.9994446154203313,-0.0044795032808227836,0.0016827377797974912,0.0,0.0,0.0,-0.0018375014125177219,1477,1530
2.296334127546425,0.022122762943571163,0.0,0.0,0.0,0.03327335834142882,0.9994462885141366,0.0026833656198851008,-0.00022580736973004293,0.0,0.0,0.0,-0.0006056378715974651,1477,1530
2.2957255946351234,0.022471675634956712,0.0,0.0,0.0,0.03327782877883139,0.9994461396752538,-0.01754482020136467,0.011675336088055403,0.0,0.0,0.0,0.0002687645750049089,1477,1530
2.2959323423142513,0.022255494204001806,0.0,0.0,0.0,0.03332106603507616,0.999444699099598,0.001475737363592928,-0.0014444757542507107,0.0,0.0,0.0,-0.0005204838232989815,1477,1530
2.2962380116291343,0.02220202584192319,0.0,0.0,0.0,0.0332393653293359,0.9994474196237153,0.0005978675934724389,0.00042470117145647617,0.0,0.0,0.0,-0.0023630587923668634,1477,1530
2.2966231845782974,0.022064666273274185,0.0,0.0,0.0,0.03328545229726775,0.9994458858114161,0.002435079727088581,-0.001795408045139895,0.0,0.0,0.0,0.0001854074991339464,1477,1530
2.2965604523795666,0.022015737080107525,0.0,0.0,0.0,0.033369878797677416,0.9994430705092854,-0.0009874581960549204,-0.0006695201111786796,0.0,0.0,0.0,0.0025335060986030745,1477,1530
2.2961311996784173,0.02219116403890919,0.0,0.0,0.0,0.0331912463974295,0.9994490187911463,-0.004903539089271526,0.0028392097265838275,0.0,0.0,0.0,-0.00400175806539437,1477,1530
2.296020478242414,0.02221874875205517,0.0,0.0,0.0,0.033215247155996386,0.9994482214483981,-0.003256522147572725,0.0010451653177205179,0.0,0.0,0.0,0.0014395587566787536,1477,1530
2.2962120200940563,0.022202903503887404,0.0,0.0,0.0,0.033260030494670564,0.9994467321330804,0.000687967032168472,-0.00014082357316137762,0.0,0.0,0.0,0.0011081461898300032,1477,1530
2.2961414926963792,0.0221953856986361,0.0,0.0,0.0,0.033370922941569146,0.9994430356463684,-0.00048180461538975745,-0.0005605702809020562,0.0,0.0,0.0,0.003054470474778479,1477,1530
2.2959924109402956,0.022228937109987135,0.0,0.0,0.0,0.03334152697361361,0.999444016730836,-0.0022157110845743098,0.0006566622437284039,0.0,0.0,0.0,-0.0008896114918461453,1477,1530
2.2961121353958522,0.022197925205643586,0.0,0.0,0.0,0.03329478608102762,0.9994455749163226,0.002155983797306526,6.498817275244643e-05,0.0,0.0,0.0,-0.0019188892602027589,1477,1530
2.2961376426849722,0.022183817306554308,0.0,0.0,0.0,0.033355619346694974,0.9994435465087552,0.00035693012146751295,-0.00022969680574358325,0.0,0.0,0.0,0.0017726380748169072,1477,1530
2.296267124015118,0.02204972696910244,0.0,0.0,0.0,0.0333701779919401,0.9994430605196007,0.0008061749212656058,-0.00018417830549391858,0.0,0.0,0.0,0.00034232117794303203,1477,1530
2.2964912289452237,0.022049814286918767,0.0,0.0,0.0,0.0333258740912541,0.9994445387894487,0.004038931456155041,-0.001785520029791833,0.0,0.0,0.0,0.0010039056628584624,1477,1530
2.2962722630537353,0.022181218348267685,0.0,0.0,0.0,0.03327659519501096,0.9994461807482319,-0.0031620014905621766,0.0021966700710564216,0.0,0.0,0.0,-0.00148676235739451,1477,1530
2.2962747322917014,0.022113465787722435,0.0,0.0,0.0,0.03330460967122624,0.9994452476122178,-0.0006323534508560638,-0.000914376311126479,0.0,0.0,0.0,-0.0011337468975138936,1477,1530
2.296317456448351,0.022278882889389194,0.0,0.0,0.0,0.03335023150396063,0.9994437263091065,0.0008096107403394928,0.002448169182534488,0.0,0.0,0.0,0.0013779035957515757,1477,1530
2.2963123249563226,0.02223366108220414,0.0,0.0,0.0,0.03333751603029603,0.9994441505281472,-0.00012190856504440249,-0.0006710695640330999,0.0,0.0,0.0,-0.00038132562595473115,1477,1530
2.2976759747655833,0.02229162396086552,0.0,0.0,0.0,0.03328892225156092,0.9994457702423526,0.014489432461096397,-0.0037934235702951117,0.0,0.0,0.0,-0.0005537912177772098,1477,1530
2.2971062849270263,0.022087799816636895,0.0,0.0,0.0,0.03326822135219389,0.9994464595204995,-0.000957025475165513,-0.0002030751564364552,0.0,0.0,0.0,-0.0021990937236487855,1477,1530
2.2971041910687733,0.021977442410149473,0.0,0.0,0.0,0.033260463828467486,0.9994467177123126,-0.0001413845825415206,-0.0016492042077829328,0.0,0.0,0.0,-0.0002327975407643755,1477,1530
2.297287964337006,0.021687723689606114,0.0,0.0,0.0,0.03331931811204261,0.9994447573730869,0.0024692291870871933,-0.00453348958033669,0.0,0.0,0.0,0.0017721011837008526,1477,1530
2.2972738315694294,0.021420650404922272,0.0,0.0,0.0,0.033418789136261576,0.9994414362696126,-0.000986005412447163,0.00019218000903799664,0.0,0.0,0.0,0.0023802409238916277,1477,1530
2.296879299913084,0.022077997915687198,0.0,0.0,0.0,0.03332612018790509,0.9994445305834743,-0.0014825678978320482,0.0053783680253433695,0.0,0.0,0.0,-0.006254664067635288,1477,1530
2.2969773107197664,0.022063849719873626,0.0,0.0,0.0,0.03335152975238943,0.9994436829872784,-0.010224746821946263,0.004214857813619422,0.0,0.0,0.0,0.003623682283796938,1477,1530
2.2969139776954752,0.022086304190921592,0.0,0.0,0.0,0.033328398282615364,0.9994444546186223,-0.0009131774523831787,0.0003941130837736643,0.0,0.0,0.0,-0.0006851389538233164,1477,1530
2.296604521960324,0.022137044071648033,0.0,0.0,0.0,0.03327276191428171,0.9994463083700873,-0.0015279849114484573,0.0025552148850705395,0.0,0.0,0.0,-0.0031101497081576445,1477,1530
2.2965995005830417,0.022225444785701983,0.0,0.0,0.0,0.03329248494315516,0.9994456515720651,1.3043918995144483e-05,0.001328755218591189,0.0,0.0,0.0,0.0005923179770283608,1477,1530
2.296641799530072,0.022142286705242965,0.0,0.0,0.0,0.033351083883924916,0.9994436978658515,0.0005500730626672174,-0.0012868426209745084,0.0,0.0,0.0,0.0017589625978387314,1477,1530
2.2967137384665204,0.022191769845465004,0.0,0.0,0.0,0.03322831021682068,0.999447787230596,0.0011252483987159864,0.0006681141910585965,0.0,0.0,0.0,-0.003682251542927511,1477,1530
2.2971315942190187,0.02189948734455086,0.0,0.0,0.0,0.033385077419839856,0.9994425629347948,0.0024624777137271037,-0.0031397149334230308,0.0,0.0,0.0,0.0017370737061269252,1477,1530
2.2971529652415095,0.021921720790166677,0.0,0.0,0.0,0.03332845832636764,0.9994444526163461,0.0031269214717463216,0.002848505976470649,0.0,0.0,0.0,-0.0024990398465388323,1477,1530
2.2971098747912366,0.022112580720050037,0.0,0.0,0.0,0.033298526526550874,0.999445450302897,-0.00030280866268035683,0.0019331433419591038,0.0,0.0,0.0,-0.0005989924124629852,1477,1530
2.2968626295285537,0.022152990158204818,0.0,0.0,0.0,0.03322837165779983,0.9994477851878862,-0.006008834240070723,0.0006083082859009138,0.0,0.0,0.0,-0.0012449310433971833,1477,1530
2.296714519396993,0.0221148083827252,0.0,0.0,0.0,0.033262151944292474,0.9994466615322875,-0.002255621120297089,-0.0004240565860436427,0.0,0.0,0.0,0.0010143444003463387,1477,1530
2.296861899543701,0.02209745080071852,0.0,0.0,0.0,0.03328717388216848,0.9994458284744293,0.005026171540491066,-0.002592757519934879,0.0,0.0,0.0,0.0004001091539080553,1477,1530
2.296897566687415,0.022095694453204195,0.0,0.0,0.0,0.033371299516369794,0.9994430230726457,0.0005316353152269108,-6.183444885022078e-05,0.0,0.0,0.0,0.0025231156028012835,1477,1530
2.2969908916228556,0.0220349819116007,0.0,0.0,0.0,0.03329065164523061,0.9994457126392788,0.0032319009259036326,-0.002086670090502604,0.0,0.0,0.0,-0.001629633597880129,1477,1530
2.297149714378261,0.02212220187231877,0.0,0.0,0.0,0.03335588910354874,0.9994435375058022,0.0005579236149789558,0.0012318336063291704,0.0,0.0,0.0,0.0023370223088763587,1477,1530
2.297005015205123,0.02217050202412174,0.0,0.0,0.0,0.03325842278287339,0.9994467856339304,-0.001733064315369845,0.000927664364254693,0.0,0.0,0.0,1.2872519342791325e-05,1477,1530
2.297080558999915,0.022027727253617378,0.0,0.0,0.0,0.033350470269319935,0.9994437183417659,0.0009883145304518922,-0.0022123045833511573,0.0,0.0,0.0,0.002763067855342989,1477,1530
2.2971371222287034,0.022072148905293427,0.0,0.0,0.0,0.033253769418371805,0.9994469404723143,0.0004336785496061368,-0.0003547352483836279,0.0,0.0,0.0,-0.0030825599527445693,1477,1530
2.2971449098982566,0.022070709525762157,0.0,0.0,0.0,0.03326775590957334,0.9994464750134151,0.0038158222134143985,-0.0021851733988851596,0.0,0.0,0.0,0.0012102198902181225,1477,1530
2.2970671322844085,0.021887595318407334,0.0,0.0,0.0,0.03328067396832499,0.9994460449370012,-0.0013433024773711103,-0.002656264906241046,0.0,0.0,0.0,0.00038676828584515333,1477,1530
2.297053873830982,0.02214427312249378,0.0,0.0,0.0,0.03323219984107303,0.999447657905967,0.00038209769897696395,0.00033663755354848985,0.0,0.0,0.0,-0.00047470845609199263,1477,1530
2.2970297843817855,0.02209163628993673,0.0,0.0,0.0,0.033319705411424004,0.9994447444612913,0.0006576046114370016,-0.0006951873460057104,0.0,0.0,0.0,0.0008788214736694724,1477,1530
2.2969901059805817,0.02201637581967554,0.0,0.0,0.0,0.03331041437442821,0.9994450541646618,-0.0007468431590965124,-0.0010334437730976636,0.0,0.0,0.0,0.0006332624254309507,1477,1530
2.2968336636623587,0.022178718186352378,0.0,0.0,0.0,0.033259826621823925,0.9994467389176305,-0.003896193410227039,0.0028604794671223894,0.0,0.0,0.0,-0.0014520345796743535,1477,1530
2.2970473789801167,0.022122010040184662,0.0,0.0,0.0,0.03324786258581912,0.9994471369879823,0.0031470263501271693,-0.0010635360530741,0.0,0.0,0.0,-0.00035968440011359333,1477,1530
2.297187358057222,0.022015504646158434,0.0,0.0,0.0,0.03332502557133453,0.999444567082472,0.0015409449821018112,-0.0012583658099755734,0.0,0.0,0.0,-0.0004096976111441559,1477,1530
2.296571792044797,0.022328242414287495,0.0,0.0,0.0,0.03318992474669559,0.99944906268169,0.0008516300199829103,-0.0009238580701637372,0.0,0.0,0.0,-0.0032011871688984723,1477,1530
2.2966574708274443,0.022176619550283137,0.0,0.0,0.0,0.03327260047690063,0.9994463137445175,0.0019708228216407182,-0.0024325922641230103,0.0,0.0,0.0,0.0029376538411208524,1477,1530
2.2967683826444127,0.022227022346250746,0.0,0.0,0.0,0.03319856710755131,0.999448775646859,-0.0004238326765684093,0.0008449516564379543,0.0,0.0,0.0,-0.0004891813234223632,1477,1530
2.2969535838491866,0.022235319993944173,0.0,0.0,0.0,0.03317113021624731,0.99944968663769,0.002792581045634636,-6.042931542063829e-05,0.0,0.0,0.0,-0.0008272415552681676,1477,1530
2.29687020780043,0.022108914188077693,0.0,0.0,0.0,0.033280005695238986,0.9994460671896832,-0.004649665164473525,-0.0010050349476031964,0.0,0.0,0.0,0.003085360240551817,1477,1530
2.297051954341359,0.022107298214152266,0.0,0.0,0.0,0.03319729369271114,0.999448817944911,0.0027168623150570772,-0.00020541382193604648,0.0,0.0,0.0,-0.0024811935835428534,1477,1530
2.2969542432281425,0.022187213718053926,0.0,0.0,0.0,0.03317865971539879,0.9994494367097766,-0.0035835381099680384,0.001434393340937032,0.0,0.0,0.0,-0.0016241356969907566,1477,1530
2.296877258071055,0.022230976233972105,0.0,0.0,0.0,0.03321227460394194,0.9994483202325333,-0.0011090765638473786,0.0007318270572247284,0.0,0.0,0.0,0.0010093459167532244,1477,1530
2.2968050726163707,0.022157471108968797,0.0,0.0,0.0,0.033245179860591986,0.9994472262285973,-0.0004060053155538169,-0.0016120024124702142,0.0,0.0,0.0,0.0007953711751362679,1477,1530
2.297151940811139,0.02204296025402253,0.0,0.0,0.0,0.03331046896737762,0.9994450523451369,0.0002533091355141539,-0.0001361883068502124,0.0,0.0,0.0,0.00019428154641163385,1477,1530
2.2971240210330253,0.02206678979732583,0.0,0.0,0.0,0.03333297036697732,0.999444302143203,-0.00039433150804348536,0.00038479287567278245,0.0,0.0,0.0,0.0006758698951998958,1477,1530
2.296896471226014,0.022149629053763723,0.0,0.0,0.0,0.033266756227006894,0.9994465082885291,-0.0025828804816886894,0.0007668493097126444,0.0,0.0,0.0,-0.0003699211166924024,1477,1530
2.297061463289333,0.022128800683104355,0.0,0.0,0.0,0.03322559792653082,0.9994478774015304,0.0035328178886418807,-0.0009873313705366297,0.0,0.0,0.0,-0.00016036123936195203,1477,1530
2.2970538924953923,0.022113772748838748,0.0,0.0,0.0,0.03331469864365792,0.999444911365445,-0.00012850715808968645,-0.00021776023793937456,0.0,0.0,0.0,0.0026791907116468137,1477,1530
2.297036430892063,0.0221132434255296,0.0,0.0,0.0,0.03322852412238308,0.9994477801189255,-0.00026136824695605255,9.501638360540251e-06,0.0,0.0,0.0,-0.0025816979844354385,1477,1530
2.296998151796384,0.022221166804555194,0.0,0.0,0.0,0.033196374309761884,0.9994488484823454,-0.0021733271048848465,0.002371930082291395,0.0,0.0,0.0,-0.0013601169028500467,1477,1530
2.2970695426314336,0.02207375953504984,0.0,0.0,0.0,0.03331413164609815,0.9994449302651279,-0.0011959794793440879,4.603651561183939e-07,0.0,0.0,0.0,0.0017593001523242091,1477,1530
2.297134744369264,0.02206178563181817,0.0,0.0,0.0,0.033317401286759446,0.9994448212740397,0.0009634708891116748,-0.0002442304243521366,0.0,0.0,0.0,9.81005375488876e-05,1477,1530
2.2988081072073183,0.02219647691757793,0.0,0.0,0.0,0.03338171505051614,0.9994426752447017,0.0487222876029897,-0.0010075712111132574,0.0,0.0,0.0,0.009244573113292113,1477,1530
2.29771320786959,0.022098275459161838,0.0,0.0,0.0,0.03334663122212679,0.9994438464396764,-0.009142938375606357,-0.00014293485557542395,0.0,0.0,0.0,0.0010046907879039154,1477,1530
2.2974983704310143,0.02208719116779169,0.0,0.0,0.0,0.033345071012506465,0.9994438984951436,-0.0032239463641491497,4.887065205326084e-05,0.0,0.0,0.0,-4.679559881468614e-05,1477,1530
2.2969740940554075,0.022185733418693895,0.0,0.0,0.0,0.033281397262154774,0.999446020851691,-0.0044865438199582835,0.0012220997324277373,0.0,0.0,0.0,-0.0005059289552321495,1477,1530
2.297105018556064,0.022138283676051057,0.0,0.0,0.0,0.033284541827971637,0.9994459161331853,0.0019121578210149575,-0.0008408132954490977,0.0,0.0,0.0,9.438879719074802e-05,1477,1530
2.2972685186512694,0.02214129887051135,0.0,0.0,0.0,0.0333297406913847,0.9994444098525166,0.0034292318066628763,-0.0008952581012739766,0.0,0.0,0.0,0.00254121506957343,1477,1530
2.2974213285598486,0.022034596598979682,0.0,0.0,0.0,0.03327565357450896,0.999446212099075,0.002179498281324546,-0.0017489433446253669,0.0,0.0,0.0,-0.0016228243501600305,1477,1530
2.2974781203411982,0.02210020478952011,0.0,0.0,0.0,0.033283071168538896,0.999445965109465,-0.0009092780823106505,0.0007893120938132652,0.0,0.0,0.0,-0.002349877533878537,1477,1530
2.297196459319684,0.02215070701321328,0.0,0.0,0.0,0.03326777036596837,0.9994464745322168,-0.004166573414038277,0.0010372881988063144,0.0,0.0,0.0,-0.00045943462414483043,1477,1530
2.2974923503729956,0.022100141846075613,0.0,0.0,0.0,0.03327058488558652,0.9994463808436004,0.003429814155469753,-0.000904936842130729,0.0,0.0,0.0,0.0004040126184219382,1477,1530
2.2976733958869007,0.02192631219631513,0.0,0.0,0.0,0.03333529911640956,0.9994442244731917,0.002535909160820494,-0.002781887417628661,0.0,0.0,0.0,0.0019422325121450507,1477,1530
2.297527993816427,0.022063489926720855,0.0,0.0,0.0,0.033340211323815885,0.9994440606201446,-0.0010850454744675423,0.0012416948454093122,0.0,0.0,0.0,-0.00040527917100022964,1477,1530
2.2973970027169766,0.02212836891667828,0.0,0.0,0.0,0.03335047175705052,0.9994437182921218,-0.001895689411071886,0.0011019941636303085,0.0,0.0,0.0,0.00030799197013026575,1477,1530
2.297266919638085,0.02210279872877159,0.0,0.0,0.0,0.03328705272640551,0.9994458325095911,-0.0002559748884363729,0.00019184614138642922,0.0,0.0,0.0,-0.0010529008662291152,1477,1530
2.2969969049523162,0.022124700212484222,0.0,0.0,0.0,0.03334472100257442,0.9994439101726822,-0.008041747081390337,0.001195011352016946,0.0,0.0,0.0,0.0034632998538504166,1477,1530
2.2972665669764174,0.022130316199643417,0.0,0.0,0.0,0.03331984580362219,0.9994447397808559,0.0012732041016545403,-0.0005075409679369782,0.0,0.0,0.0,-0.00217175149343541,1477,1530
2.297190430755745,0.02213274697340201,0.0,0.0,0.0,0.033372990371801865,0.9994429666137251,-0.0011434365556390255,0.00011307248483712289,0.0,0.0,0.0,0.0016041432596381033,1477,1530
2.2974809691780407,0.02193701471765749,0.0,0.0,0.0,0.03342029716650301,0.9994413858437635,0.002702798866440716,-0.0028502612467602275,0.0,0.0,0.0,0.001690329467494471,1477,1530
2.297460757123188,0.022018495311203763,0.0,0.0,0.0,0.03338597323551325,0.9994425330108369,-0.00022032285177517587,0.0012367392503962672,0.0,0.0,0.0,-0.0010278055850992227,1477,1530
2.2973997283442253,0.02200880593264092,0.0,0.0,0.0,0.03335389471872576,0.9994436040653281,-0.0009258910520343045,-8.418024331678725e-05,0.0,0.0,0.0,-0.0009658133534910207,1477,1530
2.297261502803715,0.022117911483538102,0.0,0.0,0.0,0.03328594374890905,0.9994458694440357,0.00017500215071377588,0.0004503050493820091,0.0,0.0,0.0,-0.0028507615256803827,1477,1530
2.2974262846734583,0.022119485512701896,0.0,0.0,0.0,0.03331181308824573,0.9994450075460749,0.002470997075597692,-0.00014107958893429964,0.0,0.0,0.0,0.0007775099031955389,1477,1530
2.2975199131566817,0.022011066583489072,0.0,0.0,0.0,0.033305773438770996,0.9994452088312021,0.0012965936425953133,-0.0017209319126343724,0.0,0.0,0.0,-0.00018179091459142452,1477,1530
2.2976756071324607,0.02192555790646849,0.0,0.0,0.0,0.03342313240701136,0.9994412910321964,0.0014201853360475331,-0.000571748202771931,0.0,0.0,0.0,0.0017107367175199987,1477,1530
2.297483641211364,0.022098331321055372,0.0,0.0,0.0,0.03333150721279509,0.9994443509405231,0.0006469572600216956,0.00016656757042155242,0.0,0.0,0.0,-0.0018258476984239235,1477,1530
2.2972547378648147,0.022118665074788806,0.0,0.0,0.0,0.033396704908481165,0.9994421744659646,-0.003407013491311719,0.0005333135370250888,0.0,0.0,0.0,0.001957832915416801,1477,1530
2.297284694835969,0.022068904642298402,0.0,0.0,0.0,0.03326033665271559,0.9994467219445706,0.00043001206650620746,-0.0005482747282256458,0.0,0.0,0.0,0.000515490080143559,1477,1530
2.297229063937756,0.022139765471892763,0.0,0.0,0.0,0.033299317418781456,0.9994454239524254,-0.0007620383256277825,0.0011161674695386473,0.0,0.0,0.0,0.0011702056892284173,1477,1530
2.297116617414387,0.022152708218613898,0.0,0.0,0.0,0.03329979055513061,0.9994454081884535,-0.0016700015105718597,0.00030597401423326244,0.0,0.0,0.0,1.420168262344803e-05,1477,1530
2.2973651821888996,0.02211016886679256,0.0,0.0,0.0,0.033372486946487825,0.9994429834237701,0.0029543219323276363,-0.0005273033124186439,0.0,0.0,0.0,0.001542975442720072,1477,1530
2.2974068574079025,0.022086730012613295,0.0,0.0,0.0,0.03334645593637671,0.999443852288103,0.0005992637827700722,-0.0003918344924130322,0.0,0.0,0.0,-0.0007800391305957412,1477,1530
2.2973445156394834,0.022101170831245187,0.0,0.0,0.0,0.03333457047247805,0.9994442487759962,-0.0010516040834537338,0.0006692140920958914,0.0,0.0,0.0,0.0006735155895907727,1477,1530
2.2974285083651997,0.022097505337141308,0.0,0.0,0.0,0.03328869053105788,0.9994457779603291,0.0012533082631439587,-0.00013879619595759583,0.0,0.0,0.0,-0.0013770317306698622,1477,1530
2.2973192132965297,0.022095961780887782,0.0,0.0,0.0,0.03333198592648752,0.9994443349752884,-0.0002584583180933484,0.0002913364564040816,0.0,0.0,0.0,-0.0008349096897919535,1477,1530
2.2973258163174495,0.022137384498674882,0.0,0.0,0.0,0.03337355280056226,0.9994429478331757,0.00014065295282874216,0.0006152405961005897,0.0,0.0,0.0,0.0012515237957364473,1477,1530
2.2972820853294142,0.02210582504273568,0.0,0.0,0.0,0.033337091247351985,0.9994441646971409,-0.0001874719314263029,-0.0004418087665958201,0.0,0.0,0.0,-0.0003505622502764425,1477,1530
2.2975210585343353,0.02189625812127823,0.0,0.0,0.0,0.03343973457596672,0.9994407356874588,0.003371235649605566,-0.003379473146587955,0.0,0.0,0.0,0.0030847502188972495,1477,1530
2.2973553341262165,0.021933025832648674,0.0,0.0,0.0,0.03343433433886446,0.9994409163563982,-0.002442953614500178,0.000716299410557926,0.0,0.0,0.0,-0.00016206534084426576,1477,1530
2.2970886180452665,0.022179233791881376,0.0,0.0,0.0,0.03338701710977521,0.9994424981400939,0.00616800212240664,-0.0046268771621461235,0.0,0.0,0.0,0.0033088015181256614,1477,1530
2.2972786282737125,0.022084189961311847,0.0,0.0,0.0,0.033363883745862494,0.9994432706569156,0.0027432513025079865,-0.0016095185073426146,0.0,0.0,0.0,-0.0006930225171905869,1477,1530
2.297576221065929,0.022046293293203248,0.0,0.0,0.0,0.033367666201193504,0.9994431443820533,0.002465117902786919,-0.0001745412372830678,0.0,0.0,0.0,0.0006439174509788357,1477,1530
2.2973824620608214,0.022101238294747073,0.0,0.0,0.0,0.03331860003965491,0.9994447813118029,-0.0028452693714493653,0.0010163071909063581,0.0,0.0,0.0,-0.001472973170805772,1477,1530
2.297031485027827,0.021984634885104267,0.0,0.0,0.0,0.03331721288064249,0.999444827554711,-0.0010854493610775783,0.005093959570671808,0.0,0.0,0.0,-0.00037567513151535715,1477,1530
2.297263807425424,0.02209215371015115,0.0,0.0,0.0,0.03331176786404503,0.9994450090534106,0.0035836822904441383,0.0013768040888810255,0.0,0.0,0.0,-0.0001634036383160606,1477,1530
2.2973889965317045,0.02209005126366816,0.0,0.0,0.0,0.033302970674963475,0.9994453022273018,0.0024779030077362613,-0.0007446120386462453,0.0,0.0,0.0,-0.0007537769962077623,1477,1530
2.2971843254714917,0.022247582383160092,0.0,0.0,0.0,0.033248034678796896,0.9994471312630786,-0.0008998799681137757,0.0016897284575320348,0.0,0.0,0.0,-4.140407811137498e-05,1477,1530
2.297345334783716,0.022104499156911435,0.0,0.0,0.0,0.03332974441132975,0.9994444097284628,0.0015672739578257106,-0.00040198201762463244,0.0,0.0,0.0,0.002209673206024192,1477,1530
2.297390847486324,0.022121496270872443,0.0,0.0,0.0,0.03327215016770573,0.9994463287356743,0.000698093298342285,0.00020888789792599188,0.0,0.0,0.0,-0.0017286219261904109,1477,1530
2.2974489504784485,0.022099634233648163,0.0,0.0,0.0,0.033318515720821285,0.9994447841227455,0.0016963911226982205,-0.0007706919782657954,0.0,0.0,0.0,0.002784757454496583,1477,1530
2.2975385606054792,0.02204309687713764,0.0,0.0,0.0,0.033331761426212574,0.9994443424624635,0.00128479591633755,-0.0009357775472617295,0.0,0.0,0.0,0.0003976257971046861,1477,1530
2.297366061013475,0.022040709803936805,0.0,0.0,0.0,0.033354535072430996,0.9994435826949423,-0.0027619715592195854,-0.0007077960939946516,0.0,0.0,0.0,0.0008371846244811921,1477,1530
2.2975209671491,0.02223103417886861,0.0,0.0,0.0,0.03324449125123277,0.9994472491339634,0.002507432450704007,0.0026921681393184023,0.0,0.0,0.0,-0.0033013967581397726,1477,1530
2.2982313595327657,0.02209599009398274,0.0,0.0,0.0,0.03348736573027583,0.9994391408867509,-0.010717365258191586,0.003107070076670856,0.0,0.0,0.0,0.0005978372851053497,1477,1530
2.297871884549643,0.022051356612405718,0.0,0.0,0.0,0.033572792264508045,0.9994362749167973,-0.003064549280478722,0.00014150967530159403,0.0,0.0,0.0,0.0009533003275216436,1477,1530
2.2977665883746567,0.022037165006875106,0.0,0.0,0.0,0.03358288474029556,0.9994359358420729,-0.0015899688939284425,-0.0001063880961413227,0.0,0.0,0.0,0.0003029072393264489,1477,1530
2.297878227100935,0.02202493301373016,0.0,0.0,0.0,0.0335573441483689,0.9994367937262005,0.0016584787659320185,-0.0002954756302885406,0.0,0.0,0.0,-0.0007666460353086064,1477,1530
2.2980011954805253,0.022058943202956226,0.0,0.0,0.0,0.03357262965964694,0.9994362803789625,0.0006696166631680347,0.0008451875169379801,0.0,0.0,0.0,0.001937906098714235,1477,1530
2.2980623233473345,0.022040059508273636,0.0,0.0,0.0,0.033468034025708006,0.9994397884307259,0.0008934391577690963,-0.0003432256075007632,0.0,0.0,0.0,-0.0031312104194863256,1477,1530
2.2981652254071157,0.0220399777253826,0.0,0.0,0.0,0.03348588754837882,0.9994391904138527,0.0006821707935786391,-0.00016141591197003027,0.0,0.0,0.0,-0.00023632306078927434,1477,1530
2.298090923184454,0.022035380392354302,0.0,0.0,0.0,0.033538914090294046,0.9994374123684003,-0.0026854769303151635,0.00044878678661924707,0.0,0.0,0.0,-0.0008800201148974468,1477,1530
2.2980906300598956,0.022110181917115404,0.0,0.0,0.0,0.03355944133490173,0.999436723308329,7.071120837614342e-05,0.0011178595064185997,0.0,0.0,0.0,0.0006151000736812403,1477,1530
2.297950921400864,0.02207888155945701,0.0,0.0,0.0,0.03344883806369189,0.9994404310573937,-0.002379107698518078,0.0005368455634482145,0.0,0.0,0.0,-0.002006558622434615,1477,1530
2.2980140326909506,0.022108988548995803,0.0,0.0,0.0,0.03346067834678617,0.99944003472173,0.0009758237315017773,0.0003877282072104888,0.0,0.0,0.0,0.0003558005978713322,1477,1530
2.2980522226598796,0.022075242090400574,0.0,0.0,0.0,0.03352767084872162,0.9994377896034649,0.000537707688394446,-0.0005433750700329601,0.0,0.0,0.0,0.0020108932947511533,1477,1530
2.2980733265754454,0.021996678362080312,0.0,0.0,0.0,0.03358170490302828,0.9994359754860769,-0.004248358463243174,0.0013471936083503952,0.0,0.0,0.0,-0.0024329565448264483,1477,1530
2.2983270631440025,0.021848739805843703,0.0,0.0,0.0,0.03358634203155311,0.9994358196647444,0.0036565517396106783,-0.0024750013170391047,0.0,0.0,0.0,0.00013949927290058913,1477,1530
2.2980967353899904,0.022040234991552565,0.0,0.0,0.0,0.03354548872681685,0.9994371917164575,-0.003245260076909959,0.003089304148651476,0.0,0.0,0.0,-0.0012228905134692649,1477,1530
2.29763614741359,0.022179223965952757,0.0,0.0,0.0,0.03349107279599766,0.9994390166703385,0.0005314676727613315,-0.0015594390076634312,0.0,0.0,0.0,-0.0008838747284514233,1477,1530
2.297764039073452,0.02209531404935134,0.0,0.0,0.0,0.0335132965385383,0.9994382717082231,0.0018342873622376704,-0.0013876358308965054,0.0,0.0,0.0,0.0006687184221097584,1477,1530
2.2983040040359857,0.022054987005178547,0.0,0.0,0.0,0.0334863270341744,0.9994391756889263,0.006442630854020736,-0.0010408866868574802,0.0,0.0,0.0,-3.2109999542825475e-05,1477,1530
2.2982588911024133,0.022056283427349208,0.0,0.0,0.0,0.03352891400572818,0.9994377478990858,-0.0006726807530266833,6.458266351874892e-05,0.0,0.0,0.0,0.0012760619654811588,1477,1530
2.2981319801209446,0.022052883252372577,0.0,0.0,0.0,0.03349554232447174,0.9994388668870096,-0.0014082752059397278,-0.0002076553308824357,0.0,0.0,0.0,-0.0002962536358426062,1477,1530
2.2982144319205853,0.021913707581294323,0.0,0.0,0.0,0.03355645746178136,0.9994368234974212,0.0010940577470886978,-0.0021654215166115923,0.0,0.0,0.0,0.0018281986367544496,1477,1530
2.2980708231449523,0.0220281263725972,0.0,0.0,0.0,0.03355184799392626,0.9994369782513515,-0.0020211142732330226,0.0018449958661062944,0.0,0.0,0.0,-0.00013747454893036268,1477,1530
2.298020208263873,0.022030430957068744,0.0,0.0,0.0,0.03353182963419444,0.9994376500819765,-0.0005045282043753777,5.705968721572938e-05,0.0,0.0,0.0,-0.00040143964001903296,1477,1530
2.297953563666083,0.02204223413996038,0.0,0.0,0.0,0.033508693899182936,0.9994384260339257,0.002812570798947674,0.0022574669967666385,0.0,0.0,0.0,-0.0020546305980001117,1477,1530
2.298012899394928,0.022079468906200172,0.0,0.0,0.0,0.033518183851126565,0.9994381078142469,0.000921296401176332,0.0004954209832665077,0.0,0.0,0.0,0.00028358104019865423,1477,1530
2.2980443339448064,0.02207567438565972,0.0,0.0,0.0,0.03349818127803689,0.9994387784407126,-0.0017006340848706556,-0.000400261210991968,0.0,0.0,0.0,0.0022395074809482005,1477,1530
2.298379280891897,0.022064460028696053,0.0,0.0,0.0,0.03346875685460272,0.999439764225242,0.0038713122300616616,-0.0007330280384167174,0.0,0.0,0.0,-0.00031446833430621995,1477,1530
2.2984689926106845,0.022012288231357806,0.0,0.0,0.0,0.033520535693080195,0.999438028937687,0.0012901260172921683,-0.000870727566210452,0.0,0.0,0.0,0.001554019678356318,1477,1530
2.297991523533043,0.022056361243110705,0.0,0.0,0.0,0.033520355736556554,0.9994380349733017,-0.0006258452629873065,-0.0002526244371398327,0.0,0.0,0.0,0.0009015460312709477,1477,1530
2.29816062369605,0.022065460202865303,0.0,0.0,0.0,0.03351710292072186,0.999438144064855,-0.0007832376473846396,0.0004490314603988462,0.0,0.0,0.0,0.0005753403160656571,1477,1530
2.298250735772893,0.02204457878980808,0.0,0.0,0.0,0.03352478040998656,0.9994378865634733,0.0013288886906859842,-0.0004034486063098301,0.0,0.0,0.0,0.00023066755715357877,1477,1530
2.297937778215919,0.022071832589761822,0.0,0.0,0.0,0.03355528960845605,0.9994368627078414,-0.0058279710455244275,0.0006614732683740026,0.0,0.0,0.0,0.0032474107524302466,1477,1530
2.297936026060054,0.022075225707906578,0.0,0.0,0.0,0.033558704640022086,0.9994367480450596,-2.2815067804578305e-05,5.2558126152214984e-05,0.0,0.0,0.0,0.00010253431289593685,1477,1530
2.2979533707411415,0.02207819436308141,0.0,0.0,0.0,0.03352127854818623,0.999438004022508,-9.723114947114163e-05,0.000205166596231888,0.0,0.0,0.0,0.0008798261595843817,1477,1530
2.298372890355159,0.022125427807865135,0.0,0.0,0.0,0.033515121553308234,0.9994382105099179,0.004583277039239223,0.0004669086759702788,0.0,0.0,0.0,-0.00021342052118738446,1477,1530
2.298140570927584,0.02203605821063532,0.0,0.0,0.0,0.03349346681334524,0.9994389364442549,-0.0011806702303637795,-0.00022046480743754683,0.0,0.0,0.0,4.6616951562118796e-05,1477,1530
2.2980946019982538,0.022005449007425962,0.0,0.0,0.0,0.03339701883754778,0.9994421639758674,-0.0007203971998649676,-0.00041290199846399266,0.0,0.0,0.0,-0.0029017910625500454,1477,1530
2.29789557490205,0.022085209949489447,0.0,0.0,0.0,0.033464435196292365,0.9994399089374973,-0.0005692082292243987,0.0005148365208092156,0.0,0.0,0.0,-0.0001337402220550183,1477,1530
2.2980199268532093,0.022059062919740968,0.0,0.0,0.0,0.03353561909950683,0.9994375229355824,0.001836399761325897,-0.0005165294232920706,0.0,0.0,0.0,0.002138502047798011,1477,1530
2.2981793355836277,0.022040661825836787,0.0,0.0,0.0,0.03350947420354873,0.9994383998719489,-0.0014620490065633774,0.0004216859041884811,0.0,0.0,0.0,-0.0007440432862140267,1477,1530
2.298224905281505,0.021837478457613392,0.0,0.0,0.0,0.03359961970572917,0.999435373376203,-0.00041428753720774714,-0.0021031209528452575,0.0,0.0,0.0,0.0012577424524178322,1477,1530
2.2981401451760797,0.022019703541304485,0.0,0.0,0.0,0.03343853143674554,0.9994407759419033,-0.001085094891329164,0.0028129593139957477,0.0,0.0,0.0,-0.00483599383153223,1477,1530
2.2980157557921714,0.022030250185474245,0.0,0.0,0.0,0.03353156607467527,0.9994376589245473,-0.0018512515776310762,0.00028258207339965574,0.0,0.0,0.0,0.0027928425677624462,1477,1530
2.2981669757685164,0.021972153827112654,0.0,0.0,0.0,0.03353163385991014,0.999437656650321,0.0012330083038744344,-0.0012145396398939958,0.0,0.0,0.0,0.0011171617591995433,1477,1530
2.2981006733732716,0.022076616810916282,0.0,0.0,0.0,0.03352237229657321,0.999437967337448,-0.001981997130167846,0.0024212648396704246,0.0,0.0,0.0,-0.00332700060362008,1477,1530
2.298017264496096,0.02203296773970672,0.0,0.0,0.0,0.0335632633861836,0.9994365949628169,-0.0012925163074659005,-0.0005695721839673993,0.0,0.0,0.0,0.001227730314650804,1477,1530
2.297997854202753,0.021975764706939734,0.0,0.0,0.0,0.03353269231590084,0.9994376211380314,-0.0016087368046250252,-0.0007907979281639177,0.0,0.0,0.0,-7.325354733573663e-05,1477,1530
2.297906626424712,0.022041931357192672,0.0,0.0,0.0,0.03348463259289734,0.9994392324599423,-0.0012991001193212574,0.001082227607071913,0.0,0.0,0.0,-0.0014429192580277077,1477,1530
2.298040433905109,0.022095335936973638,0.0,0.0,0.0,0.03341319870869798,0.999441623183692,-0.0012745205720048108,0.0014877667112244545,0.0,0.0,0.0,0.0024334961603626527,1477,1530
2.2985035165231484,0.02241002850678331,0.0,0.0,0.0,0.03322218740897232,0.9994479907747892,0.007245745948037336,0.004245766914757659,0.0,0.0,0.0,-0.005733321484673912,1477,1530
2.297629063943226,0.02229807071929731,0.0,0.0,0.0,0.03325713909358833,0.9994468283502178,-0.010202245481233371,0.004220428029984792,0.0,0.0,0.0,0.00042306085510621994,1477,1530
2.298033507929049,0.021936841536886117,0.0,0.0,0.0,0.0333492409948008,0.999443759360711,0.0014980964129933081,-0.001495349211277873,0.0,0.0,0.0,0.0021586335104129646,1477,1530
2.2982204355653466,0.021826461915551147,0.0,0.0,0.0,0.033360080867708544,0.9994433975991337,0.0004899760683502256,-0.0006277913265653175,0.0,0.0,0.0,-0.0028719504975553674,1477,1530
2.2981633895803917,0.02203758327322489,0.0,0.0,0.0,0.03325475574578691,0.9994469076545727,-0.0003370703061923195,0.001008687884099685,0.0,0.0,0.0,-0.002316863811419752,1477,1530
2.298420737597097,0.021864179883177078,0.0,0.0,0.0,0.03332029138137728,0.9994447249259261,0.0036441097356775015,-0.0028250172788604243,0.0,0.0,0.0,0.0019486181316764352,1477,1530
2.2982989123891926,0.021936795715458896,0.0,0.0,0.0,0.033325300191806774,0.999444557925614,-0.002066830551314722,0.0009199311615402415,0.0,0.0,0.0,-0.0007986450470276076,1477,1530
2.298425919349176,0.02186803495605571,0.0,0.0,0.0,0.03332763271896838,0.9994444801475215,0.0018560166840486136,-0.0011710746030080684,0.0,0.0,0.0,7.092610716192985e-05,1477,1530
2.298230164353497,0.022007790689808515,0.0,0.0,0.0,0.033285310783436925,0.9994458905243695,-0.00018564202256593547,-0.00042261288590866424,0.0,0.0,0.0,-0.0014011137883655866,1477,1530
2.298311922540503,0.021989200418949993,0.0,0.0,0.0,0.033280340202669206,0.9994460560510481,0.0024255093176411596,-0.0007242325747254245,0.0,0.0,0.0,-0.0003002950293604412,1477,1530
2.2982799488867443,0.021864293270692357,0.0,0.0,0.0,0.03347057071111681,0.999439703482042,-0.0032514974428910284,0.0005862671802027528,0.0,0.0,0.0,0.0015981802848868737,1477,1530
2.298188510202701,0.021936121533264828,0.0,0.0,0.0,0.03332763099609193,0.9994444802049728,-0.0013007094153354918,0.00117063084065059,0.0,0.0,0.0,-0.004304769396448267,1477,1530
2.298257399646133,0.02192924144856128,0.0,0.0,0.0,0.03337840882216069,0.9994427856683447,-0.0009570031610207315,0.004095242296576735,0.0,0.0,0.0,0.003736513298208665,1477,1530
2.2981503822902476,0.02210730853014782,0.0,0.0,0.0,0.033324175270254885,0.9994445954341628,-0.0017270883870550149,0.0014495803708746292,0.0,0.0,0.0,-0.0012263794028099556,1477,1530
2.2981531870537157,0.02207000690824491,0.0,0.0,0.0,0.03329343555586242,0.9994456199057994,4.707537787859096e-06,-0.0005611065040660964,0.0,0.0,0.0,-0.0009227403422271508,1477,1530
2.2983765313079925,0.021898554350479427,0.0,0.0,0.0,0.033344062506931615,0.9994439321420355,0.0032034213012160305,-0.0014752202161873447,0.0,0.0,0.0,-2.4602788661494105e-05,1477,1530
2.2983216682311305,0.02187112426867864,0.0,0.0,0.0,0.033370229141805506,0.9994430588117681,-0.0011328773502509305,0.00041807030736035265,0.0,0.0,0.0,-0.0004761779965678112,1477,1530
2.298133944325284,0.022007476638515933,0.0,0.0,0.0,0.0333384825065119,0.9994441182898436,-0.002652812918506786,0.0022115944972449955,0.0,0.0,0.0,-0.0009456759448323944,1477,1530
2.298342951371738,0.02191647814182902,0.0,0.0,0.0,0.03333363227357818,0.9994442800674033,0.001186448648007484,-0.0005569888500919268,0.0,0.0,0.0,-0.00122943920961158,1477,1530
2.298286334074501,0.02202610033632358,0.0,0.0,0.0,0.03331087949591496,0.9994450386625613,-0.0014758117028041248,0.0033949715864609524,0.0,0.0,0.0,-0.0013661028067562925,1477,1530
2.298193402667717,0.02199849818997147,0.0,0.0,0.0,0.03339139486059279,0.9994423518889242,0.001423064790136345,-0.00220794982219258,0.0,0.0,0.0,0.002382633839633551,1477,1530
2.2983441021599713,0.022018295809710292,0.0,0.0,0.0,0.03332982935872276,0.9994444068956103,0.0022798094180282533,0.00014571424193594892,0.0,0.0,0.0,-0.001851678525983821,1477,1530
2.298275229188411,0.021897691220124072,0.0,0.0,0.0,0.03334065117670741,0.9994440459471021,0.0007950356068823892,-0.001951249821058048,0.0,0.0,0.0,-0.0006150196574310638,1477,1530
2.2980028978230025,0.02207552506192229,0.0,0.0,0.0,0.033288009396848964,0.999445800646736,-0.00048735526523083385,0.00039099186966184464,0.0,0.0,0.0,-0.002055386015040423,1477,1530
2.2982046554623716,0.021964776672168042,0.0,0.0,0.0,0.03332475367577077,0.9994445761483971,0.0029084521584282082,-0.0018584884571959095,0.0,0.0,0.0,0.0011026866734173619,1477,1530
2.2979879874663385,0.022059005565501794,0.0,0.0,0.0,0.03332607840121952,0.9994445319768356,-0.0008121123047765505,0.0012412857299500238,0.0,0.0,0.0,-0.000554751324801079,1477,1530
2.2980895202820126,0.021986145842077674,0.0,0.0,0.0,0.033320380138051546,0.9994447219668808,0.0013527075402565163,-0.0015983683884672082,0.0,0.0,0.0,-0.0023929254821909176,1477,1530
2.2981862098644252,0.021915203020802108,0.0,0.0,0.0,0.033402081362520285,0.9994419947954216,0.003978712009426376,-0.003380911173527554,0.0,0.0,0.0,0.0034424673121707674,1477,1530
2.298300080586087,0.021935837968287394,0.0,0.0,0.0,0.03340587382118475,0.9994418680414799,0.001737704937309491,0.00019623593524127365,0.0,0.0,0.0,0.0001146813436370793,1477,1530
2.29815607415952,0.02201039821734804,0.0,0.0,0.0,0.033320648034787584,0.9994447130354643,-0.003486535298288911,0.0018198130595440546,0.0,0.0,0.0,-0.0015581908041136373,1477,1530
2.298266156209767,0.021994217137445562,0.0,0.0,0.0,0.03327830624662882,0.9994461237772427,0.0016274841047479798,-0.00035131138943269983,0.0,0.0,0.0,-0.001267909172819639,1477,1530
2.297842539405262,0.022365022353640168,0.0,0.0,0.0,0.03328982821553073,0.9994457400666533,0.001712881510807677,0.0005790359087532994,0.0,0.0,0.0,-0.0004740019967750343,1477,1530
2.2982953333612697,0.02195227761574706,0.0,0.0,0.0,0.03340326763864082,0.9994419551485025,0.004388985705889747,-0.00181280965289079,0.0,0.0,0.0,0.0029504335119826587,1477,1530
2.298474529533946,0.0218897621092677,0.0,0.0,0.0,0.03338329573244267,0.9994426224481525,0.0026138696005285223,-0.001112786192870299,0.0,0.0,0.0,-0.0005982412049074492,1477,1530
2.29830249733706,0.021963447163354265,0.0,0.0,0.0,0.033348657962118645,0.9994437788150595,0.001518884008536003,-0.0006668436615616045,0.0,0.0,0.0,-0.0013919757927418033,1477,1530
2.2981812098048398,0.021980321824554602,0.0,0.0,0.0,0.033346752701043945,0.9994438423865022,-0.0018000853988325773,0.0003741844444638644,0.0,0.0,0.0,-5.7243449355217594e-05,1477,1530
2.2982052341890165,0.02193555558501093,0.0,0.0,0.0,0.033368112373649644,0.9994431294859251,0.0001353982317432039,-6.874800124587867e-06,0.0,0.0,0.0,0.0008672725115018827,1477,1530
2.298230771822575,0.021977665266865343,0.0,0.0,0.0,0.03333978132330671,0.9994440749643344,0.00042426312674892003,0.0006045767516615608,0.0,0.0,0.0,-0.0008502473776205754,1477,1530
2.2983400470194786,0.021752010324479154,0.0,0.0,0.0,0.03337820613877424,0.9994427924373448,-0.0009283814439151021,-0.0001789739285975059,0.0,0.0,0.0,0.0003080000593777808,1477,1530
2.2983117374887785,0.02184118369251809,0.0,0.0,0.0,0.03330022405365981,0.999445393744939,-0.002439287133784761,0.0023037026510474563,0.0,0.0,0.0,-0.004680284794849083,1477,1530
2.2981303876792927,0.02203552835032549,0.0,0.0,0.0,0.0333027916857522,0.9994453081914665,-0.002509917197887394,0.003077203399597242,0.0,0.0,0.0,7.675815346446931e-05,1477,1530
2.298060498862648,0.02200029118516872,0.0,0.0,0.0,0.0332987598248719,0.9994454425300691,-0.0010828436560499284,0.00015007047237867673,0.0,0.0,0.0,-0.0024230156519942743,1477,1530
2.298056061407838,0.02201051346227577,0.0,0.0,0.0,0.033266084867662804,0.9994465306346195,0.00017146031593239644,-7.541076702365118e-05,0.0,0.0,0.0,0.0009530770541065598,1477,1530
2.298353752838851,0.0218102039050706,0.0,0.0,0.0,0.033359174409501376,0.999443427855082,0.004301893850033428,-0.002824093424966179,0.0,0.0,0.0,0.0042256934042952925,1477,1530
2.2983359542369426,0.021791790498780012,0.0,0.0,0.0,0.03336669900024845,0.9994431766728046,-0.0002849033869939122,-0.00025787542183702876,0.0,0.0,0.0,0.0002259436700887994,1477,1530
2.2982494945375533,0.021882996263092733,0.0,0.0,0.0,0.033329859148009046,0.9994444059021862,0.0014181113317181186,0.0006122207889994944,0.0,0.0,0.0,5.6018138473845154e-05,1477,1530
2.2982177523570684,0.021944929713776498,0.0,0.0,0.0,0.033347685689085256,0.9994438112566318,-0.00040905692666914374,0.0009490874336544874,0.0,0.0,0.0,0.0005297511459266198,1477,1530
2.2982494232651858,0.021989023982038385,0.0,0.0,0.0,0.03332551491581505,0.999444550765872,-0.0014235766886736274,0.0003942864390731905,0.0,0.0,0.0,-0.00041100458534872963,1477,1530
2.2981979010668763,0.02199175215098354,0.0,0.0,0.0,0.03325729269961515,0.9994468232388816,-0.0007660538951593489,9.203244131602144e-05,0.0,0.0,0.0,-0.002041574803509349,1477,1530
2.298169852888981,0.021891357277515608,0.0,0.0,0.0,0.03332768721161892,0.9994444783303995,8.20361772969512e-05,-0.0016967395439672032,0.0,0.0,0.0,0.0005338701192119344,1477,1530
2.2982700271311933,0.0218922493135248,0.0,0.0,0.0,0.03339747711948061,0.9994421486619692,0.0015043113902069218,-8.69904778873588e-05,0.0,0.0,0.0,0.002100650708190141,1477,1530
2.2983546060965026,0.021906017810669035,0.0,0.0,0.0,0.03322650131637971,0.9994478473688723,-0.012580363210540435,0.003980834852062375,0.0,0.0,0.0,-0.001458280545369741,1477,1530
2.298115128973991,0.021962248891887706,0.0,0.0,0.0,0.0331930423356813,0.9994489591472401,-0.0035115955912340072,0.0010750964416964314,0.0,0.0,0.0,-0.0009995953163412148,1477,1530
2.2979408059026842,0.02197368922677342,0.0,0.0,0.0,0.03317589451461909,0.9994495285021424,-0.0011339427683636195,0.000479909168948071,0.0,0.0,0.0,-7.900289091648378e-06,1477,1530
2.297953660626565,0.022087528735844294,0.0,0.0,0.0,0.033209567680686364,0.999448410181567,0.0003057077037440209,0.0016914442698603015,0.0,0.0,0.0,0.0010109895195738311,1477,1530
2.298007844538849,0.022004632744526912,0.0,0.0,0.0,0.033147025806338354,0.9994504863574754,0.0008730762505972476,-0.0003609350846393967,0.0,0.0,0.0,-5.5604361040186705e-05,1477,1530
2.298048723725227,0.02204909007199683,0.0,0.0,0.0,0.03313942053952793,0.999450738559087,0.0006560806646729143,0.0006248192646879202,0.0,0.0,0.0,-0.00022830282611674646,1477,1530
2.297882533468793,0.02202257126769269,0.0,0.0,0.0,0.03319052625035628,0.9994490427066427,-0.002514885337127619,-0.00023188231198996122,0.0,0.0,0.0,0.0015347211717180447,1477,1530
2.2975781989204243,0.02193816750344166,0.0,0.0,0.0,0.03324062799011235,0.9994473776296694,-0.0014773905856472979,0.00036689197290256206,0.0,0.0,0.0,-0.0008106223585575094,1477,1530
2.298033550487561,0.021995507635892097,0.0,0.0,0.0,0.033226310081994906,0.9994478537264139,-0.0004330549951400681,0.000334729455070477,0.0,0.0,0.0,0.000302660674586861,1477,1530
2.298081664608467,0.021905718242578684,0.0,0.0,0.0,0.03326958938573992,0.9994464139823126,0.000629087592803219,-0.00138831559630899,0.0,0.0,0.0,0.001295844768311778,1477,1530
2.2981052303755045,0.021924648371688074,0.0,0.0,0.0,0.033320780351486536,0.9994447086241279,0.00024373194203773597,-6.027765010843399e-05,0.0,0.0,0.0,0.0014534346153570051,1477,1530
2.2980385953037215,0.021965079921212233,0.0,0.0,0.0,0.03325408787252418,0.9994469298766026,-0.0009470351233792243,0.0006647660196137219,0.0,0.0,0.0,-0.0019812196511316653,1477,1530
2.2979064257640576,0.022075572275184988,0.0,0.0,0.0,0.03322220441471472,0.999447990209509,0.00033454797509762627,0.0013344836064660126,0.0,0.0,0.0,-0.0007517857076954245,1477,1530
2.2981009663376377,0.021957462757541762,0.0,0.0,0.0,0.033258687212461835,0.9994467768345164,-0.0021194774078155927,-0.0014881707203559958,0.0,0.0,0.0,-0.0026885232263663744,1477,1530
2.2982019867443,0.021943540329706978,0.0,0.0,0.0,0.033269906170601514,0.9994464034371224,0.0014993897154579943,-0.00030938509319992826,0.0,0.0,0.0,0.0003370517132860567,1477,1530
2.2981285695029894,0.021949128914935077,0.0,0.0,0.0,0.033246722504297485,0.999447174913573,-0.002185595544764396,0.0003136317633871772,0.0,0.0,0.0,-0.0013912195313026,1477,1530
2.2978876788412417,0.021970880350281122,0.0,0.0,0.0,0.03317888357571961,0.9994494292782746,0.0016057741469436076,0.0005202485200119081,0.0,0.0,0.0,-0.00318575559075331,1477,1530
2.2979771832077005,0.021983741357758803,0.0,0.0,0.0,0.03322883220925626,0.9994477698759496,0.0013545102332235854,0.0001036108919324812,0.0,0.0,0.0,0.0015016207321779868,1477,1530
2.298087532413645,0.021941563729559684,0.0,0.0,0.0,0.03319191390950332,0.9994489966231513,0.001874262216535156,-0.0006766343671850037,0.0,0.0,0.0,0.0007036818325911529,1477,1530
2.2981614444532137,0.0218844567793011,0.0,0.0,0.0,0.03323327858510818,0.999447622036535,0.001049226014632796,-0.0009281169354182643,0.0,0.0,0.0,0.0012414142202690824,1477,1530
2.29802287063724,0.021956187607546803,0.0,0.0,0.0,0.03322112644529269,0.9994480260412273,-0.002095396592151892,0.0003292490506261305,0.0,0.0,0.0,0.0005057787034314477,1477,1530
2.2979627235042503,0.021983648187541806,0.0,0.0,0.0,0.033156600207237194,0.9994501687741603,-0.0008754055832528717,0.0004722830591225744,0.0,0.0,0.0,-0.0019424971117336443,1477,1530
2.2980236803507994,0.021975414088856324,0.0,0.0,0.0,0.03317029758162129,0.9994497142719821,0.0013060293720544638,-0.00013813671266823746,0.0,0.0,0.0,0.000569965024089888,1477,1530
2.2979626296780618,0.02188489454492683,0.0,0.0,0.0,0.03319697733787821,0.9994488284527769,-0.0010035714508435335,-0.0012938278804258247,0.0,0.0,0.0,0.000800673594914979,1477,1530
2.2977730488345554,0.022011619676779913,0.0,0.0,0.0,0.033287776384389615,0.9994458084075308,-0.0015103763495914356,-0.0007064422020351888,0.0,0.0,0.0,0.0011345933169540463,1477,1530
2.297895447575871,0.022005873220512267,0.0,0.0,0.0,0.03326301668736021,0.9994466327527731,0.0018335937708482835,-0.00020901500265553405,0.0,0.0,0.0,-0.0007462209447285866,1477,1530
2.297846833429065,0.021942668232225793,0.0,0.0,0.0,0.03319642034986302,0.9994488469531371,-0.00013086945943584978,-2.0961824440717624e-05,0.0,0.0,0.0,-0.002385998459624378,1477,1530
2.298094696531208,0.021961996177656335,0.0,0.0,0.0,0.03317714876938513,0.9994494868674125,0.0037291952155722335,4.257355733290896e-05,0.0,0.0,0.0,-0.000578497869908951,1477,1530
2.298231046651245,0.021846654135280846,0.0,0.0,0.0,0.03320610786089974,0.9994485251381034,0.001403486270527192,0.00017214435748128155,0.0,0.0,0.0,0.00025216991186822823,1477,1530
2.2980771202477595,0.021984275241824655,0.0,0.0,0.0,0.03322310401649674,0.9994479603058426,-0.004332441624807352,0.00442488656766337,0.0,0.0,0.0,0.001020067094080584,1477,1530
2.2981618454714727,0.021734228947013528,0.0,0.0,0.0,0.0332408247636634,0.999447371085157,0.0011103315618940202,-0.004222965219608572,0.0,0.0,0.0,-5.1314045742393e-05,1477,1530
2.2976575255361085,0.02173522491673029,0.0,0.0,0.0,0.033208758026358746,0.9994484370843484,-0.0005913236563459686,0.0008145216284402987,0.0,0.0,0.0,-0.00037744565023984083,1477,1530
2.297629624711017,0.02169894363726831,0.0,0.0,0.0,0.03322816316615467,0.99944779211953,-0.0004549274192573683,-0.0005166143949932842,0.0,0.0,0.0,0.0005840320991750494,1477,1530
2.2980044441550667,0.021952957147125272,0.0,0.0,0.0,0.03327940761743549,0.9994460871045684,0.0012080507832411777,-0.00020138217922361897,0.0,0.0,0.0,0.0016418040933895114,1477,1530
2.297949095168917,0.021952313221003744,0.0,0.0,0.0,0.03317591726668506,0.9994495277469063,-0.0016596366964342915,9.126846877790485e-05,0.0,0.0,0.0,-0.006218697294421912,1477,1530
2.2978131374977604,0.02165530027636472,0.0,0.0,0.0,0.03325546632502986,0.9994468840111038,-0.0015499994538086441,-0.002866865478392546,0.0,0.0,0.0,0.0015882225135575997,1477,1530
2.2978225677334225,0.021998680706481102,0.0,0.0,0.0,0.0332378513405438,0.9994474699744174,0.00043289622978635487,0.0013100125269410508,0.0,0.0,0.0,-0.0016923707856787585,1477,1530
2.2979670801065426,0.021999482313149413,0.0,0.0,0.0,0.0332690656430172,0.999446431416532,0.002160346406755839,-0.00013181695559123403,0.0,0.0,0.0,0.0009354972312913913,1477,1530
2.2979198076411897,0.02196029503177721,0.0,0.0,0.0,0.03320456959560532,0.9994485762449065,-0.00012340989219096574,-0.0010698214384277953,0.0,0.0,0.0,4.71766646198392e-05,1477,1530
2.2979365410029797,0.021988954600969758,0.0,0.0,0.0,0.033206322229941666,0.9994485180157912,0.0002796792645374207,0.0004133193529142819,0.0,0.0,0.0,5.273989067222576e-05,1477,1530
2.2976932251375684,0.022144134912872683,0.0,0.0,0.0,0.033257736566240426,0.9994468084688102,0.0027079733348362106,-0.0016132552596247582,0.0,0.0,0.0,0.002942504439258635,1477,1530
2.2981609804890906,0.02192733329370021,0.0,0.0,0.0,0.03321803297279471,0.9994481288618327,0.0009415354615365351,-0.00013501212278279917,0.0,0.0,0.0,0.0001437785538180268,1477,1530
2.298214592102793,0.021940844090302027,0.0,0.0,0.0,0.033295752288283194,0.9994455427283456,0.0008154484012268915,0.00014874364134141648,0.0,0.0,0.0,0.0023317040692304417,1477,1530
2.298095611003337,0.021941156835668444,0.0,0.0,0.0,0.033269915486329724,0.9994464031270174,-0.0005695870243362156,0.00011794381877317528,0.0,0.0,0.0,-0.00025420378966836866,1477,1530
2.2979138003678856,0.021905474376232904,0.0,0.0,0.0,0.03320157154509767,0.9994486758443055,0.002313038653727883,0.0038921622300447274,0.0,0.0,0.0,-0.001758361217271249,1477,1530
2.297840167408775,0.02166966643802744,0.0,0.0,0.0,0.03325135527686019,0.9994470207931244,-0.0026709937293014196,-0.006905271559811841,0.0,0.0,0.0,0.0029857480722197114,1477,1530
2.2980674883214784,0.021871440446501193,0.0,0.0,0.0,0.03327282446661913,0.9994463062876432,0.0028802956560490256,-0.0009590086861285851,0.0,0.0,0.0,-0.0011365452237023517,1477,1530
2.2979074306524807,0.022086689473125254,0.0,0.0,0.0,0.03318591417295282,0.9994491958576511,0.0014517832504258063,0.0009045411489598734,0.0,0.0,0.0,-0.0028063896412305286,1477,1530
2.298062828579223,0.0220836226839378,0.0,0.0,0.0,0.033173381647976806,0.9994496119114948,0.0023236428897050855,-0.0002006001882916402,0.0,0.0,0.0,-0.00037632211327669223,1477,1530
2.2979860491991797,0.021943112758269146,0.0,0.0,0.0,0.033159224160923116,0.9994500817214662,0.00029583171026009025,-0.0003695532308666136,0.0,0.0,0.0,-0.0036414351956698134,1477,1530
2.2981727749501646,0.02149079027801435,0.0,0.0,0.0,0.03331184254549804,0.9994450065642551,0.003197424650090953,-0.0020146481334693675,0.0,0.0,0.0,-5.335609034648825e-05,1477,1530
2.298878054030986,0.02195036962848605,0.0,0.0,0.0,0.03322620594893757,0.9994478571882771,0.011004940966128017,0.006168467558513189,0.0,0.0,0.0,-0.0025682351212449822,1477,1530
2.2982656057159976,0.022021566626240354,0.0,0.0,0.0,0.033327369070141666,0.9994444889391619,0.0016805543527491462,0.003215078303745292,0.0,0.0,0.0,0.0019980396972211676,1477,1530
2.2982542366433973,0.022161901998182198,0.0,0.0,0.0,0.03327262798143666,0.9994463128288626,-2.9927032286835047e-05,0.00211186296148846,0.0,0.0,0.0,-0.0016432589742265387,1477,1530
2.2982713228846774,0.02209841286768795,0.0,0.0,0.0,0.033289511303198675,0.9994457506224108,-0.00015347617719337384,-0.0011196426665691511,0.0,0.0,0.0,0.002516344991737891,1477,1530
2.2983489052443478,0.02200614907818315,0.0,0.0,0.0,0.03333353684115402,0.9994442832502767,0.002141427172996981,-0.002921152346034193,0.0,0.0,0.0,0.0026470755921867697,1477,1530
2.298406331205596,0.022078731556507372,0.0,0.0,0.0,0.03329475419188198,0.9994455759786534,0.0009184600238452163,0.0005721996919862954,0.0,0.0,0.0,-0.001150584792475876,1477,1530
2.298515688724458,0.022059610186099338,0.0,0.0,0.0,0.03328633243008689,0.9994458564991672,0.0016165623005809226,-0.0003950923062648503,0.0,0.0,0.0,-0.00025262497727813403,1477,1530
2.2983658927916877,0.022119120526915295,0.0,0.0,0.0,0.03331226060977752,0.9994449926299428,-0.00041049585498903035,-0.0003053068581836558,0.0,0.0,0.0,0.0011305228162267489,1477,1530
2.29788442539285,0.021916829235176464,0.0,0.0,0.0,0.03326549094967343,0.9994465504027102,-0.0049653529850081654,-0.0017069924702689278,0.0,0.0,0.0,-0.0009409648920791947,1477,1530
2.2982890312744826,0.022041860774225375,0.0,0.0,0.0,0.033313763433358165,0.9994449425385603,0.006382584567113002,0.003211309993927564,0.0,0.0,0.0,-0.0013504721510783553,1477,1530
2.2982266195434975,0.022052045557017633,0.0,0.0,0.0,0.0332491669140077,0.999447093597017,-0.0007482314077935046,-0.0003769086518275187,0.0,0.0,0.0,-0.0018782234307008687,1477,1530
2.298226761403643,0.02209804062480358,0.0,0.0,0.0,0.033301411945037544,0.9994453541652324,-0.0004712689508105295,0.000114889729577414,0.0,0.0,0.0,0.001101290491460581,1477,1530
2.2982260532416166,0.022143141570542434,0.0,0.0,0.0,0.03327990514754792,0.9994460705377606,3.4446639171267775e-05,0.0006759708999066487,0.0,0.0,0.0,-0.0006458006977775437,1477,1530
2.298151189624758,0.022147430772108144,0.0,0.0,0.0,0.033268997631261475,0.9994464336804705,-0.0022325969350855063,0.00027782323714102715,0.0,0.0,0.0,-0.0006548790667116604,1477,1530
2.2985138589373655,0.022006864274307605,0.0,0.0,0.0,0.03326708997424608,0.9994464971796366,0.005280861871334403,-0.0024623732386025274,0.0,0.0,0.0,-5.7186492325009005e-05,1477,1530
2.2982827941290433,0.022156065260670658,0.0,0.0,0.0,0.03328146925679743,0.9994460184542779,-0.0004801985217395773,0.0005859142228454929,0.0,0.0,0.0,0.0007477743649900812,1477,1530
2.2980473943748096,0.02190578857807998,0.0,0.0,0.0,0.03334247073503759,0.9994439852464385,-0.0037758491753108426,-0.0035136534184234767,0.0,0.0,0.0,0.0018324807533183689,1477,1530
2.298225533418682,0.022045327451499758,0.0,0.0,0.0,0.03336492180565441,0.9994432360033774,0.0006000616480828044,0.0007720067464297987,0.0,0.0,0.0,-0.0013703823560623852,1477,1530
2.298237273738481,0.02211548947246345,0.0,0.0,0.0,0.03330818202888632,0.99944512856381,0.0025856574937090215,0.0018590187651262105,0.0,0.0,0.0,-0.002623038787523649,1477,1530
2.2983065523048944,0.022153919905496817,0.0,0.0,0.0,0.033356351906159806,0.9994435220599074,0.0010748121491580339,0.000505782161470335,0.0,0.0,0.0,0.0014453071913190594,1477,1530
2.298432919816572,0.022028389750352085,0.0,0.0,0.0,0.03331765719255173,0.9994448127431548,0.001527160235207058,-0.0017382827869475836,0.0,0.0,0.0,0.0010580575184113814,1477,1530
2.2985130381052876,0.02203083196012834,0.0,0.0,0.0,0.03327821560173047,0.999446126795419,-0.0015400119614331499,0.0003758912394137284,0.0,0.0,0.0,0.0007955795844935672,1477,1530
2.29848430999439,0.02202515143172729,0.0,0.0,0.0,0.0332650391834128,0.9994465654391564,-0.00043565264448913385,-5.635673238805309e-05,0.0,0.0,0.0,-0.0003955273470987306,1477,1530
2.298313539354003,0.022144809477187923,0.0,0.0,0.0,0.03326861629350989,0.9994464463741493,-0.0008481437375286194,0.0010516384879886707,0.0,0.0,0.0,-2.509682578813752e-05,1477,1530
2.2982176371392677,0.022122742659108803,0.0,0.0,0.0,0.03330488719800422,0.9994452383641278,-0.001461672599325066,-0.0002353006654105709,0.0,0.0,0.0,0.0010919517203404892,1477,1530
2.298256299539404,0.022063502717758643,0.0,0.0,0.0,0.03329256815103927,0.9994456488003279,0.001042969951405304,-0.0018575675089740511,0.0,0.0,0.0,-0.0007423888671717682,1477,1530
2.2982446755707087,0.02197868369231482,0.0,0.0,0.0,0.03346269313596839,0.9994399672657123,0.0009474177589279366,0.010308501627859639,0.0,0.0,0.0,0.002535401697700595,1477,1530
2.2982307950727123,0.021835744912393845,0.0,0.0,0.0,0.03342697677171198,0.9994411624622549,-0.00035101567219959263,-0.002124514275205823,0.0,0.0,0.0,-0.001071667383935779,1477,1530
2.2982681135696024,0.021759491771161946,0.0,0.0,0.0,0.03336597585856384,0.9994432008148366,-0.0008551556187887251,-0.0008424000894071127,0.0,0.0,0.0,-0.00043151336139991077,1477,1530
2.2983621588321856,0.022112464370907987,0.0,0.0,0.0,0.033253746340636076,0.9994469412401604,0.0004260294520167928,0.0006418431831317044,0.0,0.0,0.0,-0.001665111262118928,1477,1530
2.2984184045652793,0.022139396552568465,0.0,0.0,0.0,0.03334805437851783,0.9994437989547824,0.0008690337484157148,0.000347152928461083,0.0,0.0,0.0,0.002831986457064872,1477,1530
2.2984167013608006,0.022097187551022926,0.0,0.0,0.0,0.03332365259449431,0.9994446128614439,-6.67676621814787e-05,-0.0006213895961065454,0.0,0.0,0.0,-0.000722422556458389,1477,1530
2.2984124399690975,0.022059075287969597,0.0,0.0,0.0,0.033314622869119716,0.9994449138912501,0.0007592604734473728,-0.0013517826251673508,0.0,0.0,0.0,0.0005079497721903245,1477,1530
2.29831253122401,0.022116056692388534,0.0,0.0,0.0,0.03326100508652873,0.9994466996997058,0.0005137036677697547,0.0014100260850036393,0.0,0.0,0.0,0.00027901903285610497,1477,1530
2.2983011373352515,0.022121455356848743,0.0,0.0,0.0,0.03328214686241869,0.9994459958898372,-0.00016572958003451148,9.248922880661591e-05,0.0,0.0,0.0,0.0006368463259461232,1477,1530
2.2982749924422774,0.02211447229336501,0.0,0.0,0.0,0.033346497995988995,0.9994438508847826,0.000501479058697932,-0.00032771780486088464,0.0,0.0,0.0,0.0048042316540859165,1477,1530
2.298363946529347,0.022150111154683027,0.0,0.0,0.0,0.03330459852199429,0.9994452479837446,0.0001499035229816375,0.0005524896633769076,0.0,0.0,0.0,-0.00024161181825778404,1477,1530
2.2984356485299147,0.022127174926743307,0.0,0.0,0.0,0.03332915657989547,0.9994444293314526,0.001052571764253042,-0.00041580164409822467,0.0,0.0,0.0,0.0007387873887146662,1477,1530
2.2982741643580225,0.022119138151911525,0.0,0.0,0.0,0.03326872364139354,0.9994464428008499,-0.0024911174966372376,0.0006092281147477287,0.0,0.0,0.0,0.00021733009028440127,1477,1530
2.2983331625555907,0.02200122482621133,0.0,0.0,0.0,0.03332967021930448,0.9994444122026359,-0.0013847992053739131,0.0001243791392828597,0.0,0.0,0.0,-0.001480445923145097,1477,1530
2.2982653301255365,0.021880521082369125,0.0,0.0,0.0,0.03339751105589119,0.9994421475279456,-0.0011357754664726414,-0.0017386332796087498,0.0,0.0,0.0,0.0020362264224721657,1477,1530
2.29823749479347,0.022052664232298697,0.0,0.0,0.0,0.033322080902311944,0.9994446652638354,-0.00024366342220147975,0.002598323225003162,0.0,0.0,0.0,-0.002259003001955203,1477,1530
2.2982688055916225,0.022049223931146056,0.0,0.0,0.0,0.03324608696014251,0.9994471960548185,-0.0012578413795013934,0.001143169594354508,0.0,0.0,0.0,-0.001854249998572898,1477,1530
2.297627157920465,0.022484086540445224,0.0,0.0,0.0,0.03313609183862817,0.9994508489253796,-0.006141060251552584,0.004787060146177482,0.0,0.0,0.0,-0.002211109403092822,1477,1530
2.2980415311227955,0.022163016791554534,0.0,0.0,0.0,0.03320380409323062,0.9994486016768137,0.007952911763805116,-0.0058261113803535864,0.0,0.0,0.0,0.0014906402842410397,1477,1530
2.29851464061961,0.022049485688695834,0.0,0.0,0.0,0.03329370873326099,0.999445610805703,0.0027617420902858528,-0.0008953051386122522,0.0,0.0,0.0,-0.0019795777516059356,1477,1530
2.2985033289828047,0.022115617919846113,0.0,0.0,0.0,0.03327423940541093,0.9994462591815487,-0.00010321585351772872,0.0010004409439994593,0.0,0.0,0.0,-0.0005840327722386666,1477,1530
2.298253278248618,0.022100601022084023,0.0,0.0,0.0,0.0332618516988664,0.9994466715245804,-0.0018088090037326951,-0.0002003672704447179,0.0,0.0,0.0,0.00046416035286990623,1477,1530
2.2982674199573783,0.022093125549264927,0.0,0.0,0.0,0.03329974303262145,0.9994454097718201,0.00020423668758546017,-0.00012600960346883136,0.0,0.0,0.0,0.0011375691436292703,1477,1530
2.2981942936327204,0.022119470529422817,0.0,0.0,0.0,0.03323904936763428,0.9994474301318383,-0.0018214557822080319,0.00030467120738893156,0.0,0.0,0.0,-0.0007099939292044862,1477,1530
2.299600670975305,0.02141201919958672,0.0,0.0,0.0,0.0332381300691814,0.9994474607049157,-0.0008068765098988239,-0.0026565428662622117,0.0,0.0,0.0,-0.0003385343135019551,1477,1530
2.2995789048719284,0.021521253964298763,0.0,0.0,0.0,0.033248035112740125,0.9994471312486429,-0.0002168089088940097,0.0016558396191162226,0.0,0.0,0.0,0.0002971804172117365,1477,1530
2.2997990247325797,0.02156815629815337,0.0,0.0,0.0,0.03324969523245836,0.999447076021011,0.0033427922179266375,0.0004827664606932675,0.0,0.0,0.0,4.985407587987309e-05,1477,1530
2.299035964451938,0.021679594387102114,0.0,0.0,0.0,0.03326095887286196,0.9994467012376687,-0.006642130457046229,-0.0006683054719149651,0.0,0.0,0.0,0.001473988538337716,1477,1530
2.2990694184030422,0.021698880682060436,0.0,0.0,0.0,0.03322497209145557,0.9994478982065659,0.0005210399539202623,0.0002558351412766905,0.0,0.0,0.0,-0.0010825007831054762,1477,1530
2.298728294661851,0.021855085190117283,0.0,0.0,0.0,0.0331354220602724,0.9994508711311866,-0.005604779417966435,0.004280894711183239,0.0,0.0,0.0,-0.0036016841144882747,1477,1530
2.298664928293405,0.021445196134504536,0.0,0.0,0.0,0.03326009630631673,0.9994467299429692,0.0026665885270856756,-0.0013099626305692347,0.0,0.0,0.0,0.0010501761906147446,1477,1530
2.299021392638487,0.0215826357878948,0.0,0.0,0.0,0.03321755836237929,0.9994481446360496,0.005473565387227494,0.0017019747162974048,0.0,0.0,0.0,-0.0012771631446323475,1477,1530
2.2993878606126104,0.021552756583320638,0.0,0.0,0.0,0.03326179612398665,0.9994466733741257,0.010146399356199003,-0.002480833681036741,0.0,0.0,0.0,0.0016353932049053934,1477,1530
2.2996533913595427,0.021583607084917005,0.0,0.0,0.0,0.03321354704466591,0.9994482779477444,0.004005436094734846,0.000196944908751839,0.0,0.0,0.0,-0.0014484608845462428,1477,1530
2.299236722533567,0.02161377959359783,0.0,0.0,0.0,0.0332737947860015,0.9994462739840192,-0.006071318825891418,0.000649959812143866,0.0,0.0,0.0,0.00013528501273616587,1477,1530
2.299471180863462,0.02146062049478528,0.0,0.0,0.0,0.03329570294154034,0.9994455443722928,0.0036547081223897897,-0.0024252673530603063,0.0,0.0,0.0,0.001369849083112515,1477,1530
2.2994264676032605,0.021336939464931794,0.0,0.0,0.0,0.033300290265698376,0.9994453915388375,-0.000792692657855864,-0.0018064820953599939,0.0,0.0,0.0,0.00013769745860468035,1477,1530
2.2994210645245565,0.021538241537063296,0.0,0.0,0.0,0.03318309305219496,0.9994492895267321,-0.0013010121144999313,0.0010560498466051583,0.0,0.0,0.0,-0.00358965356195076,1477,1530
2.299280146582931,0.0215850285647578,0.0,0.0,0.0,0.033302911857433226,0.9994453041871856,-0.0038843593401174095,0.0004883512690760592,0.0,0.0,0.0,0.0015048106264662128,1477,1530
2.2989992513827344,0.021570163644605483,0.0,0.0,0.0,0.033252364280247595,0.9994469872233213,-0.004208487977903961,5.7860470682262505e-05,0.0,0.0,0.0,-0.0015135141447299172,1477,1530
2.2987377328677914,0.021696560120800158,0.0,0.0,0.0,0.033179165619932095,0.9994494199151677,-0.003115152512778168,0.003045580507921083,0.0,0.0,0.0,-0.001302998797739899,1477,1530
2.298908683621178,0.021566625845833985,0.0,0.0,0.0,0.03328821608338592,0.9994457937627163,0.0024288676405918026,-0.0021143664934091945,0.0,0.0,0.0,0.003272667521090284,1477,1530
2.299111815538971,0.021540060328634654,0.0,0.0,0.0,0.033319771445388675,0.9994447422598346,0.003625932258580935,0.005028231910721154,0.0,0.0,0.0,-0.0015971333138615493,1477,1530
2.299007254795443,0.02164920190286259,0.0,0.0,0.0,0.033283645608563554,0.9994459459795729,-0.002911813194332765,0.003475932136178706,0.0,0.0,0.0,-0.0021687748082184375,1477,1530
2.298990635171086,0.021701269268536157,0.0,0.0,0.0,0.03323507918753244,0.9994475621619168,-0.0005259533520695303,0.0002672258340366912,0.0,0.0,0.0,-0.0013296982300365528,1477,1530
2.299215056108213,0.02144223749183424,0.0,0.0,0.0,0.033274426304144344,0.9994462529591724,0.0015073300502876725,-0.0029106197367486076,0.0,0.0,0.0,0.0004924562613065081,1477,1530
2.299186747095715,0.021611481238566047,0.0,0.0,0.0,0.03319927101609399,0.9994487522649672,-0.0002557632501216206,0.0025705190164654686,0.0,0.0,0.0,-0.002264044259065546,1477,1530
2.298982575029029,0.0215955784128024,0.0,0.0,0.0,0.03322174951384606,0.9994480053305621,-0.0016650149910933895,-0.000740775990578302,0.0,0.0,0.0,-0.00025927797140058283,1477,1530
2.2993757728081126,0.021339295955710793,0.0,0.0,0.0,0.03329402430380888,0.9994456002933113,0.0035407946857953934,-0.005665891737545381,0.0,0.0,0.0,0.003342374071044571,1477,1530
2.299428790847229,0.02149846076728874,0.0,0.0,0.0,0.03316974750785067,0.9994497325279873,0.0009546972812237756,0.0023348800888508578,0.0,0.0,0.0,-0.003739376166382342,1477,1530
2.2991064250937514,0.021575193275826608,0.0,0.0,0.0,0.033288914756665546,0.9994457704919879,-0.0006468393355691573,0.00021077280660688905,0.0,0.0,0.0,0.0010482129377365334,1477,1530
2.2992753177235072,0.021507126381122177,0.0,0.0,0.0,0.03331100531571447,0.999445034469058,0.004910881858873076,-0.0023703863225246953,0.0,0.0,0.0,0.0013237994318466742,1477,1530
2.2989116525334583,0.021714802976975055,0.0,0.0,0.0,0.03320063419153306,0.9994487069826444,-0.004411227569183495,0.004017487322876166,0.0,0.0,0.0,-0.002267008440199575,1477,1530
2.298968484545059,0.02151517444525379,0.0,0.0,0.0,0.0332792980213506,0.9994460907538766,0.0006509262743781127,-0.0030399627798441318,0.0,0.0,0.0,0.002357777348622856,1477,1530
2.299481271683966,0.021499972607656726,0.0,0.0,0.0,0.03331440333973982,0.9994449212088263,0.002384217572312327,-0.0007061436867165928,0.0,0.0,0.0,0.00021692645753558385,1477,1530
2.299243181887761,0.021576933126852625,0.0,0.0,0.0,0.03324407429517012,0.9994472630030347,-0.0017058800409418572,0.00033557753015965916,0.0,0.0,0.0,-0.002705718610699534,1477,1530
2.299244433242095,0.021568965357581543,0.0,0.0,0.0,0.03329767526286455,0.9994454786640885,1.0786731233753249e-05,-0.00012049907842392573,0.0,0.0,0.0,0.0016089117300313615,1477,1530
2.2993378236121176,0.02155568297599101,0.0,0.0,0.0,0.03323271095695398,0.9994476409109442,0.002756105744774817,-0.0005813504123806852,0.0,0.0,0.0,-0.003881888357998617,1477,1530
2.299499423194362,0.02155453203156592,0.0,0.0,0.0,0.033218404133807285,0.999448116525717,0.0016142122664634113,-0.00011902059087400758,0.0,0.0,0.0,-0.00028674759342089387,1477,1530
2.2994003253681172,0.021540594852290817,0.0,0.0,0.0,0.03329013294773592,0.9994457299164983,-0.001666016238933981,0.0002970749216158878,0.0,0.0,0.0,-0.0008740989078425935,1477,1530
2.299397993296541,0.021566467834087086,0.0,0.0,0.0,0.03325075158919126,0.9994470408774814,-6.076397437175533e-06,0.00026074334205245436,0.0,0.0,0.0,-0.0007912045360317583,1477,1530
2.2993693684665004,0.021423093371297913,0.0,0.0,0.0,0.033217714831683266,0.9994481394356393,-0.0018552281405305386,-0.0011887100411973517,0.0,0.0,0.0,-0.0016020564685186329,1477,1530
2.299295261291307,0.02152889609484563,0.0,0.0,0.0,0.033247607309672265,0.9994471454800308,-0.0010010091498796794,0.0016527779631726946,0.0,0.0,0.0,0.0008947958427901976,1477,1530
2.2991419692302837,0.021559858952391386,0.0,0.0,0.0,0.03329979665587761,0.9994454079851871,-0.0045427166300224375,0.0012367750789389197,0.0,0.0,0.0,0.0031440684369848978,1477,1530
2.298889220788768,0.02158864216151074,0.0,0.0,0.0,0.03328598846010865,0.999445867954955,-0.0016236063390877083,-0.0009537612216811798,0.0,0.0,0.0,0.0030397788282881364,1477,1530
2.298854015055662,0.021380449825374293,0.0,0.0,0.0,0.033299006811927746,0.9994454343011124,-0.000735730934130148,-0.0030851634039096164,0.0,0.0,0.0,0.0003913169762510727,1477,1530
2.299147888927629,0.021567144415147323,0.0,0.0,0.0,0.033318441378963164,0.999444786601079,0.004583745848062727,0.002500262510322207,0.0,0.0,0.0,0.0005832353161766515,1477,1530
2.2995791672855113,0.02156184634089457,0.0,0.0,0.0,0.03327496315317788,0.9994462350857872,7.472974650119461e-05,0.0011845937246680027,0.0,0.0,0.0,-0.002058979912454058,1477,1530
2.298974244588206,0.02179224611689735,0.0,0.0,0.0,0.03313472988631912,0.9994508940790241,-0.002058043837586952,0.0018516438505608724,0.0,0.0,0.0,-0.002308848885340143,1477,1530
2.2988864254561947,0.021240402913859886,0.0,0.0,0.0,0.03334024371962008,0.9994440595394603,0.0034229301681442123,-0.0022504949597798255,0.0,0.0,0.0,0.0002625918213180022,1477,1530
2.299139087705936,0.021536075235140964,0.0,0.0,0.0,0.033288944742657894,0.9994457694932328,0.004042614100866563,0.004137379691196292,0.0,0.0,0.0,-0.001526808003594362,1477,1530
2.299056073630111,0.02158946995291534,0.0,0.0,0.0,0.03323555671488225,0.9994475462823709,-0.001199406231902055,0.0008896049357672041,0.0,0.0,0.0,-0.0016163391965562867,1477,1530
2.2989409483749332,0.021730865699557192,0.0,0.0,0.0,0.03324257644898217,0.9994473128239595,-0.0005482954694014373,0.003093214230888525,0.0,0.0,0.0,-0.0012500456006782586,1477,1530
2.299183999646158,0.02166639316176626,0.0,0.0,0.0,0.03327089715825015,0.9994463704483023,0.002255961600648108,0.00015453335029583272,0.0,0.0,0.0,0.0006088513726360904,1477,1530
2.299723201953104,0.021634284225594005,0.0,0.0,0.0,0.03307665161653782,0.999452817854769,0.01613784137831099,-0.0020447351409390844,0.0,0.0,0.0,-0.011705867170851512,1477,1530
2.299450494777941,0.021561414559541574,0.0,0.0,0.0,0.033054892627022305,0.9994535377261997,-0.0003752099391413557,-0.0005079740768944556,0.0,0.0,0.0,0.0004923797079795846,1477,1530
2.29954176413123,0.021515775959221495,0.0,0.0,0.0,0.033188400187280136,0.999449113308431,0.001322157952252098,-0.0007743264701832959,0.0,0.0,0.0,0.0040114972317051,1477,1530
2.299292515511899,0.021503065483200877,0.0,0.0,0.0,0.03314237408659976,0.9994506406220889,-0.003056061971694643,0.0009483425855435266,0.0,0.0,0.0,0.0005242095433901612,1477,1530
2.2992561375477782,0.02118551356461888,0.0,0.0,0.0,0.033177068884418605,0.9994494895192245,-0.0004498217801126809,-0.004866614041514954,0.0,0.0,0.0,0.0017784567535034284,1477,1530
2.299227652621822,0.021143016862761484,0.0,0.0,0.0,0.033207963269643016,0.9994484634914809,-0.000937421169151429,-0.0012156903292076223,0.0,0.0,0.0,0.001855093208586499,1477,1530
2.299231312010771,0.02151567969616802,0.0,0.0,0.0,0.03308054390964091,0.9994526890326737,0.0014634068089040692,0.0018308006239614516,0.0,0.0,0.0,-0.0027199265500244918,1477,1530
2.299283230859778,0.02160314923258951,0.0,0.0,0.0,0.03306126521212533,0.9994533269455725,0.001962602755324896,-0.0008392027081312701,0.0,0.0,0.0,0.0009931983309741192,1477,1530
2.2994082457247704,0.021396512008624174,0.0,0.0,0.0,0.03315149938041902,0.9994503379802471,0.001670184840898454,-0.003224237730817008,0.0,0.0,0.0,0.0027148489326766397,1477,1530
2.2992362328294416,0.02153856768102042,0.0,0.0,0.0,0.03309420833983039,0.9994522366648443,-0.0006970271677820581,-0.0008116781670365013,0.0,0.0,0.0,-0.0013963453100948812,1477,1530
2.2992921362482224,0.02154329484350578,0.0,0.0,0.0,0.033130413946502305,0.9994510371557646,0.0008395623152623624,1.5246671937436565e-05,0.0,0.0,0.0,0.0010843839184422107,1477,1530
2.2992869216105087,0.021590121172914332,0.0,0.0,0.0,0.03305785495306292,0.9994534397488971,0.001578917273966401,0.0010848601628185605,0.0,0.0,0.0,-0.0025214105336462435,1477,1530
2.299211451368479,0.02119966800868738,0.0,0.0,0.0,0.033157803251056744,0.9994501288626483,-0.0015161543595194724,-0.005767518390191497,0.0,0.0,0.0,0.0029992238558124696,1477,1530
2.299192289752397,0.021248582364237757,0.0,0.0,0.0,0.03319471031152278,0.9994489037501287,0.0002171174900744225,-0.0025081535177922305,0.0,0.0,0.0,0.004056890158414662,1477,1530
2.2992799418418013,0.021571174133257293,0.0,0.0,0.0,0.033119286350160454,0.9994514059581167,0.0014485579844011394,0.001000240092405745,0.0,0.0,0.0,-0.001306839299974268,1477,1530
2.2992245608766986,0.021621865163720805,0.0,0.0,0.0,0.0331606052207497,0.9994500359004413,-0.0007790410848118616,0.0008142014173465766,0.0,0.0,0.0,0.0012410229984387334,1477,1530
2.2992644399433044,0.021602932844702345,0.0,0.0,0.0,0.03310407076132452,0.999451910048217,0.0006182610056516805,-0.00025412605634388054,0.0,0.0,0.0,-0.00047327820569012356,1477,1530
2.29910971942631,0.021495584472903662,0.0,0.0,0.0,0.03313762235939254,0.999450798180864,-0.004845175302022045,-0.002906626261021927,0.0,0.0,0.0,0.0020144628467572453,1477,1530
2.299196216896751,0.021597018046495147,0.0,0.0,0.0,0.033099974139018336,0.9994520457290567,0.005981676572245405,-0.0014457615448113662,0.0,0.0,0.0,-0.0017060755727260144,1477,1530
2.29949239808334,0.02150084615645649,0.0,0.0,0.0,0.033127988963712024,0.9994511175376313,0.00244249644314713,-0.0013252198114676505,0.0,0.0,0.0,-0.0012818107632155522,1477,1530
2.2995491458750235,0.021604761327797383,0.0,0.0,0.0,0.03307785046468146,0.9994527781784571,0.0017080066677623994,0.00025192883998730525,0.0,0.0,0.0,0.0006289287586738873,1477,1530
2.299510074752684,0.02150684123707114,0.0,0.0,0.0,0.033099659928490656,0.9994520561350696,0.0008416177444078006,-0.001166454809509987,0.0,0.0,0.0,0.0008157398315962546,1477,1530
2.299368780959622,0.021562388819862072,0.0,0.0,0.0,0.03313744523100208,0.9994508040536875,-0.0020595010775900538,0.0009715512906113839,0.0,0.0,0.0,0.0011341075356505396,1477,1530
2.299397856457448,0.021516838829290157,0.0,0.0,0.0,0.03310684549894853,0.999451818138878,0.0023749544501133666,0.0005937147112569508,0.0,0.0,0.0,-0.00024571201244822613,1477,1530
2.299285686833929,0.021614944823454257,0.0,0.0,0.0,0.0331004439454685,0.9994520301698391,-0.0015809641090822407,0.0015792050560010811,0.0,0.0,0.0,-0.00019209044928013513,1477,1530
2.299240834173368,0.02158749438689451,0.0,0.0,0.0,0.03309601730680283,0.9994521767640651,-0.0006990067146479165,-0.00036657399925463523,0.0,0.0,0.0,-0.00013295705256939765,1477,1530
2.2989567824975796,0.021800003844911736,0.0,0.0,0.0,0.03309559802775149,0.9994521906480497,-0.004452056960646339,0.00384907143995651,0.0,0.0,0.0,-0.0008336330954044421,1477,1530
2.2990039141550236,0.021591761878365905,0.0,0.0,0.0,0.03310620203606885,0.999451839453381,0.0018710129202389946,0.002222301541373966,0.0,0.0,0.0,-0.0009537618348500566,1477,1530
2.2992353784471393,0.021624683116196957,0.0,0.0,0.0,0.03307401729026492,0.9994529050336906,0.0034994823216682957,0.00026315921473330753,0.0,0.0,0.0,-0.0009667481450942844,1477,1530
2.299263105835212,0.021627165446367884,0.0,0.0,0.0,0.03307112268093096,0.999453000818259,0.0004175356393597106,9.65854900692492e-06,0.0,0.0,0.0,-8.690101832535182e-05,1477,1530
2.2996261926901496,0.021459491410188773,0.0,0.0,0.0,0.03317659161696959,0.9994495053621673,0.003579084352036647,-0.0024950349874913033,0.0,0.0,0.0,0.0021263640515180563,1477,1530
2.2994040796048845,0.021631396436038737,0.0,0.0,0.0,0.03309515811730976,0.9994522052150319,-0.00039315174282972644,0.001970011860538077,0.0,0.0,0.0,0.0028919679055900015,1477,1530
2.2992774598064085,0.02158581865214762,0.0,0.0,0.0,0.033087781106925146,0.9994524494649158,-0.0004988474681467248,-0.00065714469885994,0.0,0.0,0.0,0.001267854570373013,1477,1530
2.299246190105213,0.021595662458798154,0.0,0.0,0.0,0.0330370210429954,0.9994541286325275,-0.00046082163397966123,0.00017935605464523602,0.0,0.0,0.0,-0.001532176790405309,1477,1530
2.2994114072702803,0.021503716086421758,0.0,0.0,0.0,0.033100418308480865,0.9994520310188997,0.0023823282784405796,-0.001540206005627215,0.0,0.0,0.0,0.0019034060295877165,1477,1530
