Position_X,Position_Y,Position_Z,Orientation_X,Orientation_Y,Orientation_Z,Orientation_W,Twist_Linear_X,Twist_Linear_Y,Twist_Linear_Z,Twist_Angular_X,Twist_Angular_Y,Twist_Angular_Z,Steer_PWM,Throttle_PWM
0.0,0.0,0.0,0.0,0.0,0.0,1.0,0.0,0.0,0.0,0.0,0.0,0.0,1477,1530
0.0,0.0,0.0,0.0,0.0,0.0,1.0,0.0,0.0,0.0,0.0,0.0,0.0,1477,1530
0.0,0.0,0.0,0.0,0.0,0.0,1.0,0.0,0.0,0.0,0.0,0.0,0.0,1477,1530
0.0,0.0,0.0,0.0,0.0,0.0,1.0,0.0,0.0,0.0,0.0,0.0,0.0,1477,1530
0.0,0.0,0.0,0.0,0.0,0.0,1.0,0.0,0.0,0.0,0.0,0.0,0.0,1477,1530
0.0,0.0,0.0,0.0,0.0,0.0,1.0,0.0,0.0,0.0,0.0,0.0,0.0,1477,1530
0.0,0.0,0.0,0.0,0.0,0.0,1.0,0.0,0.0,0.0,0.0,0.0,0.0,1477,1530
0.0,0.0,0.0,0.0,0.0,0.0,1.0,0.0,0.0,0.0,0.0,0.0,0.0,1477,1530
-2.7551479701003537e-05,0.00027374637376938876,0.0,0.0,0.0,-6.545788675947169e-05,0.9999999978576325,-0.0004136858813964495,0.004110305912453285,0.0,0.0,0.0,-0.0019657023050892396,1477,1530
0.00011948112048048079,0.0005851967548427109,0.0,0.0,0.0,-0.0001773805284705134,0.9999999842680739,0.0008820391548396596,0.00186900466421183,0.0,0.0,0.0,-0.0013432060289325662,1477,1530
0.00011948112048048079,0.0005851967548427109,0.0,0.0,0.0,-0.0001773805284705134,0.9999999842680739,0.0008820391548396596,0.00186900466421183,0.0,0.0,0.0,-0.0013432060289325662,1477,1530
7.195245572942622e-05,0.00018845815097081253,0.0,0.0,0.0,-6.887128940117532e-05,0.9999999976283728,-0.0007126109318329624,-0.005966336940782956,0.0,0.0,0.0,0.0032634848563778593,1477,1530
-4.084244978195449e-05,0.0001601464501034843,0.0,0.0,0.0,-4.7644417197422937e-05,0.9999999988650048,-0.0006758930512573472,-0.0001697492000687517,0.0,0.0,0.0,0.000254401412280645,1477,1530
-2.044112597353094e-05,0.00033364108011698724,0.0,0.0,0.0,-9.571910499132462e-05,0.9999999954189265,0.00015102642426192213,0.0012853978384456692,0.0,0.0,0.0,-0.000712349515147598,1477,1530
-2.044112597353094e-05,0.00033364108011698724,0.0,0.0,0.0,-9.571910499132462e-05,0.9999999954189265,0.00015102642426192213,0.0012853978384456692,0.0,0.0,0.0,-0.000712349515147598,1477,1530
6.353025281787193e-05,-3.398995569692953e-05,0.0,0.0,0.0,3.2452856781998003e-06,0.9999999999947341,0.0012929500904583769,-0.005655614673030239,0.0,0.0,0.0,0.0030450581739739527,1477,1530
8.093965286687412e-05,0.00024547489265162533,0.0,0.0,0.0,-6.72609253504265e-05,0.999999997737984,8.703779173961113e-05,0.0013970303003654984,0.0,0.0,0.0,-0.0007049140782528791,1477,1530
8.093965286687412e-05,0.00024547489265162533,0.0,0.0,0.0,-6.72609253504265e-05,0.999999997737984,8.703779173961113e-05,0.0013970303003654984,0.0,0.0,0.0,-0.0007049140782528791,1477,1530
-2.578577988591271e-05,-8.57159388508491e-05,0.0,0.0,0.0,2.1990745644998997e-05,0.9999999997582035,-0.001603403964644245,-0.0049779839692268135,0.0,0.0,0.0,0.00268288907714608,1477,1530
-8.889725636373482e-05,-4.0166000697527764e-05,0.0,0.0,0.0,2.5936374313407568e-05,0.9999999996636523,-0.0002703293713646968,0.00019512500897872137,0.0,0.0,0.0,3.380219374723744e-05,1477,1530
9.382579280828464e-06,0.00021900708418388346,0.0,0.0,0.0,-6.229228940075177e-05,0.9999999980598353,0.000736974819174778,0.0019431672326503991,0.0,0.0,0.0,-0.001323026431581667,1477,1530
9.382579280828464e-06,0.00021900708418388346,0.0,0.0,0.0,-6.229228940075177e-05,0.9999999980598353,0.000736974819174778,0.0019431672326503991,0.0,0.0,0.0,-0.001323026431581667,1477,1530
4.434479843704319e-06,-1.1013317540509388e-05,0.0,0.0,0.0,-1.0081566741999482e-05,0.999999999949181,-4.8864588069676165e-05,-0.0022847878460011527,0.0,0.0,0.0,0.0010372132639711261,1477,1530
7.786530680615213e-05,0.0005541492094826605,0.0,0.0,0.0,-0.00013843188323581812,0.9999999904183068,0.0007395039533858016,0.005692512313449082,0.0,0.0,0.0,-0.0025855707295054917,1477,1530
0.00014110353392096506,0.0003488454659762549,0.0,0.0,0.0,-8.937339282739165e-05,0.9999999960061983,0.0006334003728472122,-0.002054320840438706,0.0,0.0,0.0,0.0009818669397653414,1477,1530
3.176806228048788e-05,-9.67320590417218e-05,0.0,0.0,0.0,2.2443232560661712e-05,0.9999999997481507,-0.0006556398484384393,-0.002674010209216391,0.0,0.0,0.0,0.0013420142255870249,1477,1530
-4.879967069961491e-05,0.00018659580940317573,0.0,0.0,0.0,-4.167242012466969e-05,0.9999999991317047,-0.0023086958418106563,0.008120242019953261,0.0,0.0,0.0,-0.0036750918637710006,1477,1530
-2.8019923920480572e-06,-0.00013244584817792874,0.0,0.0,0.0,2.3680642056881847e-05,0.9999999997196136,0.00019862103937859853,-0.001376830656113085,0.0,0.0,0.0,0.000564071674306426,1477,1530
2.8478806755102136e-05,0.00040711169829588524,0.0,0.0,0.0,-0.00012094995259483153,0.9999999926855545,0.00031261336925142257,0.005387802208518336,0.0,0.0,0.0,-0.0028884525172669334,1477,1530
2.8478806755102136e-05,0.00040711169829588524,0.0,0.0,0.0,-0.00012094995259483153,0.9999999926855545,0.00031261336925142257,0.005387802208518336,0.0,0.0,0.0,-0.0028884525172669334,1477,1530
-2.3103418392601163e-05,4.894654884377985e-05,0.0,0.0,0.0,-2.974633706200571e-05,0.9999999995575777,-0.00038610201107766053,-0.002685533179191208,0.0,0.0,0.0,0.0013676473603636843,1477,1530
-1.1723678791481934e-05,0.00013822935017283403,0.0,0.0,0.0,-4.788741040727362e-05,0.999999998853398,0.00011373631754155838,0.0008927722877617646,0.0,0.0,0.0,-0.00036279607143877246,1477,1530
-4.736094553645581e-05,-1.0815366862263533e-05,0.0,0.0,0.0,7.017767711144056e-06,0.9999999999753755,-0.0005337417495801115,-0.002233198428341233,0.0,0.0,0.0,0.00164529615861652,1477,1530
-4.51679814412337e-05,2.3754070010511308e-05,0.0,0.0,0.0,-6.079896323423803e-06,0.9999999999815175,1.647352080782463e-05,0.00025962753353319247,0.0,0.0,0.0,-0.00019673547178803512,1477,1530
-5.813843688032089e-05,-1.94855504780764e-05,0.0,0.0,0.0,2.357856278121316e-05,0.9999999997220257,-9.716540423356551e-05,-0.0003239347198028188,0.0,0.0,0.0,0.00044437807215167645,1477,1530
-5.813843688032089e-05,-1.94855504780764e-05,0.0,0.0,0.0,2.357856278121316e-05,0.9999999997220257,-9.716540423356551e-05,-0.0003239347198028188,0.0,0.0,0.0,0.00044437807215167645,1477,1530
5.410928159410702e-07,7.289673980543612e-05,0.0,0.0,0.0,-2.7171059696106143e-05,0.9999999996308667,0.0005869973504273932,0.0009240447223034603,0.0,0.0,0.0,-0.001015266571195479,1477,1530
-9.260193747523388e-05,9.510928096219497e-05,0.0,0.0,0.0,-1.0346833989018116e-05,0.9999999999464715,-0.0006975999073569648,0.00016632199829457936,0.0,0.0,0.0,0.000252008683419881,1477,1530
4.7514408686651245e-06,0.0003169940572847466,0.0,0.0,0.0,-7.242884995338956e-05,0.9999999973770308,0.000584909253597005,0.0013331818671276953,0.0,0.0,0.0,-0.000746025643650142,1477,1530
4.7514408686651245e-06,0.0003169940572847466,0.0,0.0,0.0,-7.242884995338956e-05,0.9999999973770308,0.000584909253597005,0.0013331818671276953,0.0,0.0,0.0,-0.000746025643650142,1477,1530
3.358985787186101e-05,0.0001813068132262692,0.0,0.0,0.0,-4.6200214795451883e-05,0.99999999893277,0.0002162576683876728,-0.0010167866817151776,0.0,0.0,0.0,0.0003931061981793152,1477,1530
-4.012537388597482e-05,3.4379803862883286e-05,0.0,0.0,0.0,4.384133506712505e-06,0.9999999999903897,-0.0011058510559272322,-0.0022046576748426918,0.0,0.0,0.0,0.0015179782524957317,1477,1530
-0.0001574306170924179,0.00013404195536146013,0.0,0.0,0.0,-2.391485497230078e-05,0.9999999997140399,-0.0007031076400173717,0.000597368569672436,0.0,0.0,0.0,-0.0003392411572676297,1477,1530
9.804600519066082e-05,0.00042079112333572114,0.0,0.0,0.0,-0.00010408724186283784,0.999999994582923,0.002560107699089322,0.0028737637245605956,0.0,0.0,0.0,-0.0016068864768669126,1477,1530
-1.2459500472067892e-05,0.0001232178350105561,0.0,0.0,0.0,-2.9101770582955746e-05,0.9999999995765435,-0.001103122844843929,-0.0029724256764821965,0.0,0.0,0.0,0.001497926894864156,1477,1530
-2.2969315790049e-05,-3.9394151402600766e-05,0.0,0.0,0.0,-1.3119229203035919e-06,0.9999999999991395,-0.0001048546135161875,-0.0016238201538434293,0.0,0.0,0.0,0.0005550088407098451,1477,1530
-8.817533769032275e-06,-9.654794944373901e-05,0.0,0.0,0.0,1.8114093085385141e-06,0.9999999999983594,0.00014175037294513333,-0.0005724707363887849,0.0,0.0,0.0,6.256863144602493e-05,1477,1530
-8.817533769032275e-06,-9.654794944373901e-05,0.0,0.0,0.0,1.8114093085385141e-06,0.9999999999983594,0.00014175037294513333,-0.0005724707363887849,0.0,0.0,0.0,6.256863144602493e-05,1477,1530
5.555116815040798e-05,0.00035505456888308554,0.0,0.0,0.0,-0.00011268215414441318,0.999999993651366,0.0006442638895141649,0.004519955212312004,0.0,0.0,0.0,-0.002291865191541978,1477,1530
4.68350997473135e-05,-0.00015177905414633726,0.0,0.0,0.0,3.019953164005949e-05,0.9999999995439941,-5.158559255892139e-05,-0.00303951192780366,0.0,0.0,0.0,0.0017137336420771719,1477,1530
6.0172708151632026e-05,8.642399946459824e-06,0.0,0.0,0.0,1.8040537855254181e-06,0.9999999999983726,0.0001334903305984102,0.0016044150561686113,0.0,0.0,0.0,-0.0005679833949474948,1477,1530
6.0172708151632026e-05,8.642399946459824e-06,0.0,0.0,0.0,1.8040537855254181e-06,0.9999999999983726,0.0001334903305984102,0.0016044150561686113,0.0,0.0,0.0,-0.0005679833949474948,1477,1530
6.0172708151632026e-05,8.642399946459824e-06,0.0,0.0,0.0,1.8040537855254181e-06,0.9999999999983726,0.0001334903305984102,0.0016044150561686113,0.0,0.0,0.0,-0.0005679833949474948,1477,1530
-0.00011305583471144724,-0.0005007999170439578,0.0,0.0,0.0,0.0001393922179921023,0.9999999902849047,-0.0004329882723364334,-0.0012733463772583167,0.0,0.0,0.0,0.0006878015413072681,1477,1530
2.6796496387237838e-05,6.688394557989683e-05,0.0,0.0,0.0,-5.870275117372889e-06,0.9999999999827699,0.001400638113361994,0.005678606389533782,0.0,0.0,0.0,-0.002906354275625601,1477,1530
2.6796496387237838e-05,6.688394557989683e-05,0.0,0.0,0.0,-5.870275117372889e-06,0.9999999999827699,0.001400638113361994,0.005678606389533782,0.0,0.0,0.0,-0.002906354275625601,1477,1530
0.0001075938659193791,0.0002606262950982132,0.0,0.0,0.0,-8.043755516797446e-05,0.9999999967648998,0.0006057829911960112,0.0014526425746630833,0.0,0.0,0.0,-0.0011181765435014067,1477,1530
1.532574796682294e-05,6.193328361448424e-06,0.0,0.0,0.0,-2.5964572149270233e-05,0.9999999996629205,-0.0008903527038384448,-0.002456415572601326,0.0,0.0,0.0,0.0010517542709000025,1477,1530
1.532574796682294e-05,6.193328361448424e-06,0.0,0.0,0.0,-2.5964572149270233e-05,0.9999999996629205,-0.0008903527038384448,-0.002456415572601326,0.0,0.0,0.0,0.0010517542709000025,1477,1530
-1.4616256569091209e-05,0.00022526335529359987,0.0,0.0,0.0,-6.792368927915238e-05,0.9999999976931861,-0.00047410343016791997,0.003467425438422605,0.0,0.0,0.0,-0.001328261516227921,1477,1530
0.00020701865226357944,0.0003809379664295933,0.0,0.0,0.0,-0.00010354672013865109,0.9999999946390383,0.0013302066542206028,0.0009345965403619217,0.0,0.0,0.0,-0.000427644863893638,1477,1530
0.00020701865226357944,0.0003809379664295933,0.0,0.0,0.0,-0.00010354672013865109,0.9999999946390383,0.0013302066542206028,0.0009345965403619217,0.0,0.0,0.0,-0.000427644863893638,1477,1530
1.900276770896086e-05,4.829057133098842e-05,0.0,0.0,0.0,2.0082954552655093e-06,0.9999999999979834,-0.0009376346555204037,-0.0016597138650498665,0.0,0.0,0.0,0.0010531910079715576,1477,1530
5.064629793722891e-05,0.0005280609719561559,0.0,0.0,0.0,-0.0001479877495894041,0.9999999890498129,0.0004781436188420627,0.007249037131665983,0.0,0.0,0.0,-0.004532698084805389,1477,1530
7.500488471964457e-05,0.000809278115359651,0.0,0.0,0.0,-0.00023404888554337292,0.9999999726105593,0.00014567279952957082,0.0016875856809513577,0.0,0.0,0.0,-0.001032880318337901,1477,1530
9.297715394742183e-05,0.0005209095217436756,0.0,0.0,0.0,-0.0001356417644679368,0.9999999908006558,0.00013576705369274634,-0.002162106540031651,0.0,0.0,0.0,0.0014757010217813895,1477,1530
9.297715394742183e-05,0.0005209095217436756,0.0,0.0,0.0,-0.0001356417644679368,0.9999999908006558,0.00013576705369274634,-0.002162106540031651,0.0,0.0,0.0,0.0014757010217813895,1477,1530
9.01754791309459e-05,0.00045536700047344537,0.0,0.0,0.0,-0.00014172821207619022,0.9999999899565569,3.125142958752139e-05,-0.002989770259827847,0.0,0.0,0.0,0.0011330371179998956,1477,1530
9.01754791309459e-05,0.00045536700047344537,0.0,0.0,0.0,-0.00014172821207619022,0.9999999899565569,3.125142958752139e-05,-0.002989770259827847,0.0,0.0,0.0,0.0011330371179998956,1477,1530
4.703365308996742e-06,0.00017024607262122033,0.0,0.0,0.0,-6.664544752292677e-05,0.9999999977791921,-0.0008555384333269576,-0.002856879511244838,0.0,0.0,0.0,0.0015045138745188277,1477,1530
-3.672646084335114e-05,0.00026842482382022354,0.0,0.0,0.0,-8.175441543733916e-05,0.9999999966581078,-0.0004145369007733,0.000981987597858058,0.0,0.0,0.0,-0.00030225794617747497,1477,1530
6.207307901072883e-05,0.0004827488578228053,0.0,0.0,0.0,-0.0001191802128769904,0.9999999928980384,0.0005920777810758305,0.0012849360693890594,0.0,0.0,0.0,-0.00044872366910833324,1477,1530
-2.048288375985108e-05,0.0002840012880633096,0.0,0.0,0.0,-6.75584469117666e-05,0.9999999977179281,-0.001166528868518787,-0.0028102253949922247,0.0,0.0,0.0,0.0014596851738454253,1477,1530
9.395351778313492e-05,0.0004219844939304678,0.0,0.0,0.0,-0.0001452323141644171,0.9999999894537873,0.0007041742723097123,0.000849300962542323,0.0,0.0,0.0,-0.0009560743161978728,1477,1530
9.395351778313492e-05,0.0004219844939304678,0.0,0.0,0.0,-0.0001452323141644171,0.9999999894537873,0.0007041742723097123,0.000849300962542323,0.0,0.0,0.0,-0.0009560743161978728,1477,1530
7.73781295092961e-05,0.000535396128025396,0.0,0.0,0.0,-0.00016492179387293048,0.9999999864004009,-0.00016607167140706832,0.0011339887682535405,0.0,0.0,0.0,-0.00039376203554379786,1477,1530
7.73781295092961e-05,0.000535396128025396,0.0,0.0,0.0,-0.00016492179387293048,0.9999999864004009,-0.00016607167140706832,0.0011339887682535405,0.0,0.0,0.0,-0.00039376203554379786,1477,1530
5.911751869646056e-05,0.0002395688369249561,0.0,0.0,0.0,-6.936555145180204e-05,0.9999999975942101,-0.00018136734820275492,-0.0029540496095982103,0.0,0.0,0.0,0.0019083577406301853,1477,1530
4.4005193597458536e-05,0.0004440595974125025,0.0,0.0,0.0,-0.0001298552383787716,0.9999999915688085,-9.095039515499e-05,0.0012283667041314806,0.0,0.0,0.0,-0.0007267250612643493,1477,1530
4.4005193597458536e-05,0.0004440595974125025,0.0,0.0,0.0,-0.0001298552383787716,0.9999999915688085,-9.095039515499e-05,0.0012283667041314806,0.0,0.0,0.0,-0.0007267250612643493,1477,1530
4.9972876479891075e-05,0.0004667659080417746,0.0,0.0,0.0,-0.00014528332376922731,0.9999999894463778,4.4642522104643506e-05,0.00017003901106938144,0.0,0.0,0.0,-0.00023105448404638616,1477,1530
3.488416955072258e-05,0.0004980108003734266,0.0,0.0,0.0,-0.00011821206048775724,0.9999999930129544,-5.033282887237304e-05,0.00010414925619075625,0.0,0.0,0.0,0.00018049975839320897,1477,1530
5.323604961914441e-05,0.0001930318620073614,0.0,0.0,0.0,-8.133819321213668e-05,0.9999999966920492,0.00018421404935744574,-0.003049319005492982,0.0,0.0,0.0,0.0007373741166815556,1477,1530
6.534209921632824e-05,0.0004617270647836784,0.0,0.0,0.0,-0.00012540986910138173,0.9999999921361824,0.00018034715436436767,0.004017360932201884,0.0,0.0,0.0,-0.0013178540791227821,1477,1530
1.1631670484217501e-05,0.00058745606300428,0.0,0.0,0.0,-0.00014375200534837422,0.9999999896676804,-0.00039396222056977195,0.0009215734648217526,0.0,0.0,0.0,-0.0002689186800816308,1477,1530
0.0002143845261504521,0.0005509655036724274,0.0,0.0,0.0,-0.00015109756058894228,0.9999999885847635,0.0031932240144360064,-0.0005737545366018179,0.0,0.0,0.0,-0.00023136336011663145,1477,1530
0.0002143845261504521,0.0005509655036724274,0.0,0.0,0.0,-0.00015109756058894228,0.9999999885847635,0.0031932240144360064,-0.0005737545366018179,0.0,0.0,0.0,-0.00023136336011663145,1477,1530
4.0517023184537655e-05,0.0003209807779174609,0.0,0.0,0.0,-0.00010624189468120429,0.9999999943563299,-0.0017274768881767317,-0.0022864708290014145,0.0,0.0,0.0,0.0008916918389744268,1477,1530
9.53049303878789e-05,0.00044724748620195924,0.0,0.0,0.0,-0.00011958758814190805,0.9999999928494043,0.0002059747927993988,0.00047497525784383617,0.0,0.0,0.0,-0.00010039526782954904,1477,1530
9.53049303878789e-05,0.00044724748620195924,0.0,0.0,0.0,-0.00011958758814190805,0.9999999928494043,0.0002059747927993988,0.00047497525784383617,0.0,0.0,0.0,-0.00010039526782954904,1477,1530
1.7315982332048244e-05,0.0004890601485984061,0.0,0.0,0.0,-0.0001495696284999485,0.9999999888144631,0.0,0.0,0.0,0.0,0.0,-1.597475781160115e-19,1477,1530
1.7315982332048244e-05,0.0004890601485984061,0.0,0.0,0.0,-0.0001495696284999485,0.9999999888144631,0.0,0.0,0.0,0.0,0.0,-2.26785482507899e-19,1477,1530
1.7315982332048244e-05,0.0004890601485984061,0.0,0.0,0.0,-0.0001495696284999485,0.9999999888144631,0.0,0.0,0.0,0.0,0.0,-1.5188348280538362e-19,1477,1530
1.7315982332048244e-05,0.0004890601485984061,0.0,0.0,0.0,-0.00014956962849994851,0.9999999888144631,0.0,0.0,0.0,0.0,0.0,-1.031277129310904e-18,1477,1530
1.7315982332048244e-05,0.0004890601485984061,0.0,0.0,0.0,-0.00014956962849994851,0.9999999888144631,0.0,0.0,0.0,0.0,0.0,-1.031277129310904e-18,1477,1530
-1.4548183090795899e-05,0.0004414814323595058,0.0,0.0,0.0,-0.00013191882100378885,0.9999999912987123,-0.00032330032315390993,-0.0004830558385300636,0.0,0.0,0.0,0.0003583374647575322,1477,1530
-5.523525412069356e-06,0.0007243511810232525,0.0,0.0,0.0,-0.00020173939577288,0.9999999796506079,0.0001344635098299101,0.004249817759090213,0.0,0.0,0.0,-0.0020979425098230633,1477,1530
9.231532851113827e-05,0.0007586450452003149,0.0,0.0,0.0,-0.0002138325374141861,0.9999999771378227,0.0004887120838529886,0.00017152175055762435,0.0,0.0,0.0,-0.00012082931824753856,1477,1530
2.7107168252035984e-05,0.00038812847768186185,0.0,0.0,0.0,-0.00013817834458966922,0.9999999904533725,-0.0004878044371584229,-0.0027786941394751536,0.0,0.0,0.0,0.0011346540575648677,1477,1530
2.7107168252035984e-05,0.00038812847768186185,0.0,0.0,0.0,-0.00013817834458966922,0.9999999904533725,-0.0004878044371584229,-0.0027786941394751536,0.0,0.0,0.0,0.0011346540575648677,1477,1530
-7.997965561624188e-05,0.0006137337006200418,0.0,0.0,0.0,-0.0001848341406467189,0.99999998291817,-0.001610514907199401,0.0033905340392191216,0.0,0.0,0.0,-0.0014025280441552345,1477,1530
-3.140418172222134e-05,0.0004460250702325646,0.0,0.0,0.0,-0.00012997960701301742,0.9999999915526508,0.00036030155443757755,-0.0012422358684412692,0.0,0.0,0.0,0.0008127139482281411,1477,1530
-0.0001394838317009781,0.00023349399196269033,0.0,0.0,0.0,-8.317143456868768e-05,0.9999999965412563,-0.0010971287810931656,-0.002158815849820749,0.0,0.0,0.0,0.000950796207581514,1477,1530
6.707059843883743e-05,0.0007516634631366452,0.0,0.0,0.0,-0.000207196038024806,0.9999999785349006,0.0015503644366460707,0.0038911786299241353,0.0,0.0,0.0,-0.0018625948687395954,1477,1530
2.495063413343379e-05,0.00041301858776109475,0.0,0.0,0.0,-0.00011663723203933298,0.999999993197878,-0.00031447534994140884,-0.0025369672897681806,0.0,0.0,0.0,0.0013567777165461351,1477,1530
2.495063413343379e-05,0.00041301858776109475,0.0,0.0,0.0,-0.00011663723203933298,0.999999993197878,-0.00031447534994140884,-0.0025369672897681806,0.0,0.0,0.0,0.0013567777165461351,1477,1530
-0.00010559508389625485,0.0002679687320486109,0.0,0.0,0.0,-8.375393867707885e-05,0.9999999964926388,-0.001305170987345606,-0.0014508610819242832,0.0,0.0,0.0,0.0006576921781445205,1477,1530
-0.0001004279858669911,0.0002957185659181072,0.0,0.0,0.0,-7.030040732414616e-05,0.9999999975289263,3.870308458923816e-05,0.00020804806358839343,0.0,0.0,0.0,0.0002017232901884674,1477,1530
8.910983975247047e-06,0.0002716689663899909,0.0,0.0,0.0,-6.821722830871177e-05,0.9999999976732049,0.0006531410916598581,-0.00014356505670036628,0.0,0.0,0.0,2.4887151549245007e-05,1477,1530
8.910983975247047e-06,0.0002716689663899909,0.0,0.0,0.0,-6.821722830871177e-05,0.9999999976732049,0.0006531410916598581,-0.00014356505670036628,0.0,0.0,0.0,2.4887151549245007e-05,1477,1530
-3.0306042912095316e-05,0.00022769384474171175,0.0,0.0,0.0,-8.742227908838184e-05,0.9999999961786725,-0.0003918633940670339,-0.000439527815403654,0.0,0.0,0.0,-0.00038385918545189967,1477,1530
-3.0306042912095316e-05,0.00022769384474171175,0.0,0.0,0.0,-8.742227908838184e-05,0.9999999961786725,-0.0003918633940670339,-0.000439527815403654,0.0,0.0,0.0,-0.00038385918545189967,1477,1530
-3.0306042912095316e-05,0.00022769384474171175,0.0,0.0,0.0,-8.742227908838184e-05,0.9999999961786725,-0.0003918633940670339,-0.000439527815403654,0.0,0.0,0.0,-0.00038385918545189967,1477,1530
-0.0001598679832931473,0.0001689022340836385,0.0,0.0,0.0,-7.213823870166483e-05,0.9999999973980372,-0.0003245428376217036,-0.00014733696148513999,0.0,0.0,0.0,7.657680173410291e-05,1477,1530
-0.00013964328177942385,0.0003715578436256404,0.0,0.0,0.0,-9.143133510816356e-05,0.9999999958201554,0.0002003100828779034,0.002010082476681206,0.0,0.0,0.0,-0.000382719799845755,1477,1530
1.8180150657155173e-05,0.0005252332660649886,0.0,0.0,0.0,-0.00015766821221747685,0.9999999875703673,0.004564384261372045,0.004446046683178043,0.0,0.0,0.0,-0.003831932983526226,1477,1530
-5.5122281451598916e-05,0.00029196042416624744,0.0,0.0,0.0,-9.564523095842775e-05,0.9999999954259949,-0.000557547673927388,-0.0017762613747977743,0.0,0.0,0.0,0.0009444572787889383,1477,1530
-5.5122281451598916e-05,0.00029196042416624744,0.0,0.0,0.0,-9.564523095842775e-05,0.9999999954259949,-0.000557547673927388,-0.0017762613747977743,0.0,0.0,0.0,0.0009444572787889383,1477,1530
-5.5122281451598916e-05,0.00029196042416624744,0.0,0.0,0.0,-9.564523095842775e-05,0.9999999954259949,0.0,0.0,0.0,0.0,0.0,-1.209184378967574e-20,1477,1530
-5.5122281451598916e-05,0.00029196042416624744,0.0,0.0,0.0,-9.564523095842775e-05,0.9999999954259949,0.0,0.0,0.0,0.0,0.0,-4.561030815849155e-21,1477,1530
-5.5122281451598916e-05,0.00029196042416624744,0.0,0.0,0.0,-9.564523095842775e-05,0.9999999954259949,0.0,0.0,0.0,0.0,0.0,-9.251457484321203e-21,1477,1530
-5.5122281451598916e-05,0.00029196042416624744,0.0,0.0,0.0,-9.564523095842778e-05,0.9999999954259949,0.0,0.0,0.0,0.0,0.0,-8.342071496317805e-19,1477,1530
-0.00011253281285591231,0.0002470815189278285,0.0,0.0,0.0,-0.00010652367845463313,0.999999994326353,-0.0008582955105108486,-0.0006712104921475286,0.0,0.0,0.0,-0.00032531729097692185,1477,1530
-0.00011253281285591231,0.0002470815189278285,0.0,0.0,0.0,-0.00010652367845463313,0.999999994326353,-0.0008582955105108486,-0.0006712104921475286,0.0,0.0,0.0,-0.00032531729097692185,1477,1530
-0.00013238359073874898,0.00012065296046388695,0.0,0.0,0.0,-6.364762469916964e-05,0.9999999979744899,-0.00011897636635617379,-0.0007588091750716243,0.0,0.0,0.0,0.0005146567506999504,1477,1530
-0.00017236521175901826,0.00016067740687756204,0.0,0.0,0.0,-7.726637990374879e-05,0.9999999970149532,-0.00039979519304739663,0.00040012154431188986,0.0,0.0,0.0,-0.00027232608606583706,1477,1530
5.526847046948463e-05,0.00025153567678582725,0.0,0.0,0.0,-7.948945573098943e-05,0.9999999968407132,0.0022770161151149998,0.000909261791089146,0.0,0.0,0.0,-4.447752859164402e-05,1477,1530
-0.00018496847943012433,-0.00031007107232148797,0.0,0.0,0.0,7.657396670942319e-05,0.9999999970682139,-0.0036044677408531116,-0.008429942733491564,0.0,0.0,0.0,0.004684830678137257,1477,1530
-0.0001563293038214195,0.00010646502606363338,0.0,0.0,0.0,-7.369385971835601e-05,0.9999999972846075,0.000172118317104658,0.002497746547314427,0.0,0.0,0.0,-0.001802172256481308,1477,1530
-3.267091627963346e-05,0.0003130818334629853,0.0,0.0,0.0,-0.00012946115700015172,0.9999999916199044,0.0012183452914962217,0.00203637487073132,0.0,0.0,0.0,-0.0010991662241370906,1477,1530
-4.695501244422146e-05,5.344459261677546e-05,0.0,0.0,0.0,-4.408291217124237e-05,0.9999999990283485,-8.589630849208781e-05,-0.0015687136317262288,0.0,0.0,0.0,0.0010316864646978737,1477,1530
-4.695501244422146e-05,5.344459261677546e-05,0.0,0.0,0.0,-4.408291217124237e-05,0.9999999990283485,-8.589630849208781e-05,-0.0015687136317262288,0.0,0.0,0.0,0.0010316864646978737,1477,1530
-3.777368192390956e-05,0.00021111190167804903,0.0,0.0,0.0,-8.341415250925143e-05,0.9999999965210395,0.00027727156084946756,0.0047687178395201864,0.0,0.0,0.0,-0.002379169489176558,1477,1530
-0.00022427102788559776,-3.769192151254931e-05,0.0,0.0,0.0,-2.5938263052648655e-05,0.9999999996636032,-0.0013997975694543632,-0.0018681020762773286,0.0,0.0,0.0,0.0008629883863422579,1477,1530
-0.00011852938001189248,0.0002237578410377129,0.0,0.0,0.0,-8.691369584685663e-05,0.9999999962230047,0.0007933493758891339,0.001961875676890276,0.0,0.0,0.0,-0.0009150798820863101,1477,1530
-5.584701121834519e-05,0.00026384593202228234,0.0,0.0,0.0,-9.952506921970077e-05,0.9999999950473802,0.00037202264731394974,0.00023801573134734984,0.0,0.0,0.0,-0.0001497147707320968,1477,1530
-9.752690694498514e-05,5.9480704711339244e-05,0.0,0.0,0.0,-3.6227556949113785e-05,0.999999999343782,-0.00041834163174748606,-0.002053303591248654,0.0,0.0,0.0,0.001271877195424642,1477,1530
-9.752690694498514e-05,5.9480704711339244e-05,0.0,0.0,0.0,-3.6227556949113785e-05,0.999999999343782,-0.00041834163174748606,-0.002053303591248654,0.0,0.0,0.0,0.001271877195424642,1477,1530
-0.00028192773876319045,-0.0003832083434023037,0.0,0.0,0.0,7.971300854547825e-05,0.9999999968229181,-0.002802851308910066,-0.006730148037138061,0.0,0.0,0.0,0.0035251543905253954,1477,1530
-7.851292751214162e-05,-4.821967323479436e-05,0.0,0.0,0.0,-3.656637982970753e-05,0.9999999993314499,0.001528996975910008,0.0025170863833932624,0.0,0.0,0.0,-0.0017476030179783917,1477,1530
-7.851292751214162e-05,-4.821967323479436e-05,0.0,0.0,0.0,-3.656637982970753e-05,0.9999999993314499,0.001528996975910008,0.0025170863833932624,0.0,0.0,0.0,-0.0017476030179783917,1477,1530
-8.64400628149476e-05,2.5483160148856402e-05,0.0,0.0,0.0,-4.395808922483181e-05,0.9999999990338432,-5.915160041164531e-05,0.000549586170935268,0.0,0.0,0.0,-0.00011023764067059316,1477,1530
-3.243243476326664e-05,0.0003287712847911697,0.0,0.0,0.0,-0.00011690549276878156,0.9999999931665529,0.0004072897674619137,0.00228836378984343,0.0,0.0,0.0,-0.001100785497353735,1477,1530
-0.00020998771474112452,-0.0003355324774100039,0.0,0.0,0.0,6.477591142347824e-05,0.9999999979020406,-0.0006653188528622003,-0.002491553217713652,0.0,0.0,0.0,0.001362751911793504,1477,1530
-0.00020998771474112452,-0.0003355324774100039,0.0,0.0,0.0,6.477591142347824e-05,0.9999999979020406,-0.0006653188528622003,-0.002491553217713652,0.0,0.0,0.0,0.001362751911793504,1477,1530
0.000101965478658777,0.00044549673390505937,0.0,0.0,0.0,-0.00017013286108446586,0.9999999855274047,0.0013331668925528745,0.0033365608179434787,0.0,0.0,0.0,-0.002007166840804347,1477,1530
-0.00013319932428634457,9.003339761824101e-05,0.0,0.0,0.0,-5.904711892579672e-05,0.9999999982567188,-0.007190743639497839,-0.010877209111550623,0.0,0.0,0.0,0.006796937174818416,1477,1530
-3.474620797127622e-05,0.0004426488966081435,0.0,0.0,0.0,-0.00015307500931820885,0.9999999882840207,0.001480049837123372,0.005303301499079375,0.0,0.0,0.0,-0.002828246730955729,1477,1530
-3.474620797127622e-05,0.0004426488966081435,0.0,0.0,0.0,-0.00015307500931820885,0.9999999882840207,0.001480049837123372,0.005303301499079375,0.0,0.0,0.0,-0.002828246730955729,1477,1530
-0.00011400200099388119,-7.2022817367883e-05,0.0,0.0,0.0,-1.6508617844678947e-05,0.9999999998637328,-0.0005924827348852738,-0.003855313768370154,0.0,0.0,0.0,0.0020458924765149157,1477,1530
-0.0002339354001472458,-0.00017363117268542373,0.0,0.0,0.0,2.4016530461194845e-05,0.9999999997116031,-0.001795225570855139,-0.00152102859264222,0.0,0.0,0.0,0.0012132369821971436,1477,1530
-0.0001816501967945167,-0.00013045058927709386,0.0,0.0,0.0,-5.386325528521966e-06,0.9999999999854937,0.0005237894053394087,0.00043253766030713783,0.0,0.0,0.0,-0.0005890880237979469,1477,1530
-0.00012101315313262719,9.895893404519035e-05,0.0,0.0,0.0,-5.7768609422325646e-05,0.9999999983313939,0.0003563637087102238,0.0013482978144361687,0.0,0.0,0.0,-0.0006157261196364734,1477,1530
-0.00012101315313262719,9.895893404519035e-05,0.0,0.0,0.0,-5.7768609422325646e-05,0.9999999983313939,0.0003563637087102238,0.0013482978144361687,0.0,0.0,0.0,-0.0006157261196364734,1477,1530
-0.00012012897742673131,0.0001144094741152315,0.0,0.0,0.0,-5.170856540630743e-05,0.9999999986631121,6.7680965489407675e-06,0.0001185092396710991,0.0,0.0,0.0,9.296328322253937e-05,1477,1530
-0.00012012897742673131,0.0001144094741152315,0.0,0.0,0.0,-5.170856540630743e-05,0.9999999986631121,0.0,0.0,0.0,0.0,0.0,-3.406824244230458e-20,1477,1530
-0.00012012897742673131,0.0001144094741152315,0.0,0.0,0.0,-5.170856540630743e-05,0.9999999986631121,0.0,0.0,0.0,0.0,0.0,-8.43374471744085e-20,1477,1530
-0.00012012897742673131,0.0001144094741152315,0.0,0.0,0.0,-5.170856540630743e-05,0.9999999986631121,0.0,0.0,0.0,0.0,0.0,-5.648773503452126e-20,1477,1530
-0.00012012897742673131,0.0001144094741152315,0.0,0.0,0.0,-5.170856540630745e-05,0.9999999986631121,0.0,0.0,0.0,0.0,0.0,-1.9644585875924822e-19,1477,1530
-0.00023405442823061224,3.981147457523953e-05,0.0,0.0,0.0,-2.7461035466272236e-05,0.9999999996229457,-0.0017133578312416111,-0.0011221540877197123,0.0,0.0,0.0,0.0007293806388295812,1477,1530
-0.00014867139120784088,-2.270866422401024e-05,0.0,0.0,0.0,-3.147421496206231e-05,0.9999999995046869,0.0006394792782586915,-0.0004681928424770028,0.0,0.0,0.0,-6.01112824942804e-05,1477,1530
-0.00014867139120784088,-2.270866422401024e-05,0.0,0.0,0.0,-3.147421496206231e-05,0.9999999995046869,0.0006394792782586915,-0.0004681928424770028,0.0,0.0,0.0,-6.01112824942804e-05,1477,1530
-0.0002057690082911379,-5.8860862594888275e-06,0.0,0.0,0.0,-1.3355684824831078e-05,0.9999999999108128,-0.00042901981294784657,0.00012637205916136792,0.0,0.0,0.0,0.000272272807944029,1477,1530
-0.00027484958427307575,-0.00023426075692804663,0.0,0.0,0.0,3.792244344664216e-05,0.9999999992809441,-0.0006799405029781487,-0.0022480437431600464,0.0,0.0,0.0,0.001009521272155205,1477,1530
-0.00013125122229052486,1.752747034321889e-05,0.0,0.0,0.0,-1.8999935452482046e-05,0.9999999998195012,0.0014573646664414043,0.0025549219181453483,0.0,0.0,0.0,-0.0011552448375097362,1477,1530
-0.00013125122229052486,1.752747034321889e-05,0.0,0.0,0.0,-1.8999935452482046e-05,0.9999999998195012,0.0014573646664414043,0.0025549219181453483,0.0,0.0,0.0,-0.0011552448375097362,1477,1530
-0.00010812270366250093,0.0001241803692838392,0.0,0.0,0.0,-6.335963215501813e-05,0.9999999979927785,0.000173363714716836,0.0007995815015281802,0.0,0.0,0.0,-0.0006651277370243999,1477,1530
-0.00011511328106117167,0.000412958155079925,0.0,0.0,0.0,-0.00014225140217504335,0.9999999898822692,-3.0108490117765614e-05,0.0012372882779695307,0.0,0.0,0.0,-0.0006760365078562169,1477,1530
-0.0003350280391035353,-0.00022374627552413328,0.0,0.0,0.0,2.3391836867407922e-05,0.999999999726411,-0.0033043144249987853,-0.00957558716974376,0.0,0.0,0.0,0.004981826456544025,1477,1530
-0.0003350280391035353,-0.00022374627552413328,0.0,0.0,0.0,2.3391836867407922e-05,0.999999999726411,-0.0033043144249987853,-0.00957558716974376,0.0,0.0,0.0,0.004981826456544025,1477,1530
-0.00022674139415967303,-0.00025436233054317476,0.0,0.0,0.0,4.359701296441374e-05,0.9999999990496502,0.0008112163351225192,-0.00022939746812452428,0.0,0.0,0.0,0.000302733282500784,1477,1530
-0.00020064803117466685,4.3215501518702203e-05,0.0,0.0,0.0,-4.9228164622424115e-05,0.9999999987882939,0.00019602469056996424,0.002233296226840019,0.0,0.0,0.0,-0.001393300724038082,1477,1530
-0.00023606238851784205,-9.483968076673269e-05,0.0,0.0,0.0,3.807731564247681e-06,0.9999999999927506,-0.00026565583128265063,-0.001036025367211935,0.0,0.0,0.0,0.0007959881760449815,1477,1530
-0.00014917746253219553,0.00019853690770886844,0.0,0.0,0.0,-9.464307453096889e-05,0.9999999955213442,0.0008676655467072703,0.0029296870030472003,0.0,0.0,0.0,-0.0019662829881959463,1477,1530
-0.00014917746253219553,0.00019853690770886844,0.0,0.0,0.0,-9.464307453096889e-05,0.9999999955213442,0.0008676655467072703,0.0029296870030472003,0.0,0.0,0.0,-0.0019662829881959463,1477,1530
-0.00011080502504186515,7.172295238654886e-05,0.0,0.0,0.0,-4.0265785083257297e-05,0.9999999991893332,0.0003842333726413028,-0.0012689551654118405,0.0,0.0,0.0,0.0010883076063509295,1477,1530
-0.00024881859991462334,-0.00019760440160250848,0.0,0.0,0.0,3.281604601970784e-05,0.9999999994615536,-0.0005146800033961113,-0.0010045744597988835,0.0,0.0,0.0,0.000545158971285741,1477,1530
-0.0002535691418988126,4.001993781061635e-05,0.0,0.0,0.0,-3.541551175095242e-05,0.9999999993728708,-7.253065456712202e-05,0.003639971978330037,0.0,0.0,0.0,-0.0020903635835608893,1477,1530
-0.0002535691418988126,4.001993781061635e-05,0.0,0.0,0.0,-3.541551175095242e-05,0.9999999993728708,-7.253065456712202e-05,0.003639971978330037,0.0,0.0,0.0,-0.0020903635835608893,1477,1530
-0.0002302772708825315,-6.99238850774284e-05,0.0,0.0,0.0,1.893686494403581e-05,0.9999999998206975,0.00023287316113810734,-0.001098839343399863,0.0,0.0,0.0,0.0010864717035323733,1477,1530
-0.00015378917692547355,5.7873153759103926e-05,0.0,0.0,0.0,-4.132682428069565e-05,0.9999999991460468,0.0004586704765980204,0.0007662851566247451,0.0,0.0,0.0,-0.0007227118527939543,1477,1530
-0.00019964986480681927,-4.802158409521086e-05,0.0,0.0,0.0,1.5764337386456855e-07,0.9999999999999876,-0.0006849706474193987,-0.0015819917544931858,0.0,0.0,0.0,0.001239452275304006,1477,1530
-0.00023936685308348,-0.0001230052174681387,0.0,0.0,0.0,2.7662641528122492e-05,0.9999999996173892,-0.00019786680309478918,-0.0003735620739250722,0.0,0.0,0.0,0.00027405516130763223,1477,1530
-0.00014401185673597908,0.00015756589821078394,0.0,0.0,0.0,-5.028902504557302e-05,0.9999999987355069,0.001454107046792076,0.004277766016243503,0.0,0.0,0.0,-0.0023770462597610858,1477,1530
-0.00014401185673597908,0.00015756589821078394,0.0,0.0,0.0,-5.028902504557302e-05,0.9999999987355069,0.001454107046792076,0.004277766016243503,0.0,0.0,0.0,-0.0023770462597610858,1477,1530
-0.0001406058622060024,-1.3415645077845598e-05,0.0,0.0,0.0,-9.778225132918567e-06,0.9999999999521931,3.422062222419658e-05,-0.0017092479467327951,0.0,0.0,0.0,0.0008099487153762217,1477,1530
-0.0002708050446130653,1.9622877413873947e-05,0.0,0.0,0.0,-4.285538492356438e-05,0.999999999081708,-0.00130298855628665,0.00033061102689610505,0.0,0.0,0.0,-0.0006620463511784215,1477,1530
-0.00014394802540880044,9.032418767847623e-05,0.0,0.0,0.0,-6.0349315524870135e-05,0.99999999817898,0.0007603286973187679,0.00042383993369379103,0.0,0.0,0.0,-0.0002097128409636708,1477,1530
-0.00014394802540880044,9.032418767847623e-05,0.0,0.0,0.0,-6.0349315524870135e-05,0.99999999817898,0.0007603286973187679,0.00042383993369379103,0.0,0.0,0.0,-0.0002097128409636708,1477,1530
-0.00015660330631762692,0.00011587370289729306,0.0,0.0,0.0,-5.4620088855848896e-05,0.9999999985083229,-7.598878995419482e-05,0.00015336583519007848,0.0,0.0,0.0,6.878566325850115e-05,1477,1530
-0.0001641600333815742,0.00014819828687665074,0.0,0.0,0.0,-5.450821948140794e-05,0.999999998514427,-7.559955763921029e-05,0.0003232246538966458,0.0,0.0,0.0,2.2372980002297637e-06,1477,1530
-0.0001641600333815742,0.00014819828687665074,0.0,0.0,0.0,-5.450821948140794e-05,0.999999998514427,-7.559955763921029e-05,0.0003232246538966458,0.0,0.0,0.0,2.2372980002297637e-06,1477,1530
-0.0001806579916991746,0.0002825261487996028,0.0,0.0,0.0,-8.20551281689121e-05,0.9999999966334779,-7.074777813592613e-05,0.0005755162256205989,0.0,0.0,0.0,-0.00023604790681366745,1477,1530
-0.00029468691416625713,-0.00011348219546884525,0.0,0.0,0.0,2.2923964391010413e-05,0.999999999737246,-0.0008560799553862817,-0.0029748957899941994,0.0,0.0,0.0,0.001577174379501486,1477,1530
-0.00016605879529301164,0.0001776233328527856,0.0,0.0,0.0,-8.549219991366547e-05,0.9999999963455418,0.0019243876454580879,0.004354649812751949,0.0,0.0,0.0,-0.0032436621648647018,1477,1530
-0.00016605879529301164,0.0001776233328527856,0.0,0.0,0.0,-8.549219991366547e-05,0.9999999963455418,0.0019243876454580879,0.004354649812751949,0.0,0.0,0.0,-0.0032436621648647018,1477,1530
-0.00035415471982561824,-0.0004432910158911523,0.0,0.0,0.0,0.00011654657360059189,0.9999999932084481,-0.0014103074721574806,-0.004658368163845883,0.0,0.0,0.0,0.0030314076461993604,1477,1530
-0.00035415471982561824,-0.0004432910158911523,0.0,0.0,0.0,0.00011654657360059189,0.9999999932084481,-0.0014103074721574806,-0.004658368163845883,0.0,0.0,0.0,0.0030314076461993604,1477,1530
-0.0002702486505781371,-0.00012659630881503347,0.0,0.0,0.0,2.5217077011726205e-05,0.9999999996820494,0.0003148344523887953,0.0011871919433428704,0.0,0.0,0.0,-0.0006847752085196067,1477,1530
-0.00020878348005528018,0.0001355937476272955,0.0,0.0,0.0,-5.750457292365593e-05,0.999999998346612,0.000922102138504488,0.00393248974329552,0.0,0.0,0.0,-0.002481450980183733,1477,1530
-0.00020878348005528018,0.0001355937476272955,0.0,0.0,0.0,-5.750457292365593e-05,0.999999998346612,0.000922102138504488,0.00393248974329552,0.0,0.0,0.0,-0.002481450980183733,1477,1530
-0.00028314379616232175,-0.00032278546675306065,0.0,0.0,0.0,7.52764923566307e-05,0.9999999971667248,-0.0003716532015595979,-0.0022926495386833305,0.0,0.0,0.0,0.0013282223988726417,1477,1530
-0.0003096775574358339,-8.141375373506719e-05,0.0,0.0,0.0,6.579707556173598e-06,0.9999999999783538,-0.0002653430442423478,0.0024171168426056983,0.0,0.0,0.0,-0.0013758481252434836,1477,1530
-0.00016905931864205536,7.804461291875106e-05,0.0,0.0,0.0,-3.6008741885360794e-05,0.9999999993516853,0.0008423809524862997,0.0009552183894414188,0.0,0.0,0.0,-0.000510249076707752,1477,1530
-0.0003243960103435961,-5.316842585471689e-05,0.0,0.0,0.0,1.81217503715344e-05,0.9999999998358011,-0.0011659366140910836,-0.0009850115626730389,0.0,0.0,0.0,0.0008126420345025785,1477,1530
-0.0003243960103435961,-5.316842585471689e-05,0.0,0.0,0.0,1.81217503715344e-05,0.9999999998358011,0.0,0.0,0.0,0.0,0.0,-1.7770377169875476e-20,1477,1530
-0.0003243960103435961,-5.316842585471689e-05,0.0,0.0,0.0,1.81217503715344e-05,0.9999999998358011,0.0,0.0,0.0,0.0,0.0,-8.731334322832099e-20,1477,1530
-0.0003243960103435961,-5.316842585471689e-05,0.0,0.0,0.0,1.81217503715344e-05,0.9999999998358011,0.0,0.0,0.0,0.0,0.0,-2.968085732495925e-20,1477,1530
-0.0003243960103435961,-5.316842585471689e-05,0.0,0.0,0.0,1.8121750371534397e-05,0.9999999998358011,0.0,0.0,0.0,0.0,0.0,-9.721658389561811e-20,1477,1530
-0.0003365395377080972,-8.96779812837959e-05,0.0,0.0,0.0,2.1883500971146928e-05,0.9999999997605562,-0.00036399971798664366,-0.0010942339361953155,0.0,0.0,0.0,0.00022549081974274996,1477,1530
-0.00036441798118939895,-0.0001530360698738393,0.0,0.0,0.0,3.539833253968008e-05,0.999999999373479,-0.0001194634510413442,-0.0002714669984766542,0.0,0.0,0.0,0.00011581477609093659,1477,1530
-0.00036441798118939895,-0.0001530360698738393,0.0,0.0,0.0,3.539833253968008e-05,0.999999999373479,-0.0001194634510413442,-0.0002714669984766542,0.0,0.0,0.0,0.00011581477609093659,1477,1530
-0.0003836984232167625,-0.0005998175478209231,0.0,0.0,0.0,0.00016475752805011063,0.9999999864274783,-0.00019308210975488107,-0.004466907736816797,0.0,0.0,0.0,0.0025866665844361354,1477,1530
-0.00027440007077374494,-0.000280432838098951,0.0,0.0,0.0,8.40270237581795e-05,0.9999999964697296,0.0032787960733153647,0.009570793806164789,0.0,0.0,0.0,-0.004838942958656822,1477,1530
-0.00039157357983431857,-0.00031295472075995953,0.0,0.0,0.0,7.12944992368061e-05,0.9999999974585472,-0.001126493427672794,-0.0003124579721342281,0.0,0.0,0.0,-0.00024480680938486564,1477,1530
-0.00034126446499249284,-0.00015023868002847892,0.0,0.0,0.0,5.178774891441465e-05,0.9999999986590146,0.0003097735479694075,0.0010014024135194817,0.0,0.0,0.0,-0.0002401111558693346,1477,1530
-0.00027538644636595746,-0.0001562536962732038,0.0,0.0,0.0,3.748067286399403e-05,0.9999999992975995,0.0009865725471720783,-9.018239975180101e-05,0.0,0.0,0.0,-0.0004285223609280835,1477,1530
-0.0003558786966265757,1.0892405958996782e-05,0.0,0.0,0.0,1.1562300558646287e-05,0.9999999999331566,-0.000805014559308207,0.0016719727883526812,0.0,0.0,0.0,-0.0005185074432289472,1477,1530
-0.00039005931037198365,-0.00018521729236924023,0.0,0.0,0.0,5.337257384103062e-05,0.9999999985756841,-0.0002563296593894732,-0.0014704785988928324,0.0,0.0,0.0,0.0006270098871552306,1477,1530
-0.00039005931037198365,-0.00018521729236924023,0.0,0.0,0.0,5.337257384103062e-05,0.9999999985756841,-0.0002563296593894732,-0.0014704785988928324,0.0,0.0,0.0,0.0006270098871552306,1477,1530
-0.0002392491358330531,-0.00015047148254869388,0.0,0.0,0.0,3.7561739264368785e-05,0.9999999992945579,0.0014765408520297691,0.0003400206713164297,0.0,0.0,0.0,-0.0003095914351382485,1477,1530
-0.0002585624266932763,-0.0002645511494771043,0.0,0.0,0.0,8.867955209645184e-05,0.9999999960679685,-0.00014720184111905726,-0.0008690945195062795,0.0,0.0,0.0,0.000778872824635173,1477,1530
-0.00028012794278800643,-2.1795259341829415e-05,0.0,0.0,0.0,3.649176685348717e-06,0.9999999999933418,-0.00010760746160673935,0.0012137439373117243,0.0,0.0,0.0,-0.00085026549230146,1477,1530
-0.0002634906948908425,-0.000123298743682059,0.0,0.0,0.0,4.382219837974953e-05,0.9999999990398074,0.0002502370092869416,-0.0015267603110876542,0.0,0.0,0.0,0.0012085201238696494,1477,1530
-0.00020575800203148222,-0.00010579905127766558,0.0,0.0,0.0,5.315667282401208e-05,0.999999998587184,0.00043291686765699935,0.00013118252255267304,0.0,0.0,0.0,0.0001399880693026388,1477,1530
-0.00035492219491775536,-0.00015490950696399395,0.0,0.0,0.0,5.816029826553768e-05,0.9999999983086898,-0.002234948656660522,-0.0007355657027510791,0.0,0.0,0.0,0.00014993483906449202,1477,1530
-0.00035492219491775536,-0.00015490950696399395,0.0,0.0,0.0,5.816029826553768e-05,0.9999999983086898,-0.002234948656660522,-0.0007355657027510791,0.0,0.0,0.0,0.00014993483906449202,1477,1530
-0.00023414503853184395,-0.00016455670311777155,0.0,0.0,0.0,4.45479140225519e-05,0.9999999990077416,0.0009036402184820271,-7.228494975396634e-05,0.0,0.0,0.0,-0.0002036943512868217,1477,1530
-0.0002985676307361619,1.7188715292314893e-05,0.0,0.0,0.0,-1.7817911033715467e-05,0.999999999841261,-0.0009701512199507731,0.0027377109940489907,0.0,0.0,0.0,-0.0018788282530431974,1477,1530
-0.0003356391702142679,-0.0002370949244641954,0.0,0.0,0.0,7.297369414406732e-05,0.99999999733742,-0.00018538005295946848,-0.0012718890428498192,0.0,0.0,0.0,0.0009082475615475389,1477,1530
-0.00027452124276109216,1.4037590491113228e-05,0.0,0.0,0.0,2.6432319030732105e-06,0.9999999999965067,0.0018311947220273274,0.00751957097493117,0.0,0.0,0.0,-0.0042119093452974606,1477,1530
-0.00040837845730481786,-0.00011672005455802157,0.0,0.0,0.0,4.764934474446935e-05,0.99999999886477,-0.0006694267614231577,-0.0006539187404217254,0.0,0.0,0.0,0.0004501534098913314,1477,1530
-0.00040837845730481786,-0.00011672005455802157,0.0,0.0,0.0,4.764934474446935e-05,0.99999999886477,-0.0006694267614231577,-0.0006539187404217254,0.0,0.0,0.0,0.0004501534098913314,1477,1530
-0.00023455525829016338,-4.169714408029947e-05,0.0,0.0,0.0,1.6082443871059188e-06,0.9999999999987068,0.0013023731405117124,0.000561963145933222,0.0,0.0,0.0,-0.0006898990104160803,1477,1530
-0.0003118407307448473,-0.0003396058774934521,0.0,0.0,0.0,0.00010035500076287969,0.9999999949644369,-0.002331978476687614,-0.00898885054685164,0.0,0.0,0.0,0.00595901010100431,1477,1530
-0.0002691591361736934,-5.880061620886851e-05,0.0,0.0,0.0,7.797283542601133e-06,0.9999999999696012,0.00021344217775174555,0.0014023567112432817,0.0,0.0,0.0,-0.0009245047470583283,1477,1530
-0.0003329411675619291,-0.00018523912218721718,0.0,0.0,0.0,5.150234985462939e-05,0.999999998673754,-0.00047703597464825593,-0.0009456170587604952,0.0,0.0,0.0,0.0006537340989881573,1477,1530
-0.00024572186116575694,-4.651295595019589e-05,0.0,0.0,0.0,-2.3023113455984588e-06,0.9999999999973497,0.0008772044384388476,0.0013949135854254,0.0,0.0,0.0,-0.0010820988726841553,1477,1530
-0.00038018862261805336,-0.0004218970003020836,0.0,0.0,0.0,0.00012655388817124264,0.9999999919920567,-0.0010074098186114535,-0.002812375734338826,0.0,0.0,0.0,0.0019307770610157468,1477,1530
-0.00031214215063951584,-0.00015023527894806135,0.0,0.0,0.0,5.8257339039100974e-05,0.9999999983030412,0.0006819638318854138,0.002719681316377921,0.0,0.0,0.0,-0.0013675583821528897,1477,1530
-0.00031214215063951584,-0.00015023527894806135,0.0,0.0,0.0,5.8257339039100974e-05,0.9999999983030412,0.0006819638318854138,0.002719681316377921,0.0,0.0,0.0,-0.0013675583821528897,1477,1530
-0.0002754424359654602,-0.00019829083245405312,0.0,0.0,0.0,8.460052741153789e-05,0.9999999964213754,0.0005505658871625089,-0.000721099346345459,0.0,0.0,0.0,0.0007905169978800398,1477,1530
-0.000366403798493617,-0.00014949020000411576,0.0,0.0,0.0,5.183477653318935e-05,0.999999998656578,-0.0006811435940060921,0.0003655809369416132,0.0,0.0,0.0,-0.0004907623897280241,1477,1530
-0.0003171342339796234,-0.0002680088581696673,0.0,0.0,0.0,6.291231267384322e-05,0.9999999980210205,0.0007401655542972665,-0.001780999944137332,0.0,0.0,0.0,0.000332913677402096,1477,1530
-0.00046684392130121125,-0.0003804321800066848,0.0,0.0,0.0,0.00010173243241932517,0.999999994825256,-0.0008974043056492152,-0.0006737221892808292,0.0,0.0,0.0,0.0004653546774439216,1477,1530
-0.0003410888949921638,-0.0002533157895998845,0.0,0.0,0.0,6.775790981019404e-05,0.9999999977044328,0.0012584003224025923,0.0012715056181037375,0.0,0.0,0.0,-0.0006798099652081944,1477,1530
-0.0003136153789108819,0.00024669676531466827,0.0,0.0,0.0,-5.941405028771132e-05,0.9999999982349853,0.00020666703265740844,0.0037520172531761166,0.0,0.0,0.0,-0.0019085718549934373,1477,1530
-0.00034333154805092316,-0.00023127455921446706,0.0,0.0,0.0,6.0437028500248064e-05,0.9999999981736828,-0.0002965047736251155,-0.004778315028197129,0.0,0.0,0.0,0.00239630268065137,1477,1530
-0.00037214274456826875,-0.00025037462947311,0.0,0.0,0.0,6.35646762184136e-05,0.9999999979797659,-0.0004319412506910668,-0.00028627561714524827,0.0,0.0,0.0,9.377269924215484e-05,1477,1530
-0.0002843805312010776,-0.00016342312363894064,0.0,0.0,0.0,7.50346427731883e-05,0.9999999971849012,0.0013168689593356354,0.0013043726160591204,0.0,0.0,0.0,0.0003441695522220458,1477,1530
-0.0004759119983971269,-0.0006262552421607536,0.0,0.0,0.0,0.00017086634460642398,0.999999985402346,-0.0014368704117445463,-0.003470695561320021,0.0,0.0,0.0,0.0014373389895093935,1477,1530
-0.0003359508620788555,-8.131666540249244e-05,0.0,0.0,0.0,1.2538071711491247e-05,0.9999999999213983,0.0014009131494245048,0.005446728465055589,0.0,0.0,0.0,-0.003165299341553954,1477,1530
-0.0002698562684930329,-0.0003471091324676483,0.0,0.0,0.0,9.59927651078127e-05,0.9999999953926945,0.0003964459032340401,-0.0015944362923983487,0.0,0.0,0.0,0.0010012500638453636,1477,1530
-0.00038008010958246775,-0.00025165762546445515,0.0,0.0,0.0,5.033773812117433e-05,0.999999998733056,-0.0033104690222288307,0.002867908279560607,0.0,0.0,0.0,-0.002742867353375924,1477,1530
-0.00041506053765499743,-0.00035120593010453093,0.0,0.0,0.0,9.678536684834589e-05,0.9999999953162964,-0.0002100191467787641,-0.0005974861797554494,0.0,0.0,0.0,0.0005575745032029694,1477,1530
-0.00034398989688326465,-0.0004578618028314455,0.0,0.0,0.0,0.00012164882506492557,0.9999999926007817,0.0010629861457928994,-0.0015958950916330132,0.0,0.0,0.0,0.0007439694303695005,1477,1530
-0.00024332242164696599,0.00016685236602277719,0.0,0.0,0.0,-3.769921768910249e-05,0.9999999992893844,0.0010090523319323085,0.006252210961363643,0.0,0.0,0.0,-0.0031896720690314318,1477,1530
-0.00027103087712510563,-0.0002528101748167465,0.0,0.0,0.0,7.122213657266007e-05,0.9999999974637036,0.00036046810153181997,-0.0010807851131450837,0.0,0.0,0.0,0.0006511483759324501,1477,1530
-0.000356571186237316,-0.00025738698438988993,0.0,0.0,0.0,9.30299726092662e-05,0.9999999956727121,-0.0012944668772842738,-6.907516115713284e-05,0.0,0.0,0.0,0.0006600234892664639,1477,1530
-0.0003552313084287665,-0.0005621664275860048,0.0,0.0,0.0,0.00014834073315002686,0.9999999889975133,1.272002358391292e-05,-0.0030212701205241175,0.0,0.0,0.0,0.0010965871829815943,1477,1530
-0.0002703069752939606,-0.0001633007174585662,0.0,0.0,0.0,3.2969428735369224e-05,0.9999999994565084,0.0012882909995110884,0.0060419393003996,0.0,0.0,0.0,-0.0034954646033079255,1477,1530
-0.0003483207692357276,-7.3045973384502656e-06,0.0,0.0,0.0,-5.228178961746992e-06,0.999999999986333,-0.0011730909189737813,0.0023460953457668703,0.0,0.0,0.0,-0.001148903891894732,1477,1530
-0.0002184440497348737,0.0003742491046271627,0.0,0.0,0.0,-0.00012882710163033444,0.9999999917017889,0.0012986104233786869,0.0038152072311713873,0.0,0.0,0.0,-0.0024717559961645714,1477,1530
-0.0002352128118731816,-4.9961600185710706e-05,0.0,0.0,0.0,1.1822669649558694e-05,0.9999999999301122,-0.0004968968864332861,-0.012652936775557792,0.0,0.0,0.0,0.008390238981882224,1477,1530
-0.00021394523753715138,-0.00014606117298631392,0.0,0.0,0.0,5.277998163635289e-05,0.9999999986071367,0.00012777785669782992,-0.000577441208315806,0.0,0.0,0.0,0.0004922043935919445,1477,1530
-0.0003044396905297528,-0.00026773271059172827,0.0,0.0,0.0,6.083927440335409e-05,0.9999999981492913,-0.0009030140891910333,-0.0012138522602107807,0.0,0.0,0.0,0.00016081918785051648,1477,1530
-0.0003921813354966317,-0.0002807294413959369,0.0,0.0,0.0,7.494404182667611e-05,0.9999999971916953,-0.0013153723164435372,-0.0001946759576647717,0.0,0.0,0.0,0.00042289351648960074,1477,1530
-0.00014943085255892202,-0.00011913782162546383,0.0,0.0,0.0,3.408583690723585e-05,0.9999999994190778,0.0018217165605063084,0.0012122673471353584,0.0,0.0,0.0,-0.0006131781306944257,1477,1530
-0.0003313628276677926,-7.303404491498084e-06,0.0,0.0,0.0,1.0545367862885073e-05,0.9999999999443976,-0.0011084990081687417,0.0007981918826608843,0.0,0.0,0.0,2.1477563014934578e-05,1477,1530
-0.000341263483264231,-0.00036425234403111183,0.0,0.0,0.0,9.296488067015502e-05,0.9999999956787655,-0.00014896836525720748,-0.005366681661175641,0.0,0.0,0.0,0.00247833512291526,1477,1530
-0.0003150853424497098,-6.549445732118654e-05,0.0,0.0,0.0,1.6380501444454084e-05,0.9999999998658395,0.00019650114112212464,0.0022377832443257186,0.0,0.0,0.0,-0.0011472971489095863,1477,1530
-0.00020834228548277433,9.527073074149089e-05,0.0,0.0,0.0,-1.4480396892809291e-05,0.9999999998951591,0.0016026832978777072,0.0024136217603039807,0.0,0.0,0.0,-0.0009266702199082165,1477,1530
-0.0003299579781253824,-0.000259236026125447,0.0,0.0,0.0,7.770321491348047e-05,0.9999999969811052,-0.001211088793890317,-0.0035306272164651533,0.0,0.0,0.0,0.0018361440445060948,1477,1530
-0.00032043939142550003,-0.00026291076225379376,0.0,0.0,0.0,5.104198846402405e-05,0.9999999986973577,9.569595627752991e-05,-3.696137514748249e-05,0.0,0.0,0.0,-0.0005361141855064258,1477,1530
-0.00020731181351523067,8.099831176490663e-05,0.0,0.0,0.0,-3.635567848997853e-05,0.9999999993391323,0.001131434505401502,0.0034383907107161794,0.0,0.0,0.0,-0.0017476562358981402,1477,1530
-0.0002401968071227581,-0.00032605285376587664,0.0,0.0,0.0,6.913823875342956e-05,0.999999997609952,-0.0004912075033715139,-0.00608569012763711,0.0,0.0,0.0,0.0031543922469485855,1477,1530
-0.00030270275842167086,-0.0002581408506416576,0.0,0.0,0.0,6.545282786106553e-05,0.9999999978579637,-0.0009383163436497841,0.001019752955149244,0.0,0.0,0.0,-0.00011066469186105567,1477,1530
-0.0003072624023581962,-0.00011335560258480794,0.0,0.0,0.0,1.9660498244288473e-05,0.9999999998067324,-3.398033847697322e-05,0.0010835074026917218,0.0,0.0,0.0,-0.0006853754053632971,1477,1530
-0.00030187541707343417,-0.00023769666005450888,0.0,0.0,0.0,4.8300930901893664e-05,0.99999999883351,-0.0010482556212112635,-0.002659318096835578,0.0,0.0,0.0,0.0010782289233770455,1477,1530
-0.0003086336694050107,-0.00016736740301723292,0.0,0.0,0.0,3.5753415211805274e-05,0.9999999993608466,-0.000101364116789503,0.0010559095211974817,0.0,0.0,0.0,-0.00037676833020817014,1477,1530
-0.00043508242939017245,-0.0003065584215828086,0.0,0.0,0.0,7.647526012622614e-05,0.9999999970757673,-0.001901491809193833,-0.002092804695281352,0.0,0.0,0.0,0.0012246250648851292,1477,1530
-0.0003134164060464976,-0.00032836485246942647,0.0,0.0,0.0,6.537459587442435e-05,0.9999999978630811,0.0009110511873927601,-0.00016343324906255453,0.0,0.0,0.0,-0.00016625102821681595,1477,1530
-0.00030189595161134305,0.0002680894266016595,0.0,0.0,0.0,-7.699524659316477e-05,0.999999997035866,0.00017416121465881545,0.008956285177528464,0.0,0.0,0.0,-0.004275627428352378,1477,1530
-0.00037216656025174945,-0.0005076153004036372,0.0,0.0,0.0,0.00013057575399878695,0.9999999914749862,-0.0007019186793751972,-0.0077616571492843305,0.0,0.0,0.0,0.004153829211913352,1477,1530
-0.0002463681081578948,0.00025288871577946364,0.0,0.0,0.0,-6.424735229476391e-05,0.9999999979361388,0.0012590136953224728,0.007598936186445141,0.0,0.0,0.0,-0.0038935030472111412,1477,1530
-0.00028432868131084154,-3.652735097953684e-06,0.0,0.0,0.0,6.769368872882722e-06,0.9999999999770878,-0.0005683401058184418,-0.0038443121421191124,0.0,0.0,0.0,0.0021283519990470687,1477,1530
-0.00030203756738946046,-0.00022613829721866263,0.0,0.0,0.0,6.635307940142953e-05,0.9999999977986345,-0.00017714909785337125,-0.0022252315128007166,0.0,0.0,0.0,0.0011918768298996502,1477,1530
-0.00027241940465581264,5.9888626107385196e-05,0.0,0.0,0.0,-1.1089753951598977e-06,0.999999999999385,0.0002964129935739275,0.0028588005026971516,0.0,0.0,0.0,-0.0013485668124759093,1477,1530
-0.00038996014564647135,-0.00021424830899341907,0.0,0.0,0.0,7.811497752101405e-05,0.9999999969490251,-4.699713247765003e-05,0.0013553415941089746,0.0,0.0,0.0,-0.00042996270992032206,1477,1530
-0.0003457888585829756,6.675412003319685e-06,0.0,0.0,0.0,-7.605348702646122e-06,0.9999999999710794,0.00044187242785357706,0.002208240713124856,0.0,0.0,0.0,-0.0017136867755182285,1477,1530
-0.00022431212292155792,-3.5630470959997295e-05,0.0,0.0,0.0,9.637129635255887e-06,0.9999999999535628,0.0012146158914276054,-0.0004229853640282267,0.0,0.0,0.0,0.00034480474212892574,1477,1530
-0.0005008820156539159,-0.0007269563176455786,0.0,0.0,0.0,0.00021367983183158878,0.9999999771704645,-0.008250550889675577,-0.02062227473308922,0.0,0.0,0.0,0.012173296089635261,1477,1530
-0.00030453775501407157,-9.48091099679673e-05,0.0,0.0,0.0,3.290057151911184e-05,0.9999999994587762,0.0014736721950707001,0.004737466011601356,0.0,0.0,0.0,-0.002709968084485348,1477,1530
-0.0003240921701619309,-8.73410775459526e-05,0.0,0.0,0.0,2.8759359122075766e-05,0.9999999995864496,-0.00019568991824161304,7.4750749164003e-05,0.0,0.0,0.0,-8.28880717951879e-05,1477,1530
-0.00018612782391952724,-9.582109147711006e-05,0.0,0.0,0.0,1.555165758500495e-05,0.999999999879073,0.002069416485490055,-0.0001273166954083785,0.0,0.0,0.0,-0.000396223121738298,1477,1530
-0.00033243965294038516,-0.00016482902557165392,0.0,0.0,0.0,3.250260388824956e-05,0.9999999994717903,-0.0014627740597411528,-0.0006898613674404757,0.0,0.0,0.0,0.00033893419260242353,1477,1530
-0.00027735860417198925,-8.368063940597143e-05,0.0,0.0,0.0,1.215983040752178e-05,0.9999999999260692,0.0008893593119005411,-0.0016060789131868724,0.0,0.0,0.0,0.0001526725199398019,1477,1530
-0.00026586961580055124,-8.974225754760534e-05,0.0,0.0,0.0,3.90992604610988e-05,0.9999999992356239,0.00017319164483151325,-9.138171653614361e-05,0.0,0.0,0.0,0.0008122114706940745,1477,1530
-0.00036639997017085733,-0.00010242709164658306,0.0,0.0,0.0,1.3871556036237747e-05,0.99999999990379,-0.001503205030027782,-0.00018955370578038004,0.0,0.0,0.0,-0.0007544395595473069,1477,1530
-0.00033748310507782195,4.577550974084163e-05,0.0,0.0,0.0,3.1686428236441144e-06,0.9999999999949798,0.00021702668980403978,0.0011121251619883041,0.0,0.0,0.0,-0.00016063204581763245,1477,1530
-0.00024985199012957944,0.0002354731974722821,0.0,0.0,0.0,-6.934363541416854e-05,0.9999999975957301,0.0026392891339612865,0.005713252789935374,0.0,0.0,0.0,-0.004367814849853702,1477,1530
-0.0002524460192167205,0.00014935904499426548,0.0,0.0,0.0,-5.645965504754413e-05,0.9999999984061536,-1.5469189215278693e-05,-0.0005159090775630169,0.0,0.0,0.0,0.00015437496725153127,1477,1530
-0.00029689375923223216,0.00018274504262723375,0.0,0.0,0.0,-3.24234374300834e-05,0.9999999994743604,-0.0004444262113172741,0.0003337430355127957,0.0,0.0,0.0,0.00048062822714379686,1477,1530
-0.00031701763133567705,-0.00028182399817618976,0.0,0.0,0.0,6.964732103350991e-05,0.9999999975746253,-0.00020100178267741896,-0.0046471905489442146,0.0,0.0,0.0,0.002042068628928156,1477,1530
-0.00037177486095568506,-0.00029763538295661605,0.0,0.0,0.0,8.890865438821089e-05,0.9999999960476256,-0.001652815536203527,-0.00047700815666143975,0.0,0.0,0.0,0.0011627378234485215,1477,1530
-0.0003508757144625448,-0.00020016825107990722,0.0,0.0,0.0,4.302338061595166e-05,0.9999999990744943,0.00020917941761674553,0.0009747023702242356,0.0,0.0,0.0,-0.0009177697210808413,1477,1530
-0.0003869362988529266,-0.00025266276374905257,0.0,0.0,0.0,5.5269237912992904e-05,0.9999999984726556,-0.00036061855672667626,-0.0005248668577659754,0.0,0.0,0.0,0.0002448951056725049,1477,1530
-0.00029618212014161224,-6.191776133311145e-05,0.0,0.0,0.0,3.690679954333407e-05,0.999999999318944,0.0006795674648420333,0.00142789208868252,0.0,0.0,0.0,-0.00027493207546731916,1477,1530
-0.00029644326901525167,8.765858604608092e-05,0.0,0.0,0.0,-2.7857312597992306e-05,0.999999999611985,-3.765554116188214e-06,0.0022519778116237756,0.0,0.0,0.0,-0.0019501388770862267,1477,1530
-0.00035320417197573896,-0.00031540453682636773,0.0,0.0,0.0,7.120703588364588e-05,0.999999997464779,-0.0004248479697609775,-0.0030180927342516183,0.0,0.0,0.0,0.001483554449769889,1477,1530
-0.00020773550430955133,-0.0005684329829902942,0.0,0.0,0.0,0.0001344912105068023,0.9999999909560572,0.001454762742620856,-0.002531250979125925,0.0,0.0,0.0,0.0012660633175189324,1477,1530
-0.00012103997855324536,-4.047434941591903e-05,0.0,0.0,0.0,-4.011844482298342e-05,0.9999999991952552,0.0008694795811700658,0.0052860662531701895,0.0,0.0,0.0,-0.0034966338221286168,1477,1530
-0.0002490055251724621,-0.00039830644865841025,0.0,0.0,0.0,6.593281727433866e-05,0.9999999978264318,-0.001279304383507452,-0.0035782447442435027,0.0,0.0,0.0,0.0021209191931815976,1477,1530
-0.0002246844315048043,-0.0005498115442525855,0.0,0.0,0.0,0.00014399996082257682,0.9999999896320056,0.0003641161992909668,-0.0022701273807820056,0.0,0.0,0.0,0.002339440932539272,1477,1530
-0.00028308181651912035,-0.0005671211402816816,0.0,0.0,0.0,0.00014247218850164668,0.9999999898508377,-0.0004380024280753379,-0.00012969128732318584,0.0,0.0,0.0,-2.2915782996625196e-05,1477,1530
-0.00012086662639131625,-0.0006463160598650084,0.0,0.0,0.0,0.00014448460628104493,0.9999999895620992,0.0024278878120414567,-0.0011861735625726115,0.0,0.0,0.0,6.024842225349074e-05,1477,1530
-0.0002716896694784102,-0.0007132811829746139,0.0,0.0,0.0,0.00015277432823506898,0.9999999883300023,-0.0022643567258418735,-0.0010045865422445373,0.0,0.0,0.0,0.00024888081078166787,1477,1530
-0.0002482263330774922,-0.00039788491870817127,0.0,0.0,0.0,5.687215055889663e-05,0.9999999983827792,0.00017148048773074731,0.0022955752263841473,0.0,0.0,0.0,-0.0013960576183535977,1477,1530
-0.00023959833526962125,-0.000427915953355453,0.0,0.0,0.0,7.304577393077885e-05,0.9999999973321574,8.982348847615674e-05,-0.0003127781105282775,0.0,0.0,0.0,0.00033689082986298314,1477,1530
-0.00022325317941690502,-0.0005754149203039849,0.0,0.0,0.0,9.754305764125938e-05,0.9999999952426759,0.00024518019955479305,-0.0022154668698913756,0.0,0.0,0.0,0.0007358972572847915,1477,1530
-0.00017381598581738602,-0.00045198032483954843,0.0,0.0,0.0,8.617536941373766e-05,0.9999999962869028,0.0003707435896168238,0.0009251482157060446,0.0,0.0,0.0,-0.00017041605677641333,1477,1530
-0.00018891061510383717,-0.0001494950508298942,0.0,0.0,0.0,-1.593840452971464e-05,0.9999999998729836,-0.000225927749688251,0.004543156021800898,0.0,0.0,0.0,-0.003067354767075465,1477,1530
-0.00034097707620927333,-0.0011007490968307377,0.0,0.0,0.0,0.0002770783326262597,0.999999961613798,-0.0003177676829966014,-0.002917283282914709,0.0,0.0,0.0,0.0019106637878867113,1477,1530
-0.00027355522604733144,-0.0006221644548053287,0.0,0.0,0.0,0.0001352470643566158,0.9999999908541157,0.0010181565985071075,0.007198363511958586,0.0,0.0,0.0,-0.00426688540695363,1477,1530
-0.0003539683327201341,-0.000946382387889323,0.0,0.0,0.0,0.00023129680291264287,0.9999999732508942,-0.0008050402293844499,-0.003242091383154606,0.0,0.0,0.0,0.0019210716440327873,1477,1530
-0.0001490405868617617,-0.000594810522131601,0.0,0.0,0.0,0.00010859586243942834,0.9999999941034693,0.002045299467704231,0.003505166143551029,0.0,0.0,0.0,-0.0024473132021103784,1477,1530
-0.0002621648332542545,-0.0007588537887934149,0.0,0.0,0.0,0.00019552482244673944,0.9999999808850217,-0.0011317232151952855,-0.0016403673718370483,0.0,0.0,0.0,0.00173877048335718,1477,1530
-0.00018006884571135508,-0.00045767857004213913,0.0,0.0,0.0,8.68952303159788e-05,0.9999999962246094,0.0024653279274900906,0.009030319422972374,0.0,0.0,0.0,-0.006514909023244482,1477,1530
-0.00025993265001135593,-0.0007358864818817884,0.0,0.0,0.0,0.00017856137862636167,0.9999999840579169,0.00010828926237536162,-0.004275981806058092,0.0,0.0,0.0,0.0025480647665176884,1477,1530
-0.0002275990609281011,-0.0007345249498997311,0.0,0.0,0.0,0.00016941451160676992,0.9999999856493615,0.0004906610609484752,2.048566495597048e-05,0.0,0.0,0.0,-0.00027760260877834843,1477,1530
-0.000280382653791088,-0.0005235435987973112,0.0,0.0,0.0,0.00013168021967093055,0.9999999913301598,-0.0005264419222102437,0.0021072738527749845,0.0,0.0,0.0,-0.0007537135566466828,1477,1530
-0.00025356151029356263,-0.0005135385566796001,0.0,0.0,0.0,0.000112233431610451,0.9999999937018283,0.00026818145689055494,9.995879008077039e-05,0.0,0.0,0.0,-0.00038885410472162525,1477,1530
-0.00025485862610625566,-0.0006180272400473449,0.0,0.0,0.0,0.00013751123140824157,0.9999999905453306,-1.3223287240681241e-05,-0.0010462754420967715,0.0,0.0,0.0,0.0005062292848058162,1477,1530
-0.00032647749544954547,-0.0007116158540649512,0.0,0.0,0.0,0.00014325450938567063,0.9999999897390728,-0.0007155587631899867,-0.0009345303192098199,0.0,0.0,0.0,0.00011472330378326394,1477,1530
-0.00025780400284230597,-0.000388232165941448,0.0,0.0,0.0,0.00010511018214088083,0.9999999944759248,0.001030713942935757,0.004846800654643595,0.0,0.0,0.0,-0.001143466508744969,1477,1530
-0.00018951203163163082,-0.0005712894491560188,0.0,0.0,0.0,0.00011786403345148864,0.9999999930540348,0.0006819075184143187,-0.0018290336443738575,0.0,0.0,0.0,0.00025484257262537883,1477,1530
-0.0002041607019964327,-0.0006371832632977934,0.0,0.0,0.0,0.0001538248104022066,0.9999999881689637,-0.00014671245176810729,-0.0006592200176911545,0.0,0.0,0.0,0.0007195609347828924,1477,1530
-0.00022455937537486787,-0.0001913093805135276,0.0,0.0,0.0,3.8126345219612026e-05,0.9999999992731908,-0.0002025522036542986,0.004457419573209518,0.0,0.0,0.0,-0.0023132522022546505,1477,1530
-0.00027507779501719973,-0.0005069732283580775,0.0,0.0,0.0,0.00010137186325851926,0.9999999948618726,-0.0015224558621940456,-0.00950840396293237,0.0,0.0,0.0,0.0038102005037127093,1477,1530
-0.00011196052076738663,-0.0005177354944572828,0.0,0.0,0.0,0.00010911247774244693,0.9999999940472336,0.0009789117675519886,-6.478666307716231e-05,0.0,0.0,0.0,9.290837161282698e-05,1477,1530
-0.0002505287915594302,-0.0005776858662162074,0.0,0.0,0.0,0.00011571096489368404,0.9999999933054863,-0.0013833787549883798,-0.0005981485712835122,0.0,0.0,0.0,0.00013173788517991812,1477,1530
-0.00023047631551229491,-0.0002576622253039321,0.0,0.0,0.0,2.4253371268652167e-05,0.9999999997058869,0.0003028413909061332,0.004815284487578685,0.0,0.0,0.0,-0.002752301230935292,1477,1530
-0.0001837262548648591,-0.0003174631506267661,0.0,0.0,0.0,5.654583796930933e-05,0.9999999984012841,0.000698845300549383,-0.0008940260860138106,0.0,0.0,0.0,0.0009655105759373482,1477,1530
-0.00023859106603665322,-0.00038218459796388304,0.0,0.0,0.0,7.0109383835736e-05,0.9999999975423371,-0.0006620791609552707,-0.0004771934262586887,0.0,0.0,0.0,0.0001973953888749014,1477,1530
-0.00037942398040338943,-0.0004940804408506224,0.0,0.0,0.0,0.00010905591893303755,0.9999999940534032,-0.0021059898755893466,-0.0016727884923606283,0.0,0.0,0.0,0.001164669116213849,1477,1530
-0.00015652552748601103,-5.3995622689479664e-05,0.0,0.0,0.0,-5.885551950562273e-05,0.9999999982680139,0.0022302342836905283,0.004400934030445766,0.0,0.0,0.0,-0.0033586653844957224,1477,1530
-0.00021496032983377421,-0.0002733361994760552,0.0,0.0,0.0,-1.981853123490196e-06,0.9999999999980361,-0.0008765248005730145,-0.0032916766014118746,0.0,0.0,0.0,0.001706969593032384,1477,1530
-0.0002557130909283851,-0.00048442300929924344,0.0,0.0,0.0,9.098784253732866e-05,0.9999999958606063,-0.0004074336830084085,-0.0021104265239650054,0.0,0.0,0.0,0.0018590035223090449,1477,1530
-0.00027043010020088464,-0.0003618925025716956,0.0,0.0,0.0,5.856852301081151e-05,0.9999999982848641,-0.0001463762471960309,0.0012205715991291297,0.0,0.0,0.0,-0.0006458675089729815,1477,1530
-0.00017561343424765864,-0.00050342390522977,0.0,0.0,0.0,0.00012942721867312238,0.9999999916242975,0.0014312471576232544,-0.002136942270536209,0.0,0.0,0.0,0.0021395825814022017,1477,1530
-0.00026684901980303453,-0.00042446346057183006,0.0,0.0,0.0,6.941929825701381e-05,0.9999999975904805,-0.0013668056706638704,0.0011835300100172354,0.0,0.0,0.0,-0.001798367318559295,1477,1530
-0.00018483887549251051,-0.00032341429344151843,0.0,0.0,0.0,5.220506004968874e-05,0.9999999986373158,0.0006151090225244534,0.0007576943207904321,0.0,0.0,0.0,-0.00025818323704741093,1477,1530
-0.00022081723610827645,-0.0004983079664344875,0.0,0.0,0.0,0.00010235822600609928,0.9999999947613968,-0.0005402302360582649,-0.002624713584084553,0.0,0.0,0.0,0.001505377779157468,1477,1530
-0.00023475826220400333,-0.00011986076933899649,0.0,0.0,0.0,-2.5124044341006333e-05,0.9999999996843912,-0.00010389352095730943,0.002836106438269911,0.0,0.0,0.0,-0.0019107054883570976,1477,1530
-0.00016806794803246236,-0.00039786491670807197,0.0,0.0,0.0,6.375308673339474e-05,0.999999997967772,0.0010040684478489225,-0.004184616250072155,0.0,0.0,0.0,0.002675651955421087,1477,1530
-0.0002921278524152871,-0.0006237242983238836,0.0,0.0,0.0,0.0001297144615336511,0.9999999915870792,-0.0007443833343718391,-0.0013547904101749505,0.0,0.0,0.0,0.0007913782252309138,1477,1530
-0.00013145405994075937,-0.0003850411512970736,0.0,0.0,0.0,9.36543077291208e-05,0.9999999956144353,0.0012026434948885969,0.001785543467857752,0.0,0.0,0.0,-0.0005396126361530755,1477,1530
-0.0003742505812580241,-0.0008139856171635392,0.0,0.0,0.0,0.00019956852526835034,0.9999999800862016,-0.0036642406356339166,-0.0064707237219462635,0.0,0.0,0.0,0.003195818491288018,1477,1530
-0.00016738581685582296,-0.0003861916721151949,0.0,0.0,0.0,7.26005977891347e-05,0.9999999973645766,0.002061346877489494,0.004258503774326752,0.0,0.0,0.0,-0.0025283098539188096,1477,1530
-0.00023199800040037545,-0.0006033292137444389,0.0,0.0,0.0,0.00014340838970395547,0.9999999897170169,-0.0006298346729607257,-0.002115516559238198,0.0,0.0,0.0,0.0013797847204378517,1477,1530
-5.805682280714752e-05,-0.0006718001169413009,0.0,0.0,0.0,0.0002205096260519083,0.9999999756877521,0.005710208544059197,-0.002249681188140131,0.0,0.0,0.0,0.005062790568457311,1477,1530
-7.382383815297018e-05,-0.0006430219374554591,0.0,0.0,0.0,0.00020532619453811688,0.9999999789205767,-7.875625293873268e-05,0.00014389759119141552,0.0,0.0,0.0,-0.0001518047166554225,1477,1530
-3.598760589056945e-05,-0.0006752061664575138,0.0,0.0,0.0,0.00019439071362486294,0.999999981106125,0.00037866938190185876,-0.00032237158931560083,0.0,0.0,0.0,-0.00021896362042951093,1477,1530
-2.6266020392964355e-05,-0.0009043631417816639,0.0,0.0,0.0,0.0002587451340743321,0.9999999665254772,0.0002882253976254926,-0.0068569939430673495,0.0,0.0,0.0,0.00385125206869583,1477,1530
3.45974301925779e-05,-0.0006711510902450704,0.0,0.0,0.0,0.0001668372900009977,0.9999999860826593,0.00045755368200811684,0.0017495143721827683,0.0,0.0,0.0,-0.0013791383155704613,1477,1530
-8.866099965968963e-05,-0.0006613822238303637,0.0,0.0,0.0,0.0002049876776762497,0.9999999789900258,-0.0036334875115911986,0.0002891926795330564,0.0,0.0,0.0,0.002249300650174861,1477,1530
-0.000101782545161721,-0.0004311641378141034,0.0,0.0,0.0,0.00014032115310759564,0.999999990154987,0.0011166157884953654,0.0044921199047431555,0.0,0.0,0.0,-0.0020601772511298333,1477,1530
-0.00010881893121370059,-0.0009669354304217056,0.0,0.0,0.0,0.0002710090343890217,0.999999963277051,-7.182221065296197e-05,-0.005354319746572771,0.0,0.0,0.0,0.0026121120447387173,1477,1530
-6.0073139488892095e-05,-0.0008787307258222664,0.0,0.0,0.0,0.0002522991034010099,0.9999999681725806,0.00073011511456442,0.0013194414266642293,0.0,0.0,0.0,-0.0005599261298117813,1477,1530
2.035214685545698e-06,-0.0005073035699307448,0.0,0.0,0.0,0.00016686927793619459,0.999999986077322,0.0009350770438495172,0.00557475523997095,0.0,0.0,0.0,-0.0025646516042435465,1477,1530
-0.00016897879037231747,-0.0012110783833293483,0.0,0.0,0.0,0.00035921474543864994,0.9999999354823812,-0.0012836284560421587,-0.005274849713204376,0.0,0.0,0.0,0.0028835240726667053,1477,1530
-2.6726347694461575e-05,-0.0010067742736548661,0.0,0.0,0.0,0.0002916892928919171,0.9999999574586773,0.00430482130822363,0.006173156945683054,0.0,0.0,0.0,-0.004082678199725572,1477,1530
-4.5387121461584704e-05,-0.0009613376220387346,0.0,0.0,0.0,0.00026003711901060727,0.9999999661903478,-0.00013701160856786343,0.0003341607307064994,0.0,0.0,0.0,-0.0004654560506116578,1477,1530
-3.9344967285934315e-05,-0.0005743597591379432,0.0,0.0,0.0,0.00017716878629019534,0.9999999843056104,6.395691995300761e-05,0.003964132681115579,0.0,0.0,0.0,-0.001697791098644795,1477,1530
3.294503702899601e-05,-0.0007035728532127777,0.0,0.0,0.0,0.0002244831623047862,0.9999999748036547,-1.4654196609792797e-05,0.001324753900840548,0.0,0.0,0.0,-4.148443344470867e-05,1477,1530
3.294503702899601e-05,-0.0007035728532127777,0.0,0.0,0.0,0.0002244831623047862,0.9999999748036547,-1.4654196609792797e-05,0.001324753900840548,0.0,0.0,0.0,-4.148443344470867e-05,1477,1530
-3.6510369577051045e-05,-0.0008452255039178208,0.0,0.0,0.0,0.00023866746632670403,0.9999999715189198,-0.0010442521273536316,-0.002127310670852813,0.0,0.0,0.0,0.00042612784167433905,1477,1530
-4.368184392257095e-05,-0.0006479089905800955,0.0,0.0,0.0,0.00019833475785212856,0.9999999803316617,-7.06499437637673e-05,0.0019697717377134003,0.0,0.0,0.0,-0.0008052530482794164,1477,1530
-9.530213896753362e-05,-0.000913526632367166,0.0,0.0,0.0,0.00026034897689513313,0.9999999661092045,-0.0003878822787698824,-0.0019916698763667155,0.0,0.0,0.0,0.0009300691489433471,1477,1530
-8.02721558233751e-05,-0.0008743222493962301,0.0,0.0,0.0,0.00024592533045041484,0.9999999697603654,0.00015055513622578643,0.00039209882935259676,0.0,0.0,0.0,-0.0002885710522870867,1477,1530
-8.416249522445068e-05,-0.0008280725979658615,0.0,0.0,0.0,0.0002488700861424883,0.9999999690318396,0.003860991101008614,0.00910567366536646,0.0,0.0,0.0,-0.005603854720589577,1477,1530
4.415710017253519e-05,-0.0007782504326208479,0.0,0.0,0.0,0.0002343293212672688,0.9999999725448843,0.0012834951197457233,0.0004976027976905878,0.0,0.0,0.0,-0.00029082693906177213,1477,1530
-7.325591052361813e-05,-0.0007072988507145877,0.0,0.0,0.0,0.00021593115533118,0.9999999766868678,-0.0011736448834716823,0.0007099737107678267,0.0,0.0,0.0,-0.000367915499016192,1477,1530
-3.789027306521995e-05,-0.0006549407790937589,0.0,0.0,0.0,0.00019525771135290757,0.9999999809372129,0.0003538399955778102,0.0005233651327115898,0.0,0.0,0.0,-0.00041341927796847646,1477,1530
-0.00015837753929044847,-0.0009788138659965189,0.0,0.0,0.0,0.0002693478638903227,0.9999999637258634,-0.0012060649808107518,-0.0032380658167736106,0.0,0.0,0.0,0.0014817141868627684,1477,1530
-0.00010310446800610667,-0.0009400171398543057,0.0,0.0,0.0,0.0002588559566289387,0.9999999664967963,-0.0007873355416856948,-0.003587664945053405,0.0,0.0,0.0,0.001908979731454888,1477,1530
-2.2725172546761936e-05,-0.0003560306875317024,0.0,0.0,0.0,8.856184523350535e-05,0.9999999960783997,0.0008066226247791395,0.005838046476280613,0.0,0.0,0.0,-0.0034050650513358653,1477,1530
-0.00010036461625639044,-0.0007074231010724877,0.0,0.0,0.0,0.0002140539785358478,0.9999999770904469,-0.0007770712191112323,-0.003514032544717744,0.0,0.0,0.0,0.002510018391123791,1477,1530
-6.798399825658555e-06,-0.0005164693551814,0.0,0.0,0.0,0.00015629805059430397,0.9999999877854596,0.0014054080000100093,0.002865108982675189,0.0,0.0,0.0,-0.0017335272956055872,1477,1530
2.975696624641461e-05,-0.000600058685702413,0.0,0.0,0.0,0.00018267769492157497,0.9999999833144297,0.0003657312233434374,-0.0008370119493568694,0.0,0.0,0.0,0.0005282267661968163,1477,1530
-4.144130263906754e-05,-0.000900112132443503,0.0,0.0,0.0,0.00028911532865911723,0.9999999582061625,-0.0007129434435029946,-0.0029997041966425167,0.0,0.0,0.0,0.0021283483447802924,1477,1530
-2.3677702185054674e-05,-0.0006473828723855832,0.0,0.0,0.0,0.00017618910285009627,0.9999999844786999,-0.0014420415305705211,-0.00047165285841699377,0.0,0.0,0.0,-0.00011779101757338633,1477,1530
-5.313515614098862e-05,-0.001035183076035557,0.0,0.0,0.0,0.00030138777989597773,0.9999999545827021,-0.00044406254823950176,-0.005818825391763883,0.0,0.0,0.0,0.0037572378719759997,1477,1530
-5.977116691078425e-06,-0.0007367767876798627,0.0,0.0,0.0,0.00020834819178190673,0.9999999782955152,0.00035493932542110404,0.002237235102850957,0.0,0.0,0.0,-0.001395220644005975,1477,1530
-5.63283770160908e-05,-0.0009780612074497686,0.0,0.0,0.0,0.0002899739834127148,0.9999999579575436,-0.0005044170995457505,-0.002412151745995403,0.0,0.0,0.0,0.0016321894440420304,1477,1530
-6.094094183830148e-05,-0.0007698169396978174,0.0,0.0,0.0,0.00020839535223846688,0.9999999782856883,-0.00013462993681537532,0.0062416649016613064,0.0,0.0,0.0,-0.004890219016851396,1477,1530
-7.542695246120988e-05,-0.0007375954816791165,0.0,0.0,0.0,0.00020339548005476323,0.9999999793151392,-0.00010871829748195727,0.00024209354608229638,0.0,0.0,0.0,-7.511827358274703e-05,1477,1530
-2.6498764288597284e-05,-0.0008285614715145376,0.0,0.0,0.0,0.0002440707598037345,0.9999999702147316,0.0004888629135360919,-0.0009097678817435986,0.0,0.0,0.0,0.0008134242727445364,1477,1530
-6.820470157365545e-05,-0.0004896737439725716,0.0,0.0,0.0,0.00015692021978530205,0.9999999876880222,-0.0006210457354203547,0.005066798911097888,0.0,0.0,0.0,-0.0026058647795523726,1477,1530
-3.279122000769704e-05,-0.0007660046579394266,0.0,0.0,0.0,0.00019962263134079607,0.9999999800754024,-0.002387021108244181,-0.0038858347547753953,0.0,0.0,0.0,0.001535702663013068,1477,1530
2.1565545154743167e-05,-0.0009578539126913537,0.0,0.0,0.0,0.0002627209144108354,0.9999999654888599,0.0005428776621298079,-0.0019189780683536077,0.0,0.0,0.0,0.0012621423944279273,1477,1530
4.682236127751348e-06,-0.0006946455800965745,0.0,0.0,0.0,0.00018517545064022548,0.9999999828550261,-0.00016728779117731898,0.002629620942253683,0.0,0.0,0.0,-0.0015494063889403794,1477,1530
-0.00012127393543401744,-0.001124490382597993,0.0,0.0,0.0,0.0002974064551711859,0.9999999557746992,-0.0018955023947304465,-0.006459826931220835,0.0,0.0,0.0,0.003373643779762964,1477,1530
-3.212916011940384e-05,-0.0006122511250621711,0.0,0.0,0.0,0.00018304914652192783,0.9999999832465049,0.000893234999200004,0.005114649768418343,0.0,0.0,0.0,-0.002283925899722672,1477,1530
-0.00012667032837485916,-0.0005317048999284512,0.0,0.0,0.0,0.00015487216529806285,0.9999999880073062,-0.000944191433243789,0.0008050193919532614,0.0,0.0,0.0,-0.000562987904319021,1477,1530
7.970568226575635e-05,-0.00043076697133871374,0.0,0.0,0.0,0.0001521877230635464,0.9999999884194484,0.0031032620042900807,0.0015166057755501398,0.0,0.0,0.0,-8.07193260310648e-05,1477,1530
-4.5177393957590215e-05,-0.0005765468915792313,0.0,0.0,0.0,0.00017216408498582265,0.9999999851797639,-0.0012467808609404464,-0.0014545100014577946,0.0,0.0,0.0,0.00039872978411136076,1477,1530
-0.00012754212281948377,-0.0007516519482319293,0.0,0.0,0.0,0.00022657048509854312,0.9999999743329073,-0.0009970184612169807,-0.004957461267576236,0.0,0.0,0.0,0.0030157116363188482,1477,1530
-0.00012252566015991028,-0.0007350190028491529,0.0,0.0,0.0,0.0002227276822574672,0.9999999751961894,7.512185192972245e-05,0.0002486717681509731,0.0,0.0,0.0,-0.00011491979239919211,1477,1530
1.1365528300383282e-05,-0.0006800407258416624,0.0,0.0,0.0,0.00020115908561440515,0.999999979767511,0.0010038806094848827,0.0004116900478727266,0.0,0.0,0.0,-0.00032337212141469145,1477,1530
8.719422017956645e-05,-0.0008814936463709001,0.0,0.0,0.0,0.00022883634972486363,0.9999999738169622,0.0007467824510355144,-0.001986389024032732,0.0,0.0,0.0,0.0005457304351188087,1477,1530
-2.094534017032672e-06,-0.000986214862498712,0.0,0.0,0.0,0.00024340785255704358,0.9999999703763083,-0.0013701733544825372,-0.00160550206493827,0.0,0.0,0.0,0.000446971771537259,1477,1530
0.00010518438572047883,-0.0013273162300571793,0.0,0.0,0.0,0.0003832531868961106,0.9999999265584947,0.0010702295424611012,-0.0034086722373321363,0.0,0.0,0.0,0.00279455938735326,1477,1530
9.640031045179414e-05,-0.0012987586489623699,0.0,0.0,0.0,0.0003134121027042821,0.9999999508864257,-8.76849643933661e-05,0.0002858488687329838,0.0,0.0,0.0,-0.0013978282040339283,1477,1530
0.00011228419026794572,-0.00131292564105895,0.0,0.0,0.0,0.00034488813444213257,0.9999999405260857,0.00015879283889217477,-0.00014180774522390362,0.0,0.0,0.0,0.0006296906852651421,1477,1530
8.613743860954565e-05,-0.0012308993093083336,0.0,0.0,0.0,0.00029806716123130565,0.9999999555779827,-0.0002608703518027977,0.0008203450350421805,0.0,0.0,0.0,-0.0009363071554897628,1477,1530
0.00019219393924169994,-0.0012923745221612019,0.0,0.0,0.0,0.00032071849216492535,0.9999999485698231,0.001060834843950826,-0.0006157537106943682,0.0,0.0,0.0,0.00045329861949778145,1477,1530
-3.198200603178367e-05,-0.0011345036792022854,0.0,0.0,0.0,0.00031349258079847085,0.9999999508611996,-0.0059697543583250665,-0.005281133272324906,0.0,0.0,0.0,0.003352779760564059,1477,1530
7.314638495593999e-05,-0.0009590853216096976,0.0,0.0,0.0,0.00024312962024710785,0.9999999704439935,0.0007888459089864915,0.001314407000893688,0.0,0.0,0.0,-0.0010548537304040555,1477,1530
2.8667139928179092e-05,-0.0010108488631351774,0.0,0.0,0.0,0.00024486914084400165,0.9999999700195514,-0.00044487505016982626,-0.0005172225250656745,0.0,0.0,0.0,3.47771976383961e-05,1477,1530
2.8667139928179092e-05,-0.0010108488631351774,0.0,0.0,0.0,0.00024486914084400165,0.9999999700195514,-0.00044487505016982626,-0.0005172225250656745,0.0,0.0,0.0,3.47771976383961e-05,1477,1530
0.00018958918594349085,-0.0005880745179154804,0.0,0.0,0.0,0.00015266421335446992,0.9999999883468189,0.0016117904099512232,0.00422826561069833,0.0,0.0,0.0,-0.001844670432093327,1477,1530
7.860711678276383e-05,-0.0013445326588381393,0.0,0.0,0.0,0.00033573440063963027,0.9999999436412046,-0.0009343665700193301,-0.0034713487654350872,0.0,0.0,0.0,0.0019888593315825318,1477,1530
0.00015334137483626522,-0.0012163240676828866,0.0,0.0,0.0,0.00031016579866296383,0.9999999518985876,0.0007480162886272004,0.0012812634894544858,0.0,0.0,0.0,-0.0005112442550949941,1477,1530
0.00013087492887249217,-0.0009059259712688641,0.0,0.0,0.0,0.00021174986231502492,0.9999999775809977,-0.00022270105985390987,0.0031035921227123096,0.0,0.0,0.0,-0.0019679842342761452,1477,1530
6.546827205429334e-05,-0.0009794583531678998,0.0,0.0,0.0,0.0002552112081094338,0.9999999674336191,-0.0009827560132096597,-0.0011039058601570104,0.0,0.0,0.0,0.0013054199672229868,1477,1530
6.591926713054703e-05,-0.0008448304522734495,0.0,0.0,0.0,0.00020469404738350926,0.9999999790501732,5.197692883534555e-06,0.0013464246383010888,0.0,0.0,0.0,-0.0010104543908917632,1477,1530
2.85754011845657e-05,-0.0009402058769295105,0.0,0.0,0.0,0.00022733517497475412,0.9999999741593588,-0.0003737842296840461,-0.0009534868668745358,0.0,0.0,0.0,0.00045276823017313434,1477,1530
6.701043654097426e-05,-0.0010954314988247523,0.0,0.0,0.0,0.00027040914285018474,0.9999999634394471,0.0003841054755472596,-0.0015542959663721254,0.0,0.0,0.0,0.0008625144012692168,1477,1530
3.39490561129553e-05,-0.001358330441754646,0.0,0.0,0.0,0.0003526463160071432,0.999999937820286,-0.0004964572321508237,-0.003930578554216282,0.0,0.0,0.0,0.002459208955547236,1477,1530
5.912045797672202e-05,-0.0012971382431003382,0.0,0.0,0.0,0.0003323140076621732,0.9999999447836986,0.0002522136377554809,0.000611909517884693,0.0,0.0,0.0,-0.0004067560148507038,1477,1530
1.8668139030829687e-05,-0.0008100380772496309,0.0,0.0,0.0,0.00019719271244555197,0.9999999805575168,-0.0020338988300326166,-0.0035148997745869134,0.0,0.0,0.0,0.0017541205094945404,1477,1530
0.00022302952058478375,-0.001348233732585513,0.0,0.0,0.0,0.0003345056407620722,0.9999999440529865,0.0020417156801518766,-0.005383354275261991,0.0,0.0,0.0,0.0027465607785905114,1477,1530
0.00017794933777287044,-0.0013103542742546224,0.0,0.0,0.0,0.00033624688243814014,0.9999999434690154,-0.00045070154792593105,0.0003792250265400997,0.0,0.0,0.0,3.483667995102877e-05,1477,1530
0.00015827494193458217,-0.0008387891140183486,0.0,0.0,0.0,0.0002387068484239939,0.9999999715095198,-0.00019362882013155926,0.004717150818856333,0.0,0.0,0.0,-0.0019513666549028073,1477,1530
1.2553663142736741e-05,-0.0013023437285673966,0.0,0.0,0.0,0.00036914204643100226,0.9999999318670725,-0.0021941961646758756,-0.006968336902395609,0.0,0.0,0.0,0.0039220965451496875,1477,1530
0.00013236682042220118,-0.0011181726034247281,0.0,0.0,0.0,0.00029953296475463304,0.9999999551400005,0.00119961091338508,0.0018410102891098137,0.0,0.0,0.0,-0.0013923209425885587,1477,1530
0.00014949019091364452,-0.0007522129206848866,0.0,0.0,0.0,0.00018968354334835213,0.9999999820100766,0.00017338960204851448,0.0036587252581421767,0.0,0.0,0.0,-0.0021965272198220267,1477,1530
8.588454024547255e-05,-0.0009401763025394604,0.0,0.0,0.0,0.0002496487385852198,0.9999999688377532,-0.0006368523229062366,-0.0018796367371641234,0.0,0.0,0.0,0.001199459862915606,1477,1530
0.00010547870293948828,-0.0014098804257725874,0.0,0.0,0.0,0.00036822172300840565,0.9999999322063791,0.00019332958692189393,-0.004690665361807507,0.0,0.0,0.0,0.0023681916929269935,1477,1530
-4.4653878837385956e-05,-0.0012395111103740714,0.0,0.0,0.0,0.0003593030010117506,0.9999999354506747,-0.0022467584355439674,0.002553392944718779,0.0,0.0,0.0,-0.00026716360382957597,1477,1530
8.899637170557154e-05,-0.0009649741781597085,0.0,0.0,0.0,0.00023939744537449333,0.9999999713444312,0.0013386758004636336,0.0027448199176242187,0.0,0.0,0.0,-0.002398470986531359,1477,1530
9.66992371091589e-05,-0.0013830788166278708,0.0,0.0,0.0,0.0003438862078018418,0.9999999408711363,7.50327842398078e-05,-0.004181417299749497,0.0,0.0,0.0,0.0020899425299702483,1477,1530
5.696393654380547e-05,-0.0011261087694460123,0.0,0.0,0.0,0.0002772966321322853,0.9999999615532882,-0.0003955143500940153,0.0025695106405498147,0.0,0.0,0.0,-0.0013315518975483883,1477,1530
5.7533617385334296e-05,-0.001359581924788455,0.0,0.0,0.0,0.00035263714093516506,0.9999999378235215,4.402685625280794e-06,-0.0023351079710602508,0.0,0.0,0.0,0.0015070513779498586,1477,1530
8.69096975488715e-05,-0.0007735901635746396,0.0,0.0,0.0,0.0001686563264252173,0.9999999857775217,0.00029796508912546983,0.005861115640570237,0.0,0.0,0.0,-0.0036804997195532953,1477,1530
1.897486159040964e-05,-0.001065562019600313,0.0,0.0,0.0,0.0002576341666748524,0.9999999668123175,-0.0014993886065270557,0.0027114982453392365,0.0,0.0,0.0,-0.001706629668937429,1477,1530
1.897486159040964e-05,-0.001065562019600313,0.0,0.0,0.0,0.0002576341666748524,0.9999999668123175,-0.0014993886065270557,0.0027114982453392365,0.0,0.0,0.0,-0.001706629668937429,1477,1530
4.8274356565690825e-05,-0.0009266560948920466,0.0,0.0,0.0,0.0002179285582000258,0.9999999762535714,-0.0011398319509459912,0.007273675665300561,0.0,0.0,0.0,-0.0051039167284841385,1477,1530
9.071354449445985e-05,-0.0008702789124569875,0.0,0.0,0.0,0.00021882030016267664,0.9999999760588378,0.00031894303166792525,0.00042330706748885336,0.0,0.0,0.0,1.3395653924291816e-05,1477,1530
-2.2972826038239962e-05,-0.0011975579231265265,0.0,0.0,0.0,0.0002972215111732949,0.9999999558296857,-0.0011378976380750619,-0.003271147354001323,0.0,0.0,0.0,0.001567475654723873,1477,1530
0.0001366570559997036,-0.0011134718813572708,0.0,0.0,0.0,0.00027259532436444485,0.9999999628458939,0.0015921175563137833,0.0008374492596514684,0.0,0.0,0.0,-0.0004910799809853359,1477,1530
9.4602282214866e-05,-0.001052810906126229,0.0,0.0,0.0,0.00028426748590991034,0.9999999595959974,-0.0006315822848407973,0.0009120734374060609,0.0,0.0,0.0,0.00035086307745523605,1477,1530
-3.492717967512154e-05,-0.0012067598520701793,0.0,0.0,0.0,0.0003162480570599772,0.999999949993582,-0.0012949265336483044,-0.0015372770044491933,0.0,0.0,0.0,0.0006389980136584536,1477,1530
3.794772073823149e-05,-0.0010820560799921324,0.0,0.0,0.0,0.0002840433041246554,0.9999999596596999,0.0007295230143778494,0.0012465516094184957,0.0,0.0,0.0,-0.0006440822059912498,1477,1530
2.41036481550476e-05,-0.000990134075992692,0.0,0.0,0.0,0.00024794455470571213,0.9999999692617484,-0.00020768044529986593,0.0013842981192115035,0.0,0.0,0.0,-0.0010871644111522976,1477,1530
5.6921220739095154e-05,-0.0009872141041249848,0.0,0.0,0.0,0.00024727146548974687,0.9999999694284107,0.00032407122010479685,2.8672548235390566e-05,0.0,0.0,0.0,-1.3292832826746302e-05,1477,1530
8.073275776902206e-05,-0.0011991671192917968,0.0,0.0,0.0,0.00032112000595564395,0.9999999484409696,0.00024008987407414151,-0.002146674279932391,0.0,0.0,0.0,0.0014958030280800305,1477,1530
9.356973641872167e-05,-0.000859147316765922,0.0,0.0,0.0,0.00021862444479673745,0.9999999761016758,0.00013036187117952715,0.003395124047456394,0.0,0.0,0.0,-0.0020469023486822547,1477,1530
0.00018428852856451264,-0.0008406652463188617,0.0,0.0,0.0,0.00021173768819049876,0.9999999775835755,0.0013602024668036444,0.00027649363562937937,0.0,0.0,0.0,-0.00020649635734505431,1477,1530
0.00011655972528420449,-0.0015007574634472959,0.0,0.0,0.0,0.0003796425479639775,0.9999999279357653,0.0005173400006614344,-0.00341713797034793,0.0,0.0,0.0,0.001754589406367296,1477,1530
0.00018680528428398406,-0.0018889938055252713,0.0,0.0,0.0,0.0004930304573313903,0.9999998784604767,0.000524018883233947,-0.0029087757535701067,0.0,0.0,0.0,0.0016988354093464561,1477,1530
0.00028631140219193517,-0.0016323054895882117,0.0,0.0,0.0,0.0004043568038111849,0.9999999182477842,0.0014970089559729698,0.003850449017305954,0.0,0.0,0.0,-0.0026613143162174183,1477,1530
0.0001500374019832527,-0.001906148075004499,0.0,0.0,0.0,0.0004894031512641705,0.9999998802422706,-0.0013651043200046628,-0.002737624031023555,0.0,0.0,0.0,0.0017011142399273168,1477,1530
6.245391554315756e-05,-0.0021756447358904363,0.0,0.0,0.0,0.0005775624397403675,0.9999998332108002,-0.000878402022673136,-0.0026938925339018253,0.0,0.0,0.0,0.001763044975117802,1477,1530
9.961656633182187e-05,-0.0016894758077737435,0.0,0.0,0.0,0.00041985418854332814,0.9999999118612263,0.00037727984524635317,0.004861742936998302,0.0,0.0,0.0,-0.003154480854456212,1477,1530
2.9238662709043424e-05,-0.0019519343946194545,0.0,0.0,0.0,0.0005298447811856345,0.999999859632244,-0.0007065974144033203,-0.002626278836633652,0.0,0.0,0.0,0.00220172760054102,1477,1530
0.00015943073138406405,-0.002041500866491329,0.0,0.0,0.0,0.0005278017646960425,0.9999998607126389,0.0019498963269468427,-0.0013444901789540218,0.0,0.0,0.0,-6.124151004976004e-05,1477,1530
9.763707619458395e-05,-0.0022709139948582304,0.0,0.0,0.0,0.000586143780461669,0.9999998282177196,-0.0014925688169256993,-0.005436896353471016,0.0,0.0,0.0,0.0030662604214351007,1477,1530
0.00011697333405003382,-0.0017119668486856017,0.0,0.0,0.0,0.00043420035285816476,0.9999999057350223,0.00014974563300492954,0.004186603255755564,0.0,0.0,0.0,-0.002276255169375978,1477,1530
5.2059197355179126e-05,-0.0019301674405557067,0.0,0.0,0.0,0.0005155518150424204,0.9999998671031541,-0.0009791487103089657,-0.0032808563410830246,0.0,0.0,0.0,0.0024470287649160072,1477,1530
0.00014754859283437328,-0.0021422290741852316,0.0,0.0,0.0,0.000560207147513458,0.9999998430839636,0.0009516790588870162,-0.0021193109476712315,0.0,0.0,0.0,0.000892143263667678,1477,1530
0.00014997292278685648,-0.002202151232718431,0.0,0.0,0.0,0.0005588939033306594,0.9999998438187903,3.5296269984035415e-05,-0.0008973067573442422,0.0,0.0,0.0,-3.9328703064693236e-05,1477,1530
4.0601219378923176e-05,-0.0020105278685505668,0.0,0.0,0.0,0.0004965400944001505,0.9999998767239597,-0.0010919238241660699,0.001918068769940058,0.0,0.0,0.0,-0.0012474755438243066,1477,1530
5.5476881419177875e-05,-0.002063334410251638,0.0,0.0,0.0,0.0005240208403500769,0.99999986270107,0.00022235376256006365,-0.0007923391342592592,0.0,0.0,0.0,0.0008244430968314952,1477,1530
0.00010801729848391301,-0.0018963543226918637,0.0,0.0,0.0,0.0005060186016321833,0.9999998719725792,0.00031639232163771915,0.0010018661776056395,0.0,0.0,0.0,-0.00021609517933270355,1477,1530
0.00011668512652284407,-0.0017786502352546577,0.0,0.0,0.0,0.0004684286861887509,0.999999890287277,0.00026290113096564237,0.0035213851239111744,0.0,0.0,0.0,-0.0022493444573180284,1477,1530
0.00020673482708085896,-0.0020523252070766065,0.0,0.0,0.0,0.0005145323272342222,0.9999998676282333,0.0008981122889854848,-0.0027381397823168867,0.0,0.0,0.0,0.0009222573835059272,1477,1530
0.00020461013970371632,-0.0017487455385486544,0.0,0.0,0.0,0.00042825715117071064,0.9999999082979021,-1.3591546260315567e-05,0.0022767659441487245,0.0,0.0,0.0,-0.0012940727854412197,1477,1530
0.00020461013970371632,-0.0017487455385486544,0.0,0.0,0.0,0.00042825715117071064,0.9999999082979021,-1.3591546260315567e-05,0.0022767659441487245,0.0,0.0,0.0,-0.0012940727854412197,1477,1530
0.00021911212995304123,-0.0018899698517292713,0.0,0.0,0.0,0.0004924679705613215,0.9999998787376416,0.0001387861831392418,-0.0013630253091997497,0.0,0.0,0.0,0.0012393519815042846,1477,1530
7.334042201236006e-05,-0.002040859648941542,0.0,0.0,0.0,0.0005396295467137775,0.9999998543999656,-0.0008958483224397738,-0.0009254759385230382,0.0,0.0,0.0,0.0005790782750904977,1477,1530
7.460100845519908e-05,-0.0020277164120632257,0.0,0.0,0.0,0.0005208783460820826,0.9999998643428651,1.2727851197392246e-05,0.00013121399341537585,0.0,0.0,0.0,-0.0003744399390351406,1477,1530
7.460100845519908e-05,-0.0020277164120632257,0.0,0.0,0.0,0.0005208783460820826,0.9999998643428651,1.2727851197392246e-05,0.00013121399341537585,0.0,0.0,0.0,-0.0003744399390351406,1477,1530
0.00010958102489689315,-0.00175666618053891,0.0,0.0,0.0,0.00047028944566827457,0.9999998894139125,0.00026443667230228904,0.002032363525661667,0.0,0.0,0.0,-0.0007587444466779417,1477,1530
0.00016198942450050161,-0.0018486530923459694,0.0,0.0,0.0,0.0004920912870444041,0.9999998789230753,0.00022172156743407645,-0.00039001680373809466,0.0,0.0,0.0,0.00018477704804542147,1477,1530
8.203179468919207e-05,-0.0019349528496714705,0.0,0.0,0.0,0.0005157929269252664,0.9999998669788194,-0.0006130379482889277,-0.0006603584568341841,0.0,0.0,0.0,0.0003630571720083154,1477,1530
0.00011545775698527243,-0.0019064506666246891,0.0,0.0,0.0,0.0004713548298833241,0.999999888912306,0.0005007161109864766,0.0004260672923136586,0.0,0.0,0.0,-0.001330183415217283,1477,1530
0.00012881219390472578,-0.002214041839399882,0.0,0.0,0.0,0.0005631418893300192,0.9999998414355937,9.796093284377461e-05,-0.0023064966966505978,0.0,0.0,0.0,0.0013764894818490733,1477,1530
0.00012881219390472578,-0.002214041839399882,0.0,0.0,0.0,0.0005631418893300192,0.9999998414355937,9.796093284377461e-05,-0.0023064966966505978,0.0,0.0,0.0,0.0013764894818490733,1477,1530
0.0001510310280110697,-0.0021732978712834276,0.0,0.0,0.0,0.0005458606127324053,0.9999998510180846,0.000668951394915467,0.001223414883448526,0.0,0.0,0.0,-0.0010384448068816246,1477,1530
8.453000296344654e-05,-0.001750915546570436,0.0,0.0,0.0,0.0004427875248707487,0.9999999019695991,-0.0004950699931584732,0.003166945339581264,0.0,0.0,0.0,-0.0015453817657041934,1477,1530
0.0001180703709705535,-0.0018361682542219222,0.0,0.0,0.0,0.00047478832833333645,0.9999998872880153,0.0002514150916696973,-0.0006407102364447418,0.0,0.0,0.0,0.0004808319208203737,1477,1530
9.932665221200732e-05,-0.0019013984187625458,0.0,0.0,0.0,0.00048674438430003884,0.9999998815399451,-0.00011268088741023583,-0.0003907433896925212,0.0,0.0,0.0,0.00014327811649653626,1477,1530
0.0001339759842827498,-0.0016403626054409797,0.0,0.0,0.0,0.0004125013614932191,0.9999999149213097,0.0005248715176899615,0.003924900508288722,0.0,0.0,0.0,-0.0022329066680755773,1477,1530
0.00014372387450978144,-0.0017571636496190941,0.0,0.0,0.0,0.00045120467317918045,0.9999998982071663,5.764927151432056e-05,-0.0006977090065840779,0.0,0.0,0.0,0.00046235548492684387,1477,1530
0.00014372387450978144,-0.0017571636496190941,0.0,0.0,0.0,0.00045120467317918045,0.9999998982071663,5.764927151432056e-05,-0.0006977090065840779,0.0,0.0,0.0,0.00046235548492684387,1477,1530
0.00016430192213905614,-0.0018451516171432772,0.0,0.0,0.0,0.0004927917271464427,0.9999998785781495,0.00020604131246286565,-0.0008845941371685717,0.0,0.0,0.0,0.0008360216024184275,1477,1530
0.0002277568135666683,-0.0018928331907434777,0.0,0.0,0.0,0.0004949765379477833,0.9999998774991059,0.0009521415488259443,-0.0007169320598446362,0.0,0.0,0.0,6.561486801713609e-05,1477,1530
0.00020080099845153846,-0.002032515810815295,0.0,0.0,0.0,0.0005151972368611209,0.9999998672858947,-0.00020310557897086745,-0.0010469033998607234,0.0,0.0,0.0,0.00030316121547513544,1477,1530
8.299301186386981e-05,-0.001961391843402324,0.0,0.0,0.0,0.000526317888186288,0.9999998614947307,-0.0011775347887192072,0.000712567194136953,0.0,0.0,0.0,0.00022244864844158077,1477,1530
0.00019184967730616218,-0.0021805749905872687,0.0,0.0,0.0,0.0005645771550182268,0.9999998406263053,0.0005434310299369181,-0.001097096949594726,0.0,0.0,0.0,0.00038280518203857525,1477,1530
0.00016399721404360842,-0.0015831643291687892,0.0,0.0,0.0,0.00042547765146374027,0.99999990948438,-0.0004079231038057994,0.008967230473489804,0.0,0.0,0.0,-0.004175595354938255,1477,1530
0.00014910721895945248,-0.0019392335813105573,0.0,0.0,0.0,0.0004963323275906259,0.9999998768271028,-0.00045330554612546114,-0.010623476921569603,0.0,0.0,0.0,0.004228110968395531,1477,1530
0.00014910721895945248,-0.0019392335813105573,0.0,0.0,0.0,0.0004963323275906259,0.9999998768271028,-0.00045330554612546114,-0.010623476921569603,0.0,0.0,0.0,0.004228110968395531,1477,1530
0.00015415896831937574,-0.002186733197356249,0.0,0.0,0.0,0.0005735587855459248,0.9999998355151463,3.610838972067177e-05,-0.0018595240366123394,0.0,0.0,0.0,0.0011604190644330535,1477,1530
0.00013793401070115235,-0.0024145395805061183,0.0,0.0,0.0,0.0006195347970249501,0.9999998080882992,-8.239096645203822e-05,-0.0011383803003336879,0.0,0.0,0.0,0.00045953502431385395,1477,1530
0.0002146737333365292,-0.001951215410834119,0.0,0.0,0.0,0.0004902507309058197,0.9999998798271031,0.0011579809260257312,0.006938093163646026,0.0,0.0,0.0,-0.003872752171844671,1477,1530
0.00015743120844498954,-0.0020612690539274243,0.0,0.0,0.0,0.0005221999958409603,0.9999998636535729,-0.0004299549815237186,-0.000824649057395841,0.0,0.0,0.0,0.00047904621926859206,1477,1530
0.0001358034919915866,-0.0018059140798878286,0.0,0.0,0.0,0.0004447371355137813,0.9999999011044353,-0.00012823044345194892,0.0015330341196668085,0.0,0.0,0.0,-0.0009300213025607043,1477,1530
0.00017455932932736176,-0.002587299092330228,0.0,0.0,0.0,0.0006846154692919274,0.9999997656508022,0.000285185075745952,-0.005855081490012885,0.0,0.0,0.0,0.003594760531942209,1477,1530
0.00017455932932736176,-0.002587299092330228,0.0,0.0,0.0,0.0006846154692919274,0.9999997656508022,0.000285185075745952,-0.005855081490012885,0.0,0.0,0.0,0.003594760531942209,1477,1530
0.0002624618581234844,-0.0024120270160629476,0.0,0.0,0.0,0.0006248300808996244,0.9999998047936659,0.0026615464652546376,0.0052888713692066415,0.0,0.0,0.0,-0.0036105565829909238,1477,1530
0.0003194388607821583,-0.0022890134527802732,0.0,0.0,0.0,0.0005721797932378696,0.9999998363051287,0.0005633578535758269,0.0012123168626097228,0.0,0.0,0.0,-0.0010383547558626778,1477,1530
0.0002575310890904529,-0.0022651873197373244,0.0,0.0,0.0,0.0005952150583501326,0.9999998228595015,-0.0006263585389444371,0.00024188677634778255,0.0,0.0,0.0,0.00046632931220163984,1477,1530
0.00032842161099024534,-0.002384043091937595,0.0,0.0,0.0,0.0006093223555545839,0.9999998143631162,0.00042191850268218767,-0.0007093108357440434,0.0,0.0,0.0,0.00016826053484714096,1477,1530
0.00035090258496286634,-0.002591437644358835,0.0,0.0,0.0,0.0006689458422796568,0.999999776255705,0.00013432894831835225,-0.001253485670042106,0.0,0.0,0.0,0.0007206301684407677,1477,1530
0.0002444108205834978,-0.002220330588425161,0.0,0.0,0.0,0.0005981861870236068,0.9999998210866268,-0.0007939534552673312,0.0027808303799579355,0.0,0.0,0.0,-0.0010600461324979892,1477,1530
0.0002444108205834978,-0.002220330588425161,0.0,0.0,0.0,0.0005981861870236068,0.9999998210866268,-0.0007939534552673312,0.0027808303799579355,0.0,0.0,0.0,-0.0010600461324979892,1477,1530
0.000330498465875612,-0.0024151629598655076,0.0,0.0,0.0,0.0006221086496684291,0.9999998064903952,0.0008596108340155551,-0.0019517724465340964,0.0,0.0,0.0,0.00047904335568180477,1477,1530
0.0002831668096306761,-0.0022714282406484207,0.0,0.0,0.0,0.000614830612423682,0.9999998109916411,-0.0007074686034337671,0.0021574418426858685,0.0,0.0,0.0,-0.00021839575803874053,1477,1530
0.0002595938382316914,-0.002372908422253357,0.0,0.0,0.0,0.0006291645048849753,0.9999998020759934,-0.00017766287164962036,-0.0007605829556259876,0.0,0.0,0.0,0.00021492353370940022,1477,1530
0.000316735777362059,-0.002548163195956031,0.0,0.0,0.0,0.0006393251590712591,0.9999997956316496,0.00042639643556356845,-0.0013133664306982384,0.0,0.0,0.0,0.0001522264106221818,1477,1530
0.000316735777362059,-0.002548163195956031,0.0,0.0,0.0,0.0006393251590712591,0.9999997956316496,0.00042639643556356845,-0.0013133664306982384,0.0,0.0,0.0,0.0001522264106221818,1477,1530
0.0003122073640309181,-0.0026776436658452977,0.0,0.0,0.0,0.0006916028332536823,0.9999997608427319,-7.059132024160799e-05,-0.0019471324729148692,0.0,0.0,0.0,0.0015723794492804445,1477,1530
0.00016207967702711878,-0.0027085375560147126,0.0,0.0,0.0,0.0007027611206287766,0.9999997530633732,-0.0015003074738596056,-0.00030657691544587966,0.0,0.0,0.0,0.00022295845037585522,1477,1530
0.00020984480827538422,-0.002596777552325825,0.0,0.0,0.0,0.0006739758018008776,0.9999997728782836,0.0003592958748857261,0.0008374151536280341,0.0,0.0,0.0,-0.0004316352868523765,1477,1530
0.0003317838636403452,-0.0025690633169887186,0.0,0.0,0.0,0.0006654624238787368,0.9999997785798567,0.0012195191164209545,0.00027544333384524236,0.0,0.0,0.0,-0.00017023354991581766,1477,1530
0.0002850174565966945,-0.0019179798478740988,0.0,0.0,0.0,0.0004633153430125535,0.9999998926694407,-0.0004595128809108042,0.006518752352856162,0.0,0.0,0.0,-0.004047475413044186,1477,1530
0.0002850174565966945,-0.0019179798478740988,0.0,0.0,0.0,0.0004633153430125535,0.9999998926694407,0.0,0.0,0.0,0.0,0.0,-2.689320729086822e-19,1477,1530
0.0002850174565966945,-0.0019179798478740988,0.0,0.0,0.0,0.0004633153430125535,0.9999998926694407,0.0,0.0,0.0,0.0,0.0,-1.9992439079991922e-19,1477,1530
0.0002850174565966945,-0.0019179798478740988,0.0,0.0,0.0,0.0004633153430125535,0.9999998926694407,0.0,0.0,0.0,0.0,0.0,-2.0136249036242975e-19,1477,1530
0.0002850174565966945,-0.0019179798478740988,0.0,0.0,0.0,0.00046331534301255364,0.9999998926694407,0.0,0.0,0.0,0.0,0.0,4.464853375560636e-18,1477,1530
0.00036142737126937006,-0.0016289365971905107,0.0,0.0,0.0,0.00039913619724112986,0.9999999203451448,0.0011531871230392623,0.004345971287175103,0.0,0.0,0.0,-0.001930432283751986,1477,1530
0.0003274104904795286,-0.0017664659872278733,0.0,0.0,0.0,0.00040930464700712386,0.9999999162348494,-0.0002555538105298402,-0.0010296704469305966,0.0,0.0,0.0,0.00015229070835098574,1477,1530
0.00028937789145330956,-0.0018993379415306224,0.0,0.0,0.0,0.00046304214136956416,0.9999998927959819,-0.00022908959938128167,-0.000797885627127974,0.0,0.0,0.0,0.0006455303824801149,1477,1530
0.00028937789145330956,-0.0018993379415306224,0.0,0.0,0.0,0.00046304214136956416,0.9999998927959819,-0.00022908959938128167,-0.000797885627127974,0.0,0.0,0.0,0.0006455303824801149,1477,1530
0.0003534570748825008,-0.0018253547126030935,0.0,0.0,0.0,0.0004277281995039897,0.9999999085242894,0.0009503077042037271,0.0010951357661116747,0.0,0.0,0.0,-0.0010463081201341356,1477,1530
0.00036157451155169833,-0.0016964714964136723,0.0,0.0,0.0,0.00041080853042103313,0.9999999156181721,4.112322271226106e-05,0.0006441427917579559,0.0,0.0,0.0,-0.00016913412606807006,1477,1530
0.00036157451155169833,-0.0016964714964136723,0.0,0.0,0.0,0.00041080853042103313,0.9999999156181721,4.112322271226106e-05,0.0006441427917579559,0.0,0.0,0.0,-0.00016913412606807006,1477,1530
0.0003261776598169362,-0.001874903981574744,0.0,0.0,0.0,0.00044265963998092294,0.9999999020262168,-0.00021435860245580608,-0.0010759309721216428,0.0,0.0,0.0,0.00038418112519435975,1477,1530
0.0002340689190928095,-0.0019262521984302378,0.0,0.0,0.0,0.0004566260259231216,0.9999998957463307,-0.0006754585741547531,-0.00037576705682209244,0.0,0.0,0.0,0.0002047377060178119,1477,1530
0.00036908149109062666,-0.0013546039526173383,0.0,0.0,0.0,0.00029169862646531133,0.9999999574559547,0.004473826524990672,0.018865314637123484,0.0,0.0,0.0,-0.010888094434180167,1477,1530
0.00036908149109062666,-0.0013546039526173383,0.0,0.0,0.0,0.00029169862646531133,0.9999999574559547,0.004473826524990672,0.018865314637123484,0.0,0.0,0.0,-0.010888094434180167,1477,1530
0.0003100597842579538,-0.0018631490653276631,0.0,0.0,0.0,0.0004328123220060274,0.9999999063367425,-0.00035593092758005244,-0.0030512405303581426,0.0,0.0,0.0,0.001693462674217976,1477,1530
0.000277306848947946,-0.0019815128511523864,0.0,0.0,0.0,0.0004770613467766106,0.9999998862062293,-0.0002463901073094538,-0.0008874244619981087,0.0,0.0,0.0,0.0006636674141721911,1477,1530
0.000277306848947946,-0.0019815128511523864,0.0,0.0,0.0,0.0004770613467766106,0.9999998862062293,-0.0002463901073094538,-0.0008874244619981087,0.0,0.0,0.0,0.0006636674141721911,1477,1530
0.000277306848947946,-0.0019815128511523864,0.0,0.0,0.0,0.0004770613467766106,0.9999998862062293,-0.0002463901073094538,-0.0008874244619981087,0.0,0.0,0.0,0.0006636674141721911,1477,1530
0.000277306848947946,-0.0019815128511523864,0.0,0.0,0.0,0.0004770613467766106,0.9999998862062293,-0.0002463901073094538,-0.0008874244619981087,0.0,0.0,0.0,0.0006636674141721911,1477,1530
0.000277306848947946,-0.0019815128511523864,0.0,0.0,0.0,0.0004770613467766106,0.9999998862062293,-0.0002463901073094538,-0.0008874244619981087,0.0,0.0,0.0,0.0006636674141721911,1477,1530
0.000277306848947946,-0.0019815128511523864,0.0,0.0,0.0,0.0004770613467766106,0.9999998862062293,-0.0002463901073094538,-0.0008874244619981087,0.0,0.0,0.0,0.0006636674141721911,1477,1530
0.000277306848947946,-0.0019815128511523864,0.0,0.0,0.0,0.0004770613467766106,0.9999998862062293,-0.0002463901073094538,-0.0008874244619981087,0.0,0.0,0.0,0.0006636674141721911,1477,1530
0.000277306848947946,-0.0019815128511523864,0.0,0.0,0.0,0.0004770613467766106,0.9999998862062293,-0.0002463901073094538,-0.0008874244619981087,0.0,0.0,0.0,0.0006636674141721911,1477,1530
0.000277306848947946,-0.0019815128511523864,0.0,0.0,0.0,0.0004770613467766106,0.9999998862062293,-0.0002463901073094538,-0.0008874244619981087,0.0,0.0,0.0,0.0006636674141721911,1477,1530
0.000277306848947946,-0.0019815128511523864,0.0,0.0,0.0,0.0004770613467766106,0.9999998862062293,-0.0002463901073094538,-0.0008874244619981087,0.0,0.0,0.0,0.0006636674141721911,1477,1530
0.000277306848947946,-0.0019815128511523864,0.0,0.0,0.0,0.0004770613467766106,0.9999998862062293,-0.0002463901073094538,-0.0008874244619981087,0.0,0.0,0.0,0.0006636674141721911,1477,1530
0.000277306848947946,-0.0019815128511523864,0.0,0.0,0.0,0.0004770613467766106,0.9999998862062293,-0.0002463901073094538,-0.0008874244619981087,0.0,0.0,0.0,0.0006636674141721911,1477,1530
0.000277306848947946,-0.0019815128511523864,0.0,0.0,0.0,0.0004770613467766106,0.9999998862062293,-0.0002463901073094538,-0.0008874244619981087,0.0,0.0,0.0,0.0006636674141721911,1477,1530
0.000277306848947946,-0.0019815128511523864,0.0,0.0,0.0,0.0004770613467766106,0.9999998862062293,-0.0002463901073094538,-0.0008874244619981087,0.0,0.0,0.0,0.0006636674141721911,1477,1530
0.000277306848947946,-0.0019815128511523864,0.0,0.0,0.0,0.0004770613467766106,0.9999998862062293,-0.0002463901073094538,-0.0008874244619981087,0.0,0.0,0.0,0.0006636674141721911,1477,1530
0.000277306848947946,-0.0019815128511523864,0.0,0.0,0.0,0.0004770613467766106,0.9999998862062293,-0.0002463901073094538,-0.0008874244619981087,0.0,0.0,0.0,0.0006636674141721911,1477,1530
0.000277306848947946,-0.0019815128511523864,0.0,0.0,0.0,0.0004770613467766106,0.9999998862062293,-0.0002463901073094538,-0.0008874244619981087,0.0,0.0,0.0,0.0006636674141721911,1477,1530
0.000277306848947946,-0.0019815128511523864,0.0,0.0,0.0,0.0004770613467766106,0.9999998862062293,-0.0002463901073094538,-0.0008874244619981087,0.0,0.0,0.0,0.0006636674141721911,1477,1530
0.000277306848947946,-0.0019815128511523864,0.0,0.0,0.0,0.0004770613467766106,0.9999998862062293,-0.0002463901073094538,-0.0008874244619981087,0.0,0.0,0.0,0.0006636674141721911,1477,1530
0.000277306848947946,-0.0019815128511523864,0.0,0.0,0.0,0.0004770613467766106,0.9999998862062293,-0.0002463901073094538,-0.0008874244619981087,0.0,0.0,0.0,0.0006636674141721911,1477,1530
0.000277306848947946,-0.0019815128511523864,0.0,0.0,0.0,0.0004770613467766106,0.9999998862062293,-0.0002463901073094538,-0.0008874244619981087,0.0,0.0,0.0,0.0006636674141721911,1477,1530
0.000277306848947946,-0.0019815128511523864,0.0,0.0,0.0,0.0004770613467766106,0.9999998862062293,-0.0002463901073094538,-0.0008874244619981087,0.0,0.0,0.0,0.0006636674141721911,1477,1530
0.000277306848947946,-0.0019815128511523864,0.0,0.0,0.0,0.0004770613467766106,0.9999998862062293,-0.0002463901073094538,-0.0008874244619981087,0.0,0.0,0.0,0.0006636674141721911,1477,1530
0.000277306848947946,-0.0019815128511523864,0.0,0.0,0.0,0.0004770613467766106,0.9999998862062293,-0.0002463901073094538,-0.0008874244619981087,0.0,0.0,0.0,0.0006636674141721911,1477,1530
0.000277306848947946,-0.0019815128511523864,0.0,0.0,0.0,0.0004770613467766106,0.9999998862062293,-0.0002463901073094538,-0.0008874244619981087,0.0,0.0,0.0,0.0006636674141721911,1477,1530
0.000277306848947946,-0.0019815128511523864,0.0,0.0,0.0,0.0004770613467766106,0.9999998862062293,-0.0002463901073094538,-0.0008874244619981087,0.0,0.0,0.0,0.0006636674141721911,1477,1530
0.000277306848947946,-0.0019815128511523864,0.0,0.0,0.0,0.0004770613467766106,0.9999998862062293,-0.0002463901073094538,-0.0008874244619981087,0.0,0.0,0.0,0.0006636674141721911,1477,1530
0.000277306848947946,-0.0019815128511523864,0.0,0.0,0.0,0.0004770613467766106,0.9999998862062293,-0.0002463901073094538,-0.0008874244619981087,0.0,0.0,0.0,0.0006636674141721911,1477,1530
0.000277306848947946,-0.0019815128511523864,0.0,0.0,0.0,0.0004770613467766106,0.9999998862062293,-0.0002463901073094538,-0.0008874244619981087,0.0,0.0,0.0,0.0006636674141721911,1477,1530
0.000277306848947946,-0.0019815128511523864,0.0,0.0,0.0,0.0004770613467766106,0.9999998862062293,-0.0002463901073094538,-0.0008874244619981087,0.0,0.0,0.0,0.0006636674141721911,1477,1530
0.000277306848947946,-0.0019815128511523864,0.0,0.0,0.0,0.0004770613467766106,0.9999998862062293,-0.0002463901073094538,-0.0008874244619981087,0.0,0.0,0.0,0.0006636674141721911,1477,1530
0.000277306848947946,-0.0019815128511523864,0.0,0.0,0.0,0.0004770613467766106,0.9999998862062293,-0.0002463901073094538,-0.0008874244619981087,0.0,0.0,0.0,0.0006636674141721911,1477,1530
0.000277306848947946,-0.0019815128511523864,0.0,0.0,0.0,0.0004770613467766106,0.9999998862062293,-0.0002463901073094538,-0.0008874244619981087,0.0,0.0,0.0,0.0006636674141721911,1477,1530
0.000277306848947946,-0.0019815128511523864,0.0,0.0,0.0,0.0004770613467766106,0.9999998862062293,-0.0002463901073094538,-0.0008874244619981087,0.0,0.0,0.0,0.0006636674141721911,1477,1530
0.000277306848947946,-0.0019815128511523864,0.0,0.0,0.0,0.0004770613467766106,0.9999998862062293,-0.0002463901073094538,-0.0008874244619981087,0.0,0.0,0.0,0.0006636674141721911,1477,1530
0.000277306848947946,-0.0019815128511523864,0.0,0.0,0.0,0.0004770613467766106,0.9999998862062293,-0.0002463901073094538,-0.0008874244619981087,0.0,0.0,0.0,0.0006636674141721911,1477,1530
0.000277306848947946,-0.0019815128511523864,0.0,0.0,0.0,0.0004770613467766106,0.9999998862062293,-0.0002463901073094538,-0.0008874244619981087,0.0,0.0,0.0,0.0006636674141721911,1477,1530
0.000277306848947946,-0.0019815128511523864,0.0,0.0,0.0,0.0004770613467766106,0.9999998862062293,-0.0002463901073094538,-0.0008874244619981087,0.0,0.0,0.0,0.0006636674141721911,1477,1530
0.000277306848947946,-0.0019815128511523864,0.0,0.0,0.0,0.0004770613467766106,0.9999998862062293,-0.0002463901073094538,-0.0008874244619981087,0.0,0.0,0.0,0.0006636674141721911,1477,1530
0.000277306848947946,-0.0019815128511523864,0.0,0.0,0.0,0.0004770613467766106,0.9999998862062293,-0.0002463901073094538,-0.0008874244619981087,0.0,0.0,0.0,0.0006636674141721911,1477,1530
0.000277306848947946,-0.0019815128511523864,0.0,0.0,0.0,0.0004770613467766106,0.9999998862062293,-0.0002463901073094538,-0.0008874244619981087,0.0,0.0,0.0,0.0006636674141721911,1477,1530
0.000277306848947946,-0.0019815128511523864,0.0,0.0,0.0,0.0004770613467766106,0.9999998862062293,-0.0002463901073094538,-0.0008874244619981087,0.0,0.0,0.0,0.0006636674141721911,1477,1530
0.000277306848947946,-0.0019815128511523864,0.0,0.0,0.0,0.0004770613467766106,0.9999998862062293,-0.0002463901073094538,-0.0008874244619981087,0.0,0.0,0.0,0.0006636674141721911,1477,1530
0.000277306848947946,-0.0019815128511523864,0.0,0.0,0.0,0.0004770613467766106,0.9999998862062293,-0.0002463901073094538,-0.0008874244619981087,0.0,0.0,0.0,0.0006636674141721911,1477,1530
0.000277306848947946,-0.0019815128511523864,0.0,0.0,0.0,0.0004770613467766106,0.9999998862062293,-0.0002463901073094538,-0.0008874244619981087,0.0,0.0,0.0,0.0006636674141721911,1477,1530
0.000277306848947946,-0.0019815128511523864,0.0,0.0,0.0,0.0004770613467766106,0.9999998862062293,-0.0002463901073094538,-0.0008874244619981087,0.0,0.0,0.0,0.0006636674141721911,1477,1530
0.000277306848947946,-0.0019815128511523864,0.0,0.0,0.0,0.0004770613467766106,0.9999998862062293,-0.0002463901073094538,-0.0008874244619981087,0.0,0.0,0.0,0.0006636674141721911,1477,1530
0.000277306848947946,-0.0019815128511523864,0.0,0.0,0.0,0.0004770613467766106,0.9999998862062293,-0.0002463901073094538,-0.0008874244619981087,0.0,0.0,0.0,0.0006636674141721911,1477,1530
0.000277306848947946,-0.0019815128511523864,0.0,0.0,0.0,0.0004770613467766106,0.9999998862062293,-0.0002463901073094538,-0.0008874244619981087,0.0,0.0,0.0,0.0006636674141721911,1477,1530
0.000277306848947946,-0.0019815128511523864,0.0,0.0,0.0,0.0004770613467766106,0.9999998862062293,-0.0002463901073094538,-0.0008874244619981087,0.0,0.0,0.0,0.0006636674141721911,1477,1530
0.000277306848947946,-0.0019815128511523864,0.0,0.0,0.0,0.0004770613467766106,0.9999998862062293,-0.0002463901073094538,-0.0008874244619981087,0.0,0.0,0.0,0.0006636674141721911,1477,1530
0.000277306848947946,-0.0019815128511523864,0.0,0.0,0.0,0.0004770613467766106,0.9999998862062293,-0.0002463901073094538,-0.0008874244619981087,0.0,0.0,0.0,0.0006636674141721911,1477,1530
0.000277306848947946,-0.0019815128511523864,0.0,0.0,0.0,0.0004770613467766106,0.9999998862062293,-0.0002463901073094538,-0.0008874244619981087,0.0,0.0,0.0,0.0006636674141721911,1477,1530
0.000277306848947946,-0.0019815128511523864,0.0,0.0,0.0,0.0004770613467766106,0.9999998862062293,-0.0002463901073094538,-0.0008874244619981087,0.0,0.0,0.0,0.0006636674141721911,1477,1530
0.000277306848947946,-0.0019815128511523864,0.0,0.0,0.0,0.0004770613467766106,0.9999998862062293,-0.0002463901073094538,-0.0008874244619981087,0.0,0.0,0.0,0.0006636674141721911,1477,1530
0.000277306848947946,-0.0019815128511523864,0.0,0.0,0.0,0.0004770613467766106,0.9999998862062293,-0.0002463901073094538,-0.0008874244619981087,0.0,0.0,0.0,0.0006636674141721911,1477,1530
0.000277306848947946,-0.0019815128511523864,0.0,0.0,0.0,0.0004770613467766106,0.9999998862062293,-0.0002463901073094538,-0.0008874244619981087,0.0,0.0,0.0,0.0006636674141721911,1477,1530
0.000277306848947946,-0.0019815128511523864,0.0,0.0,0.0,0.0004770613467766106,0.9999998862062293,-0.0002463901073094538,-0.0008874244619981087,0.0,0.0,0.0,0.0006636674141721911,1477,1530
0.000277306848947946,-0.0019815128511523864,0.0,0.0,0.0,0.0004770613467766106,0.9999998862062293,-0.0002463901073094538,-0.0008874244619981087,0.0,0.0,0.0,0.0006636674141721911,1477,1530
0.000277306848947946,-0.0019815128511523864,0.0,0.0,0.0,0.0004770613467766106,0.9999998862062293,-0.0002463901073094538,-0.0008874244619981087,0.0,0.0,0.0,0.0006636674141721911,1477,1530
0.000277306848947946,-0.0019815128511523864,0.0,0.0,0.0,0.0004770613467766106,0.9999998862062293,-0.0002463901073094538,-0.0008874244619981087,0.0,0.0,0.0,0.0006636674141721911,1477,1530
0.000277306848947946,-0.0019815128511523864,0.0,0.0,0.0,0.0004770613467766106,0.9999998862062293,-0.0002463901073094538,-0.0008874244619981087,0.0,0.0,0.0,0.0006636674141721911,1477,1530
0.000277306848947946,-0.0019815128511523864,0.0,0.0,0.0,0.0004770613467766106,0.9999998862062293,-0.0002463901073094538,-0.0008874244619981087,0.0,0.0,0.0,0.0006636674141721911,1477,1530
0.000277306848947946,-0.0019815128511523864,0.0,0.0,0.0,0.0004770613467766106,0.9999998862062293,-0.0002463901073094538,-0.0008874244619981087,0.0,0.0,0.0,0.0006636674141721911,1477,1530
0.000277306848947946,-0.0019815128511523864,0.0,0.0,0.0,0.0004770613467766106,0.9999998862062293,-0.0002463901073094538,-0.0008874244619981087,0.0,0.0,0.0,0.0006636674141721911,1477,1530
0.000277306848947946,-0.0019815128511523864,0.0,0.0,0.0,0.0004770613467766106,0.9999998862062293,-0.0002463901073094538,-0.0008874244619981087,0.0,0.0,0.0,0.0006636674141721911,1477,1530
0.000277306848947946,-0.0019815128511523864,0.0,0.0,0.0,0.0004770613467766106,0.9999998862062293,-0.0002463901073094538,-0.0008874244619981087,0.0,0.0,0.0,0.0006636674141721911,1477,1530
0.000277306848947946,-0.0019815128511523864,0.0,0.0,0.0,0.0004770613467766106,0.9999998862062293,-0.0002463901073094538,-0.0008874244619981087,0.0,0.0,0.0,0.0006636674141721911,1477,1530
0.000277306848947946,-0.0019815128511523864,0.0,0.0,0.0,0.0004770613467766106,0.9999998862062293,-0.0002463901073094538,-0.0008874244619981087,0.0,0.0,0.0,0.0006636674141721911,1477,1530
0.000277306848947946,-0.0019815128511523864,0.0,0.0,0.0,0.0004770613467766106,0.9999998862062293,-0.0002463901073094538,-0.0008874244619981087,0.0,0.0,0.0,0.0006636674141721911,1477,1530
0.000277306848947946,-0.0019815128511523864,0.0,0.0,0.0,0.0004770613467766106,0.9999998862062293,-0.0002463901073094538,-0.0008874244619981087,0.0,0.0,0.0,0.0006636674141721911,1477,1530
0.000277306848947946,-0.0019815128511523864,0.0,0.0,0.0,0.0004770613467766106,0.9999998862062293,-0.0002463901073094538,-0.0008874244619981087,0.0,0.0,0.0,0.0006636674141721911,1477,1530
0.000277306848947946,-0.0019815128511523864,0.0,0.0,0.0,0.0004770613467766106,0.9999998862062293,-0.0002463901073094538,-0.0008874244619981087,0.0,0.0,0.0,0.0006636674141721911,1477,1530
0.000277306848947946,-0.0019815128511523864,0.0,0.0,0.0,0.0004770613467766106,0.9999998862062293,-0.0002463901073094538,-0.0008874244619981087,0.0,0.0,0.0,0.0006636674141721911,1477,1530
0.000277306848947946,-0.0019815128511523864,0.0,0.0,0.0,0.0004770613467766106,0.9999998862062293,-0.0002463901073094538,-0.0008874244619981087,0.0,0.0,0.0,0.0006636674141721911,1477,1530
0.000277306848947946,-0.0019815128511523864,0.0,0.0,0.0,0.0004770613467766106,0.9999998862062293,-0.0002463901073094538,-0.0008874244619981087,0.0,0.0,0.0,0.0006636674141721911,1477,1530
0.000277306848947946,-0.0019815128511523864,0.0,0.0,0.0,0.0004770613467766106,0.9999998862062293,-0.0002463901073094538,-0.0008874244619981087,0.0,0.0,0.0,0.0006636674141721911,1477,1530
0.000277306848947946,-0.0019815128511523864,0.0,0.0,0.0,0.0004770613467766106,0.9999998862062293,-0.0002463901073094538,-0.0008874244619981087,0.0,0.0,0.0,0.0006636674141721911,1477,1530
0.000277306848947946,-0.0019815128511523864,0.0,0.0,0.0,0.0004770613467766106,0.9999998862062293,-0.0002463901073094538,-0.0008874244619981087,0.0,0.0,0.0,0.0006636674141721911,1477,1530
0.000277306848947946,-0.0019815128511523864,0.0,0.0,0.0,0.0004770613467766106,0.9999998862062293,-0.0002463901073094538,-0.0008874244619981087,0.0,0.0,0.0,0.0006636674141721911,1477,1530
0.000277306848947946,-0.0019815128511523864,0.0,0.0,0.0,0.0004770613467766106,0.9999998862062293,-0.0002463901073094538,-0.0008874244619981087,0.0,0.0,0.0,0.0006636674141721911,1477,1530
0.000277306848947946,-0.0019815128511523864,0.0,0.0,0.0,0.0004770613467766106,0.9999998862062293,-0.0002463901073094538,-0.0008874244619981087,0.0,0.0,0.0,0.0006636674141721911,1477,1530
0.000277306848947946,-0.0019815128511523864,0.0,0.0,0.0,0.0004770613467766106,0.9999998862062293,-0.0002463901073094538,-0.0008874244619981087,0.0,0.0,0.0,0.0006636674141721911,1477,1530
0.000277306848947946,-0.0019815128511523864,0.0,0.0,0.0,0.0004770613467766106,0.9999998862062293,-0.0002463901073094538,-0.0008874244619981087,0.0,0.0,0.0,0.0006636674141721911,1477,1530
0.000277306848947946,-0.0019815128511523864,0.0,0.0,0.0,0.0004770613467766106,0.9999998862062293,-0.0002463901073094538,-0.0008874244619981087,0.0,0.0,0.0,0.0006636674141721911,1477,1530
0.000277306848947946,-0.0019815128511523864,0.0,0.0,0.0,0.0004770613467766106,0.9999998862062293,-0.0002463901073094538,-0.0008874244619981087,0.0,0.0,0.0,0.0006636674141721911,1477,1530
0.000277306848947946,-0.0019815128511523864,0.0,0.0,0.0,0.0004770613467766106,0.9999998862062293,-0.0002463901073094538,-0.0008874244619981087,0.0,0.0,0.0,0.0006636674141721911,1477,1530
0.000277306848947946,-0.0019815128511523864,0.0,0.0,0.0,0.0004770613467766106,0.9999998862062293,-0.0002463901073094538,-0.0008874244619981087,0.0,0.0,0.0,0.0006636674141721911,1477,1530
0.000277306848947946,-0.0019815128511523864,0.0,0.0,0.0,0.0004770613467766106,0.9999998862062293,-0.0002463901073094538,-0.0008874244619981087,0.0,0.0,0.0,0.0006636674141721911,1477,1530
0.000277306848947946,-0.0019815128511523864,0.0,0.0,0.0,0.0004770613467766106,0.9999998862062293,-0.0002463901073094538,-0.0008874244619981087,0.0,0.0,0.0,0.0006636674141721911,1477,1530
0.000277306848947946,-0.0019815128511523864,0.0,0.0,0.0,0.0004770613467766106,0.9999998862062293,-0.0002463901073094538,-0.0008874244619981087,0.0,0.0,0.0,0.0006636674141721911,1477,1530
0.000277306848947946,-0.0019815128511523864,0.0,0.0,0.0,0.0004770613467766106,0.9999998862062293,-0.0002463901073094538,-0.0008874244619981087,0.0,0.0,0.0,0.0006636674141721911,1477,1530
0.000277306848947946,-0.0019815128511523864,0.0,0.0,0.0,0.0004770613467766106,0.9999998862062293,-0.0002463901073094538,-0.0008874244619981087,0.0,0.0,0.0,0.0006636674141721911,1477,1530
0.000277306848947946,-0.0019815128511523864,0.0,0.0,0.0,0.0004770613467766106,0.9999998862062293,-0.0002463901073094538,-0.0008874244619981087,0.0,0.0,0.0,0.0006636674141721911,1477,1530
0.000277306848947946,-0.0019815128511523864,0.0,0.0,0.0,0.0004770613467766106,0.9999998862062293,-0.0002463901073094538,-0.0008874244619981087,0.0,0.0,0.0,0.0006636674141721911,1477,1530
0.000277306848947946,-0.0019815128511523864,0.0,0.0,0.0,0.0004770613467766106,0.9999998862062293,-0.0002463901073094538,-0.0008874244619981087,0.0,0.0,0.0,0.0006636674141721911,1477,1530
0.000277306848947946,-0.0019815128511523864,0.0,0.0,0.0,0.0004770613467766106,0.9999998862062293,-0.0002463901073094538,-0.0008874244619981087,0.0,0.0,0.0,0.0006636674141721911,1477,1530
0.000277306848947946,-0.0019815128511523864,0.0,0.0,0.0,0.0004770613467766106,0.9999998862062293,-0.0002463901073094538,-0.0008874244619981087,0.0,0.0,0.0,0.0006636674141721911,1477,1530
0.000277306848947946,-0.0019815128511523864,0.0,0.0,0.0,0.0004770613467766106,0.9999998862062293,-0.0002463901073094538,-0.0008874244619981087,0.0,0.0,0.0,0.0006636674141721911,1477,1530
0.000277306848947946,-0.0019815128511523864,0.0,0.0,0.0,0.0004770613467766106,0.9999998862062293,-0.0002463901073094538,-0.0008874244619981087,0.0,0.0,0.0,0.0006636674141721911,1477,1530
0.000277306848947946,-0.0019815128511523864,0.0,0.0,0.0,0.0004770613467766106,0.9999998862062293,-0.0002463901073094538,-0.0008874244619981087,0.0,0.0,0.0,0.0006636674141721911,1477,1530
0.000277306848947946,-0.0019815128511523864,0.0,0.0,0.0,0.0004770613467766106,0.9999998862062293,-0.0002463901073094538,-0.0008874244619981087,0.0,0.0,0.0,0.0006636674141721911,1477,1530
0.000277306848947946,-0.0019815128511523864,0.0,0.0,0.0,0.0004770613467766106,0.9999998862062293,-0.0002463901073094538,-0.0008874244619981087,0.0,0.0,0.0,0.0006636674141721911,1477,1530
0.000277306848947946,-0.0019815128511523864,0.0,0.0,0.0,0.0004770613467766106,0.9999998862062293,-0.0002463901073094538,-0.0008874244619981087,0.0,0.0,0.0,0.0006636674141721911,1477,1530
0.000277306848947946,-0.0019815128511523864,0.0,0.0,0.0,0.0004770613467766106,0.9999998862062293,-0.0002463901073094538,-0.0008874244619981087,0.0,0.0,0.0,0.0006636674141721911,1477,1530
0.000277306848947946,-0.0019815128511523864,0.0,0.0,0.0,0.0004770613467766106,0.9999998862062293,-0.0002463901073094538,-0.0008874244619981087,0.0,0.0,0.0,0.0006636674141721911,1477,1530
0.000277306848947946,-0.0019815128511523864,0.0,0.0,0.0,0.0004770613467766106,0.9999998862062293,-0.0002463901073094538,-0.0008874244619981087,0.0,0.0,0.0,0.0006636674141721911,1477,1530
0.000277306848947946,-0.0019815128511523864,0.0,0.0,0.0,0.0004770613467766106,0.9999998862062293,-0.0002463901073094538,-0.0008874244619981087,0.0,0.0,0.0,0.0006636674141721911,1477,1530
0.000277306848947946,-0.0019815128511523864,0.0,0.0,0.0,0.0004770613467766106,0.9999998862062293,-0.0002463901073094538,-0.0008874244619981087,0.0,0.0,0.0,0.0006636674141721911,1477,1530
0.000277306848947946,-0.0019815128511523864,0.0,0.0,0.0,0.0004770613467766106,0.9999998862062293,-0.0002463901073094538,-0.0008874244619981087,0.0,0.0,0.0,0.0006636674141721911,1477,1530
0.000277306848947946,-0.0019815128511523864,0.0,0.0,0.0,0.0004770613467766106,0.9999998862062293,-0.0002463901073094538,-0.0008874244619981087,0.0,0.0,0.0,0.0006636674141721911,1477,1530
0.000277306848947946,-0.0019815128511523864,0.0,0.0,0.0,0.0004770613467766106,0.9999998862062293,-0.0002463901073094538,-0.0008874244619981087,0.0,0.0,0.0,0.0006636674141721911,1477,1530
0.000277306848947946,-0.0019815128511523864,0.0,0.0,0.0,0.0004770613467766106,0.9999998862062293,-0.0002463901073094538,-0.0008874244619981087,0.0,0.0,0.0,0.0006636674141721911,1477,1530
0.000277306848947946,-0.0019815128511523864,0.0,0.0,0.0,0.0004770613467766106,0.9999998862062293,-0.0002463901073094538,-0.0008874244619981087,0.0,0.0,0.0,0.0006636674141721911,1477,1530
0.000277306848947946,-0.0019815128511523864,0.0,0.0,0.0,0.0004770613467766106,0.9999998862062293,-0.0002463901073094538,-0.0008874244619981087,0.0,0.0,0.0,0.0006636674141721911,1477,1530
0.000277306848947946,-0.0019815128511523864,0.0,0.0,0.0,0.0004770613467766106,0.9999998862062293,-0.0002463901073094538,-0.0008874244619981087,0.0,0.0,0.0,0.0006636674141721911,1477,1530
0.000277306848947946,-0.0019815128511523864,0.0,0.0,0.0,0.0004770613467766106,0.9999998862062293,-0.0002463901073094538,-0.0008874244619981087,0.0,0.0,0.0,0.0006636674141721911,1477,1530
0.000277306848947946,-0.0019815128511523864,0.0,0.0,0.0,0.0004770613467766106,0.9999998862062293,-0.0002463901073094538,-0.0008874244619981087,0.0,0.0,0.0,0.0006636674141721911,1477,1530
0.000277306848947946,-0.0019815128511523864,0.0,0.0,0.0,0.0004770613467766106,0.9999998862062293,-0.0002463901073094538,-0.0008874244619981087,0.0,0.0,0.0,0.0006636674141721911,1477,1530
0.000277306848947946,-0.0019815128511523864,0.0,0.0,0.0,0.0004770613467766106,0.9999998862062293,-0.0002463901073094538,-0.0008874244619981087,0.0,0.0,0.0,0.0006636674141721911,1477,1530
0.000277306848947946,-0.0019815128511523864,0.0,0.0,0.0,0.0004770613467766106,0.9999998862062293,-0.0002463901073094538,-0.0008874244619981087,0.0,0.0,0.0,0.0006636674141721911,1477,1530
0.000277306848947946,-0.0019815128511523864,0.0,0.0,0.0,0.0004770613467766106,0.9999998862062293,-0.0002463901073094538,-0.0008874244619981087,0.0,0.0,0.0,0.0006636674141721911,1477,1530
0.000277306848947946,-0.0019815128511523864,0.0,0.0,0.0,0.0004770613467766106,0.9999998862062293,-0.0002463901073094538,-0.0008874244619981087,0.0,0.0,0.0,0.0006636674141721911,1477,1530
0.000277306848947946,-0.0019815128511523864,0.0,0.0,0.0,0.0004770613467766106,0.9999998862062293,-0.0002463901073094538,-0.0008874244619981087,0.0,0.0,0.0,0.0006636674141721911,1477,1530
0.000277306848947946,-0.0019815128511523864,0.0,0.0,0.0,0.0004770613467766106,0.9999998862062293,-0.0002463901073094538,-0.0008874244619981087,0.0,0.0,0.0,0.0006636674141721911,1477,1530
0.000277306848947946,-0.0019815128511523864,0.0,0.0,0.0,0.0004770613467766106,0.9999998862062293,-0.0002463901073094538,-0.0008874244619981087,0.0,0.0,0.0,0.0006636674141721911,1477,1530
0.000277306848947946,-0.0019815128511523864,0.0,0.0,0.0,0.0004770613467766106,0.9999998862062293,-0.0002463901073094538,-0.0008874244619981087,0.0,0.0,0.0,0.0006636674141721911,1477,1530
0.000277306848947946,-0.0019815128511523864,0.0,0.0,0.0,0.0004770613467766106,0.9999998862062293,-0.0002463901073094538,-0.0008874244619981087,0.0,0.0,0.0,0.0006636674141721911,1477,1530
0.000277306848947946,-0.0019815128511523864,0.0,0.0,0.0,0.0004770613467766106,0.9999998862062293,-0.0002463901073094538,-0.0008874244619981087,0.0,0.0,0.0,0.0006636674141721911,1477,1530
0.000277306848947946,-0.0019815128511523864,0.0,0.0,0.0,0.0004770613467766106,0.9999998862062293,-0.0002463901073094538,-0.0008874244619981087,0.0,0.0,0.0,0.0006636674141721911,1477,1530
0.000277306848947946,-0.0019815128511523864,0.0,0.0,0.0,0.0004770613467766106,0.9999998862062293,-0.0002463901073094538,-0.0008874244619981087,0.0,0.0,0.0,0.0006636674141721911,1477,1530
0.000277306848947946,-0.0019815128511523864,0.0,0.0,0.0,0.0004770613467766106,0.9999998862062293,-0.0002463901073094538,-0.0008874244619981087,0.0,0.0,0.0,0.0006636674141721911,1477,1530
0.000277306848947946,-0.0019815128511523864,0.0,0.0,0.0,0.0004770613467766106,0.9999998862062293,-0.0002463901073094538,-0.0008874244619981087,0.0,0.0,0.0,0.0006636674141721911,1477,1530
0.000277306848947946,-0.0019815128511523864,0.0,0.0,0.0,0.0004770613467766106,0.9999998862062293,-0.0002463901073094538,-0.0008874244619981087,0.0,0.0,0.0,0.0006636674141721911,1477,1530
0.000277306848947946,-0.0019815128511523864,0.0,0.0,0.0,0.0004770613467766106,0.9999998862062293,-0.0002463901073094538,-0.0008874244619981087,0.0,0.0,0.0,0.0006636674141721911,1477,1530
0.000277306848947946,-0.0019815128511523864,0.0,0.0,0.0,0.0004770613467766106,0.9999998862062293,-0.0002463901073094538,-0.0008874244619981087,0.0,0.0,0.0,0.0006636674141721911,1477,1530
0.000277306848947946,-0.0019815128511523864,0.0,0.0,0.0,0.0004770613467766106,0.9999998862062293,-0.0002463901073094538,-0.0008874244619981087,0.0,0.0,0.0,0.0006636674141721911,1477,1530
0.000277306848947946,-0.0019815128511523864,0.0,0.0,0.0,0.0004770613467766106,0.9999998862062293,-0.0002463901073094538,-0.0008874244619981087,0.0,0.0,0.0,0.0006636674141721911,1477,1530
0.000277306848947946,-0.0019815128511523864,0.0,0.0,0.0,0.0004770613467766106,0.9999998862062293,-0.0002463901073094538,-0.0008874244619981087,0.0,0.0,0.0,0.0006636674141721911,1477,1530
0.000277306848947946,-0.0019815128511523864,0.0,0.0,0.0,0.0004770613467766106,0.9999998862062293,-0.0002463901073094538,-0.0008874244619981087,0.0,0.0,0.0,0.0006636674141721911,1477,1530
0.000277306848947946,-0.0019815128511523864,0.0,0.0,0.0,0.0004770613467766106,0.9999998862062293,-0.0002463901073094538,-0.0008874244619981087,0.0,0.0,0.0,0.0006636674141721911,1477,1530
0.000277306848947946,-0.0019815128511523864,0.0,0.0,0.0,0.0004770613467766106,0.9999998862062293,-0.0002463901073094538,-0.0008874244619981087,0.0,0.0,0.0,0.0006636674141721911,1477,1530
0.000277306848947946,-0.0019815128511523864,0.0,0.0,0.0,0.0004770613467766106,0.9999998862062293,-0.0002463901073094538,-0.0008874244619981087,0.0,0.0,0.0,0.0006636674141721911,1477,1530
0.000277306848947946,-0.0019815128511523864,0.0,0.0,0.0,0.0004770613467766106,0.9999998862062293,-0.0002463901073094538,-0.0008874244619981087,0.0,0.0,0.0,0.0006636674141721911,1477,1530
0.000277306848947946,-0.0019815128511523864,0.0,0.0,0.0,0.0004770613467766106,0.9999998862062293,-0.0002463901073094538,-0.0008874244619981087,0.0,0.0,0.0,0.0006636674141721911,1477,1530
0.000277306848947946,-0.0019815128511523864,0.0,0.0,0.0,0.0004770613467766106,0.9999998862062293,-0.0002463901073094538,-0.0008874244619981087,0.0,0.0,0.0,0.0006636674141721911,1477,1530
0.000277306848947946,-0.0019815128511523864,0.0,0.0,0.0,0.0004770613467766106,0.9999998862062293,-0.0002463901073094538,-0.0008874244619981087,0.0,0.0,0.0,0.0006636674141721911,1477,1530
0.000277306848947946,-0.0019815128511523864,0.0,0.0,0.0,0.0004770613467766106,0.9999998862062293,-0.0002463901073094538,-0.0008874244619981087,0.0,0.0,0.0,0.0006636674141721911,1477,1530
0.000277306848947946,-0.0019815128511523864,0.0,0.0,0.0,0.0004770613467766106,0.9999998862062293,-0.0002463901073094538,-0.0008874244619981087,0.0,0.0,0.0,0.0006636674141721911,1477,1530
0.000277306848947946,-0.0019815128511523864,0.0,0.0,0.0,0.0004770613467766106,0.9999998862062293,-0.0002463901073094538,-0.0008874244619981087,0.0,0.0,0.0,0.0006636674141721911,1477,1530
0.000277306848947946,-0.0019815128511523864,0.0,0.0,0.0,0.0004770613467766106,0.9999998862062293,-0.0002463901073094538,-0.0008874244619981087,0.0,0.0,0.0,0.0006636674141721911,1477,1530
0.000277306848947946,-0.0019815128511523864,0.0,0.0,0.0,0.0004770613467766106,0.9999998862062293,-0.0002463901073094538,-0.0008874244619981087,0.0,0.0,0.0,0.0006636674141721911,1477,1530
0.000277306848947946,-0.0019815128511523864,0.0,0.0,0.0,0.0004770613467766106,0.9999998862062293,-0.0002463901073094538,-0.0008874244619981087,0.0,0.0,0.0,0.0006636674141721911,1477,1530
0.000277306848947946,-0.0019815128511523864,0.0,0.0,0.0,0.0004770613467766106,0.9999998862062293,-0.0002463901073094538,-0.0008874244619981087,0.0,0.0,0.0,0.0006636674141721911,1477,1530
0.000277306848947946,-0.0019815128511523864,0.0,0.0,0.0,0.0004770613467766106,0.9999998862062293,-0.0002463901073094538,-0.0008874244619981087,0.0,0.0,0.0,0.0006636674141721911,1477,1530
0.000277306848947946,-0.0019815128511523864,0.0,0.0,0.0,0.0004770613467766106,0.9999998862062293,-0.0002463901073094538,-0.0008874244619981087,0.0,0.0,0.0,0.0006636674141721911,1477,1530
0.000277306848947946,-0.0019815128511523864,0.0,0.0,0.0,0.0004770613467766106,0.9999998862062293,-0.0002463901073094538,-0.0008874244619981087,0.0,0.0,0.0,0.0006636674141721911,1477,1530
0.000277306848947946,-0.0019815128511523864,0.0,0.0,0.0,0.0004770613467766106,0.9999998862062293,-0.0002463901073094538,-0.0008874244619981087,0.0,0.0,0.0,0.0006636674141721911,1477,1530
0.000277306848947946,-0.0019815128511523864,0.0,0.0,0.0,0.0004770613467766106,0.9999998862062293,-0.0002463901073094538,-0.0008874244619981087,0.0,0.0,0.0,0.0006636674141721911,1477,1530
0.000277306848947946,-0.0019815128511523864,0.0,0.0,0.0,0.0004770613467766106,0.9999998862062293,-0.0002463901073094538,-0.0008874244619981087,0.0,0.0,0.0,0.0006636674141721911,1477,1530
0.000277306848947946,-0.0019815128511523864,0.0,0.0,0.0,0.0004770613467766106,0.9999998862062293,-0.0002463901073094538,-0.0008874244619981087,0.0,0.0,0.0,0.0006636674141721911,1477,1530
0.000277306848947946,-0.0019815128511523864,0.0,0.0,0.0,0.0004770613467766106,0.9999998862062293,-0.0002463901073094538,-0.0008874244619981087,0.0,0.0,0.0,0.0006636674141721911,1477,1530
0.000277306848947946,-0.0019815128511523864,0.0,0.0,0.0,0.0004770613467766106,0.9999998862062293,-0.0002463901073094538,-0.0008874244619981087,0.0,0.0,0.0,0.0006636674141721911,1477,1530
0.000277306848947946,-0.0019815128511523864,0.0,0.0,0.0,0.0004770613467766106,0.9999998862062293,-0.0002463901073094538,-0.0008874244619981087,0.0,0.0,0.0,0.0006636674141721911,1477,1530
0.000277306848947946,-0.0019815128511523864,0.0,0.0,0.0,0.0004770613467766106,0.9999998862062293,-0.0002463901073094538,-0.0008874244619981087,0.0,0.0,0.0,0.0006636674141721911,1477,1530
0.000277306848947946,-0.0019815128511523864,0.0,0.0,0.0,0.0004770613467766106,0.9999998862062293,-0.0002463901073094538,-0.0008874244619981087,0.0,0.0,0.0,0.0006636674141721911,1477,1530
0.000277306848947946,-0.0019815128511523864,0.0,0.0,0.0,0.0004770613467766106,0.9999998862062293,-0.0002463901073094538,-0.0008874244619981087,0.0,0.0,0.0,0.0006636674141721911,1477,1530
0.000277306848947946,-0.0019815128511523864,0.0,0.0,0.0,0.0004770613467766106,0.9999998862062293,-0.0002463901073094538,-0.0008874244619981087,0.0,0.0,0.0,0.0006636674141721911,1477,1530
0.000277306848947946,-0.0019815128511523864,0.0,0.0,0.0,0.0004770613467766106,0.9999998862062293,-0.0002463901073094538,-0.0008874244619981087,0.0,0.0,0.0,0.0006636674141721911,1477,1530
0.000277306848947946,-0.0019815128511523864,0.0,0.0,0.0,0.0004770613467766106,0.9999998862062293,-0.0002463901073094538,-0.0008874244619981087,0.0,0.0,0.0,0.0006636674141721911,1477,1530
0.000277306848947946,-0.0019815128511523864,0.0,0.0,0.0,0.0004770613467766106,0.9999998862062293,-0.0002463901073094538,-0.0008874244619981087,0.0,0.0,0.0,0.0006636674141721911,1477,1530
0.000277306848947946,-0.0019815128511523864,0.0,0.0,0.0,0.0004770613467766106,0.9999998862062293,-0.0002463901073094538,-0.0008874244619981087,0.0,0.0,0.0,0.0006636674141721911,1477,1530
0.000277306848947946,-0.0019815128511523864,0.0,0.0,0.0,0.0004770613467766106,0.9999998862062293,-0.0002463901073094538,-0.0008874244619981087,0.0,0.0,0.0,0.0006636674141721911,1477,1530
0.000277306848947946,-0.0019815128511523864,0.0,0.0,0.0,0.0004770613467766106,0.9999998862062293,-0.0002463901073094538,-0.0008874244619981087,0.0,0.0,0.0,0.0006636674141721911,1477,1530
0.000277306848947946,-0.0019815128511523864,0.0,0.0,0.0,0.0004770613467766106,0.9999998862062293,-0.0002463901073094538,-0.0008874244619981087,0.0,0.0,0.0,0.0006636674141721911,1477,1530
0.000277306848947946,-0.0019815128511523864,0.0,0.0,0.0,0.0004770613467766106,0.9999998862062293,-0.0002463901073094538,-0.0008874244619981087,0.0,0.0,0.0,0.0006636674141721911,1477,1530
0.000277306848947946,-0.0019815128511523864,0.0,0.0,0.0,0.0004770613467766106,0.9999998862062293,-0.0002463901073094538,-0.0008874244619981087,0.0,0.0,0.0,0.0006636674141721911,1477,1530
0.000277306848947946,-0.0019815128511523864,0.0,0.0,0.0,0.0004770613467766106,0.9999998862062293,-0.0002463901073094538,-0.0008874244619981087,0.0,0.0,0.0,0.0006636674141721911,1477,1530
0.000277306848947946,-0.0019815128511523864,0.0,0.0,0.0,0.0004770613467766106,0.9999998862062293,-0.0002463901073094538,-0.0008874244619981087,0.0,0.0,0.0,0.0006636674141721911,1477,1530
0.000277306848947946,-0.0019815128511523864,0.0,0.0,0.0,0.0004770613467766106,0.9999998862062293,-0.0002463901073094538,-0.0008874244619981087,0.0,0.0,0.0,0.0006636674141721911,1477,1530
0.000277306848947946,-0.0019815128511523864,0.0,0.0,0.0,0.0004770613467766106,0.9999998862062293,-0.0002463901073094538,-0.0008874244619981087,0.0,0.0,0.0,0.0006636674141721911,1477,1530
0.000277306848947946,-0.0019815128511523864,0.0,0.0,0.0,0.0004770613467766106,0.9999998862062293,-0.0002463901073094538,-0.0008874244619981087,0.0,0.0,0.0,0.0006636674141721911,1477,1530
0.000277306848947946,-0.0019815128511523864,0.0,0.0,0.0,0.0004770613467766106,0.9999998862062293,-0.0002463901073094538,-0.0008874244619981087,0.0,0.0,0.0,0.0006636674141721911,1477,1530
0.000277306848947946,-0.0019815128511523864,0.0,0.0,0.0,0.0004770613467766106,0.9999998862062293,-0.0002463901073094538,-0.0008874244619981087,0.0,0.0,0.0,0.0006636674141721911,1477,1530
0.000277306848947946,-0.0019815128511523864,0.0,0.0,0.0,0.0004770613467766106,0.9999998862062293,-0.0002463901073094538,-0.0008874244619981087,0.0,0.0,0.0,0.0006636674141721911,1477,1530
0.000277306848947946,-0.0019815128511523864,0.0,0.0,0.0,0.0004770613467766106,0.9999998862062293,-0.0002463901073094538,-0.0008874244619981087,0.0,0.0,0.0,0.0006636674141721911,1477,1530
0.000277306848947946,-0.0019815128511523864,0.0,0.0,0.0,0.0004770613467766106,0.9999998862062293,-0.0002463901073094538,-0.0008874244619981087,0.0,0.0,0.0,0.0006636674141721911,1477,1530
0.000277306848947946,-0.0019815128511523864,0.0,0.0,0.0,0.0004770613467766106,0.9999998862062293,-0.0002463901073094538,-0.0008874244619981087,0.0,0.0,0.0,0.0006636674141721911,1477,1530
0.000277306848947946,-0.0019815128511523864,0.0,0.0,0.0,0.0004770613467766106,0.9999998862062293,-0.0002463901073094538,-0.0008874244619981087,0.0,0.0,0.0,0.0006636674141721911,1477,1530
0.000277306848947946,-0.0019815128511523864,0.0,0.0,0.0,0.0004770613467766106,0.9999998862062293,-0.0002463901073094538,-0.0008874244619981087,0.0,0.0,0.0,0.0006636674141721911,1477,1530
0.000277306848947946,-0.0019815128511523864,0.0,0.0,0.0,0.0004770613467766106,0.9999998862062293,-0.0002463901073094538,-0.0008874244619981087,0.0,0.0,0.0,0.0006636674141721911,1477,1530
0.000277306848947946,-0.0019815128511523864,0.0,0.0,0.0,0.0004770613467766106,0.9999998862062293,-0.0002463901073094538,-0.0008874244619981087,0.0,0.0,0.0,0.0006636674141721911,1477,1530
0.000277306848947946,-0.0019815128511523864,0.0,0.0,0.0,0.0004770613467766106,0.9999998862062293,-0.0002463901073094538,-0.0008874244619981087,0.0,0.0,0.0,0.0006636674141721911,1477,1530
0.000277306848947946,-0.0019815128511523864,0.0,0.0,0.0,0.0004770613467766106,0.9999998862062293,-0.0002463901073094538,-0.0008874244619981087,0.0,0.0,0.0,0.0006636674141721911,1477,1530
0.000277306848947946,-0.0019815128511523864,0.0,0.0,0.0,0.0004770613467766106,0.9999998862062293,-0.0002463901073094538,-0.0008874244619981087,0.0,0.0,0.0,0.0006636674141721911,1477,1530
0.000277306848947946,-0.0019815128511523864,0.0,0.0,0.0,0.0004770613467766106,0.9999998862062293,-0.0002463901073094538,-0.0008874244619981087,0.0,0.0,0.0,0.0006636674141721911,1477,1530
0.000277306848947946,-0.0019815128511523864,0.0,0.0,0.0,0.0004770613467766106,0.9999998862062293,-0.0002463901073094538,-0.0008874244619981087,0.0,0.0,0.0,0.0006636674141721911,1477,1530
0.000277306848947946,-0.0019815128511523864,0.0,0.0,0.0,0.0004770613467766106,0.9999998862062293,-0.0002463901073094538,-0.0008874244619981087,0.0,0.0,0.0,0.0006636674141721911,1477,1530
0.000277306848947946,-0.0019815128511523864,0.0,0.0,0.0,0.0004770613467766106,0.9999998862062293,-0.0002463901073094538,-0.0008874244619981087,0.0,0.0,0.0,0.0006636674141721911,1477,1530
0.000277306848947946,-0.0019815128511523864,0.0,0.0,0.0,0.0004770613467766106,0.9999998862062293,-0.0002463901073094538,-0.0008874244619981087,0.0,0.0,0.0,0.0006636674141721911,1477,1530
0.000277306848947946,-0.0019815128511523864,0.0,0.0,0.0,0.0004770613467766106,0.9999998862062293,-0.0002463901073094538,-0.0008874244619981087,0.0,0.0,0.0,0.0006636674141721911,1477,1530
0.000277306848947946,-0.0019815128511523864,0.0,0.0,0.0,0.0004770613467766106,0.9999998862062293,-0.0002463901073094538,-0.0008874244619981087,0.0,0.0,0.0,0.0006636674141721911,1477,1530
0.000277306848947946,-0.0019815128511523864,0.0,0.0,0.0,0.0004770613467766106,0.9999998862062293,-0.0002463901073094538,-0.0008874244619981087,0.0,0.0,0.0,0.0006636674141721911,1477,1530
0.000277306848947946,-0.0019815128511523864,0.0,0.0,0.0,0.0004770613467766106,0.9999998862062293,-0.0002463901073094538,-0.0008874244619981087,0.0,0.0,0.0,0.0006636674141721911,1477,1530
0.000277306848947946,-0.0019815128511523864,0.0,0.0,0.0,0.0004770613467766106,0.9999998862062293,-0.0002463901073094538,-0.0008874244619981087,0.0,0.0,0.0,0.0006636674141721911,1477,1530
0.000277306848947946,-0.0019815128511523864,0.0,0.0,0.0,0.0004770613467766106,0.9999998862062293,-0.0002463901073094538,-0.0008874244619981087,0.0,0.0,0.0,0.0006636674141721911,1477,1530
0.000277306848947946,-0.0019815128511523864,0.0,0.0,0.0,0.0004770613467766106,0.9999998862062293,-0.0002463901073094538,-0.0008874244619981087,0.0,0.0,0.0,0.0006636674141721911,1477,1530
0.000277306848947946,-0.0019815128511523864,0.0,0.0,0.0,0.0004770613467766106,0.9999998862062293,-0.0002463901073094538,-0.0008874244619981087,0.0,0.0,0.0,0.0006636674141721911,1477,1530
0.000277306848947946,-0.0019815128511523864,0.0,0.0,0.0,0.0004770613467766106,0.9999998862062293,-0.0002463901073094538,-0.0008874244619981087,0.0,0.0,0.0,0.0006636674141721911,1477,1530
0.000277306848947946,-0.0019815128511523864,0.0,0.0,0.0,0.0004770613467766106,0.9999998862062293,-0.0002463901073094538,-0.0008874244619981087,0.0,0.0,0.0,0.0006636674141721911,1477,1530
0.000277306848947946,-0.0019815128511523864,0.0,0.0,0.0,0.0004770613467766106,0.9999998862062293,-0.0002463901073094538,-0.0008874244619981087,0.0,0.0,0.0,0.0006636674141721911,1477,1530
0.000277306848947946,-0.0019815128511523864,0.0,0.0,0.0,0.0004770613467766106,0.9999998862062293,-0.0002463901073094538,-0.0008874244619981087,0.0,0.0,0.0,0.0006636674141721911,1477,1530
0.000277306848947946,-0.0019815128511523864,0.0,0.0,0.0,0.0004770613467766106,0.9999998862062293,-0.0002463901073094538,-0.0008874244619981087,0.0,0.0,0.0,0.0006636674141721911,1477,1530
0.000277306848947946,-0.0019815128511523864,0.0,0.0,0.0,0.0004770613467766106,0.9999998862062293,-0.0002463901073094538,-0.0008874244619981087,0.0,0.0,0.0,0.0006636674141721911,1477,1530
0.000277306848947946,-0.0019815128511523864,0.0,0.0,0.0,0.0004770613467766106,0.9999998862062293,-0.0002463901073094538,-0.0008874244619981087,0.0,0.0,0.0,0.0006636674141721911,1477,1530
0.000277306848947946,-0.0019815128511523864,0.0,0.0,0.0,0.0004770613467766106,0.9999998862062293,-0.0002463901073094538,-0.0008874244619981087,0.0,0.0,0.0,0.0006636674141721911,1477,1530
0.000277306848947946,-0.0019815128511523864,0.0,0.0,0.0,0.0004770613467766106,0.9999998862062293,-0.0002463901073094538,-0.0008874244619981087,0.0,0.0,0.0,0.0006636674141721911,1477,1530
0.000277306848947946,-0.0019815128511523864,0.0,0.0,0.0,0.0004770613467766106,0.9999998862062293,-0.0002463901073094538,-0.0008874244619981087,0.0,0.0,0.0,0.0006636674141721911,1477,1530
0.000277306848947946,-0.0019815128511523864,0.0,0.0,0.0,0.0004770613467766106,0.9999998862062293,-0.0002463901073094538,-0.0008874244619981087,0.0,0.0,0.0,0.0006636674141721911,1477,1530
0.000277306848947946,-0.0019815128511523864,0.0,0.0,0.0,0.0004770613467766106,0.9999998862062293,-0.0002463901073094538,-0.0008874244619981087,0.0,0.0,0.0,0.0006636674141721911,1477,1530
0.000277306848947946,-0.0019815128511523864,0.0,0.0,0.0,0.0004770613467766106,0.9999998862062293,-0.0002463901073094538,-0.0008874244619981087,0.0,0.0,0.0,0.0006636674141721911,1477,1530
0.000277306848947946,-0.0019815128511523864,0.0,0.0,0.0,0.0004770613467766106,0.9999998862062293,-0.0002463901073094538,-0.0008874244619981087,0.0,0.0,0.0,0.0006636674141721911,1477,1530
0.000277306848947946,-0.0019815128511523864,0.0,0.0,0.0,0.0004770613467766106,0.9999998862062293,-0.0002463901073094538,-0.0008874244619981087,0.0,0.0,0.0,0.0006636674141721911,1477,1530
0.000277306848947946,-0.0019815128511523864,0.0,0.0,0.0,0.0004770613467766106,0.9999998862062293,-0.0002463901073094538,-0.0008874244619981087,0.0,0.0,0.0,0.0006636674141721911,1477,1530
0.000277306848947946,-0.0019815128511523864,0.0,0.0,0.0,0.0004770613467766106,0.9999998862062293,-0.0002463901073094538,-0.0008874244619981087,0.0,0.0,0.0,0.0006636674141721911,1477,1530
0.000277306848947946,-0.0019815128511523864,0.0,0.0,0.0,0.0004770613467766106,0.9999998862062293,-0.0002463901073094538,-0.0008874244619981087,0.0,0.0,0.0,0.0006636674141721911,1477,1530
0.000277306848947946,-0.0019815128511523864,0.0,0.0,0.0,0.0004770613467766106,0.9999998862062293,-0.0002463901073094538,-0.0008874244619981087,0.0,0.0,0.0,0.0006636674141721911,1477,1530
0.000277306848947946,-0.0019815128511523864,0.0,0.0,0.0,0.0004770613467766106,0.9999998862062293,-0.0002463901073094538,-0.0008874244619981087,0.0,0.0,0.0,0.0006636674141721911,1477,1530
0.000277306848947946,-0.0019815128511523864,0.0,0.0,0.0,0.0004770613467766106,0.9999998862062293,-0.0002463901073094538,-0.0008874244619981087,0.0,0.0,0.0,0.0006636674141721911,1477,1530
0.000277306848947946,-0.0019815128511523864,0.0,0.0,0.0,0.0004770613467766106,0.9999998862062293,-0.0002463901073094538,-0.0008874244619981087,0.0,0.0,0.0,0.0006636674141721911,1477,1530
0.000277306848947946,-0.0019815128511523864,0.0,0.0,0.0,0.0004770613467766106,0.9999998862062293,-0.0002463901073094538,-0.0008874244619981087,0.0,0.0,0.0,0.0006636674141721911,1477,1530
0.000277306848947946,-0.0019815128511523864,0.0,0.0,0.0,0.0004770613467766106,0.9999998862062293,-0.0002463901073094538,-0.0008874244619981087,0.0,0.0,0.0,0.0006636674141721911,1477,1530
0.000277306848947946,-0.0019815128511523864,0.0,0.0,0.0,0.0004770613467766106,0.9999998862062293,-0.0002463901073094538,-0.0008874244619981087,0.0,0.0,0.0,0.0006636674141721911,1477,1530
0.000277306848947946,-0.0019815128511523864,0.0,0.0,0.0,0.0004770613467766106,0.9999998862062293,-0.0002463901073094538,-0.0008874244619981087,0.0,0.0,0.0,0.0006636674141721911,1477,1530
0.000277306848947946,-0.0019815128511523864,0.0,0.0,0.0,0.0004770613467766106,0.9999998862062293,-0.0002463901073094538,-0.0008874244619981087,0.0,0.0,0.0,0.0006636674141721911,1477,1530
0.000277306848947946,-0.0019815128511523864,0.0,0.0,0.0,0.0004770613467766106,0.9999998862062293,-0.0002463901073094538,-0.0008874244619981087,0.0,0.0,0.0,0.0006636674141721911,1477,1530
0.000277306848947946,-0.0019815128511523864,0.0,0.0,0.0,0.0004770613467766106,0.9999998862062293,-0.0002463901073094538,-0.0008874244619981087,0.0,0.0,0.0,0.0006636674141721911,1477,1530
0.000277306848947946,-0.0019815128511523864,0.0,0.0,0.0,0.0004770613467766106,0.9999998862062293,-0.0002463901073094538,-0.0008874244619981087,0.0,0.0,0.0,0.0006636674141721911,1477,1530
0.000277306848947946,-0.0019815128511523864,0.0,0.0,0.0,0.0004770613467766106,0.9999998862062293,-0.0002463901073094538,-0.0008874244619981087,0.0,0.0,0.0,0.0006636674141721911,1477,1530
0.000277306848947946,-0.0019815128511523864,0.0,0.0,0.0,0.0004770613467766106,0.9999998862062293,-0.0002463901073094538,-0.0008874244619981087,0.0,0.0,0.0,0.0006636674141721911,1477,1530
0.000277306848947946,-0.0019815128511523864,0.0,0.0,0.0,0.0004770613467766106,0.9999998862062293,-0.0002463901073094538,-0.0008874244619981087,0.0,0.0,0.0,0.0006636674141721911,1477,1530
0.000277306848947946,-0.0019815128511523864,0.0,0.0,0.0,0.0004770613467766106,0.9999998862062293,-0.0002463901073094538,-0.0008874244619981087,0.0,0.0,0.0,0.0006636674141721911,1477,1530
0.000277306848947946,-0.0019815128511523864,0.0,0.0,0.0,0.0004770613467766106,0.9999998862062293,-0.0002463901073094538,-0.0008874244619981087,0.0,0.0,0.0,0.0006636674141721911,1477,1530
0.000277306848947946,-0.0019815128511523864,0.0,0.0,0.0,0.0004770613467766106,0.9999998862062293,-0.0002463901073094538,-0.0008874244619981087,0.0,0.0,0.0,0.0006636674141721911,1477,1530
0.000277306848947946,-0.0019815128511523864,0.0,0.0,0.0,0.0004770613467766106,0.9999998862062293,-0.0002463901073094538,-0.0008874244619981087,0.0,0.0,0.0,0.0006636674141721911,1477,1530
0.000277306848947946,-0.0019815128511523864,0.0,0.0,0.0,0.0004770613467766106,0.9999998862062293,-0.0002463901073094538,-0.0008874244619981087,0.0,0.0,0.0,0.0006636674141721911,1477,1530
0.000277306848947946,-0.0019815128511523864,0.0,0.0,0.0,0.0004770613467766106,0.9999998862062293,-0.0002463901073094538,-0.0008874244619981087,0.0,0.0,0.0,0.0006636674141721911,1477,1530
0.000277306848947946,-0.0019815128511523864,0.0,0.0,0.0,0.0004770613467766106,0.9999998862062293,-0.0002463901073094538,-0.0008874244619981087,0.0,0.0,0.0,0.0006636674141721911,1477,1530
0.000277306848947946,-0.0019815128511523864,0.0,0.0,0.0,0.0004770613467766106,0.9999998862062293,-0.0002463901073094538,-0.0008874244619981087,0.0,0.0,0.0,0.0006636674141721911,1477,1530
0.000277306848947946,-0.0019815128511523864,0.0,0.0,0.0,0.0004770613467766106,0.9999998862062293,-0.0002463901073094538,-0.0008874244619981087,0.0,0.0,0.0,0.0006636674141721911,1477,1530
0.000277306848947946,-0.0019815128511523864,0.0,0.0,0.0,0.0004770613467766106,0.9999998862062293,-0.0002463901073094538,-0.0008874244619981087,0.0,0.0,0.0,0.0006636674141721911,1477,1530
0.000277306848947946,-0.0019815128511523864,0.0,0.0,0.0,0.0004770613467766106,0.9999998862062293,-0.0002463901073094538,-0.0008874244619981087,0.0,0.0,0.0,0.0006636674141721911,1477,1530
0.000277306848947946,-0.0019815128511523864,0.0,0.0,0.0,0.0004770613467766106,0.9999998862062293,-0.0002463901073094538,-0.0008874244619981087,0.0,0.0,0.0,0.0006636674141721911,1477,1530
0.000277306848947946,-0.0019815128511523864,0.0,0.0,0.0,0.0004770613467766106,0.9999998862062293,-0.0002463901073094538,-0.0008874244619981087,0.0,0.0,0.0,0.0006636674141721911,1477,1530
0.000277306848947946,-0.0019815128511523864,0.0,0.0,0.0,0.0004770613467766106,0.9999998862062293,-0.0002463901073094538,-0.0008874244619981087,0.0,0.0,0.0,0.0006636674141721911,1477,1530
0.000277306848947946,-0.0019815128511523864,0.0,0.0,0.0,0.0004770613467766106,0.9999998862062293,-0.0002463901073094538,-0.0008874244619981087,0.0,0.0,0.0,0.0006636674141721911,1477,1530
0.000277306848947946,-0.0019815128511523864,0.0,0.0,0.0,0.0004770613467766106,0.9999998862062293,-0.0002463901073094538,-0.0008874244619981087,0.0,0.0,0.0,0.0006636674141721911,1477,1530
0.000277306848947946,-0.0019815128511523864,0.0,0.0,0.0,0.0004770613467766106,0.9999998862062293,-0.0002463901073094538,-0.0008874244619981087,0.0,0.0,0.0,0.0006636674141721911,1477,1530
0.000277306848947946,-0.0019815128511523864,0.0,0.0,0.0,0.0004770613467766106,0.9999998862062293,-0.0002463901073094538,-0.0008874244619981087,0.0,0.0,0.0,0.0006636674141721911,1477,1530
0.000277306848947946,-0.0019815128511523864,0.0,0.0,0.0,0.0004770613467766106,0.9999998862062293,-0.0002463901073094538,-0.0008874244619981087,0.0,0.0,0.0,0.0006636674141721911,1477,1530
0.000277306848947946,-0.0019815128511523864,0.0,0.0,0.0,0.0004770613467766106,0.9999998862062293,-0.0002463901073094538,-0.0008874244619981087,0.0,0.0,0.0,0.0006636674141721911,1477,1530
0.000277306848947946,-0.0019815128511523864,0.0,0.0,0.0,0.0004770613467766106,0.9999998862062293,-0.0002463901073094538,-0.0008874244619981087,0.0,0.0,0.0,0.0006636674141721911,1477,1530
0.000277306848947946,-0.0019815128511523864,0.0,0.0,0.0,0.0004770613467766106,0.9999998862062293,-0.0002463901073094538,-0.0008874244619981087,0.0,0.0,0.0,0.0006636674141721911,1477,1530
0.000277306848947946,-0.0019815128511523864,0.0,0.0,0.0,0.0004770613467766106,0.9999998862062293,-0.0002463901073094538,-0.0008874244619981087,0.0,0.0,0.0,0.0006636674141721911,1477,1530
0.000277306848947946,-0.0019815128511523864,0.0,0.0,0.0,0.0004770613467766106,0.9999998862062293,-0.0002463901073094538,-0.0008874244619981087,0.0,0.0,0.0,0.0006636674141721911,1477,1530
0.000277306848947946,-0.0019815128511523864,0.0,0.0,0.0,0.0004770613467766106,0.9999998862062293,-0.0002463901073094538,-0.0008874244619981087,0.0,0.0,0.0,0.0006636674141721911,1477,1530
0.000277306848947946,-0.0019815128511523864,0.0,0.0,0.0,0.0004770613467766106,0.9999998862062293,-0.0002463901073094538,-0.0008874244619981087,0.0,0.0,0.0,0.0006636674141721911,1477,1530
0.000277306848947946,-0.0019815128511523864,0.0,0.0,0.0,0.0004770613467766106,0.9999998862062293,-0.0002463901073094538,-0.0008874244619981087,0.0,0.0,0.0,0.0006636674141721911,1477,1530
0.000277306848947946,-0.0019815128511523864,0.0,0.0,0.0,0.0004770613467766106,0.9999998862062293,-0.0002463901073094538,-0.0008874244619981087,0.0,0.0,0.0,0.0006636674141721911,1477,1530
0.000277306848947946,-0.0019815128511523864,0.0,0.0,0.0,0.0004770613467766106,0.9999998862062293,-0.0002463901073094538,-0.0008874244619981087,0.0,0.0,0.0,0.0006636674141721911,1477,1530
0.000277306848947946,-0.0019815128511523864,0.0,0.0,0.0,0.0004770613467766106,0.9999998862062293,-0.0002463901073094538,-0.0008874244619981087,0.0,0.0,0.0,0.0006636674141721911,1477,1530
0.000277306848947946,-0.0019815128511523864,0.0,0.0,0.0,0.0004770613467766106,0.9999998862062293,-0.0002463901073094538,-0.0008874244619981087,0.0,0.0,0.0,0.0006636674141721911,1477,1530
0.000277306848947946,-0.0019815128511523864,0.0,0.0,0.0,0.0004770613467766106,0.9999998862062293,-0.0002463901073094538,-0.0008874244619981087,0.0,0.0,0.0,0.0006636674141721911,1477,1530
0.000277306848947946,-0.0019815128511523864,0.0,0.0,0.0,0.0004770613467766106,0.9999998862062293,-0.0002463901073094538,-0.0008874244619981087,0.0,0.0,0.0,0.0006636674141721911,1477,1530
0.000277306848947946,-0.0019815128511523864,0.0,0.0,0.0,0.0004770613467766106,0.9999998862062293,-0.0002463901073094538,-0.0008874244619981087,0.0,0.0,0.0,0.0006636674141721911,1477,1530
0.000277306848947946,-0.0019815128511523864,0.0,0.0,0.0,0.0004770613467766106,0.9999998862062293,-0.0002463901073094538,-0.0008874244619981087,0.0,0.0,0.0,0.0006636674141721911,1477,1530
0.000277306848947946,-0.0019815128511523864,0.0,0.0,0.0,0.0004770613467766106,0.9999998862062293,-0.0002463901073094538,-0.0008874244619981087,0.0,0.0,0.0,0.0006636674141721911,1477,1530
0.000277306848947946,-0.0019815128511523864,0.0,0.0,0.0,0.0004770613467766106,0.9999998862062293,-0.0002463901073094538,-0.0008874244619981087,0.0,0.0,0.0,0.0006636674141721911,1477,1530
0.000277306848947946,-0.0019815128511523864,0.0,0.0,0.0,0.0004770613467766106,0.9999998862062293,-0.0002463901073094538,-0.0008874244619981087,0.0,0.0,0.0,0.0006636674141721911,1477,1530
0.000277306848947946,-0.0019815128511523864,0.0,0.0,0.0,0.0004770613467766106,0.9999998862062293,-0.0002463901073094538,-0.0008874244619981087,0.0,0.0,0.0,0.0006636674141721911,1477,1530
0.000277306848947946,-0.0019815128511523864,0.0,0.0,0.0,0.0004770613467766106,0.9999998862062293,-0.0002463901073094538,-0.0008874244619981087,0.0,0.0,0.0,0.0006636674141721911,1477,1530
0.000277306848947946,-0.0019815128511523864,0.0,0.0,0.0,0.0004770613467766106,0.9999998862062293,-0.0002463901073094538,-0.0008874244619981087,0.0,0.0,0.0,0.0006636674141721911,1477,1530
0.000277306848947946,-0.0019815128511523864,0.0,0.0,0.0,0.0004770613467766106,0.9999998862062293,-0.0002463901073094538,-0.0008874244619981087,0.0,0.0,0.0,0.0006636674141721911,1477,1530
0.000277306848947946,-0.0019815128511523864,0.0,0.0,0.0,0.0004770613467766106,0.9999998862062293,-0.0002463901073094538,-0.0008874244619981087,0.0,0.0,0.0,0.0006636674141721911,1477,1530
0.000277306848947946,-0.0019815128511523864,0.0,0.0,0.0,0.0004770613467766106,0.9999998862062293,-0.0002463901073094538,-0.0008874244619981087,0.0,0.0,0.0,0.0006636674141721911,1477,1530
0.000277306848947946,-0.0019815128511523864,0.0,0.0,0.0,0.0004770613467766106,0.9999998862062293,-0.0002463901073094538,-0.0008874244619981087,0.0,0.0,0.0,0.0006636674141721911,1477,1530
0.000277306848947946,-0.0019815128511523864,0.0,0.0,0.0,0.0004770613467766106,0.9999998862062293,-0.0002463901073094538,-0.0008874244619981087,0.0,0.0,0.0,0.0006636674141721911,1477,1530
0.000277306848947946,-0.0019815128511523864,0.0,0.0,0.0,0.0004770613467766106,0.9999998862062293,-0.0002463901073094538,-0.0008874244619981087,0.0,0.0,0.0,0.0006636674141721911,1477,1530
0.000277306848947946,-0.0019815128511523864,0.0,0.0,0.0,0.0004770613467766106,0.9999998862062293,-0.0002463901073094538,-0.0008874244619981087,0.0,0.0,0.0,0.0006636674141721911,1477,1530
0.000277306848947946,-0.0019815128511523864,0.0,0.0,0.0,0.0004770613467766106,0.9999998862062293,-0.0002463901073094538,-0.0008874244619981087,0.0,0.0,0.0,0.0006636674141721911,1477,1530
0.000277306848947946,-0.0019815128511523864,0.0,0.0,0.0,0.0004770613467766106,0.9999998862062293,-0.0002463901073094538,-0.0008874244619981087,0.0,0.0,0.0,0.0006636674141721911,1477,1530
0.000277306848947946,-0.0019815128511523864,0.0,0.0,0.0,0.0004770613467766106,0.9999998862062293,-0.0002463901073094538,-0.0008874244619981087,0.0,0.0,0.0,0.0006636674141721911,1477,1530
0.000277306848947946,-0.0019815128511523864,0.0,0.0,0.0,0.0004770613467766106,0.9999998862062293,-0.0002463901073094538,-0.0008874244619981087,0.0,0.0,0.0,0.0006636674141721911,1477,1530
0.000277306848947946,-0.0019815128511523864,0.0,0.0,0.0,0.0004770613467766106,0.9999998862062293,-0.0002463901073094538,-0.0008874244619981087,0.0,0.0,0.0,0.0006636674141721911,1477,1530
0.000277306848947946,-0.0019815128511523864,0.0,0.0,0.0,0.0004770613467766106,0.9999998862062293,-0.0002463901073094538,-0.0008874244619981087,0.0,0.0,0.0,0.0006636674141721911,1477,1530
0.000277306848947946,-0.0019815128511523864,0.0,0.0,0.0,0.0004770613467766106,0.9999998862062293,-0.0002463901073094538,-0.0008874244619981087,0.0,0.0,0.0,0.0006636674141721911,1477,1530
0.000277306848947946,-0.0019815128511523864,0.0,0.0,0.0,0.0004770613467766106,0.9999998862062293,-0.0002463901073094538,-0.0008874244619981087,0.0,0.0,0.0,0.0006636674141721911,1477,1530
0.000277306848947946,-0.0019815128511523864,0.0,0.0,0.0,0.0004770613467766106,0.9999998862062293,-0.0002463901073094538,-0.0008874244619981087,0.0,0.0,0.0,0.0006636674141721911,1477,1530
0.000277306848947946,-0.0019815128511523864,0.0,0.0,0.0,0.0004770613467766106,0.9999998862062293,-0.0002463901073094538,-0.0008874244619981087,0.0,0.0,0.0,0.0006636674141721911,1477,1530
0.000277306848947946,-0.0019815128511523864,0.0,0.0,0.0,0.0004770613467766106,0.9999998862062293,-0.0002463901073094538,-0.0008874244619981087,0.0,0.0,0.0,0.0006636674141721911,1477,1530
0.000277306848947946,-0.0019815128511523864,0.0,0.0,0.0,0.0004770613467766106,0.9999998862062293,-0.0002463901073094538,-0.0008874244619981087,0.0,0.0,0.0,0.0006636674141721911,1477,1530
0.000277306848947946,-0.0019815128511523864,0.0,0.0,0.0,0.0004770613467766106,0.9999998862062293,-0.0002463901073094538,-0.0008874244619981087,0.0,0.0,0.0,0.0006636674141721911,1477,1530
0.000277306848947946,-0.0019815128511523864,0.0,0.0,0.0,0.0004770613467766106,0.9999998862062293,-0.0002463901073094538,-0.0008874244619981087,0.0,0.0,0.0,0.0006636674141721911,1477,1530
0.000277306848947946,-0.0019815128511523864,0.0,0.0,0.0,0.0004770613467766106,0.9999998862062293,-0.0002463901073094538,-0.0008874244619981087,0.0,0.0,0.0,0.0006636674141721911,1477,1530
0.000277306848947946,-0.0019815128511523864,0.0,0.0,0.0,0.0004770613467766106,0.9999998862062293,-0.0002463901073094538,-0.0008874244619981087,0.0,0.0,0.0,0.0006636674141721911,1477,1530
0.000277306848947946,-0.0019815128511523864,0.0,0.0,0.0,0.0004770613467766106,0.9999998862062293,-0.0002463901073094538,-0.0008874244619981087,0.0,0.0,0.0,0.0006636674141721911,1477,1530
0.000277306848947946,-0.0019815128511523864,0.0,0.0,0.0,0.0004770613467766106,0.9999998862062293,-0.0002463901073094538,-0.0008874244619981087,0.0,0.0,0.0,0.0006636674141721911,1477,1530
0.000277306848947946,-0.0019815128511523864,0.0,0.0,0.0,0.0004770613467766106,0.9999998862062293,-0.0002463901073094538,-0.0008874244619981087,0.0,0.0,0.0,0.0006636674141721911,1477,1530
0.000277306848947946,-0.0019815128511523864,0.0,0.0,0.0,0.0004770613467766106,0.9999998862062293,-0.0002463901073094538,-0.0008874244619981087,0.0,0.0,0.0,0.0006636674141721911,1477,1530
0.000277306848947946,-0.0019815128511523864,0.0,0.0,0.0,0.0004770613467766106,0.9999998862062293,-0.0002463901073094538,-0.0008874244619981087,0.0,0.0,0.0,0.0006636674141721911,1477,1530
0.000277306848947946,-0.0019815128511523864,0.0,0.0,0.0,0.0004770613467766106,0.9999998862062293,-0.0002463901073094538,-0.0008874244619981087,0.0,0.0,0.0,0.0006636674141721911,1477,1530
0.000277306848947946,-0.0019815128511523864,0.0,0.0,0.0,0.0004770613467766106,0.9999998862062293,-0.0002463901073094538,-0.0008874244619981087,0.0,0.0,0.0,0.0006636674141721911,1477,1530
0.000277306848947946,-0.0019815128511523864,0.0,0.0,0.0,0.0004770613467766106,0.9999998862062293,-0.0002463901073094538,-0.0008874244619981087,0.0,0.0,0.0,0.0006636674141721911,1477,1530
0.000277306848947946,-0.0019815128511523864,0.0,0.0,0.0,0.0004770613467766106,0.9999998862062293,-0.0002463901073094538,-0.0008874244619981087,0.0,0.0,0.0,0.0006636674141721911,1477,1530
0.000277306848947946,-0.0019815128511523864,0.0,0.0,0.0,0.0004770613467766106,0.9999998862062293,-0.0002463901073094538,-0.0008874244619981087,0.0,0.0,0.0,0.0006636674141721911,1477,1530
0.000277306848947946,-0.0019815128511523864,0.0,0.0,0.0,0.0004770613467766106,0.9999998862062293,-0.0002463901073094538,-0.0008874244619981087,0.0,0.0,0.0,0.0006636674141721911,1477,1530
0.000277306848947946,-0.0019815128511523864,0.0,0.0,0.0,0.0004770613467766106,0.9999998862062293,-0.0002463901073094538,-0.0008874244619981087,0.0,0.0,0.0,0.0006636674141721911,1477,1530
0.000277306848947946,-0.0019815128511523864,0.0,0.0,0.0,0.0004770613467766106,0.9999998862062293,-0.0002463901073094538,-0.0008874244619981087,0.0,0.0,0.0,0.0006636674141721911,1477,1530
0.000277306848947946,-0.0019815128511523864,0.0,0.0,0.0,0.0004770613467766106,0.9999998862062293,-0.0002463901073094538,-0.0008874244619981087,0.0,0.0,0.0,0.0006636674141721911,1477,1530
0.000277306848947946,-0.0019815128511523864,0.0,0.0,0.0,0.0004770613467766106,0.9999998862062293,-0.0002463901073094538,-0.0008874244619981087,0.0,0.0,0.0,0.0006636674141721911,1477,1530
0.000277306848947946,-0.0019815128511523864,0.0,0.0,0.0,0.0004770613467766106,0.9999998862062293,-0.0002463901073094538,-0.0008874244619981087,0.0,0.0,0.0,0.0006636674141721911,1477,1530
0.000277306848947946,-0.0019815128511523864,0.0,0.0,0.0,0.0004770613467766106,0.9999998862062293,-0.0002463901073094538,-0.0008874244619981087,0.0,0.0,0.0,0.0006636674141721911,1477,1530
0.000277306848947946,-0.0019815128511523864,0.0,0.0,0.0,0.0004770613467766106,0.9999998862062293,-0.0002463901073094538,-0.0008874244619981087,0.0,0.0,0.0,0.0006636674141721911,1477,1530
0.000277306848947946,-0.0019815128511523864,0.0,0.0,0.0,0.0004770613467766106,0.9999998862062293,-0.0002463901073094538,-0.0008874244619981087,0.0,0.0,0.0,0.0006636674141721911,1477,1530
0.000277306848947946,-0.0019815128511523864,0.0,0.0,0.0,0.0004770613467766106,0.9999998862062293,-0.0002463901073094538,-0.0008874244619981087,0.0,0.0,0.0,0.0006636674141721911,1477,1530
0.000277306848947946,-0.0019815128511523864,0.0,0.0,0.0,0.0004770613467766106,0.9999998862062293,-0.0002463901073094538,-0.0008874244619981087,0.0,0.0,0.0,0.0006636674141721911,1477,1530
0.000277306848947946,-0.0019815128511523864,0.0,0.0,0.0,0.0004770613467766106,0.9999998862062293,-0.0002463901073094538,-0.0008874244619981087,0.0,0.0,0.0,0.0006636674141721911,1477,1530
0.000277306848947946,-0.0019815128511523864,0.0,0.0,0.0,0.0004770613467766106,0.9999998862062293,-0.0002463901073094538,-0.0008874244619981087,0.0,0.0,0.0,0.0006636674141721911,1477,1530
0.000277306848947946,-0.0019815128511523864,0.0,0.0,0.0,0.0004770613467766106,0.9999998862062293,-0.0002463901073094538,-0.0008874244619981087,0.0,0.0,0.0,0.0006636674141721911,1477,1530
0.000277306848947946,-0.0019815128511523864,0.0,0.0,0.0,0.0004770613467766106,0.9999998862062293,-0.0002463901073094538,-0.0008874244619981087,0.0,0.0,0.0,0.0006636674141721911,1477,1530
0.000277306848947946,-0.0019815128511523864,0.0,0.0,0.0,0.0004770613467766106,0.9999998862062293,-0.0002463901073094538,-0.0008874244619981087,0.0,0.0,0.0,0.0006636674141721911,1477,1530
0.000277306848947946,-0.0019815128511523864,0.0,0.0,0.0,0.0004770613467766106,0.9999998862062293,-0.0002463901073094538,-0.0008874244619981087,0.0,0.0,0.0,0.0006636674141721911,1477,1530
0.000277306848947946,-0.0019815128511523864,0.0,0.0,0.0,0.0004770613467766106,0.9999998862062293,-0.0002463901073094538,-0.0008874244619981087,0.0,0.0,0.0,0.0006636674141721911,1477,1530
0.000277306848947946,-0.0019815128511523864,0.0,0.0,0.0,0.0004770613467766106,0.9999998862062293,-0.0002463901073094538,-0.0008874244619981087,0.0,0.0,0.0,0.0006636674141721911,1477,1530
0.000277306848947946,-0.0019815128511523864,0.0,0.0,0.0,0.0004770613467766106,0.9999998862062293,-0.0002463901073094538,-0.0008874244619981087,0.0,0.0,0.0,0.0006636674141721911,1477,1530
0.000277306848947946,-0.0019815128511523864,0.0,0.0,0.0,0.0004770613467766106,0.9999998862062293,-0.0002463901073094538,-0.0008874244619981087,0.0,0.0,0.0,0.0006636674141721911,1477,1530
0.000277306848947946,-0.0019815128511523864,0.0,0.0,0.0,0.0004770613467766106,0.9999998862062293,-0.0002463901073094538,-0.0008874244619981087,0.0,0.0,0.0,0.0006636674141721911,1477,1530
0.000277306848947946,-0.0019815128511523864,0.0,0.0,0.0,0.0004770613467766106,0.9999998862062293,-0.0002463901073094538,-0.0008874244619981087,0.0,0.0,0.0,0.0006636674141721911,1477,1530
0.000277306848947946,-0.0019815128511523864,0.0,0.0,0.0,0.0004770613467766106,0.9999998862062293,-0.0002463901073094538,-0.0008874244619981087,0.0,0.0,0.0,0.0006636674141721911,1477,1530
0.000277306848947946,-0.0019815128511523864,0.0,0.0,0.0,0.0004770613467766106,0.9999998862062293,-0.0002463901073094538,-0.0008874244619981087,0.0,0.0,0.0,0.0006636674141721911,1477,1530
0.000277306848947946,-0.0019815128511523864,0.0,0.0,0.0,0.0004770613467766106,0.9999998862062293,-0.0002463901073094538,-0.0008874244619981087,0.0,0.0,0.0,0.0006636674141721911,1477,1530
0.000277306848947946,-0.0019815128511523864,0.0,0.0,0.0,0.0004770613467766106,0.9999998862062293,-0.0002463901073094538,-0.0008874244619981087,0.0,0.0,0.0,0.0006636674141721911,1477,1530
0.000277306848947946,-0.0019815128511523864,0.0,0.0,0.0,0.0004770613467766106,0.9999998862062293,-0.0002463901073094538,-0.0008874244619981087,0.0,0.0,0.0,0.0006636674141721911,1477,1530
0.000277306848947946,-0.0019815128511523864,0.0,0.0,0.0,0.0004770613467766106,0.9999998862062293,-0.0002463901073094538,-0.0008874244619981087,0.0,0.0,0.0,0.0006636674141721911,1477,1530
0.000277306848947946,-0.0019815128511523864,0.0,0.0,0.0,0.0004770613467766106,0.9999998862062293,-0.0002463901073094538,-0.0008874244619981087,0.0,0.0,0.0,0.0006636674141721911,1477,1530
0.000277306848947946,-0.0019815128511523864,0.0,0.0,0.0,0.0004770613467766106,0.9999998862062293,-0.0002463901073094538,-0.0008874244619981087,0.0,0.0,0.0,0.0006636674141721911,1477,1530
0.000277306848947946,-0.0019815128511523864,0.0,0.0,0.0,0.0004770613467766106,0.9999998862062293,-0.0002463901073094538,-0.0008874244619981087,0.0,0.0,0.0,0.0006636674141721911,1477,1530
0.000277306848947946,-0.0019815128511523864,0.0,0.0,0.0,0.0004770613467766106,0.9999998862062293,-0.0002463901073094538,-0.0008874244619981087,0.0,0.0,0.0,0.0006636674141721911,1477,1530
0.000277306848947946,-0.0019815128511523864,0.0,0.0,0.0,0.0004770613467766106,0.9999998862062293,-0.0002463901073094538,-0.0008874244619981087,0.0,0.0,0.0,0.0006636674141721911,1477,1530
0.000277306848947946,-0.0019815128511523864,0.0,0.0,0.0,0.0004770613467766106,0.9999998862062293,-0.0002463901073094538,-0.0008874244619981087,0.0,0.0,0.0,0.0006636674141721911,1477,1530
0.000277306848947946,-0.0019815128511523864,0.0,0.0,0.0,0.0004770613467766106,0.9999998862062293,-0.0002463901073094538,-0.0008874244619981087,0.0,0.0,0.0,0.0006636674141721911,1477,1530
0.000277306848947946,-0.0019815128511523864,0.0,0.0,0.0,0.0004770613467766106,0.9999998862062293,-0.0002463901073094538,-0.0008874244619981087,0.0,0.0,0.0,0.0006636674141721911,1477,1530
0.000277306848947946,-0.0019815128511523864,0.0,0.0,0.0,0.0004770613467766106,0.9999998862062293,-0.0002463901073094538,-0.0008874244619981087,0.0,0.0,0.0,0.0006636674141721911,1477,1530
0.000277306848947946,-0.0019815128511523864,0.0,0.0,0.0,0.0004770613467766106,0.9999998862062293,-0.0002463901073094538,-0.0008874244619981087,0.0,0.0,0.0,0.0006636674141721911,1477,1530
0.000277306848947946,-0.0019815128511523864,0.0,0.0,0.0,0.0004770613467766106,0.9999998862062293,-0.0002463901073094538,-0.0008874244619981087,0.0,0.0,0.0,0.0006636674141721911,1477,1530
0.000277306848947946,-0.0019815128511523864,0.0,0.0,0.0,0.0004770613467766106,0.9999998862062293,-0.0002463901073094538,-0.0008874244619981087,0.0,0.0,0.0,0.0006636674141721911,1477,1530
0.000277306848947946,-0.0019815128511523864,0.0,0.0,0.0,0.0004770613467766106,0.9999998862062293,-0.0002463901073094538,-0.0008874244619981087,0.0,0.0,0.0,0.0006636674141721911,1477,1530
0.000277306848947946,-0.0019815128511523864,0.0,0.0,0.0,0.0004770613467766106,0.9999998862062293,-0.0002463901073094538,-0.0008874244619981087,0.0,0.0,0.0,0.0006636674141721911,1477,1530
0.000277306848947946,-0.0019815128511523864,0.0,0.0,0.0,0.0004770613467766106,0.9999998862062293,-0.0002463901073094538,-0.0008874244619981087,0.0,0.0,0.0,0.0006636674141721911,1477,1530
0.000277306848947946,-0.0019815128511523864,0.0,0.0,0.0,0.0004770613467766106,0.9999998862062293,-0.0002463901073094538,-0.0008874244619981087,0.0,0.0,0.0,0.0006636674141721911,1477,1530
0.000277306848947946,-0.0019815128511523864,0.0,0.0,0.0,0.0004770613467766106,0.9999998862062293,-0.0002463901073094538,-0.0008874244619981087,0.0,0.0,0.0,0.0006636674141721911,1477,1530
0.000277306848947946,-0.0019815128511523864,0.0,0.0,0.0,0.0004770613467766106,0.9999998862062293,-0.0002463901073094538,-0.0008874244619981087,0.0,0.0,0.0,0.0006636674141721911,1477,1530
0.000277306848947946,-0.0019815128511523864,0.0,0.0,0.0,0.0004770613467766106,0.9999998862062293,-0.0002463901073094538,-0.0008874244619981087,0.0,0.0,0.0,0.0006636674141721911,1477,1530
0.000277306848947946,-0.0019815128511523864,0.0,0.0,0.0,0.0004770613467766106,0.9999998862062293,-0.0002463901073094538,-0.0008874244619981087,0.0,0.0,0.0,0.0006636674141721911,1477,1530
0.000277306848947946,-0.0019815128511523864,0.0,0.0,0.0,0.0004770613467766106,0.9999998862062293,-0.0002463901073094538,-0.0008874244619981087,0.0,0.0,0.0,0.0006636674141721911,1477,1530
0.000277306848947946,-0.0019815128511523864,0.0,0.0,0.0,0.0004770613467766106,0.9999998862062293,-0.0002463901073094538,-0.0008874244619981087,0.0,0.0,0.0,0.0006636674141721911,1477,1530
0.000277306848947946,-0.0019815128511523864,0.0,0.0,0.0,0.0004770613467766106,0.9999998862062293,-0.0002463901073094538,-0.0008874244619981087,0.0,0.0,0.0,0.0006636674141721911,1477,1530
0.000277306848947946,-0.0019815128511523864,0.0,0.0,0.0,0.0004770613467766106,0.9999998862062293,-0.0002463901073094538,-0.0008874244619981087,0.0,0.0,0.0,0.0006636674141721911,1477,1530
0.000277306848947946,-0.0019815128511523864,0.0,0.0,0.0,0.0004770613467766106,0.9999998862062293,-0.0002463901073094538,-0.0008874244619981087,0.0,0.0,0.0,0.0006636674141721911,1477,1530
0.000277306848947946,-0.0019815128511523864,0.0,0.0,0.0,0.0004770613467766106,0.9999998862062293,-0.0002463901073094538,-0.0008874244619981087,0.0,0.0,0.0,0.0006636674141721911,1477,1530
0.000277306848947946,-0.0019815128511523864,0.0,0.0,0.0,0.0004770613467766106,0.9999998862062293,-0.0002463901073094538,-0.0008874244619981087,0.0,0.0,0.0,0.0006636674141721911,1477,1530
0.000277306848947946,-0.0019815128511523864,0.0,0.0,0.0,0.0004770613467766106,0.9999998862062293,-0.0002463901073094538,-0.0008874244619981087,0.0,0.0,0.0,0.0006636674141721911,1477,1530
0.000277306848947946,-0.0019815128511523864,0.0,0.0,0.0,0.0004770613467766106,0.9999998862062293,-0.0002463901073094538,-0.0008874244619981087,0.0,0.0,0.0,0.0006636674141721911,1477,1530
0.000277306848947946,-0.0019815128511523864,0.0,0.0,0.0,0.0004770613467766106,0.9999998862062293,-0.0002463901073094538,-0.0008874244619981087,0.0,0.0,0.0,0.0006636674141721911,1477,1530
0.000277306848947946,-0.0019815128511523864,0.0,0.0,0.0,0.0004770613467766106,0.9999998862062293,-0.0002463901073094538,-0.0008874244619981087,0.0,0.0,0.0,0.0006636674141721911,1477,1530
0.000277306848947946,-0.0019815128511523864,0.0,0.0,0.0,0.0004770613467766106,0.9999998862062293,-0.0002463901073094538,-0.0008874244619981087,0.0,0.0,0.0,0.0006636674141721911,1477,1530
0.000277306848947946,-0.0019815128511523864,0.0,0.0,0.0,0.0004770613467766106,0.9999998862062293,-0.0002463901073094538,-0.0008874244619981087,0.0,0.0,0.0,0.0006636674141721911,1477,1530
0.000277306848947946,-0.0019815128511523864,0.0,0.0,0.0,0.0004770613467766106,0.9999998862062293,-0.0002463901073094538,-0.0008874244619981087,0.0,0.0,0.0,0.0006636674141721911,1477,1530
0.000277306848947946,-0.0019815128511523864,0.0,0.0,0.0,0.0004770613467766106,0.9999998862062293,-0.0002463901073094538,-0.0008874244619981087,0.0,0.0,0.0,0.0006636674141721911,1477,1530
0.000277306848947946,-0.0019815128511523864,0.0,0.0,0.0,0.0004770613467766106,0.9999998862062293,-0.0002463901073094538,-0.0008874244619981087,0.0,0.0,0.0,0.0006636674141721911,1477,1530
0.000277306848947946,-0.0019815128511523864,0.0,0.0,0.0,0.0004770613467766106,0.9999998862062293,-0.0002463901073094538,-0.0008874244619981087,0.0,0.0,0.0,0.0006636674141721911,1477,1530
0.000277306848947946,-0.0019815128511523864,0.0,0.0,0.0,0.0004770613467766106,0.9999998862062293,-0.0002463901073094538,-0.0008874244619981087,0.0,0.0,0.0,0.0006636674141721911,1477,1530
0.000277306848947946,-0.0019815128511523864,0.0,0.0,0.0,0.0004770613467766106,0.9999998862062293,-0.0002463901073094538,-0.0008874244619981087,0.0,0.0,0.0,0.0006636674141721911,1477,1530
0.000277306848947946,-0.0019815128511523864,0.0,0.0,0.0,0.0004770613467766106,0.9999998862062293,-0.0002463901073094538,-0.0008874244619981087,0.0,0.0,0.0,0.0006636674141721911,1477,1530
0.000277306848947946,-0.0019815128511523864,0.0,0.0,0.0,0.0004770613467766106,0.9999998862062293,-0.0002463901073094538,-0.0008874244619981087,0.0,0.0,0.0,0.0006636674141721911,1477,1530
0.000277306848947946,-0.0019815128511523864,0.0,0.0,0.0,0.0004770613467766106,0.9999998862062293,-0.0002463901073094538,-0.0008874244619981087,0.0,0.0,0.0,0.0006636674141721911,1477,1530
0.000277306848947946,-0.0019815128511523864,0.0,0.0,0.0,0.0004770613467766106,0.9999998862062293,-0.0002463901073094538,-0.0008874244619981087,0.0,0.0,0.0,0.0006636674141721911,1477,1530
0.000277306848947946,-0.0019815128511523864,0.0,0.0,0.0,0.0004770613467766106,0.9999998862062293,-0.0002463901073094538,-0.0008874244619981087,0.0,0.0,0.0,0.0006636674141721911,1477,1530
0.000277306848947946,-0.0019815128511523864,0.0,0.0,0.0,0.0004770613467766106,0.9999998862062293,-0.0002463901073094538,-0.0008874244619981087,0.0,0.0,0.0,0.0006636674141721911,1477,1530
0.000277306848947946,-0.0019815128511523864,0.0,0.0,0.0,0.0004770613467766106,0.9999998862062293,-0.0002463901073094538,-0.0008874244619981087,0.0,0.0,0.0,0.0006636674141721911,1477,1530
0.000277306848947946,-0.0019815128511523864,0.0,0.0,0.0,0.0004770613467766106,0.9999998862062293,-0.0002463901073094538,-0.0008874244619981087,0.0,0.0,0.0,0.0006636674141721911,1477,1530
0.000277306848947946,-0.0019815128511523864,0.0,0.0,0.0,0.0004770613467766106,0.9999998862062293,-0.0002463901073094538,-0.0008874244619981087,0.0,0.0,0.0,0.0006636674141721911,1477,1530
0.000277306848947946,-0.0019815128511523864,0.0,0.0,0.0,0.0004770613467766106,0.9999998862062293,-0.0002463901073094538,-0.0008874244619981087,0.0,0.0,0.0,0.0006636674141721911,1477,1530
0.000277306848947946,-0.0019815128511523864,0.0,0.0,0.0,0.0004770613467766106,0.9999998862062293,-0.0002463901073094538,-0.0008874244619981087,0.0,0.0,0.0,0.0006636674141721911,1477,1530
0.000277306848947946,-0.0019815128511523864,0.0,0.0,0.0,0.0004770613467766106,0.9999998862062293,-0.0002463901073094538,-0.0008874244619981087,0.0,0.0,0.0,0.0006636674141721911,1477,1530
0.000277306848947946,-0.0019815128511523864,0.0,0.0,0.0,0.0004770613467766106,0.9999998862062293,-0.0002463901073094538,-0.0008874244619981087,0.0,0.0,0.0,0.0006636674141721911,1477,1530
0.000277306848947946,-0.0019815128511523864,0.0,0.0,0.0,0.0004770613467766106,0.9999998862062293,-0.0002463901073094538,-0.0008874244619981087,0.0,0.0,0.0,0.0006636674141721911,1477,1530
0.000277306848947946,-0.0019815128511523864,0.0,0.0,0.0,0.0004770613467766106,0.9999998862062293,-0.0002463901073094538,-0.0008874244619981087,0.0,0.0,0.0,0.0006636674141721911,1477,1530
0.000277306848947946,-0.0019815128511523864,0.0,0.0,0.0,0.0004770613467766106,0.9999998862062293,-0.0002463901073094538,-0.0008874244619981087,0.0,0.0,0.0,0.0006636674141721911,1477,1530
0.000277306848947946,-0.0019815128511523864,0.0,0.0,0.0,0.0004770613467766106,0.9999998862062293,-0.0002463901073094538,-0.0008874244619981087,0.0,0.0,0.0,0.0006636674141721911,1477,1530
0.000277306848947946,-0.0019815128511523864,0.0,0.0,0.0,0.0004770613467766106,0.9999998862062293,-0.0002463901073094538,-0.0008874244619981087,0.0,0.0,0.0,0.0006636674141721911,1477,1530
0.000277306848947946,-0.0019815128511523864,0.0,0.0,0.0,0.0004770613467766106,0.9999998862062293,-0.0002463901073094538,-0.0008874244619981087,0.0,0.0,0.0,0.0006636674141721911,1477,1530
0.000277306848947946,-0.0019815128511523864,0.0,0.0,0.0,0.0004770613467766106,0.9999998862062293,-0.0002463901073094538,-0.0008874244619981087,0.0,0.0,0.0,0.0006636674141721911,1477,1530
0.000277306848947946,-0.0019815128511523864,0.0,0.0,0.0,0.0004770613467766106,0.9999998862062293,-0.0002463901073094538,-0.0008874244619981087,0.0,0.0,0.0,0.0006636674141721911,1477,1530
0.000277306848947946,-0.0019815128511523864,0.0,0.0,0.0,0.0004770613467766106,0.9999998862062293,-0.0002463901073094538,-0.0008874244619981087,0.0,0.0,0.0,0.0006636674141721911,1477,1530
0.000277306848947946,-0.0019815128511523864,0.0,0.0,0.0,0.0004770613467766106,0.9999998862062293,-0.0002463901073094538,-0.0008874244619981087,0.0,0.0,0.0,0.0006636674141721911,1477,1530
0.000277306848947946,-0.0019815128511523864,0.0,0.0,0.0,0.0004770613467766106,0.9999998862062293,-0.0002463901073094538,-0.0008874244619981087,0.0,0.0,0.0,0.0006636674141721911,1477,1530
0.000277306848947946,-0.0019815128511523864,0.0,0.0,0.0,0.0004770613467766106,0.9999998862062293,-0.0002463901073094538,-0.0008874244619981087,0.0,0.0,0.0,0.0006636674141721911,1477,1530
0.000277306848947946,-0.0019815128511523864,0.0,0.0,0.0,0.0004770613467766106,0.9999998862062293,-0.0002463901073094538,-0.0008874244619981087,0.0,0.0,0.0,0.0006636674141721911,1477,1530
0.000277306848947946,-0.0019815128511523864,0.0,0.0,0.0,0.0004770613467766106,0.9999998862062293,-0.0002463901073094538,-0.0008874244619981087,0.0,0.0,0.0,0.0006636674141721911,1477,1530
0.000277306848947946,-0.0019815128511523864,0.0,0.0,0.0,0.0004770613467766106,0.9999998862062293,-0.0002463901073094538,-0.0008874244619981087,0.0,0.0,0.0,0.0006636674141721911,1477,1530
0.000277306848947946,-0.0019815128511523864,0.0,0.0,0.0,0.0004770613467766106,0.9999998862062293,-0.0002463901073094538,-0.0008874244619981087,0.0,0.0,0.0,0.0006636674141721911,1477,1530
0.000277306848947946,-0.0019815128511523864,0.0,0.0,0.0,0.0004770613467766106,0.9999998862062293,-0.0002463901073094538,-0.0008874244619981087,0.0,0.0,0.0,0.0006636674141721911,1477,1530
0.000277306848947946,-0.0019815128511523864,0.0,0.0,0.0,0.0004770613467766106,0.9999998862062293,-0.0002463901073094538,-0.0008874244619981087,0.0,0.0,0.0,0.0006636674141721911,1477,1530
0.000277306848947946,-0.0019815128511523864,0.0,0.0,0.0,0.0004770613467766106,0.9999998862062293,-0.0002463901073094538,-0.0008874244619981087,0.0,0.0,0.0,0.0006636674141721911,1477,1530
0.000277306848947946,-0.0019815128511523864,0.0,0.0,0.0,0.0004770613467766106,0.9999998862062293,-0.0002463901073094538,-0.0008874244619981087,0.0,0.0,0.0,0.0006636674141721911,1477,1530
0.000277306848947946,-0.0019815128511523864,0.0,0.0,0.0,0.0004770613467766106,0.9999998862062293,-0.0002463901073094538,-0.0008874244619981087,0.0,0.0,0.0,0.0006636674141721911,1477,1530
0.000277306848947946,-0.0019815128511523864,0.0,0.0,0.0,0.0004770613467766106,0.9999998862062293,-0.0002463901073094538,-0.0008874244619981087,0.0,0.0,0.0,0.0006636674141721911,1477,1530
0.000277306848947946,-0.0019815128511523864,0.0,0.0,0.0,0.0004770613467766106,0.9999998862062293,-0.0002463901073094538,-0.0008874244619981087,0.0,0.0,0.0,0.0006636674141721911,1477,1530
0.000277306848947946,-0.0019815128511523864,0.0,0.0,0.0,0.0004770613467766106,0.9999998862062293,-0.0002463901073094538,-0.0008874244619981087,0.0,0.0,0.0,0.0006636674141721911,1477,1530
0.000277306848947946,-0.0019815128511523864,0.0,0.0,0.0,0.0004770613467766106,0.9999998862062293,-0.0002463901073094538,-0.0008874244619981087,0.0,0.0,0.0,0.0006636674141721911,1477,1530
0.000277306848947946,-0.0019815128511523864,0.0,0.0,0.0,0.0004770613467766106,0.9999998862062293,-0.0002463901073094538,-0.0008874244619981087,0.0,0.0,0.0,0.0006636674141721911,1477,1530
0.000277306848947946,-0.0019815128511523864,0.0,0.0,0.0,0.0004770613467766106,0.9999998862062293,-0.0002463901073094538,-0.0008874244619981087,0.0,0.0,0.0,0.0006636674141721911,1477,1530
0.000277306848947946,-0.0019815128511523864,0.0,0.0,0.0,0.0004770613467766106,0.9999998862062293,-0.0002463901073094538,-0.0008874244619981087,0.0,0.0,0.0,0.0006636674141721911,1477,1530
0.000277306848947946,-0.0019815128511523864,0.0,0.0,0.0,0.0004770613467766106,0.9999998862062293,-0.0002463901073094538,-0.0008874244619981087,0.0,0.0,0.0,0.0006636674141721911,1477,1530
0.000277306848947946,-0.0019815128511523864,0.0,0.0,0.0,0.0004770613467766106,0.9999998862062293,-0.0002463901073094538,-0.0008874244619981087,0.0,0.0,0.0,0.0006636674141721911,1477,1530
0.000277306848947946,-0.0019815128511523864,0.0,0.0,0.0,0.0004770613467766106,0.9999998862062293,-0.0002463901073094538,-0.0008874244619981087,0.0,0.0,0.0,0.0006636674141721911,1477,1530
0.000277306848947946,-0.0019815128511523864,0.0,0.0,0.0,0.0004770613467766106,0.9999998862062293,-0.0002463901073094538,-0.0008874244619981087,0.0,0.0,0.0,0.0006636674141721911,1477,1530
0.000277306848947946,-0.0019815128511523864,0.0,0.0,0.0,0.0004770613467766106,0.9999998862062293,-0.0002463901073094538,-0.0008874244619981087,0.0,0.0,0.0,0.0006636674141721911,1477,1530
0.000277306848947946,-0.0019815128511523864,0.0,0.0,0.0,0.0004770613467766106,0.9999998862062293,-0.0002463901073094538,-0.0008874244619981087,0.0,0.0,0.0,0.0006636674141721911,1477,1530
0.000277306848947946,-0.0019815128511523864,0.0,0.0,0.0,0.0004770613467766106,0.9999998862062293,-0.0002463901073094538,-0.0008874244619981087,0.0,0.0,0.0,0.0006636674141721911,1477,1530
0.000277306848947946,-0.0019815128511523864,0.0,0.0,0.0,0.0004770613467766106,0.9999998862062293,-0.0002463901073094538,-0.0008874244619981087,0.0,0.0,0.0,0.0006636674141721911,1477,1530
0.000277306848947946,-0.0019815128511523864,0.0,0.0,0.0,0.0004770613467766106,0.9999998862062293,-0.0002463901073094538,-0.0008874244619981087,0.0,0.0,0.0,0.0006636674141721911,1477,1530
0.000277306848947946,-0.0019815128511523864,0.0,0.0,0.0,0.0004770613467766106,0.9999998862062293,-0.0002463901073094538,-0.0008874244619981087,0.0,0.0,0.0,0.0006636674141721911,1477,1530
0.000277306848947946,-0.0019815128511523864,0.0,0.0,0.0,0.0004770613467766106,0.9999998862062293,-0.0002463901073094538,-0.0008874244619981087,0.0,0.0,0.0,0.0006636674141721911,1477,1530
0.000277306848947946,-0.0019815128511523864,0.0,0.0,0.0,0.0004770613467766106,0.9999998862062293,-0.0002463901073094538,-0.0008874244619981087,0.0,0.0,0.0,0.0006636674141721911,1477,1530
0.000277306848947946,-0.0019815128511523864,0.0,0.0,0.0,0.0004770613467766106,0.9999998862062293,-0.0002463901073094538,-0.0008874244619981087,0.0,0.0,0.0,0.0006636674141721911,1477,1530
0.000277306848947946,-0.0019815128511523864,0.0,0.0,0.0,0.0004770613467766106,0.9999998862062293,-0.0002463901073094538,-0.0008874244619981087,0.0,0.0,0.0,0.0006636674141721911,1477,1530
0.000277306848947946,-0.0019815128511523864,0.0,0.0,0.0,0.0004770613467766106,0.9999998862062293,-0.0002463901073094538,-0.0008874244619981087,0.0,0.0,0.0,0.0006636674141721911,1477,1530
0.000277306848947946,-0.0019815128511523864,0.0,0.0,0.0,0.0004770613467766106,0.9999998862062293,-0.0002463901073094538,-0.0008874244619981087,0.0,0.0,0.0,0.0006636674141721911,1477,1530
0.000277306848947946,-0.0019815128511523864,0.0,0.0,0.0,0.0004770613467766106,0.9999998862062293,-0.0002463901073094538,-0.0008874244619981087,0.0,0.0,0.0,0.0006636674141721911,1477,1530
0.000277306848947946,-0.0019815128511523864,0.0,0.0,0.0,0.0004770613467766106,0.9999998862062293,-0.0002463901073094538,-0.0008874244619981087,0.0,0.0,0.0,0.0006636674141721911,1477,1530
0.000277306848947946,-0.0019815128511523864,0.0,0.0,0.0,0.0004770613467766106,0.9999998862062293,-0.0002463901073094538,-0.0008874244619981087,0.0,0.0,0.0,0.0006636674141721911,1477,1530
0.000277306848947946,-0.0019815128511523864,0.0,0.0,0.0,0.0004770613467766106,0.9999998862062293,-0.0002463901073094538,-0.0008874244619981087,0.0,0.0,0.0,0.0006636674141721911,1477,1530
0.000277306848947946,-0.0019815128511523864,0.0,0.0,0.0,0.0004770613467766106,0.9999998862062293,-0.0002463901073094538,-0.0008874244619981087,0.0,0.0,0.0,0.0006636674141721911,1477,1530
0.000277306848947946,-0.0019815128511523864,0.0,0.0,0.0,0.0004770613467766106,0.9999998862062293,-0.0002463901073094538,-0.0008874244619981087,0.0,0.0,0.0,0.0006636674141721911,1477,1530
0.000277306848947946,-0.0019815128511523864,0.0,0.0,0.0,0.0004770613467766106,0.9999998862062293,-0.0002463901073094538,-0.0008874244619981087,0.0,0.0,0.0,0.0006636674141721911,1477,1530
0.000277306848947946,-0.0019815128511523864,0.0,0.0,0.0,0.0004770613467766106,0.9999998862062293,-0.0002463901073094538,-0.0008874244619981087,0.0,0.0,0.0,0.0006636674141721911,1477,1530
0.000277306848947946,-0.0019815128511523864,0.0,0.0,0.0,0.0004770613467766106,0.9999998862062293,-0.0002463901073094538,-0.0008874244619981087,0.0,0.0,0.0,0.0006636674141721911,1477,1530
0.000277306848947946,-0.0019815128511523864,0.0,0.0,0.0,0.0004770613467766106,0.9999998862062293,-0.0002463901073094538,-0.0008874244619981087,0.0,0.0,0.0,0.0006636674141721911,1477,1530
0.000277306848947946,-0.0019815128511523864,0.0,0.0,0.0,0.0004770613467766106,0.9999998862062293,-0.0002463901073094538,-0.0008874244619981087,0.0,0.0,0.0,0.0006636674141721911,1477,1530
0.000277306848947946,-0.0019815128511523864,0.0,0.0,0.0,0.0004770613467766106,0.9999998862062293,-0.0002463901073094538,-0.0008874244619981087,0.0,0.0,0.0,0.0006636674141721911,1477,1530
0.000277306848947946,-0.0019815128511523864,0.0,0.0,0.0,0.0004770613467766106,0.9999998862062293,-0.0002463901073094538,-0.0008874244619981087,0.0,0.0,0.0,0.0006636674141721911,1477,1530
0.000277306848947946,-0.0019815128511523864,0.0,0.0,0.0,0.0004770613467766106,0.9999998862062293,-0.0002463901073094538,-0.0008874244619981087,0.0,0.0,0.0,0.0006636674141721911,1477,1530
0.000277306848947946,-0.0019815128511523864,0.0,0.0,0.0,0.0004770613467766106,0.9999998862062293,-0.0002463901073094538,-0.0008874244619981087,0.0,0.0,0.0,0.0006636674141721911,1477,1530
0.000277306848947946,-0.0019815128511523864,0.0,0.0,0.0,0.0004770613467766106,0.9999998862062293,-0.0002463901073094538,-0.0008874244619981087,0.0,0.0,0.0,0.0006636674141721911,1477,1530
0.000277306848947946,-0.0019815128511523864,0.0,0.0,0.0,0.0004770613467766106,0.9999998862062293,-0.0002463901073094538,-0.0008874244619981087,0.0,0.0,0.0,0.0006636674141721911,1477,1530
0.000277306848947946,-0.0019815128511523864,0.0,0.0,0.0,0.0004770613467766106,0.9999998862062293,-0.0002463901073094538,-0.0008874244619981087,0.0,0.0,0.0,0.0006636674141721911,1477,1530
0.000277306848947946,-0.0019815128511523864,0.0,0.0,0.0,0.0004770613467766106,0.9999998862062293,-0.0002463901073094538,-0.0008874244619981087,0.0,0.0,0.0,0.0006636674141721911,1477,1530
0.000277306848947946,-0.0019815128511523864,0.0,0.0,0.0,0.0004770613467766106,0.9999998862062293,-0.0002463901073094538,-0.0008874244619981087,0.0,0.0,0.0,0.0006636674141721911,1477,1530
0.000277306848947946,-0.0019815128511523864,0.0,0.0,0.0,0.0004770613467766106,0.9999998862062293,-0.0002463901073094538,-0.0008874244619981087,0.0,0.0,0.0,0.0006636674141721911,1477,1530
0.000277306848947946,-0.0019815128511523864,0.0,0.0,0.0,0.0004770613467766106,0.9999998862062293,-0.0002463901073094538,-0.0008874244619981087,0.0,0.0,0.0,0.0006636674141721911,1477,1530
0.000277306848947946,-0.0019815128511523864,0.0,0.0,0.0,0.0004770613467766106,0.9999998862062293,-0.0002463901073094538,-0.0008874244619981087,0.0,0.0,0.0,0.0006636674141721911,1477,1530
0.000277306848947946,-0.0019815128511523864,0.0,0.0,0.0,0.0004770613467766106,0.9999998862062293,-0.0002463901073094538,-0.0008874244619981087,0.0,0.0,0.0,0.0006636674141721911,1477,1530
0.000277306848947946,-0.0019815128511523864,0.0,0.0,0.0,0.0004770613467766106,0.9999998862062293,-0.0002463901073094538,-0.0008874244619981087,0.0,0.0,0.0,0.0006636674141721911,1477,1530
0.000277306848947946,-0.0019815128511523864,0.0,0.0,0.0,0.0004770613467766106,0.9999998862062293,-0.0002463901073094538,-0.0008874244619981087,0.0,0.0,0.0,0.0006636674141721911,1477,1530
0.000277306848947946,-0.0019815128511523864,0.0,0.0,0.0,0.0004770613467766106,0.9999998862062293,-0.0002463901073094538,-0.0008874244619981087,0.0,0.0,0.0,0.0006636674141721911,1477,1530
0.000277306848947946,-0.0019815128511523864,0.0,0.0,0.0,0.0004770613467766106,0.9999998862062293,-0.0002463901073094538,-0.0008874244619981087,0.0,0.0,0.0,0.0006636674141721911,1477,1530
0.000277306848947946,-0.0019815128511523864,0.0,0.0,0.0,0.0004770613467766106,0.9999998862062293,-0.0002463901073094538,-0.0008874244619981087,0.0,0.0,0.0,0.0006636674141721911,1477,1530
0.000277306848947946,-0.0019815128511523864,0.0,0.0,0.0,0.0004770613467766106,0.9999998862062293,-0.0002463901073094538,-0.0008874244619981087,0.0,0.0,0.0,0.0006636674141721911,1477,1530
0.000277306848947946,-0.0019815128511523864,0.0,0.0,0.0,0.0004770613467766106,0.9999998862062293,-0.0002463901073094538,-0.0008874244619981087,0.0,0.0,0.0,0.0006636674141721911,1477,1530
0.000277306848947946,-0.0019815128511523864,0.0,0.0,0.0,0.0004770613467766106,0.9999998862062293,-0.0002463901073094538,-0.0008874244619981087,0.0,0.0,0.0,0.0006636674141721911,1477,1530
0.000277306848947946,-0.0019815128511523864,0.0,0.0,0.0,0.0004770613467766106,0.9999998862062293,-0.0002463901073094538,-0.0008874244619981087,0.0,0.0,0.0,0.0006636674141721911,1477,1530
0.000277306848947946,-0.0019815128511523864,0.0,0.0,0.0,0.0004770613467766106,0.9999998862062293,-0.0002463901073094538,-0.0008874244619981087,0.0,0.0,0.0,0.0006636674141721911,1477,1530
0.000277306848947946,-0.0019815128511523864,0.0,0.0,0.0,0.0004770613467766106,0.9999998862062293,-0.0002463901073094538,-0.0008874244619981087,0.0,0.0,0.0,0.0006636674141721911,1477,1530
0.000277306848947946,-0.0019815128511523864,0.0,0.0,0.0,0.0004770613467766106,0.9999998862062293,-0.0002463901073094538,-0.0008874244619981087,0.0,0.0,0.0,0.0006636674141721911,1477,1530
0.000277306848947946,-0.0019815128511523864,0.0,0.0,0.0,0.0004770613467766106,0.9999998862062293,-0.0002463901073094538,-0.0008874244619981087,0.0,0.0,0.0,0.0006636674141721911,1477,1530
0.000277306848947946,-0.0019815128511523864,0.0,0.0,0.0,0.0004770613467766106,0.9999998862062293,-0.0002463901073094538,-0.0008874244619981087,0.0,0.0,0.0,0.0006636674141721911,1477,1530
0.000277306848947946,-0.0019815128511523864,0.0,0.0,0.0,0.0004770613467766106,0.9999998862062293,-0.0002463901073094538,-0.0008874244619981087,0.0,0.0,0.0,0.0006636674141721911,1477,1530
0.000277306848947946,-0.0019815128511523864,0.0,0.0,0.0,0.0004770613467766106,0.9999998862062293,-0.0002463901073094538,-0.0008874244619981087,0.0,0.0,0.0,0.0006636674141721911,1477,1530
0.000277306848947946,-0.0019815128511523864,0.0,0.0,0.0,0.0004770613467766106,0.9999998862062293,-0.0002463901073094538,-0.0008874244619981087,0.0,0.0,0.0,0.0006636674141721911,1477,1530
0.000277306848947946,-0.0019815128511523864,0.0,0.0,0.0,0.0004770613467766106,0.9999998862062293,-0.0002463901073094538,-0.0008874244619981087,0.0,0.0,0.0,0.0006636674141721911,1477,1530
0.000277306848947946,-0.0019815128511523864,0.0,0.0,0.0,0.0004770613467766106,0.9999998862062293,-0.0002463901073094538,-0.0008874244619981087,0.0,0.0,0.0,0.0006636674141721911,1477,1530
0.000277306848947946,-0.0019815128511523864,0.0,0.0,0.0,0.0004770613467766106,0.9999998862062293,-0.0002463901073094538,-0.0008874244619981087,0.0,0.0,0.0,0.0006636674141721911,1477,1530
0.000277306848947946,-0.0019815128511523864,0.0,0.0,0.0,0.0004770613467766106,0.9999998862062293,-0.0002463901073094538,-0.0008874244619981087,0.0,0.0,0.0,0.0006636674141721911,1477,1530
0.000277306848947946,-0.0019815128511523864,0.0,0.0,0.0,0.0004770613467766106,0.9999998862062293,-0.0002463901073094538,-0.0008874244619981087,0.0,0.0,0.0,0.0006636674141721911,1477,1530
0.000277306848947946,-0.0019815128511523864,0.0,0.0,0.0,0.0004770613467766106,0.9999998862062293,-0.0002463901073094538,-0.0008874244619981087,0.0,0.0,0.0,0.0006636674141721911,1477,1530
0.000277306848947946,-0.0019815128511523864,0.0,0.0,0.0,0.0004770613467766106,0.9999998862062293,-0.0002463901073094538,-0.0008874244619981087,0.0,0.0,0.0,0.0006636674141721911,1477,1530
0.000277306848947946,-0.0019815128511523864,0.0,0.0,0.0,0.0004770613467766106,0.9999998862062293,-0.0002463901073094538,-0.0008874244619981087,0.0,0.0,0.0,0.0006636674141721911,1477,1530
0.000277306848947946,-0.0019815128511523864,0.0,0.0,0.0,0.0004770613467766106,0.9999998862062293,-0.0002463901073094538,-0.0008874244619981087,0.0,0.0,0.0,0.0006636674141721911,1477,1530
0.000277306848947946,-0.0019815128511523864,0.0,0.0,0.0,0.0004770613467766106,0.9999998862062293,-0.0002463901073094538,-0.0008874244619981087,0.0,0.0,0.0,0.0006636674141721911,1477,1530
0.000277306848947946,-0.0019815128511523864,0.0,0.0,0.0,0.0004770613467766106,0.9999998862062293,-0.0002463901073094538,-0.0008874244619981087,0.0,0.0,0.0,0.0006636674141721911,1477,1530
0.000277306848947946,-0.0019815128511523864,0.0,0.0,0.0,0.0004770613467766106,0.9999998862062293,-0.0002463901073094538,-0.0008874244619981087,0.0,0.0,0.0,0.0006636674141721911,1477,1530
0.000277306848947946,-0.0019815128511523864,0.0,0.0,0.0,0.0004770613467766106,0.9999998862062293,-0.0002463901073094538,-0.0008874244619981087,0.0,0.0,0.0,0.0006636674141721911,1477,1530
0.000277306848947946,-0.0019815128511523864,0.0,0.0,0.0,0.0004770613467766106,0.9999998862062293,-0.0002463901073094538,-0.0008874244619981087,0.0,0.0,0.0,0.0006636674141721911,1477,1530
0.000277306848947946,-0.0019815128511523864,0.0,0.0,0.0,0.0004770613467766106,0.9999998862062293,-0.0002463901073094538,-0.0008874244619981087,0.0,0.0,0.0,0.0006636674141721911,1477,1530
0.000277306848947946,-0.0019815128511523864,0.0,0.0,0.0,0.0004770613467766106,0.9999998862062293,-0.0002463901073094538,-0.0008874244619981087,0.0,0.0,0.0,0.0006636674141721911,1477,1530
0.000277306848947946,-0.0019815128511523864,0.0,0.0,0.0,0.0004770613467766106,0.9999998862062293,-0.0002463901073094538,-0.0008874244619981087,0.0,0.0,0.0,0.0006636674141721911,1477,1530
0.000277306848947946,-0.0019815128511523864,0.0,0.0,0.0,0.0004770613467766106,0.9999998862062293,-0.0002463901073094538,-0.0008874244619981087,0.0,0.0,0.0,0.0006636674141721911,1477,1530
0.000277306848947946,-0.0019815128511523864,0.0,0.0,0.0,0.0004770613467766106,0.9999998862062293,-0.0002463901073094538,-0.0008874244619981087,0.0,0.0,0.0,0.0006636674141721911,1477,1530
0.000277306848947946,-0.0019815128511523864,0.0,0.0,0.0,0.0004770613467766106,0.9999998862062293,-0.0002463901073094538,-0.0008874244619981087,0.0,0.0,0.0,0.0006636674141721911,1477,1530
0.000277306848947946,-0.0019815128511523864,0.0,0.0,0.0,0.0004770613467766106,0.9999998862062293,-0.0002463901073094538,-0.0008874244619981087,0.0,0.0,0.0,0.0006636674141721911,1477,1530
0.000277306848947946,-0.0019815128511523864,0.0,0.0,0.0,0.0004770613467766106,0.9999998862062293,-0.0002463901073094538,-0.0008874244619981087,0.0,0.0,0.0,0.0006636674141721911,1477,1530
0.000277306848947946,-0.0019815128511523864,0.0,0.0,0.0,0.0004770613467766106,0.9999998862062293,-0.0002463901073094538,-0.0008874244619981087,0.0,0.0,0.0,0.0006636674141721911,1477,1530
0.000277306848947946,-0.0019815128511523864,0.0,0.0,0.0,0.0004770613467766106,0.9999998862062293,-0.0002463901073094538,-0.0008874244619981087,0.0,0.0,0.0,0.0006636674141721911,1477,1530
0.000277306848947946,-0.0019815128511523864,0.0,0.0,0.0,0.0004770613467766106,0.9999998862062293,-0.0002463901073094538,-0.0008874244619981087,0.0,0.0,0.0,0.0006636674141721911,1477,1530
0.000277306848947946,-0.0019815128511523864,0.0,0.0,0.0,0.0004770613467766106,0.9999998862062293,-0.0002463901073094538,-0.0008874244619981087,0.0,0.0,0.0,0.0006636674141721911,1477,1530
0.000277306848947946,-0.0019815128511523864,0.0,0.0,0.0,0.0004770613467766106,0.9999998862062293,-0.0002463901073094538,-0.0008874244619981087,0.0,0.0,0.0,0.0006636674141721911,1477,1530
0.000277306848947946,-0.0019815128511523864,0.0,0.0,0.0,0.0004770613467766106,0.9999998862062293,-0.0002463901073094538,-0.0008874244619981087,0.0,0.0,0.0,0.0006636674141721911,1477,1530
0.000277306848947946,-0.0019815128511523864,0.0,0.0,0.0,0.0004770613467766106,0.9999998862062293,-0.0002463901073094538,-0.0008874244619981087,0.0,0.0,0.0,0.0006636674141721911,1477,1530
0.000277306848947946,-0.0019815128511523864,0.0,0.0,0.0,0.0004770613467766106,0.9999998862062293,-0.0002463901073094538,-0.0008874244619981087,0.0,0.0,0.0,0.0006636674141721911,1477,1530
0.000277306848947946,-0.0019815128511523864,0.0,0.0,0.0,0.0004770613467766106,0.9999998862062293,-0.0002463901073094538,-0.0008874244619981087,0.0,0.0,0.0,0.0006636674141721911,1477,1530
0.000277306848947946,-0.0019815128511523864,0.0,0.0,0.0,0.0004770613467766106,0.9999998862062293,-0.0002463901073094538,-0.0008874244619981087,0.0,0.0,0.0,0.0006636674141721911,1477,1530
0.000277306848947946,-0.0019815128511523864,0.0,0.0,0.0,0.0004770613467766106,0.9999998862062293,-0.0002463901073094538,-0.0008874244619981087,0.0,0.0,0.0,0.0006636674141721911,1477,1530
0.000277306848947946,-0.0019815128511523864,0.0,0.0,0.0,0.0004770613467766106,0.9999998862062293,-0.0002463901073094538,-0.0008874244619981087,0.0,0.0,0.0,0.0006636674141721911,1477,1530
0.000277306848947946,-0.0019815128511523864,0.0,0.0,0.0,0.0004770613467766106,0.9999998862062293,-0.0002463901073094538,-0.0008874244619981087,0.0,0.0,0.0,0.0006636674141721911,1477,1530
0.000277306848947946,-0.0019815128511523864,0.0,0.0,0.0,0.0004770613467766106,0.9999998862062293,-0.0002463901073094538,-0.0008874244619981087,0.0,0.0,0.0,0.0006636674141721911,1477,1530
0.000277306848947946,-0.0019815128511523864,0.0,0.0,0.0,0.0004770613467766106,0.9999998862062293,-0.0002463901073094538,-0.0008874244619981087,0.0,0.0,0.0,0.0006636674141721911,1477,1530
0.000277306848947946,-0.0019815128511523864,0.0,0.0,0.0,0.0004770613467766106,0.9999998862062293,-0.0002463901073094538,-0.0008874244619981087,0.0,0.0,0.0,0.0006636674141721911,1477,1530
0.000277306848947946,-0.0019815128511523864,0.0,0.0,0.0,0.0004770613467766106,0.9999998862062293,-0.0002463901073094538,-0.0008874244619981087,0.0,0.0,0.0,0.0006636674141721911,1477,1530
0.000277306848947946,-0.0019815128511523864,0.0,0.0,0.0,0.0004770613467766106,0.9999998862062293,-0.0002463901073094538,-0.0008874244619981087,0.0,0.0,0.0,0.0006636674141721911,1477,1530
0.000277306848947946,-0.0019815128511523864,0.0,0.0,0.0,0.0004770613467766106,0.9999998862062293,-0.0002463901073094538,-0.0008874244619981087,0.0,0.0,0.0,0.0006636674141721911,1477,1530
0.000277306848947946,-0.0019815128511523864,0.0,0.0,0.0,0.0004770613467766106,0.9999998862062293,-0.0002463901073094538,-0.0008874244619981087,0.0,0.0,0.0,0.0006636674141721911,1477,1530
0.000277306848947946,-0.0019815128511523864,0.0,0.0,0.0,0.0004770613467766106,0.9999998862062293,-0.0002463901073094538,-0.0008874244619981087,0.0,0.0,0.0,0.0006636674141721911,1477,1530
0.000277306848947946,-0.0019815128511523864,0.0,0.0,0.0,0.0004770613467766106,0.9999998862062293,-0.0002463901073094538,-0.0008874244619981087,0.0,0.0,0.0,0.0006636674141721911,1477,1530
0.000277306848947946,-0.0019815128511523864,0.0,0.0,0.0,0.0004770613467766106,0.9999998862062293,-0.0002463901073094538,-0.0008874244619981087,0.0,0.0,0.0,0.0006636674141721911,1477,1530
0.000277306848947946,-0.0019815128511523864,0.0,0.0,0.0,0.0004770613467766106,0.9999998862062293,-0.0002463901073094538,-0.0008874244619981087,0.0,0.0,0.0,0.0006636674141721911,1477,1530
0.000277306848947946,-0.0019815128511523864,0.0,0.0,0.0,0.0004770613467766106,0.9999998862062293,-0.0002463901073094538,-0.0008874244619981087,0.0,0.0,0.0,0.0006636674141721911,1477,1530
0.000277306848947946,-0.0019815128511523864,0.0,0.0,0.0,0.0004770613467766106,0.9999998862062293,-0.0002463901073094538,-0.0008874244619981087,0.0,0.0,0.0,0.0006636674141721911,1477,1530
0.000277306848947946,-0.0019815128511523864,0.0,0.0,0.0,0.0004770613467766106,0.9999998862062293,-0.0002463901073094538,-0.0008874244619981087,0.0,0.0,0.0,0.0006636674141721911,1477,1530
0.000277306848947946,-0.0019815128511523864,0.0,0.0,0.0,0.0004770613467766106,0.9999998862062293,-0.0002463901073094538,-0.0008874244619981087,0.0,0.0,0.0,0.0006636674141721911,1477,1530
0.000277306848947946,-0.0019815128511523864,0.0,0.0,0.0,0.0004770613467766106,0.9999998862062293,-0.0002463901073094538,-0.0008874244619981087,0.0,0.0,0.0,0.0006636674141721911,1477,1530
0.000277306848947946,-0.0019815128511523864,0.0,0.0,0.0,0.0004770613467766106,0.9999998862062293,-0.0002463901073094538,-0.0008874244619981087,0.0,0.0,0.0,0.0006636674141721911,1477,1530
0.000277306848947946,-0.0019815128511523864,0.0,0.0,0.0,0.0004770613467766106,0.9999998862062293,-0.0002463901073094538,-0.0008874244619981087,0.0,0.0,0.0,0.0006636674141721911,1477,1530
0.000277306848947946,-0.0019815128511523864,0.0,0.0,0.0,0.0004770613467766106,0.9999998862062293,-0.0002463901073094538,-0.0008874244619981087,0.0,0.0,0.0,0.0006636674141721911,1477,1530
0.000277306848947946,-0.0019815128511523864,0.0,0.0,0.0,0.0004770613467766106,0.9999998862062293,-0.0002463901073094538,-0.0008874244619981087,0.0,0.0,0.0,0.0006636674141721911,1477,1530
0.000277306848947946,-0.0019815128511523864,0.0,0.0,0.0,0.0004770613467766106,0.9999998862062293,-0.0002463901073094538,-0.0008874244619981087,0.0,0.0,0.0,0.0006636674141721911,1477,1530
0.000277306848947946,-0.0019815128511523864,0.0,0.0,0.0,0.0004770613467766106,0.9999998862062293,-0.0002463901073094538,-0.0008874244619981087,0.0,0.0,0.0,0.0006636674141721911,1477,1530
0.000277306848947946,-0.0019815128511523864,0.0,0.0,0.0,0.0004770613467766106,0.9999998862062293,-0.0002463901073094538,-0.0008874244619981087,0.0,0.0,0.0,0.0006636674141721911,1477,1530
0.000277306848947946,-0.0019815128511523864,0.0,0.0,0.0,0.0004770613467766106,0.9999998862062293,-0.0002463901073094538,-0.0008874244619981087,0.0,0.0,0.0,0.0006636674141721911,1477,1530
0.000277306848947946,-0.0019815128511523864,0.0,0.0,0.0,0.0004770613467766106,0.9999998862062293,-0.0002463901073094538,-0.0008874244619981087,0.0,0.0,0.0,0.0006636674141721911,1477,1530
0.000277306848947946,-0.0019815128511523864,0.0,0.0,0.0,0.0004770613467766106,0.9999998862062293,-0.0002463901073094538,-0.0008874244619981087,0.0,0.0,0.0,0.0006636674141721911,1477,1530
0.000277306848947946,-0.0019815128511523864,0.0,0.0,0.0,0.0004770613467766106,0.9999998862062293,-0.0002463901073094538,-0.0008874244619981087,0.0,0.0,0.0,0.0006636674141721911,1477,1530
0.000277306848947946,-0.0019815128511523864,0.0,0.0,0.0,0.0004770613467766106,0.9999998862062293,-0.0002463901073094538,-0.0008874244619981087,0.0,0.0,0.0,0.0006636674141721911,1477,1530
0.000277306848947946,-0.0019815128511523864,0.0,0.0,0.0,0.0004770613467766106,0.9999998862062293,-0.0002463901073094538,-0.0008874244619981087,0.0,0.0,0.0,0.0006636674141721911,1477,1530
0.000277306848947946,-0.0019815128511523864,0.0,0.0,0.0,0.0004770613467766106,0.9999998862062293,-0.0002463901073094538,-0.0008874244619981087,0.0,0.0,0.0,0.0006636674141721911,1477,1530
0.000277306848947946,-0.0019815128511523864,0.0,0.0,0.0,0.0004770613467766106,0.9999998862062293,-0.0002463901073094538,-0.0008874244619981087,0.0,0.0,0.0,0.0006636674141721911,1477,1530
0.000277306848947946,-0.0019815128511523864,0.0,0.0,0.0,0.0004770613467766106,0.9999998862062293,-0.0002463901073094538,-0.0008874244619981087,0.0,0.0,0.0,0.0006636674141721911,1477,1530
0.000277306848947946,-0.0019815128511523864,0.0,0.0,0.0,0.0004770613467766106,0.9999998862062293,-0.0002463901073094538,-0.0008874244619981087,0.0,0.0,0.0,0.0006636674141721911,1477,1530
0.000277306848947946,-0.0019815128511523864,0.0,0.0,0.0,0.0004770613467766106,0.9999998862062293,-0.0002463901073094538,-0.0008874244619981087,0.0,0.0,0.0,0.0006636674141721911,1477,1530
0.000277306848947946,-0.0019815128511523864,0.0,0.0,0.0,0.0004770613467766106,0.9999998862062293,-0.0002463901073094538,-0.0008874244619981087,0.0,0.0,0.0,0.0006636674141721911,1477,1530
0.000277306848947946,-0.0019815128511523864,0.0,0.0,0.0,0.0004770613467766106,0.9999998862062293,-0.0002463901073094538,-0.0008874244619981087,0.0,0.0,0.0,0.0006636674141721911,1477,1530
0.000277306848947946,-0.0019815128511523864,0.0,0.0,0.0,0.0004770613467766106,0.9999998862062293,-0.0002463901073094538,-0.0008874244619981087,0.0,0.0,0.0,0.0006636674141721911,1477,1530
0.000277306848947946,-0.0019815128511523864,0.0,0.0,0.0,0.0004770613467766106,0.9999998862062293,-0.0002463901073094538,-0.0008874244619981087,0.0,0.0,0.0,0.0006636674141721911,1477,1530
0.000277306848947946,-0.0019815128511523864,0.0,0.0,0.0,0.0004770613467766106,0.9999998862062293,-0.0002463901073094538,-0.0008874244619981087,0.0,0.0,0.0,0.0006636674141721911,1477,1530
0.000277306848947946,-0.0019815128511523864,0.0,0.0,0.0,0.0004770613467766106,0.9999998862062293,-0.0002463901073094538,-0.0008874244619981087,0.0,0.0,0.0,0.0006636674141721911,1477,1530
0.000277306848947946,-0.0019815128511523864,0.0,0.0,0.0,0.0004770613467766106,0.9999998862062293,-0.0002463901073094538,-0.0008874244619981087,0.0,0.0,0.0,0.0006636674141721911,1477,1530
0.000277306848947946,-0.0019815128511523864,0.0,0.0,0.0,0.0004770613467766106,0.9999998862062293,-0.0002463901073094538,-0.0008874244619981087,0.0,0.0,0.0,0.0006636674141721911,1477,1530
0.000277306848947946,-0.0019815128511523864,0.0,0.0,0.0,0.0004770613467766106,0.9999998862062293,-0.0002463901073094538,-0.0008874244619981087,0.0,0.0,0.0,0.0006636674141721911,1477,1530
0.000277306848947946,-0.0019815128511523864,0.0,0.0,0.0,0.0004770613467766106,0.9999998862062293,-0.0002463901073094538,-0.0008874244619981087,0.0,0.0,0.0,0.0006636674141721911,1477,1530
0.000277306848947946,-0.0019815128511523864,0.0,0.0,0.0,0.0004770613467766106,0.9999998862062293,-0.0002463901073094538,-0.0008874244619981087,0.0,0.0,0.0,0.0006636674141721911,1477,1530
0.000277306848947946,-0.0019815128511523864,0.0,0.0,0.0,0.0004770613467766106,0.9999998862062293,-0.0002463901073094538,-0.0008874244619981087,0.0,0.0,0.0,0.0006636674141721911,1477,1530
0.000277306848947946,-0.0019815128511523864,0.0,0.0,0.0,0.0004770613467766106,0.9999998862062293,-0.0002463901073094538,-0.0008874244619981087,0.0,0.0,0.0,0.0006636674141721911,1477,1530
0.000277306848947946,-0.0019815128511523864,0.0,0.0,0.0,0.0004770613467766106,0.9999998862062293,-0.0002463901073094538,-0.0008874244619981087,0.0,0.0,0.0,0.0006636674141721911,1477,1530
0.000277306848947946,-0.0019815128511523864,0.0,0.0,0.0,0.0004770613467766106,0.9999998862062293,-0.0002463901073094538,-0.0008874244619981087,0.0,0.0,0.0,0.0006636674141721911,1477,1530
0.000277306848947946,-0.0019815128511523864,0.0,0.0,0.0,0.0004770613467766106,0.9999998862062293,-0.0002463901073094538,-0.0008874244619981087,0.0,0.0,0.0,0.0006636674141721911,1477,1530
0.000277306848947946,-0.0019815128511523864,0.0,0.0,0.0,0.0004770613467766106,0.9999998862062293,-0.0002463901073094538,-0.0008874244619981087,0.0,0.0,0.0,0.0006636674141721911,1477,1530
0.000277306848947946,-0.0019815128511523864,0.0,0.0,0.0,0.0004770613467766106,0.9999998862062293,-0.0002463901073094538,-0.0008874244619981087,0.0,0.0,0.0,0.0006636674141721911,1477,1530
0.000277306848947946,-0.0019815128511523864,0.0,0.0,0.0,0.0004770613467766106,0.9999998862062293,-0.0002463901073094538,-0.0008874244619981087,0.0,0.0,0.0,0.0006636674141721911,1477,1530
0.000277306848947946,-0.0019815128511523864,0.0,0.0,0.0,0.0004770613467766106,0.9999998862062293,-0.0002463901073094538,-0.0008874244619981087,0.0,0.0,0.0,0.0006636674141721911,1477,1530
0.000277306848947946,-0.0019815128511523864,0.0,0.0,0.0,0.0004770613467766106,0.9999998862062293,-0.0002463901073094538,-0.0008874244619981087,0.0,0.0,0.0,0.0006636674141721911,1477,1530
0.000277306848947946,-0.0019815128511523864,0.0,0.0,0.0,0.0004770613467766106,0.9999998862062293,-0.0002463901073094538,-0.0008874244619981087,0.0,0.0,0.0,0.0006636674141721911,1477,1530
0.000277306848947946,-0.0019815128511523864,0.0,0.0,0.0,0.0004770613467766106,0.9999998862062293,-0.0002463901073094538,-0.0008874244619981087,0.0,0.0,0.0,0.0006636674141721911,1477,1530
0.000277306848947946,-0.0019815128511523864,0.0,0.0,0.0,0.0004770613467766106,0.9999998862062293,-0.0002463901073094538,-0.0008874244619981087,0.0,0.0,0.0,0.0006636674141721911,1477,1530
0.000277306848947946,-0.0019815128511523864,0.0,0.0,0.0,0.0004770613467766106,0.9999998862062293,-0.0002463901073094538,-0.0008874244619981087,0.0,0.0,0.0,0.0006636674141721911,1477,1530
0.000277306848947946,-0.0019815128511523864,0.0,0.0,0.0,0.0004770613467766106,0.9999998862062293,-0.0002463901073094538,-0.0008874244619981087,0.0,0.0,0.0,0.0006636674141721911,1477,1530
0.000277306848947946,-0.0019815128511523864,0.0,0.0,0.0,0.0004770613467766106,0.9999998862062293,-0.0002463901073094538,-0.0008874244619981087,0.0,0.0,0.0,0.0006636674141721911,1477,1530
0.000277306848947946,-0.0019815128511523864,0.0,0.0,0.0,0.0004770613467766106,0.9999998862062293,-0.0002463901073094538,-0.0008874244619981087,0.0,0.0,0.0,0.0006636674141721911,1477,1530
0.000277306848947946,-0.0019815128511523864,0.0,0.0,0.0,0.0004770613467766106,0.9999998862062293,-0.0002463901073094538,-0.0008874244619981087,0.0,0.0,0.0,0.0006636674141721911,1477,1530
0.000277306848947946,-0.0019815128511523864,0.0,0.0,0.0,0.0004770613467766106,0.9999998862062293,-0.0002463901073094538,-0.0008874244619981087,0.0,0.0,0.0,0.0006636674141721911,1477,1530
0.000277306848947946,-0.0019815128511523864,0.0,0.0,0.0,0.0004770613467766106,0.9999998862062293,-0.0002463901073094538,-0.0008874244619981087,0.0,0.0,0.0,0.0006636674141721911,1477,1530
0.000277306848947946,-0.0019815128511523864,0.0,0.0,0.0,0.0004770613467766106,0.9999998862062293,-0.0002463901073094538,-0.0008874244619981087,0.0,0.0,0.0,0.0006636674141721911,1477,1530
0.000277306848947946,-0.0019815128511523864,0.0,0.0,0.0,0.0004770613467766106,0.9999998862062293,-0.0002463901073094538,-0.0008874244619981087,0.0,0.0,0.0,0.0006636674141721911,1477,1530
0.000277306848947946,-0.0019815128511523864,0.0,0.0,0.0,0.0004770613467766106,0.9999998862062293,-0.0002463901073094538,-0.0008874244619981087,0.0,0.0,0.0,0.0006636674141721911,1477,1530
0.000277306848947946,-0.0019815128511523864,0.0,0.0,0.0,0.0004770613467766106,0.9999998862062293,-0.0002463901073094538,-0.0008874244619981087,0.0,0.0,0.0,0.0006636674141721911,1477,1530
0.000277306848947946,-0.0019815128511523864,0.0,0.0,0.0,0.0004770613467766106,0.9999998862062293,-0.0002463901073094538,-0.0008874244619981087,0.0,0.0,0.0,0.0006636674141721911,1477,1530
0.000277306848947946,-0.0019815128511523864,0.0,0.0,0.0,0.0004770613467766106,0.9999998862062293,-0.0002463901073094538,-0.0008874244619981087,0.0,0.0,0.0,0.0006636674141721911,1477,1530
0.000277306848947946,-0.0019815128511523864,0.0,0.0,0.0,0.0004770613467766106,0.9999998862062293,-0.0002463901073094538,-0.0008874244619981087,0.0,0.0,0.0,0.0006636674141721911,1477,1530
0.000277306848947946,-0.0019815128511523864,0.0,0.0,0.0,0.0004770613467766106,0.9999998862062293,-0.0002463901073094538,-0.0008874244619981087,0.0,0.0,0.0,0.0006636674141721911,1477,1530
0.000277306848947946,-0.0019815128511523864,0.0,0.0,0.0,0.0004770613467766106,0.9999998862062293,-0.0002463901073094538,-0.0008874244619981087,0.0,0.0,0.0,0.0006636674141721911,1477,1530
0.000277306848947946,-0.0019815128511523864,0.0,0.0,0.0,0.0004770613467766106,0.9999998862062293,-0.0002463901073094538,-0.0008874244619981087,0.0,0.0,0.0,0.0006636674141721911,1477,1530
0.000277306848947946,-0.0019815128511523864,0.0,0.0,0.0,0.0004770613467766106,0.9999998862062293,-0.0002463901073094538,-0.0008874244619981087,0.0,0.0,0.0,0.0006636674141721911,1477,1530
0.000277306848947946,-0.0019815128511523864,0.0,0.0,0.0,0.0004770613467766106,0.9999998862062293,-0.0002463901073094538,-0.0008874244619981087,0.0,0.0,0.0,0.0006636674141721911,1477,1530
0.000277306848947946,-0.0019815128511523864,0.0,0.0,0.0,0.0004770613467766106,0.9999998862062293,-0.0002463901073094538,-0.0008874244619981087,0.0,0.0,0.0,0.0006636674141721911,1477,1530
0.000277306848947946,-0.0019815128511523864,0.0,0.0,0.0,0.0004770613467766106,0.9999998862062293,-0.0002463901073094538,-0.0008874244619981087,0.0,0.0,0.0,0.0006636674141721911,1477,1530
0.000277306848947946,-0.0019815128511523864,0.0,0.0,0.0,0.0004770613467766106,0.9999998862062293,-0.0002463901073094538,-0.0008874244619981087,0.0,0.0,0.0,0.0006636674141721911,1477,1530
0.000277306848947946,-0.0019815128511523864,0.0,0.0,0.0,0.0004770613467766106,0.9999998862062293,-0.0002463901073094538,-0.0008874244619981087,0.0,0.0,0.0,0.0006636674141721911,1477,1530
0.000277306848947946,-0.0019815128511523864,0.0,0.0,0.0,0.0004770613467766106,0.9999998862062293,-0.0002463901073094538,-0.0008874244619981087,0.0,0.0,0.0,0.0006636674141721911,1477,1530
0.000277306848947946,-0.0019815128511523864,0.0,0.0,0.0,0.0004770613467766106,0.9999998862062293,-0.0002463901073094538,-0.0008874244619981087,0.0,0.0,0.0,0.0006636674141721911,1477,1530
0.000277306848947946,-0.0019815128511523864,0.0,0.0,0.0,0.0004770613467766106,0.9999998862062293,-0.0002463901073094538,-0.0008874244619981087,0.0,0.0,0.0,0.0006636674141721911,1477,1530
0.000277306848947946,-0.0019815128511523864,0.0,0.0,0.0,0.0004770613467766106,0.9999998862062293,-0.0002463901073094538,-0.0008874244619981087,0.0,0.0,0.0,0.0006636674141721911,1477,1530
0.000277306848947946,-0.0019815128511523864,0.0,0.0,0.0,0.0004770613467766106,0.9999998862062293,-0.0002463901073094538,-0.0008874244619981087,0.0,0.0,0.0,0.0006636674141721911,1477,1530
0.000277306848947946,-0.0019815128511523864,0.0,0.0,0.0,0.0004770613467766106,0.9999998862062293,-0.0002463901073094538,-0.0008874244619981087,0.0,0.0,0.0,0.0006636674141721911,1477,1530
0.000277306848947946,-0.0019815128511523864,0.0,0.0,0.0,0.0004770613467766106,0.9999998862062293,-0.0002463901073094538,-0.0008874244619981087,0.0,0.0,0.0,0.0006636674141721911,1477,1530
0.000277306848947946,-0.0019815128511523864,0.0,0.0,0.0,0.0004770613467766106,0.9999998862062293,-0.0002463901073094538,-0.0008874244619981087,0.0,0.0,0.0,0.0006636674141721911,1477,1530
0.000277306848947946,-0.0019815128511523864,0.0,0.0,0.0,0.0004770613467766106,0.9999998862062293,-0.0002463901073094538,-0.0008874244619981087,0.0,0.0,0.0,0.0006636674141721911,1477,1530
0.000277306848947946,-0.0019815128511523864,0.0,0.0,0.0,0.0004770613467766106,0.9999998862062293,-0.0002463901073094538,-0.0008874244619981087,0.0,0.0,0.0,0.0006636674141721911,1477,1530
0.000277306848947946,-0.0019815128511523864,0.0,0.0,0.0,0.0004770613467766106,0.9999998862062293,-0.0002463901073094538,-0.0008874244619981087,0.0,0.0,0.0,0.0006636674141721911,1477,1530
0.000277306848947946,-0.0019815128511523864,0.0,0.0,0.0,0.0004770613467766106,0.9999998862062293,-0.0002463901073094538,-0.0008874244619981087,0.0,0.0,0.0,0.0006636674141721911,1477,1530
0.000277306848947946,-0.0019815128511523864,0.0,0.0,0.0,0.0004770613467766106,0.9999998862062293,-0.0002463901073094538,-0.0008874244619981087,0.0,0.0,0.0,0.0006636674141721911,1477,1530
0.000277306848947946,-0.0019815128511523864,0.0,0.0,0.0,0.0004770613467766106,0.9999998862062293,-0.0002463901073094538,-0.0008874244619981087,0.0,0.0,0.0,0.0006636674141721911,1477,1530
0.000277306848947946,-0.0019815128511523864,0.0,0.0,0.0,0.0004770613467766106,0.9999998862062293,-0.0002463901073094538,-0.0008874244619981087,0.0,0.0,0.0,0.0006636674141721911,1477,1530
0.000277306848947946,-0.0019815128511523864,0.0,0.0,0.0,0.0004770613467766106,0.9999998862062293,-0.0002463901073094538,-0.0008874244619981087,0.0,0.0,0.0,0.0006636674141721911,1477,1530
0.000277306848947946,-0.0019815128511523864,0.0,0.0,0.0,0.0004770613467766106,0.9999998862062293,-0.0002463901073094538,-0.0008874244619981087,0.0,0.0,0.0,0.0006636674141721911,1477,1530
0.000277306848947946,-0.0019815128511523864,0.0,0.0,0.0,0.0004770613467766106,0.9999998862062293,-0.0002463901073094538,-0.0008874244619981087,0.0,0.0,0.0,0.0006636674141721911,1477,1530
0.000277306848947946,-0.0019815128511523864,0.0,0.0,0.0,0.0004770613467766106,0.9999998862062293,-0.0002463901073094538,-0.0008874244619981087,0.0,0.0,0.0,0.0006636674141721911,1477,1530
0.000277306848947946,-0.0019815128511523864,0.0,0.0,0.0,0.0004770613467766106,0.9999998862062293,-0.0002463901073094538,-0.0008874244619981087,0.0,0.0,0.0,0.0006636674141721911,1477,1530
0.000277306848947946,-0.0019815128511523864,0.0,0.0,0.0,0.0004770613467766106,0.9999998862062293,-0.0002463901073094538,-0.0008874244619981087,0.0,0.0,0.0,0.0006636674141721911,1477,1530
0.000277306848947946,-0.0019815128511523864,0.0,0.0,0.0,0.0004770613467766106,0.9999998862062293,-0.0002463901073094538,-0.0008874244619981087,0.0,0.0,0.0,0.0006636674141721911,1477,1530
0.000277306848947946,-0.0019815128511523864,0.0,0.0,0.0,0.0004770613467766106,0.9999998862062293,-0.0002463901073094538,-0.0008874244619981087,0.0,0.0,0.0,0.0006636674141721911,1477,1530
0.000277306848947946,-0.0019815128511523864,0.0,0.0,0.0,0.0004770613467766106,0.9999998862062293,-0.0002463901073094538,-0.0008874244619981087,0.0,0.0,0.0,0.0006636674141721911,1477,1530
0.000277306848947946,-0.0019815128511523864,0.0,0.0,0.0,0.0004770613467766106,0.9999998862062293,-0.0002463901073094538,-0.0008874244619981087,0.0,0.0,0.0,0.0006636674141721911,1477,1530
0.000277306848947946,-0.0019815128511523864,0.0,0.0,0.0,0.0004770613467766106,0.9999998862062293,-0.0002463901073094538,-0.0008874244619981087,0.0,0.0,0.0,0.0006636674141721911,1477,1530
0.000277306848947946,-0.0019815128511523864,0.0,0.0,0.0,0.0004770613467766106,0.9999998862062293,-0.0002463901073094538,-0.0008874244619981087,0.0,0.0,0.0,0.0006636674141721911,1477,1530
0.000277306848947946,-0.0019815128511523864,0.0,0.0,0.0,0.0004770613467766106,0.9999998862062293,-0.0002463901073094538,-0.0008874244619981087,0.0,0.0,0.0,0.0006636674141721911,1477,1530
0.000277306848947946,-0.0019815128511523864,0.0,0.0,0.0,0.0004770613467766106,0.9999998862062293,-0.0002463901073094538,-0.0008874244619981087,0.0,0.0,0.0,0.0006636674141721911,1477,1530
0.000277306848947946,-0.0019815128511523864,0.0,0.0,0.0,0.0004770613467766106,0.9999998862062293,-0.0002463901073094538,-0.0008874244619981087,0.0,0.0,0.0,0.0006636674141721911,1477,1530
0.000277306848947946,-0.0019815128511523864,0.0,0.0,0.0,0.0004770613467766106,0.9999998862062293,-0.0002463901073094538,-0.0008874244619981087,0.0,0.0,0.0,0.0006636674141721911,1477,1530
0.000277306848947946,-0.0019815128511523864,0.0,0.0,0.0,0.0004770613467766106,0.9999998862062293,-0.0002463901073094538,-0.0008874244619981087,0.0,0.0,0.0,0.0006636674141721911,1477,1530
0.000277306848947946,-0.0019815128511523864,0.0,0.0,0.0,0.0004770613467766106,0.9999998862062293,-0.0002463901073094538,-0.0008874244619981087,0.0,0.0,0.0,0.0006636674141721911,1477,1530
0.000277306848947946,-0.0019815128511523864,0.0,0.0,0.0,0.0004770613467766106,0.9999998862062293,-0.0002463901073094538,-0.0008874244619981087,0.0,0.0,0.0,0.0006636674141721911,1477,1530
0.000277306848947946,-0.0019815128511523864,0.0,0.0,0.0,0.0004770613467766106,0.9999998862062293,-0.0002463901073094538,-0.0008874244619981087,0.0,0.0,0.0,0.0006636674141721911,1477,1530
0.000277306848947946,-0.0019815128511523864,0.0,0.0,0.0,0.0004770613467766106,0.9999998862062293,-0.0002463901073094538,-0.0008874244619981087,0.0,0.0,0.0,0.0006636674141721911,1477,1530
0.000277306848947946,-0.0019815128511523864,0.0,0.0,0.0,0.0004770613467766106,0.9999998862062293,-0.0002463901073094538,-0.0008874244619981087,0.0,0.0,0.0,0.0006636674141721911,1477,1530
0.000277306848947946,-0.0019815128511523864,0.0,0.0,0.0,0.0004770613467766106,0.9999998862062293,-0.0002463901073094538,-0.0008874244619981087,0.0,0.0,0.0,0.0006636674141721911,1477,1530
0.000277306848947946,-0.0019815128511523864,0.0,0.0,0.0,0.0004770613467766106,0.9999998862062293,-0.0002463901073094538,-0.0008874244619981087,0.0,0.0,0.0,0.0006636674141721911,1477,1530
0.000277306848947946,-0.0019815128511523864,0.0,0.0,0.0,0.0004770613467766106,0.9999998862062293,-0.0002463901073094538,-0.0008874244619981087,0.0,0.0,0.0,0.0006636674141721911,1477,1530
0.000277306848947946,-0.0019815128511523864,0.0,0.0,0.0,0.0004770613467766106,0.9999998862062293,-0.0002463901073094538,-0.0008874244619981087,0.0,0.0,0.0,0.0006636674141721911,1477,1530
0.000277306848947946,-0.0019815128511523864,0.0,0.0,0.0,0.0004770613467766106,0.9999998862062293,-0.0002463901073094538,-0.0008874244619981087,0.0,0.0,0.0,0.0006636674141721911,1477,1530
0.000277306848947946,-0.0019815128511523864,0.0,0.0,0.0,0.0004770613467766106,0.9999998862062293,-0.0002463901073094538,-0.0008874244619981087,0.0,0.0,0.0,0.0006636674141721911,1477,1530
0.000277306848947946,-0.0019815128511523864,0.0,0.0,0.0,0.0004770613467766106,0.9999998862062293,-0.0002463901073094538,-0.0008874244619981087,0.0,0.0,0.0,0.0006636674141721911,1477,1530
0.000277306848947946,-0.0019815128511523864,0.0,0.0,0.0,0.0004770613467766106,0.9999998862062293,-0.0002463901073094538,-0.0008874244619981087,0.0,0.0,0.0,0.0006636674141721911,1477,1530
0.000277306848947946,-0.0019815128511523864,0.0,0.0,0.0,0.0004770613467766106,0.9999998862062293,-0.0002463901073094538,-0.0008874244619981087,0.0,0.0,0.0,0.0006636674141721911,1477,1530
0.000277306848947946,-0.0019815128511523864,0.0,0.0,0.0,0.0004770613467766106,0.9999998862062293,-0.0002463901073094538,-0.0008874244619981087,0.0,0.0,0.0,0.0006636674141721911,1477,1530
0.000277306848947946,-0.0019815128511523864,0.0,0.0,0.0,0.0004770613467766106,0.9999998862062293,-0.0002463901073094538,-0.0008874244619981087,0.0,0.0,0.0,0.0006636674141721911,1477,1530
0.000277306848947946,-0.0019815128511523864,0.0,0.0,0.0,0.0004770613467766106,0.9999998862062293,-0.0002463901073094538,-0.0008874244619981087,0.0,0.0,0.0,0.0006636674141721911,1477,1530
0.000277306848947946,-0.0019815128511523864,0.0,0.0,0.0,0.0004770613467766106,0.9999998862062293,-0.0002463901073094538,-0.0008874244619981087,0.0,0.0,0.0,0.0006636674141721911,1477,1530
0.000277306848947946,-0.0019815128511523864,0.0,0.0,0.0,0.0004770613467766106,0.9999998862062293,-0.0002463901073094538,-0.0008874244619981087,0.0,0.0,0.0,0.0006636674141721911,1477,1530
0.000277306848947946,-0.0019815128511523864,0.0,0.0,0.0,0.0004770613467766106,0.9999998862062293,-0.0002463901073094538,-0.0008874244619981087,0.0,0.0,0.0,0.0006636674141721911,1477,1530
0.000277306848947946,-0.0019815128511523864,0.0,0.0,0.0,0.0004770613467766106,0.9999998862062293,-0.0002463901073094538,-0.0008874244619981087,0.0,0.0,0.0,0.0006636674141721911,1477,1530
0.000277306848947946,-0.0019815128511523864,0.0,0.0,0.0,0.0004770613467766106,0.9999998862062293,-0.0002463901073094538,-0.0008874244619981087,0.0,0.0,0.0,0.0006636674141721911,1477,1530
0.000277306848947946,-0.0019815128511523864,0.0,0.0,0.0,0.0004770613467766106,0.9999998862062293,-0.0002463901073094538,-0.0008874244619981087,0.0,0.0,0.0,0.0006636674141721911,1477,1530
0.000277306848947946,-0.0019815128511523864,0.0,0.0,0.0,0.0004770613467766106,0.9999998862062293,-0.0002463901073094538,-0.0008874244619981087,0.0,0.0,0.0,0.0006636674141721911,1477,1530
0.000277306848947946,-0.0019815128511523864,0.0,0.0,0.0,0.0004770613467766106,0.9999998862062293,-0.0002463901073094538,-0.0008874244619981087,0.0,0.0,0.0,0.0006636674141721911,1477,1530
0.000277306848947946,-0.0019815128511523864,0.0,0.0,0.0,0.0004770613467766106,0.9999998862062293,-0.0002463901073094538,-0.0008874244619981087,0.0,0.0,0.0,0.0006636674141721911,1477,1530
0.000277306848947946,-0.0019815128511523864,0.0,0.0,0.0,0.0004770613467766106,0.9999998862062293,-0.0002463901073094538,-0.0008874244619981087,0.0,0.0,0.0,0.0006636674141721911,1477,1530
0.000277306848947946,-0.0019815128511523864,0.0,0.0,0.0,0.0004770613467766106,0.9999998862062293,-0.0002463901073094538,-0.0008874244619981087,0.0,0.0,0.0,0.0006636674141721911,1477,1530
0.000277306848947946,-0.0019815128511523864,0.0,0.0,0.0,0.0004770613467766106,0.9999998862062293,-0.0002463901073094538,-0.0008874244619981087,0.0,0.0,0.0,0.0006636674141721911,1477,1530
0.000277306848947946,-0.0019815128511523864,0.0,0.0,0.0,0.0004770613467766106,0.9999998862062293,-0.0002463901073094538,-0.0008874244619981087,0.0,0.0,0.0,0.0006636674141721911,1477,1530
0.000277306848947946,-0.0019815128511523864,0.0,0.0,0.0,0.0004770613467766106,0.9999998862062293,-0.0002463901073094538,-0.0008874244619981087,0.0,0.0,0.0,0.0006636674141721911,1477,1530
0.000277306848947946,-0.0019815128511523864,0.0,0.0,0.0,0.0004770613467766106,0.9999998862062293,-0.0002463901073094538,-0.0008874244619981087,0.0,0.0,0.0,0.0006636674141721911,1477,1530
0.000277306848947946,-0.0019815128511523864,0.0,0.0,0.0,0.0004770613467766106,0.9999998862062293,-0.0002463901073094538,-0.0008874244619981087,0.0,0.0,0.0,0.0006636674141721911,1477,1530
0.000277306848947946,-0.0019815128511523864,0.0,0.0,0.0,0.0004770613467766106,0.9999998862062293,-0.0002463901073094538,-0.0008874244619981087,0.0,0.0,0.0,0.0006636674141721911,1477,1530
0.000277306848947946,-0.0019815128511523864,0.0,0.0,0.0,0.0004770613467766106,0.9999998862062293,-0.0002463901073094538,-0.0008874244619981087,0.0,0.0,0.0,0.0006636674141721911,1477,1530
0.000277306848947946,-0.0019815128511523864,0.0,0.0,0.0,0.0004770613467766106,0.9999998862062293,-0.0002463901073094538,-0.0008874244619981087,0.0,0.0,0.0,0.0006636674141721911,1477,1530
0.000277306848947946,-0.0019815128511523864,0.0,0.0,0.0,0.0004770613467766106,0.9999998862062293,-0.0002463901073094538,-0.0008874244619981087,0.0,0.0,0.0,0.0006636674141721911,1477,1530
0.000277306848947946,-0.0019815128511523864,0.0,0.0,0.0,0.0004770613467766106,0.9999998862062293,-0.0002463901073094538,-0.0008874244619981087,0.0,0.0,0.0,0.0006636674141721911,1477,1530
0.000277306848947946,-0.0019815128511523864,0.0,0.0,0.0,0.0004770613467766106,0.9999998862062293,-0.0002463901073094538,-0.0008874244619981087,0.0,0.0,0.0,0.0006636674141721911,1477,1530
0.000277306848947946,-0.0019815128511523864,0.0,0.0,0.0,0.0004770613467766106,0.9999998862062293,-0.0002463901073094538,-0.0008874244619981087,0.0,0.0,0.0,0.0006636674141721911,1477,1530
0.000277306848947946,-0.0019815128511523864,0.0,0.0,0.0,0.0004770613467766106,0.9999998862062293,-0.0002463901073094538,-0.0008874244619981087,0.0,0.0,0.0,0.0006636674141721911,1477,1530
0.000277306848947946,-0.0019815128511523864,0.0,0.0,0.0,0.0004770613467766106,0.9999998862062293,-0.0002463901073094538,-0.0008874244619981087,0.0,0.0,0.0,0.0006636674141721911,1477,1530
0.000277306848947946,-0.0019815128511523864,0.0,0.0,0.0,0.0004770613467766106,0.9999998862062293,-0.0002463901073094538,-0.0008874244619981087,0.0,0.0,0.0,0.0006636674141721911,1477,1530
0.000277306848947946,-0.0019815128511523864,0.0,0.0,0.0,0.0004770613467766106,0.9999998862062293,-0.0002463901073094538,-0.0008874244619981087,0.0,0.0,0.0,0.0006636674141721911,1477,1530
0.000277306848947946,-0.0019815128511523864,0.0,0.0,0.0,0.0004770613467766106,0.9999998862062293,-0.0002463901073094538,-0.0008874244619981087,0.0,0.0,0.0,0.0006636674141721911,1477,1530
0.000277306848947946,-0.0019815128511523864,0.0,0.0,0.0,0.0004770613467766106,0.9999998862062293,-0.0002463901073094538,-0.0008874244619981087,0.0,0.0,0.0,0.0006636674141721911,1477,1530
0.000277306848947946,-0.0019815128511523864,0.0,0.0,0.0,0.0004770613467766106,0.9999998862062293,-0.0002463901073094538,-0.0008874244619981087,0.0,0.0,0.0,0.0006636674141721911,1477,1530
0.000277306848947946,-0.0019815128511523864,0.0,0.0,0.0,0.0004770613467766106,0.9999998862062293,-0.0002463901073094538,-0.0008874244619981087,0.0,0.0,0.0,0.0006636674141721911,1477,1530
0.000277306848947946,-0.0019815128511523864,0.0,0.0,0.0,0.0004770613467766106,0.9999998862062293,-0.0002463901073094538,-0.0008874244619981087,0.0,0.0,0.0,0.0006636674141721911,1477,1530
0.000277306848947946,-0.0019815128511523864,0.0,0.0,0.0,0.0004770613467766106,0.9999998862062293,-0.0002463901073094538,-0.0008874244619981087,0.0,0.0,0.0,0.0006636674141721911,1477,1530
0.000277306848947946,-0.0019815128511523864,0.0,0.0,0.0,0.0004770613467766106,0.9999998862062293,-0.0002463901073094538,-0.0008874244619981087,0.0,0.0,0.0,0.0006636674141721911,1477,1530
0.000277306848947946,-0.0019815128511523864,0.0,0.0,0.0,0.0004770613467766106,0.9999998862062293,-0.0002463901073094538,-0.0008874244619981087,0.0,0.0,0.0,0.0006636674141721911,1477,1530
0.000277306848947946,-0.0019815128511523864,0.0,0.0,0.0,0.0004770613467766106,0.9999998862062293,-0.0002463901073094538,-0.0008874244619981087,0.0,0.0,0.0,0.0006636674141721911,1477,1530
0.000277306848947946,-0.0019815128511523864,0.0,0.0,0.0,0.0004770613467766106,0.9999998862062293,-0.0002463901073094538,-0.0008874244619981087,0.0,0.0,0.0,0.0006636674141721911,1477,1530
0.000277306848947946,-0.0019815128511523864,0.0,0.0,0.0,0.0004770613467766106,0.9999998862062293,-0.0002463901073094538,-0.0008874244619981087,0.0,0.0,0.0,0.0006636674141721911,1477,1530
0.000277306848947946,-0.0019815128511523864,0.0,0.0,0.0,0.0004770613467766106,0.9999998862062293,-0.0002463901073094538,-0.0008874244619981087,0.0,0.0,0.0,0.0006636674141721911,1477,1530
0.000277306848947946,-0.0019815128511523864,0.0,0.0,0.0,0.0004770613467766106,0.9999998862062293,-0.0002463901073094538,-0.0008874244619981087,0.0,0.0,0.0,0.0006636674141721911,1477,1530
0.000277306848947946,-0.0019815128511523864,0.0,0.0,0.0,0.0004770613467766106,0.9999998862062293,-0.0002463901073094538,-0.0008874244619981087,0.0,0.0,0.0,0.0006636674141721911,1477,1530
0.000277306848947946,-0.0019815128511523864,0.0,0.0,0.0,0.0004770613467766106,0.9999998862062293,-0.0002463901073094538,-0.0008874244619981087,0.0,0.0,0.0,0.0006636674141721911,1477,1530
0.000277306848947946,-0.0019815128511523864,0.0,0.0,0.0,0.0004770613467766106,0.9999998862062293,-0.0002463901073094538,-0.0008874244619981087,0.0,0.0,0.0,0.0006636674141721911,1477,1530
0.000277306848947946,-0.0019815128511523864,0.0,0.0,0.0,0.0004770613467766106,0.9999998862062293,-0.0002463901073094538,-0.0008874244619981087,0.0,0.0,0.0,0.0006636674141721911,1477,1530
0.000277306848947946,-0.0019815128511523864,0.0,0.0,0.0,0.0004770613467766106,0.9999998862062293,-0.0002463901073094538,-0.0008874244619981087,0.0,0.0,0.0,0.0006636674141721911,1477,1530
0.000277306848947946,-0.0019815128511523864,0.0,0.0,0.0,0.0004770613467766106,0.9999998862062293,-0.0002463901073094538,-0.0008874244619981087,0.0,0.0,0.0,0.0006636674141721911,1477,1530
0.000277306848947946,-0.0019815128511523864,0.0,0.0,0.0,0.0004770613467766106,0.9999998862062293,-0.0002463901073094538,-0.0008874244619981087,0.0,0.0,0.0,0.0006636674141721911,1477,1530
0.000277306848947946,-0.0019815128511523864,0.0,0.0,0.0,0.0004770613467766106,0.9999998862062293,-0.0002463901073094538,-0.0008874244619981087,0.0,0.0,0.0,0.0006636674141721911,1477,1530
0.000277306848947946,-0.0019815128511523864,0.0,0.0,0.0,0.0004770613467766106,0.9999998862062293,-0.0002463901073094538,-0.0008874244619981087,0.0,0.0,0.0,0.0006636674141721911,1477,1530
0.000277306848947946,-0.0019815128511523864,0.0,0.0,0.0,0.0004770613467766106,0.9999998862062293,-0.0002463901073094538,-0.0008874244619981087,0.0,0.0,0.0,0.0006636674141721911,1477,1530
0.000277306848947946,-0.0019815128511523864,0.0,0.0,0.0,0.0004770613467766106,0.9999998862062293,-0.0002463901073094538,-0.0008874244619981087,0.0,0.0,0.0,0.0006636674141721911,1477,1530
0.000277306848947946,-0.0019815128511523864,0.0,0.0,0.0,0.0004770613467766106,0.9999998862062293,-0.0002463901073094538,-0.0008874244619981087,0.0,0.0,0.0,0.0006636674141721911,1477,1530
0.000277306848947946,-0.0019815128511523864,0.0,0.0,0.0,0.0004770613467766106,0.9999998862062293,-0.0002463901073094538,-0.0008874244619981087,0.0,0.0,0.0,0.0006636674141721911,1477,1530
0.000277306848947946,-0.0019815128511523864,0.0,0.0,0.0,0.0004770613467766106,0.9999998862062293,-0.0002463901073094538,-0.0008874244619981087,0.0,0.0,0.0,0.0006636674141721911,1477,1530
0.000277306848947946,-0.0019815128511523864,0.0,0.0,0.0,0.0004770613467766106,0.9999998862062293,-0.0002463901073094538,-0.0008874244619981087,0.0,0.0,0.0,0.0006636674141721911,1477,1530
0.000277306848947946,-0.0019815128511523864,0.0,0.0,0.0,0.0004770613467766106,0.9999998862062293,-0.0002463901073094538,-0.0008874244619981087,0.0,0.0,0.0,0.0006636674141721911,1477,1530
0.000277306848947946,-0.0019815128511523864,0.0,0.0,0.0,0.0004770613467766106,0.9999998862062293,-0.0002463901073094538,-0.0008874244619981087,0.0,0.0,0.0,0.0006636674141721911,1477,1530
0.000277306848947946,-0.0019815128511523864,0.0,0.0,0.0,0.0004770613467766106,0.9999998862062293,-0.0002463901073094538,-0.0008874244619981087,0.0,0.0,0.0,0.0006636674141721911,1477,1530
0.000277306848947946,-0.0019815128511523864,0.0,0.0,0.0,0.0004770613467766106,0.9999998862062293,-0.0002463901073094538,-0.0008874244619981087,0.0,0.0,0.0,0.0006636674141721911,1477,1530
0.000277306848947946,-0.0019815128511523864,0.0,0.0,0.0,0.0004770613467766106,0.9999998862062293,-0.0002463901073094538,-0.0008874244619981087,0.0,0.0,0.0,0.0006636674141721911,1477,1530
0.000277306848947946,-0.0019815128511523864,0.0,0.0,0.0,0.0004770613467766106,0.9999998862062293,-0.0002463901073094538,-0.0008874244619981087,0.0,0.0,0.0,0.0006636674141721911,1477,1530
0.000277306848947946,-0.0019815128511523864,0.0,0.0,0.0,0.0004770613467766106,0.9999998862062293,-0.0002463901073094538,-0.0008874244619981087,0.0,0.0,0.0,0.0006636674141721911,1477,1530
0.000277306848947946,-0.0019815128511523864,0.0,0.0,0.0,0.0004770613467766106,0.9999998862062293,-0.0002463901073094538,-0.0008874244619981087,0.0,0.0,0.0,0.0006636674141721911,1477,1530
0.000277306848947946,-0.0019815128511523864,0.0,0.0,0.0,0.0004770613467766106,0.9999998862062293,-0.0002463901073094538,-0.0008874244619981087,0.0,0.0,0.0,0.0006636674141721911,1477,1530
0.000277306848947946,-0.0019815128511523864,0.0,0.0,0.0,0.0004770613467766106,0.9999998862062293,-0.0002463901073094538,-0.0008874244619981087,0.0,0.0,0.0,0.0006636674141721911,1477,1530
0.000277306848947946,-0.0019815128511523864,0.0,0.0,0.0,0.0004770613467766106,0.9999998862062293,-0.0002463901073094538,-0.0008874244619981087,0.0,0.0,0.0,0.0006636674141721911,1477,1530
0.000277306848947946,-0.0019815128511523864,0.0,0.0,0.0,0.0004770613467766106,0.9999998862062293,-0.0002463901073094538,-0.0008874244619981087,0.0,0.0,0.0,0.0006636674141721911,1477,1530
0.000277306848947946,-0.0019815128511523864,0.0,0.0,0.0,0.0004770613467766106,0.9999998862062293,-0.0002463901073094538,-0.0008874244619981087,0.0,0.0,0.0,0.0006636674141721911,1477,1530
0.000277306848947946,-0.0019815128511523864,0.0,0.0,0.0,0.0004770613467766106,0.9999998862062293,-0.0002463901073094538,-0.0008874244619981087,0.0,0.0,0.0,0.0006636674141721911,1477,1530
0.000277306848947946,-0.0019815128511523864,0.0,0.0,0.0,0.0004770613467766106,0.9999998862062293,-0.0002463901073094538,-0.0008874244619981087,0.0,0.0,0.0,0.0006636674141721911,1477,1530
0.000277306848947946,-0.0019815128511523864,0.0,0.0,0.0,0.0004770613467766106,0.9999998862062293,-0.0002463901073094538,-0.0008874244619981087,0.0,0.0,0.0,0.0006636674141721911,1477,1530
0.000277306848947946,-0.0019815128511523864,0.0,0.0,0.0,0.0004770613467766106,0.9999998862062293,-0.0002463901073094538,-0.0008874244619981087,0.0,0.0,0.0,0.0006636674141721911,1477,1530
0.000277306848947946,-0.0019815128511523864,0.0,0.0,0.0,0.0004770613467766106,0.9999998862062293,-0.0002463901073094538,-0.0008874244619981087,0.0,0.0,0.0,0.0006636674141721911,1477,1530
0.000277306848947946,-0.0019815128511523864,0.0,0.0,0.0,0.0004770613467766106,0.9999998862062293,-0.0002463901073094538,-0.0008874244619981087,0.0,0.0,0.0,0.0006636674141721911,1477,1530
0.000277306848947946,-0.0019815128511523864,0.0,0.0,0.0,0.0004770613467766106,0.9999998862062293,-0.0002463901073094538,-0.0008874244619981087,0.0,0.0,0.0,0.0006636674141721911,1477,1530
0.000277306848947946,-0.0019815128511523864,0.0,0.0,0.0,0.0004770613467766106,0.9999998862062293,-0.0002463901073094538,-0.0008874244619981087,0.0,0.0,0.0,0.0006636674141721911,1477,1530
0.000277306848947946,-0.0019815128511523864,0.0,0.0,0.0,0.0004770613467766106,0.9999998862062293,-0.0002463901073094538,-0.0008874244619981087,0.0,0.0,0.0,0.0006636674141721911,1477,1530
0.000277306848947946,-0.0019815128511523864,0.0,0.0,0.0,0.0004770613467766106,0.9999998862062293,-0.0002463901073094538,-0.0008874244619981087,0.0,0.0,0.0,0.0006636674141721911,1477,1530
0.000277306848947946,-0.0019815128511523864,0.0,0.0,0.0,0.0004770613467766106,0.9999998862062293,-0.0002463901073094538,-0.0008874244619981087,0.0,0.0,0.0,0.0006636674141721911,1477,1530
0.000277306848947946,-0.0019815128511523864,0.0,0.0,0.0,0.0004770613467766106,0.9999998862062293,-0.0002463901073094538,-0.0008874244619981087,0.0,0.0,0.0,0.0006636674141721911,1477,1530
0.000277306848947946,-0.0019815128511523864,0.0,0.0,0.0,0.0004770613467766106,0.9999998862062293,-0.0002463901073094538,-0.0008874244619981087,0.0,0.0,0.0,0.0006636674141721911,1477,1530
0.000277306848947946,-0.0019815128511523864,0.0,0.0,0.0,0.0004770613467766106,0.9999998862062293,-0.0002463901073094538,-0.0008874244619981087,0.0,0.0,0.0,0.0006636674141721911,1477,1530
0.000277306848947946,-0.0019815128511523864,0.0,0.0,0.0,0.0004770613467766106,0.9999998862062293,-0.0002463901073094538,-0.0008874244619981087,0.0,0.0,0.0,0.0006636674141721911,1477,1530
0.000277306848947946,-0.0019815128511523864,0.0,0.0,0.0,0.0004770613467766106,0.9999998862062293,-0.0002463901073094538,-0.0008874244619981087,0.0,0.0,0.0,0.0006636674141721911,1477,1530
0.000277306848947946,-0.0019815128511523864,0.0,0.0,0.0,0.0004770613467766106,0.9999998862062293,-0.0002463901073094538,-0.0008874244619981087,0.0,0.0,0.0,0.0006636674141721911,1477,1530
0.000277306848947946,-0.0019815128511523864,0.0,0.0,0.0,0.0004770613467766106,0.9999998862062293,-0.0002463901073094538,-0.0008874244619981087,0.0,0.0,0.0,0.0006636674141721911,1477,1530
0.000277306848947946,-0.0019815128511523864,0.0,0.0,0.0,0.0004770613467766106,0.9999998862062293,-0.0002463901073094538,-0.0008874244619981087,0.0,0.0,0.0,0.0006636674141721911,1477,1530
0.000277306848947946,-0.0019815128511523864,0.0,0.0,0.0,0.0004770613467766106,0.9999998862062293,-0.0002463901073094538,-0.0008874244619981087,0.0,0.0,0.0,0.0006636674141721911,1477,1530
0.000277306848947946,-0.0019815128511523864,0.0,0.0,0.0,0.0004770613467766106,0.9999998862062293,-0.0002463901073094538,-0.0008874244619981087,0.0,0.0,0.0,0.0006636674141721911,1477,1530
0.000277306848947946,-0.0019815128511523864,0.0,0.0,0.0,0.0004770613467766106,0.9999998862062293,-0.0002463901073094538,-0.0008874244619981087,0.0,0.0,0.0,0.0006636674141721911,1477,1530
0.000277306848947946,-0.0019815128511523864,0.0,0.0,0.0,0.0004770613467766106,0.9999998862062293,-0.0002463901073094538,-0.0008874244619981087,0.0,0.0,0.0,0.0006636674141721911,1477,1530
0.000277306848947946,-0.0019815128511523864,0.0,0.0,0.0,0.0004770613467766106,0.9999998862062293,-0.0002463901073094538,-0.0008874244619981087,0.0,0.0,0.0,0.0006636674141721911,1477,1530
0.000277306848947946,-0.0019815128511523864,0.0,0.0,0.0,0.0004770613467766106,0.9999998862062293,-0.0002463901073094538,-0.0008874244619981087,0.0,0.0,0.0,0.0006636674141721911,1477,1530
0.000277306848947946,-0.0019815128511523864,0.0,0.0,0.0,0.0004770613467766106,0.9999998862062293,-0.0002463901073094538,-0.0008874244619981087,0.0,0.0,0.0,0.0006636674141721911,1477,1530
0.000277306848947946,-0.0019815128511523864,0.0,0.0,0.0,0.0004770613467766106,0.9999998862062293,-0.0002463901073094538,-0.0008874244619981087,0.0,0.0,0.0,0.0006636674141721911,1477,1530
0.000277306848947946,-0.0019815128511523864,0.0,0.0,0.0,0.0004770613467766106,0.9999998862062293,-0.0002463901073094538,-0.0008874244619981087,0.0,0.0,0.0,0.0006636674141721911,1477,1530
0.000277306848947946,-0.0019815128511523864,0.0,0.0,0.0,0.0004770613467766106,0.9999998862062293,-0.0002463901073094538,-0.0008874244619981087,0.0,0.0,0.0,0.0006636674141721911,1477,1530
0.000277306848947946,-0.0019815128511523864,0.0,0.0,0.0,0.0004770613467766106,0.9999998862062293,-0.0002463901073094538,-0.0008874244619981087,0.0,0.0,0.0,0.0006636674141721911,1477,1530
0.000277306848947946,-0.0019815128511523864,0.0,0.0,0.0,0.0004770613467766106,0.9999998862062293,-0.0002463901073094538,-0.0008874244619981087,0.0,0.0,0.0,0.0006636674141721911,1477,1530
0.000277306848947946,-0.0019815128511523864,0.0,0.0,0.0,0.0004770613467766106,0.9999998862062293,-0.0002463901073094538,-0.0008874244619981087,0.0,0.0,0.0,0.0006636674141721911,1477,1530
0.000277306848947946,-0.0019815128511523864,0.0,0.0,0.0,0.0004770613467766106,0.9999998862062293,-0.0002463901073094538,-0.0008874244619981087,0.0,0.0,0.0,0.0006636674141721911,1477,1530
0.000277306848947946,-0.0019815128511523864,0.0,0.0,0.0,0.0004770613467766106,0.9999998862062293,-0.0002463901073094538,-0.0008874244619981087,0.0,0.0,0.0,0.0006636674141721911,1477,1530
0.000277306848947946,-0.0019815128511523864,0.0,0.0,0.0,0.0004770613467766106,0.9999998862062293,-0.0002463901073094538,-0.0008874244619981087,0.0,0.0,0.0,0.0006636674141721911,1477,1530
0.000277306848947946,-0.0019815128511523864,0.0,0.0,0.0,0.0004770613467766106,0.9999998862062293,-0.0002463901073094538,-0.0008874244619981087,0.0,0.0,0.0,0.0006636674141721911,1477,1530
0.000277306848947946,-0.0019815128511523864,0.0,0.0,0.0,0.0004770613467766106,0.9999998862062293,-0.0002463901073094538,-0.0008874244619981087,0.0,0.0,0.0,0.0006636674141721911,1477,1530
0.000277306848947946,-0.0019815128511523864,0.0,0.0,0.0,0.0004770613467766106,0.9999998862062293,-0.0002463901073094538,-0.0008874244619981087,0.0,0.0,0.0,0.0006636674141721911,1477,1530
0.000277306848947946,-0.0019815128511523864,0.0,0.0,0.0,0.0004770613467766106,0.9999998862062293,-0.0002463901073094538,-0.0008874244619981087,0.0,0.0,0.0,0.0006636674141721911,1477,1530
0.000277306848947946,-0.0019815128511523864,0.0,0.0,0.0,0.0004770613467766106,0.9999998862062293,-0.0002463901073094538,-0.0008874244619981087,0.0,0.0,0.0,0.0006636674141721911,1477,1530
0.000277306848947946,-0.0019815128511523864,0.0,0.0,0.0,0.0004770613467766106,0.9999998862062293,-0.0002463901073094538,-0.0008874244619981087,0.0,0.0,0.0,0.0006636674141721911,1477,1530
0.000277306848947946,-0.0019815128511523864,0.0,0.0,0.0,0.0004770613467766106,0.9999998862062293,-0.0002463901073094538,-0.0008874244619981087,0.0,0.0,0.0,0.0006636674141721911,1477,1530
0.000277306848947946,-0.0019815128511523864,0.0,0.0,0.0,0.0004770613467766106,0.9999998862062293,-0.0002463901073094538,-0.0008874244619981087,0.0,0.0,0.0,0.0006636674141721911,1477,1530
0.000277306848947946,-0.0019815128511523864,0.0,0.0,0.0,0.0004770613467766106,0.9999998862062293,-0.0002463901073094538,-0.0008874244619981087,0.0,0.0,0.0,0.0006636674141721911,1477,1530
0.000277306848947946,-0.0019815128511523864,0.0,0.0,0.0,0.0004770613467766106,0.9999998862062293,-0.0002463901073094538,-0.0008874244619981087,0.0,0.0,0.0,0.0006636674141721911,1477,1530
0.000277306848947946,-0.0019815128511523864,0.0,0.0,0.0,0.0004770613467766106,0.9999998862062293,-0.0002463901073094538,-0.0008874244619981087,0.0,0.0,0.0,0.0006636674141721911,1477,1530
0.000277306848947946,-0.0019815128511523864,0.0,0.0,0.0,0.0004770613467766106,0.9999998862062293,-0.0002463901073094538,-0.0008874244619981087,0.0,0.0,0.0,0.0006636674141721911,1477,1530
0.000277306848947946,-0.0019815128511523864,0.0,0.0,0.0,0.0004770613467766106,0.9999998862062293,-0.0002463901073094538,-0.0008874244619981087,0.0,0.0,0.0,0.0006636674141721911,1477,1530
0.000277306848947946,-0.0019815128511523864,0.0,0.0,0.0,0.0004770613467766106,0.9999998862062293,-0.0002463901073094538,-0.0008874244619981087,0.0,0.0,0.0,0.0006636674141721911,1477,1530
0.000277306848947946,-0.0019815128511523864,0.0,0.0,0.0,0.0004770613467766106,0.9999998862062293,-0.0002463901073094538,-0.0008874244619981087,0.0,0.0,0.0,0.0006636674141721911,1477,1530
0.000277306848947946,-0.0019815128511523864,0.0,0.0,0.0,0.0004770613467766106,0.9999998862062293,-0.0002463901073094538,-0.0008874244619981087,0.0,0.0,0.0,0.0006636674141721911,1477,1530
0.000277306848947946,-0.0019815128511523864,0.0,0.0,0.0,0.0004770613467766106,0.9999998862062293,-0.0002463901073094538,-0.0008874244619981087,0.0,0.0,0.0,0.0006636674141721911,1477,1530
0.000277306848947946,-0.0019815128511523864,0.0,0.0,0.0,0.0004770613467766106,0.9999998862062293,-0.0002463901073094538,-0.0008874244619981087,0.0,0.0,0.0,0.0006636674141721911,1477,1530
0.000277306848947946,-0.0019815128511523864,0.0,0.0,0.0,0.0004770613467766106,0.9999998862062293,-0.0002463901073094538,-0.0008874244619981087,0.0,0.0,0.0,0.0006636674141721911,1477,1530
0.000277306848947946,-0.0019815128511523864,0.0,0.0,0.0,0.0004770613467766106,0.9999998862062293,-0.0002463901073094538,-0.0008874244619981087,0.0,0.0,0.0,0.0006636674141721911,1477,1530
0.000277306848947946,-0.0019815128511523864,0.0,0.0,0.0,0.0004770613467766106,0.9999998862062293,-0.0002463901073094538,-0.0008874244619981087,0.0,0.0,0.0,0.0006636674141721911,1477,1530
0.000277306848947946,-0.0019815128511523864,0.0,0.0,0.0,0.0004770613467766106,0.9999998862062293,-0.0002463901073094538,-0.0008874244619981087,0.0,0.0,0.0,0.0006636674141721911,1477,1530
0.000277306848947946,-0.0019815128511523864,0.0,0.0,0.0,0.0004770613467766106,0.9999998862062293,-0.0002463901073094538,-0.0008874244619981087,0.0,0.0,0.0,0.0006636674141721911,1477,1530
0.000277306848947946,-0.0019815128511523864,0.0,0.0,0.0,0.0004770613467766106,0.9999998862062293,-0.0002463901073094538,-0.0008874244619981087,0.0,0.0,0.0,0.0006636674141721911,1477,1530
0.000277306848947946,-0.0019815128511523864,0.0,0.0,0.0,0.0004770613467766106,0.9999998862062293,-0.0002463901073094538,-0.0008874244619981087,0.0,0.0,0.0,0.0006636674141721911,1477,1530
0.000277306848947946,-0.0019815128511523864,0.0,0.0,0.0,0.0004770613467766106,0.9999998862062293,-0.0002463901073094538,-0.0008874244619981087,0.0,0.0,0.0,0.0006636674141721911,1477,1530
0.000277306848947946,-0.0019815128511523864,0.0,0.0,0.0,0.0004770613467766106,0.9999998862062293,-0.0002463901073094538,-0.0008874244619981087,0.0,0.0,0.0,0.0006636674141721911,1477,1530
0.000277306848947946,-0.0019815128511523864,0.0,0.0,0.0,0.0004770613467766106,0.9999998862062293,-0.0002463901073094538,-0.0008874244619981087,0.0,0.0,0.0,0.0006636674141721911,1477,1530
0.000277306848947946,-0.0019815128511523864,0.0,0.0,0.0,0.0004770613467766106,0.9999998862062293,-0.0002463901073094538,-0.0008874244619981087,0.0,0.0,0.0,0.0006636674141721911,1477,1530
0.000277306848947946,-0.0019815128511523864,0.0,0.0,0.0,0.0004770613467766106,0.9999998862062293,-0.0002463901073094538,-0.0008874244619981087,0.0,0.0,0.0,0.0006636674141721911,1477,1530
0.000277306848947946,-0.0019815128511523864,0.0,0.0,0.0,0.0004770613467766106,0.9999998862062293,-0.0002463901073094538,-0.0008874244619981087,0.0,0.0,0.0,0.0006636674141721911,1477,1530
0.000277306848947946,-0.0019815128511523864,0.0,0.0,0.0,0.0004770613467766106,0.9999998862062293,-0.0002463901073094538,-0.0008874244619981087,0.0,0.0,0.0,0.0006636674141721911,1477,1530
0.000277306848947946,-0.0019815128511523864,0.0,0.0,0.0,0.0004770613467766106,0.9999998862062293,-0.0002463901073094538,-0.0008874244619981087,0.0,0.0,0.0,0.0006636674141721911,1477,1530
0.000277306848947946,-0.0019815128511523864,0.0,0.0,0.0,0.0004770613467766106,0.9999998862062293,-0.0002463901073094538,-0.0008874244619981087,0.0,0.0,0.0,0.0006636674141721911,1477,1530
0.000277306848947946,-0.0019815128511523864,0.0,0.0,0.0,0.0004770613467766106,0.9999998862062293,-0.0002463901073094538,-0.0008874244619981087,0.0,0.0,0.0,0.0006636674141721911,1477,1530
0.000277306848947946,-0.0019815128511523864,0.0,0.0,0.0,0.0004770613467766106,0.9999998862062293,-0.0002463901073094538,-0.0008874244619981087,0.0,0.0,0.0,0.0006636674141721911,1477,1530
0.000277306848947946,-0.0019815128511523864,0.0,0.0,0.0,0.0004770613467766106,0.9999998862062293,-0.0002463901073094538,-0.0008874244619981087,0.0,0.0,0.0,0.0006636674141721911,1477,1530
0.000277306848947946,-0.0019815128511523864,0.0,0.0,0.0,0.0004770613467766106,0.9999998862062293,-0.0002463901073094538,-0.0008874244619981087,0.0,0.0,0.0,0.0006636674141721911,1477,1530
0.000277306848947946,-0.0019815128511523864,0.0,0.0,0.0,0.0004770613467766106,0.9999998862062293,-0.0002463901073094538,-0.0008874244619981087,0.0,0.0,0.0,0.0006636674141721911,1477,1530
0.000277306848947946,-0.0019815128511523864,0.0,0.0,0.0,0.0004770613467766106,0.9999998862062293,-0.0002463901073094538,-0.0008874244619981087,0.0,0.0,0.0,0.0006636674141721911,1477,1530
0.000277306848947946,-0.0019815128511523864,0.0,0.0,0.0,0.0004770613467766106,0.9999998862062293,-0.0002463901073094538,-0.0008874244619981087,0.0,0.0,0.0,0.0006636674141721911,1477,1530
0.000277306848947946,-0.0019815128511523864,0.0,0.0,0.0,0.0004770613467766106,0.9999998862062293,-0.0002463901073094538,-0.0008874244619981087,0.0,0.0,0.0,0.0006636674141721911,1477,1530
0.000277306848947946,-0.0019815128511523864,0.0,0.0,0.0,0.0004770613467766106,0.9999998862062293,-0.0002463901073094538,-0.0008874244619981087,0.0,0.0,0.0,0.0006636674141721911,1477,1530
0.000277306848947946,-0.0019815128511523864,0.0,0.0,0.0,0.0004770613467766106,0.9999998862062293,-0.0002463901073094538,-0.0008874244619981087,0.0,0.0,0.0,0.0006636674141721911,1477,1530
0.000277306848947946,-0.0019815128511523864,0.0,0.0,0.0,0.0004770613467766106,0.9999998862062293,-0.0002463901073094538,-0.0008874244619981087,0.0,0.0,0.0,0.0006636674141721911,1477,1530
0.000277306848947946,-0.0019815128511523864,0.0,0.0,0.0,0.0004770613467766106,0.9999998862062293,-0.0002463901073094538,-0.0008874244619981087,0.0,0.0,0.0,0.0006636674141721911,1477,1530
0.000277306848947946,-0.0019815128511523864,0.0,0.0,0.0,0.0004770613467766106,0.9999998862062293,-0.0002463901073094538,-0.0008874244619981087,0.0,0.0,0.0,0.0006636674141721911,1477,1530
0.000277306848947946,-0.0019815128511523864,0.0,0.0,0.0,0.0004770613467766106,0.9999998862062293,-0.0002463901073094538,-0.0008874244619981087,0.0,0.0,0.0,0.0006636674141721911,1477,1530
0.000277306848947946,-0.0019815128511523864,0.0,0.0,0.0,0.0004770613467766106,0.9999998862062293,-0.0002463901073094538,-0.0008874244619981087,0.0,0.0,0.0,0.0006636674141721911,1477,1530
0.000277306848947946,-0.0019815128511523864,0.0,0.0,0.0,0.0004770613467766106,0.9999998862062293,-0.0002463901073094538,-0.0008874244619981087,0.0,0.0,0.0,0.0006636674141721911,1477,1530
0.000277306848947946,-0.0019815128511523864,0.0,0.0,0.0,0.0004770613467766106,0.9999998862062293,-0.0002463901073094538,-0.0008874244619981087,0.0,0.0,0.0,0.0006636674141721911,1477,1530
0.000277306848947946,-0.0019815128511523864,0.0,0.0,0.0,0.0004770613467766106,0.9999998862062293,-0.0002463901073094538,-0.0008874244619981087,0.0,0.0,0.0,0.0006636674141721911,1477,1530
0.000277306848947946,-0.0019815128511523864,0.0,0.0,0.0,0.0004770613467766106,0.9999998862062293,-0.0002463901073094538,-0.0008874244619981087,0.0,0.0,0.0,0.0006636674141721911,1477,1530
0.000277306848947946,-0.0019815128511523864,0.0,0.0,0.0,0.0004770613467766106,0.9999998862062293,-0.0002463901073094538,-0.0008874244619981087,0.0,0.0,0.0,0.0006636674141721911,1477,1530
0.000277306848947946,-0.0019815128511523864,0.0,0.0,0.0,0.0004770613467766106,0.9999998862062293,-0.0002463901073094538,-0.0008874244619981087,0.0,0.0,0.0,0.0006636674141721911,1477,1530
0.000277306848947946,-0.0019815128511523864,0.0,0.0,0.0,0.0004770613467766106,0.9999998862062293,-0.0002463901073094538,-0.0008874244619981087,0.0,0.0,0.0,0.0006636674141721911,1477,1530
0.000277306848947946,-0.0019815128511523864,0.0,0.0,0.0,0.0004770613467766106,0.9999998862062293,-0.0002463901073094538,-0.0008874244619981087,0.0,0.0,0.0,0.0006636674141721911,1477,1530
0.000277306848947946,-0.0019815128511523864,0.0,0.0,0.0,0.0004770613467766106,0.9999998862062293,-0.0002463901073094538,-0.0008874244619981087,0.0,0.0,0.0,0.0006636674141721911,1477,1530
0.000277306848947946,-0.0019815128511523864,0.0,0.0,0.0,0.0004770613467766106,0.9999998862062293,-0.0002463901073094538,-0.0008874244619981087,0.0,0.0,0.0,0.0006636674141721911,1477,1530
0.000277306848947946,-0.0019815128511523864,0.0,0.0,0.0,0.0004770613467766106,0.9999998862062293,-0.0002463901073094538,-0.0008874244619981087,0.0,0.0,0.0,0.0006636674141721911,1477,1530
0.000277306848947946,-0.0019815128511523864,0.0,0.0,0.0,0.0004770613467766106,0.9999998862062293,-0.0002463901073094538,-0.0008874244619981087,0.0,0.0,0.0,0.0006636674141721911,1477,1530
0.000277306848947946,-0.0019815128511523864,0.0,0.0,0.0,0.0004770613467766106,0.9999998862062293,-0.0002463901073094538,-0.0008874244619981087,0.0,0.0,0.0,0.0006636674141721911,1477,1530
0.000277306848947946,-0.0019815128511523864,0.0,0.0,0.0,0.0004770613467766106,0.9999998862062293,-0.0002463901073094538,-0.0008874244619981087,0.0,0.0,0.0,0.0006636674141721911,1477,1530
0.000277306848947946,-0.0019815128511523864,0.0,0.0,0.0,0.0004770613467766106,0.9999998862062293,-0.0002463901073094538,-0.0008874244619981087,0.0,0.0,0.0,0.0006636674141721911,1477,1530
0.000277306848947946,-0.0019815128511523864,0.0,0.0,0.0,0.0004770613467766106,0.9999998862062293,-0.0002463901073094538,-0.0008874244619981087,0.0,0.0,0.0,0.0006636674141721911,1477,1530
0.000277306848947946,-0.0019815128511523864,0.0,0.0,0.0,0.0004770613467766106,0.9999998862062293,-0.0002463901073094538,-0.0008874244619981087,0.0,0.0,0.0,0.0006636674141721911,1477,1530
0.000277306848947946,-0.0019815128511523864,0.0,0.0,0.0,0.0004770613467766106,0.9999998862062293,-0.0002463901073094538,-0.0008874244619981087,0.0,0.0,0.0,0.0006636674141721911,1477,1530
0.000277306848947946,-0.0019815128511523864,0.0,0.0,0.0,0.0004770613467766106,0.9999998862062293,-0.0002463901073094538,-0.0008874244619981087,0.0,0.0,0.0,0.0006636674141721911,1477,1530
0.000277306848947946,-0.0019815128511523864,0.0,0.0,0.0,0.0004770613467766106,0.9999998862062293,-0.0002463901073094538,-0.0008874244619981087,0.0,0.0,0.0,0.0006636674141721911,1477,1530
0.000277306848947946,-0.0019815128511523864,0.0,0.0,0.0,0.0004770613467766106,0.9999998862062293,-0.0002463901073094538,-0.0008874244619981087,0.0,0.0,0.0,0.0006636674141721911,1477,1530
0.000277306848947946,-0.0019815128511523864,0.0,0.0,0.0,0.0004770613467766106,0.9999998862062293,-0.0002463901073094538,-0.0008874244619981087,0.0,0.0,0.0,0.0006636674141721911,1477,1530
0.000277306848947946,-0.0019815128511523864,0.0,0.0,0.0,0.0004770613467766106,0.9999998862062293,-0.0002463901073094538,-0.0008874244619981087,0.0,0.0,0.0,0.0006636674141721911,1477,1530
0.000277306848947946,-0.0019815128511523864,0.0,0.0,0.0,0.0004770613467766106,0.9999998862062293,-0.0002463901073094538,-0.0008874244619981087,0.0,0.0,0.0,0.0006636674141721911,1477,1530
0.000277306848947946,-0.0019815128511523864,0.0,0.0,0.0,0.0004770613467766106,0.9999998862062293,-0.0002463901073094538,-0.0008874244619981087,0.0,0.0,0.0,0.0006636674141721911,1477,1530
0.000277306848947946,-0.0019815128511523864,0.0,0.0,0.0,0.0004770613467766106,0.9999998862062293,-0.0002463901073094538,-0.0008874244619981087,0.0,0.0,0.0,0.0006636674141721911,1477,1530
0.000277306848947946,-0.0019815128511523864,0.0,0.0,0.0,0.0004770613467766106,0.9999998862062293,-0.0002463901073094538,-0.0008874244619981087,0.0,0.0,0.0,0.0006636674141721911,1477,1530
0.000277306848947946,-0.0019815128511523864,0.0,0.0,0.0,0.0004770613467766106,0.9999998862062293,-0.0002463901073094538,-0.0008874244619981087,0.0,0.0,0.0,0.0006636674141721911,1477,1530
0.000277306848947946,-0.0019815128511523864,0.0,0.0,0.0,0.0004770613467766106,0.9999998862062293,-0.0002463901073094538,-0.0008874244619981087,0.0,0.0,0.0,0.0006636674141721911,1477,1530
0.000277306848947946,-0.0019815128511523864,0.0,0.0,0.0,0.0004770613467766106,0.9999998862062293,-0.0002463901073094538,-0.0008874244619981087,0.0,0.0,0.0,0.0006636674141721911,1477,1530
0.000277306848947946,-0.0019815128511523864,0.0,0.0,0.0,0.0004770613467766106,0.9999998862062293,-0.0002463901073094538,-0.0008874244619981087,0.0,0.0,0.0,0.0006636674141721911,1477,1530
0.000277306848947946,-0.0019815128511523864,0.0,0.0,0.0,0.0004770613467766106,0.9999998862062293,-0.0002463901073094538,-0.0008874244619981087,0.0,0.0,0.0,0.0006636674141721911,1477,1530
0.000277306848947946,-0.0019815128511523864,0.0,0.0,0.0,0.0004770613467766106,0.9999998862062293,-0.0002463901073094538,-0.0008874244619981087,0.0,0.0,0.0,0.0006636674141721911,1477,1530
0.000277306848947946,-0.0019815128511523864,0.0,0.0,0.0,0.0004770613467766106,0.9999998862062293,-0.0002463901073094538,-0.0008874244619981087,0.0,0.0,0.0,0.0006636674141721911,1477,1530
0.000277306848947946,-0.0019815128511523864,0.0,0.0,0.0,0.0004770613467766106,0.9999998862062293,-0.0002463901073094538,-0.0008874244619981087,0.0,0.0,0.0,0.0006636674141721911,1477,1530
0.000277306848947946,-0.0019815128511523864,0.0,0.0,0.0,0.0004770613467766106,0.9999998862062293,-0.0002463901073094538,-0.0008874244619981087,0.0,0.0,0.0,0.0006636674141721911,1477,1530
0.000277306848947946,-0.0019815128511523864,0.0,0.0,0.0,0.0004770613467766106,0.9999998862062293,-0.0002463901073094538,-0.0008874244619981087,0.0,0.0,0.0,0.0006636674141721911,1477,1530
0.000277306848947946,-0.0019815128511523864,0.0,0.0,0.0,0.0004770613467766106,0.9999998862062293,-0.0002463901073094538,-0.0008874244619981087,0.0,0.0,0.0,0.0006636674141721911,1477,1530
0.000277306848947946,-0.0019815128511523864,0.0,0.0,0.0,0.0004770613467766106,0.9999998862062293,-0.0002463901073094538,-0.0008874244619981087,0.0,0.0,0.0,0.0006636674141721911,1477,1530
0.000277306848947946,-0.0019815128511523864,0.0,0.0,0.0,0.0004770613467766106,0.9999998862062293,-0.0002463901073094538,-0.0008874244619981087,0.0,0.0,0.0,0.0006636674141721911,1477,1530
0.000277306848947946,-0.0019815128511523864,0.0,0.0,0.0,0.0004770613467766106,0.9999998862062293,-0.0002463901073094538,-0.0008874244619981087,0.0,0.0,0.0,0.0006636674141721911,1477,1530
0.000277306848947946,-0.0019815128511523864,0.0,0.0,0.0,0.0004770613467766106,0.9999998862062293,-0.0002463901073094538,-0.0008874244619981087,0.0,0.0,0.0,0.0006636674141721911,1477,1530
0.000277306848947946,-0.0019815128511523864,0.0,0.0,0.0,0.0004770613467766106,0.9999998862062293,-0.0002463901073094538,-0.0008874244619981087,0.0,0.0,0.0,0.0006636674141721911,1477,1530
0.000277306848947946,-0.0019815128511523864,0.0,0.0,0.0,0.0004770613467766106,0.9999998862062293,-0.0002463901073094538,-0.0008874244619981087,0.0,0.0,0.0,0.0006636674141721911,1477,1530
0.000277306848947946,-0.0019815128511523864,0.0,0.0,0.0,0.0004770613467766106,0.9999998862062293,-0.0002463901073094538,-0.0008874244619981087,0.0,0.0,0.0,0.0006636674141721911,1477,1530
0.000277306848947946,-0.0019815128511523864,0.0,0.0,0.0,0.0004770613467766106,0.9999998862062293,-0.0002463901073094538,-0.0008874244619981087,0.0,0.0,0.0,0.0006636674141721911,1477,1530
0.000277306848947946,-0.0019815128511523864,0.0,0.0,0.0,0.0004770613467766106,0.9999998862062293,-0.0002463901073094538,-0.0008874244619981087,0.0,0.0,0.0,0.0006636674141721911,1477,1530
0.000277306848947946,-0.0019815128511523864,0.0,0.0,0.0,0.0004770613467766106,0.9999998862062293,-0.0002463901073094538,-0.0008874244619981087,0.0,0.0,0.0,0.0006636674141721911,1477,1530
0.000277306848947946,-0.0019815128511523864,0.0,0.0,0.0,0.0004770613467766106,0.9999998862062293,-0.0002463901073094538,-0.0008874244619981087,0.0,0.0,0.0,0.0006636674141721911,1477,1530
0.000277306848947946,-0.0019815128511523864,0.0,0.0,0.0,0.0004770613467766106,0.9999998862062293,-0.0002463901073094538,-0.0008874244619981087,0.0,0.0,0.0,0.0006636674141721911,1477,1530
0.000277306848947946,-0.0019815128511523864,0.0,0.0,0.0,0.0004770613467766106,0.9999998862062293,-0.0002463901073094538,-0.0008874244619981087,0.0,0.0,0.0,0.0006636674141721911,1477,1530
0.000277306848947946,-0.0019815128511523864,0.0,0.0,0.0,0.0004770613467766106,0.9999998862062293,-0.0002463901073094538,-0.0008874244619981087,0.0,0.0,0.0,0.0006636674141721911,1477,1530
0.000277306848947946,-0.0019815128511523864,0.0,0.0,0.0,0.0004770613467766106,0.9999998862062293,-0.0002463901073094538,-0.0008874244619981087,0.0,0.0,0.0,0.0006636674141721911,1477,1530
0.000277306848947946,-0.0019815128511523864,0.0,0.0,0.0,0.0004770613467766106,0.9999998862062293,-0.0002463901073094538,-0.0008874244619981087,0.0,0.0,0.0,0.0006636674141721911,1477,1530
0.000277306848947946,-0.0019815128511523864,0.0,0.0,0.0,0.0004770613467766106,0.9999998862062293,-0.0002463901073094538,-0.0008874244619981087,0.0,0.0,0.0,0.0006636674141721911,1477,1530
0.000277306848947946,-0.0019815128511523864,0.0,0.0,0.0,0.0004770613467766106,0.9999998862062293,-0.0002463901073094538,-0.0008874244619981087,0.0,0.0,0.0,0.0006636674141721911,1477,1530
0.000277306848947946,-0.0019815128511523864,0.0,0.0,0.0,0.0004770613467766106,0.9999998862062293,-0.0002463901073094538,-0.0008874244619981087,0.0,0.0,0.0,0.0006636674141721911,1477,1530
0.000277306848947946,-0.0019815128511523864,0.0,0.0,0.0,0.0004770613467766106,0.9999998862062293,-0.0002463901073094538,-0.0008874244619981087,0.0,0.0,0.0,0.0006636674141721911,1477,1530
0.000277306848947946,-0.0019815128511523864,0.0,0.0,0.0,0.0004770613467766106,0.9999998862062293,-0.0002463901073094538,-0.0008874244619981087,0.0,0.0,0.0,0.0006636674141721911,1477,1530
0.000277306848947946,-0.0019815128511523864,0.0,0.0,0.0,0.0004770613467766106,0.9999998862062293,-0.0002463901073094538,-0.0008874244619981087,0.0,0.0,0.0,0.0006636674141721911,1477,1530
0.000277306848947946,-0.0019815128511523864,0.0,0.0,0.0,0.0004770613467766106,0.9999998862062293,-0.0002463901073094538,-0.0008874244619981087,0.0,0.0,0.0,0.0006636674141721911,1477,1530
0.000277306848947946,-0.0019815128511523864,0.0,0.0,0.0,0.0004770613467766106,0.9999998862062293,-0.0002463901073094538,-0.0008874244619981087,0.0,0.0,0.0,0.0006636674141721911,1477,1530
0.000277306848947946,-0.0019815128511523864,0.0,0.0,0.0,0.0004770613467766106,0.9999998862062293,-0.0002463901073094538,-0.0008874244619981087,0.0,0.0,0.0,0.0006636674141721911,1477,1530
0.000277306848947946,-0.0019815128511523864,0.0,0.0,0.0,0.0004770613467766106,0.9999998862062293,-0.0002463901073094538,-0.0008874244619981087,0.0,0.0,0.0,0.0006636674141721911,1477,1530
0.000277306848947946,-0.0019815128511523864,0.0,0.0,0.0,0.0004770613467766106,0.9999998862062293,-0.0002463901073094538,-0.0008874244619981087,0.0,0.0,0.0,0.0006636674141721911,1477,1530
0.000277306848947946,-0.0019815128511523864,0.0,0.0,0.0,0.0004770613467766106,0.9999998862062293,-0.0002463901073094538,-0.0008874244619981087,0.0,0.0,0.0,0.0006636674141721911,1477,1530
0.000277306848947946,-0.0019815128511523864,0.0,0.0,0.0,0.0004770613467766106,0.9999998862062293,-0.0002463901073094538,-0.0008874244619981087,0.0,0.0,0.0,0.0006636674141721911,1477,1530
0.000277306848947946,-0.0019815128511523864,0.0,0.0,0.0,0.0004770613467766106,0.9999998862062293,-0.0002463901073094538,-0.0008874244619981087,0.0,0.0,0.0,0.0006636674141721911,1477,1530
0.000277306848947946,-0.0019815128511523864,0.0,0.0,0.0,0.0004770613467766106,0.9999998862062293,-0.0002463901073094538,-0.0008874244619981087,0.0,0.0,0.0,0.0006636674141721911,1477,1530
0.000277306848947946,-0.0019815128511523864,0.0,0.0,0.0,0.0004770613467766106,0.9999998862062293,-0.0002463901073094538,-0.0008874244619981087,0.0,0.0,0.0,0.0006636674141721911,1477,1530
0.000277306848947946,-0.0019815128511523864,0.0,0.0,0.0,0.0004770613467766106,0.9999998862062293,-0.0002463901073094538,-0.0008874244619981087,0.0,0.0,0.0,0.0006636674141721911,1477,1530
0.000277306848947946,-0.0019815128511523864,0.0,0.0,0.0,0.0004770613467766106,0.9999998862062293,-0.0002463901073094538,-0.0008874244619981087,0.0,0.0,0.0,0.0006636674141721911,1477,1530
0.000277306848947946,-0.0019815128511523864,0.0,0.0,0.0,0.0004770613467766106,0.9999998862062293,-0.0002463901073094538,-0.0008874244619981087,0.0,0.0,0.0,0.0006636674141721911,1477,1530
0.000277306848947946,-0.0019815128511523864,0.0,0.0,0.0,0.0004770613467766106,0.9999998862062293,-0.0002463901073094538,-0.0008874244619981087,0.0,0.0,0.0,0.0006636674141721911,1477,1530
0.000277306848947946,-0.0019815128511523864,0.0,0.0,0.0,0.0004770613467766106,0.9999998862062293,-0.0002463901073094538,-0.0008874244619981087,0.0,0.0,0.0,0.0006636674141721911,1477,1530
0.000277306848947946,-0.0019815128511523864,0.0,0.0,0.0,0.0004770613467766106,0.9999998862062293,-0.0002463901073094538,-0.0008874244619981087,0.0,0.0,0.0,0.0006636674141721911,1477,1530
0.000277306848947946,-0.0019815128511523864,0.0,0.0,0.0,0.0004770613467766106,0.9999998862062293,-0.0002463901073094538,-0.0008874244619981087,0.0,0.0,0.0,0.0006636674141721911,1477,1530
0.000277306848947946,-0.0019815128511523864,0.0,0.0,0.0,0.0004770613467766106,0.9999998862062293,-0.0002463901073094538,-0.0008874244619981087,0.0,0.0,0.0,0.0006636674141721911,1477,1530
0.000277306848947946,-0.0019815128511523864,0.0,0.0,0.0,0.0004770613467766106,0.9999998862062293,-0.0002463901073094538,-0.0008874244619981087,0.0,0.0,0.0,0.0006636674141721911,1477,1530
0.000277306848947946,-0.0019815128511523864,0.0,0.0,0.0,0.0004770613467766106,0.9999998862062293,-0.0002463901073094538,-0.0008874244619981087,0.0,0.0,0.0,0.0006636674141721911,1477,1530
0.000277306848947946,-0.0019815128511523864,0.0,0.0,0.0,0.0004770613467766106,0.9999998862062293,-0.0002463901073094538,-0.0008874244619981087,0.0,0.0,0.0,0.0006636674141721911,1477,1530
0.000277306848947946,-0.0019815128511523864,0.0,0.0,0.0,0.0004770613467766106,0.9999998862062293,-0.0002463901073094538,-0.0008874244619981087,0.0,0.0,0.0,0.0006636674141721911,1477,1530
0.000277306848947946,-0.0019815128511523864,0.0,0.0,0.0,0.0004770613467766106,0.9999998862062293,-0.0002463901073094538,-0.0008874244619981087,0.0,0.0,0.0,0.0006636674141721911,1477,1530
0.000277306848947946,-0.0019815128511523864,0.0,0.0,0.0,0.0004770613467766106,0.9999998862062293,-0.0002463901073094538,-0.0008874244619981087,0.0,0.0,0.0,0.0006636674141721911,1477,1530
0.000277306848947946,-0.0019815128511523864,0.0,0.0,0.0,0.0004770613467766106,0.9999998862062293,-0.0002463901073094538,-0.0008874244619981087,0.0,0.0,0.0,0.0006636674141721911,1477,1530
0.000277306848947946,-0.0019815128511523864,0.0,0.0,0.0,0.0004770613467766106,0.9999998862062293,-0.0002463901073094538,-0.0008874244619981087,0.0,0.0,0.0,0.0006636674141721911,1477,1530
0.000277306848947946,-0.0019815128511523864,0.0,0.0,0.0,0.0004770613467766106,0.9999998862062293,-0.0002463901073094538,-0.0008874244619981087,0.0,0.0,0.0,0.0006636674141721911,1477,1530
0.000277306848947946,-0.0019815128511523864,0.0,0.0,0.0,0.0004770613467766106,0.9999998862062293,-0.0002463901073094538,-0.0008874244619981087,0.0,0.0,0.0,0.0006636674141721911,1477,1530
0.000277306848947946,-0.0019815128511523864,0.0,0.0,0.0,0.0004770613467766106,0.9999998862062293,-0.0002463901073094538,-0.0008874244619981087,0.0,0.0,0.0,0.0006636674141721911,1477,1530
0.000277306848947946,-0.0019815128511523864,0.0,0.0,0.0,0.0004770613467766106,0.9999998862062293,-0.0002463901073094538,-0.0008874244619981087,0.0,0.0,0.0,0.0006636674141721911,1477,1530
0.000277306848947946,-0.0019815128511523864,0.0,0.0,0.0,0.0004770613467766106,0.9999998862062293,-0.0002463901073094538,-0.0008874244619981087,0.0,0.0,0.0,0.0006636674141721911,1477,1530
0.000277306848947946,-0.0019815128511523864,0.0,0.0,0.0,0.0004770613467766106,0.9999998862062293,-0.0002463901073094538,-0.0008874244619981087,0.0,0.0,0.0,0.0006636674141721911,1477,1530
0.000277306848947946,-0.0019815128511523864,0.0,0.0,0.0,0.0004770613467766106,0.9999998862062293,-0.0002463901073094538,-0.0008874244619981087,0.0,0.0,0.0,0.0006636674141721911,1477,1530
0.000277306848947946,-0.0019815128511523864,0.0,0.0,0.0,0.0004770613467766106,0.9999998862062293,-0.0002463901073094538,-0.0008874244619981087,0.0,0.0,0.0,0.0006636674141721911,1477,1530
0.000277306848947946,-0.0019815128511523864,0.0,0.0,0.0,0.0004770613467766106,0.9999998862062293,-0.0002463901073094538,-0.0008874244619981087,0.0,0.0,0.0,0.0006636674141721911,1477,1530
0.000277306848947946,-0.0019815128511523864,0.0,0.0,0.0,0.0004770613467766106,0.9999998862062293,-0.0002463901073094538,-0.0008874244619981087,0.0,0.0,0.0,0.0006636674141721911,1477,1530
0.000277306848947946,-0.0019815128511523864,0.0,0.0,0.0,0.0004770613467766106,0.9999998862062293,-0.0002463901073094538,-0.0008874244619981087,0.0,0.0,0.0,0.0006636674141721911,1477,1530
0.000277306848947946,-0.0019815128511523864,0.0,0.0,0.0,0.0004770613467766106,0.9999998862062293,-0.0002463901073094538,-0.0008874244619981087,0.0,0.0,0.0,0.0006636674141721911,1477,1530
0.000277306848947946,-0.0019815128511523864,0.0,0.0,0.0,0.0004770613467766106,0.9999998862062293,-0.0002463901073094538,-0.0008874244619981087,0.0,0.0,0.0,0.0006636674141721911,1477,1530
0.000277306848947946,-0.0019815128511523864,0.0,0.0,0.0,0.0004770613467766106,0.9999998862062293,-0.0002463901073094538,-0.0008874244619981087,0.0,0.0,0.0,0.0006636674141721911,1477,1530
0.000277306848947946,-0.0019815128511523864,0.0,0.0,0.0,0.0004770613467766106,0.9999998862062293,-0.0002463901073094538,-0.0008874244619981087,0.0,0.0,0.0,0.0006636674141721911,1477,1530
0.000277306848947946,-0.0019815128511523864,0.0,0.0,0.0,0.0004770613467766106,0.9999998862062293,-0.0002463901073094538,-0.0008874244619981087,0.0,0.0,0.0,0.0006636674141721911,1477,1530
0.000277306848947946,-0.0019815128511523864,0.0,0.0,0.0,0.0004770613467766106,0.9999998862062293,-0.0002463901073094538,-0.0008874244619981087,0.0,0.0,0.0,0.0006636674141721911,1477,1530
0.000277306848947946,-0.0019815128511523864,0.0,0.0,0.0,0.0004770613467766106,0.9999998862062293,-0.0002463901073094538,-0.0008874244619981087,0.0,0.0,0.0,0.0006636674141721911,1477,1530
0.000277306848947946,-0.0019815128511523864,0.0,0.0,0.0,0.0004770613467766106,0.9999998862062293,-0.0002463901073094538,-0.0008874244619981087,0.0,0.0,0.0,0.0006636674141721911,1477,1530
0.000277306848947946,-0.0019815128511523864,0.0,0.0,0.0,0.0004770613467766106,0.9999998862062293,-0.0002463901073094538,-0.0008874244619981087,0.0,0.0,0.0,0.0006636674141721911,1477,1530
0.000277306848947946,-0.0019815128511523864,0.0,0.0,0.0,0.0004770613467766106,0.9999998862062293,-0.0002463901073094538,-0.0008874244619981087,0.0,0.0,0.0,0.0006636674141721911,1477,1530
0.000277306848947946,-0.0019815128511523864,0.0,0.0,0.0,0.0004770613467766106,0.9999998862062293,-0.0002463901073094538,-0.0008874244619981087,0.0,0.0,0.0,0.0006636674141721911,1477,1530
0.000277306848947946,-0.0019815128511523864,0.0,0.0,0.0,0.0004770613467766106,0.9999998862062293,-0.0002463901073094538,-0.0008874244619981087,0.0,0.0,0.0,0.0006636674141721911,1477,1530
0.000277306848947946,-0.0019815128511523864,0.0,0.0,0.0,0.0004770613467766106,0.9999998862062293,-0.0002463901073094538,-0.0008874244619981087,0.0,0.0,0.0,0.0006636674141721911,1477,1530
0.000277306848947946,-0.0019815128511523864,0.0,0.0,0.0,0.0004770613467766106,0.9999998862062293,-0.0002463901073094538,-0.0008874244619981087,0.0,0.0,0.0,0.0006636674141721911,1477,1530
0.000277306848947946,-0.0019815128511523864,0.0,0.0,0.0,0.0004770613467766106,0.9999998862062293,-0.0002463901073094538,-0.0008874244619981087,0.0,0.0,0.0,0.0006636674141721911,1477,1530
0.000277306848947946,-0.0019815128511523864,0.0,0.0,0.0,0.0004770613467766106,0.9999998862062293,-0.0002463901073094538,-0.0008874244619981087,0.0,0.0,0.0,0.0006636674141721911,1477,1530
0.000277306848947946,-0.0019815128511523864,0.0,0.0,0.0,0.0004770613467766106,0.9999998862062293,-0.0002463901073094538,-0.0008874244619981087,0.0,0.0,0.0,0.0006636674141721911,1477,1530
0.000277306848947946,-0.0019815128511523864,0.0,0.0,0.0,0.0004770613467766106,0.9999998862062293,-0.0002463901073094538,-0.0008874244619981087,0.0,0.0,0.0,0.0006636674141721911,1477,1530
0.000277306848947946,-0.0019815128511523864,0.0,0.0,0.0,0.0004770613467766106,0.9999998862062293,-0.0002463901073094538,-0.0008874244619981087,0.0,0.0,0.0,0.0006636674141721911,1477,1530
0.000277306848947946,-0.0019815128511523864,0.0,0.0,0.0,0.0004770613467766106,0.9999998862062293,-0.0002463901073094538,-0.0008874244619981087,0.0,0.0,0.0,0.0006636674141721911,1477,1530
0.000277306848947946,-0.0019815128511523864,0.0,0.0,0.0,0.0004770613467766106,0.9999998862062293,-0.0002463901073094538,-0.0008874244619981087,0.0,0.0,0.0,0.0006636674141721911,1477,1530
0.000277306848947946,-0.0019815128511523864,0.0,0.0,0.0,0.0004770613467766106,0.9999998862062293,-0.0002463901073094538,-0.0008874244619981087,0.0,0.0,0.0,0.0006636674141721911,1477,1530
0.000277306848947946,-0.0019815128511523864,0.0,0.0,0.0,0.0004770613467766106,0.9999998862062293,-0.0002463901073094538,-0.0008874244619981087,0.0,0.0,0.0,0.0006636674141721911,1477,1530
0.000277306848947946,-0.0019815128511523864,0.0,0.0,0.0,0.0004770613467766106,0.9999998862062293,-0.0002463901073094538,-0.0008874244619981087,0.0,0.0,0.0,0.0006636674141721911,1477,1530
0.000277306848947946,-0.0019815128511523864,0.0,0.0,0.0,0.0004770613467766106,0.9999998862062293,-0.0002463901073094538,-0.0008874244619981087,0.0,0.0,0.0,0.0006636674141721911,1477,1530
0.000277306848947946,-0.0019815128511523864,0.0,0.0,0.0,0.0004770613467766106,0.9999998862062293,-0.0002463901073094538,-0.0008874244619981087,0.0,0.0,0.0,0.0006636674141721911,1477,1530
0.000277306848947946,-0.0019815128511523864,0.0,0.0,0.0,0.0004770613467766106,0.9999998862062293,-0.0002463901073094538,-0.0008874244619981087,0.0,0.0,0.0,0.0006636674141721911,1477,1530
0.000277306848947946,-0.0019815128511523864,0.0,0.0,0.0,0.0004770613467766106,0.9999998862062293,-0.0002463901073094538,-0.0008874244619981087,0.0,0.0,0.0,0.0006636674141721911,1477,1530
0.000277306848947946,-0.0019815128511523864,0.0,0.0,0.0,0.0004770613467766106,0.9999998862062293,-0.0002463901073094538,-0.0008874244619981087,0.0,0.0,0.0,0.0006636674141721911,1477,1530
0.000277306848947946,-0.0019815128511523864,0.0,0.0,0.0,0.0004770613467766106,0.9999998862062293,-0.0002463901073094538,-0.0008874244619981087,0.0,0.0,0.0,0.0006636674141721911,1477,1530
0.000277306848947946,-0.0019815128511523864,0.0,0.0,0.0,0.0004770613467766106,0.9999998862062293,-0.0002463901073094538,-0.0008874244619981087,0.0,0.0,0.0,0.0006636674141721911,1477,1530
0.000277306848947946,-0.0019815128511523864,0.0,0.0,0.0,0.0004770613467766106,0.9999998862062293,-0.0002463901073094538,-0.0008874244619981087,0.0,0.0,0.0,0.0006636674141721911,1477,1530
0.000277306848947946,-0.0019815128511523864,0.0,0.0,0.0,0.0004770613467766106,0.9999998862062293,-0.0002463901073094538,-0.0008874244619981087,0.0,0.0,0.0,0.0006636674141721911,1477,1530
0.000277306848947946,-0.0019815128511523864,0.0,0.0,0.0,0.0004770613467766106,0.9999998862062293,-0.0002463901073094538,-0.0008874244619981087,0.0,0.0,0.0,0.0006636674141721911,1477,1530
0.000277306848947946,-0.0019815128511523864,0.0,0.0,0.0,0.0004770613467766106,0.9999998862062293,-0.0002463901073094538,-0.0008874244619981087,0.0,0.0,0.0,0.0006636674141721911,1477,1530
0.000277306848947946,-0.0019815128511523864,0.0,0.0,0.0,0.0004770613467766106,0.9999998862062293,-0.0002463901073094538,-0.0008874244619981087,0.0,0.0,0.0,0.0006636674141721911,1477,1530
0.000277306848947946,-0.0019815128511523864,0.0,0.0,0.0,0.0004770613467766106,0.9999998862062293,-0.0002463901073094538,-0.0008874244619981087,0.0,0.0,0.0,0.0006636674141721911,1477,1530
0.000277306848947946,-0.0019815128511523864,0.0,0.0,0.0,0.0004770613467766106,0.9999998862062293,-0.0002463901073094538,-0.0008874244619981087,0.0,0.0,0.0,0.0006636674141721911,1477,1530
0.000277306848947946,-0.0019815128511523864,0.0,0.0,0.0,0.0004770613467766106,0.9999998862062293,-0.0002463901073094538,-0.0008874244619981087,0.0,0.0,0.0,0.0006636674141721911,1477,1530
0.000277306848947946,-0.0019815128511523864,0.0,0.0,0.0,0.0004770613467766106,0.9999998862062293,-0.0002463901073094538,-0.0008874244619981087,0.0,0.0,0.0,0.0006636674141721911,1477,1530
0.000277306848947946,-0.0019815128511523864,0.0,0.0,0.0,0.0004770613467766106,0.9999998862062293,-0.0002463901073094538,-0.0008874244619981087,0.0,0.0,0.0,0.0006636674141721911,1477,1530
0.000277306848947946,-0.0019815128511523864,0.0,0.0,0.0,0.0004770613467766106,0.9999998862062293,-0.0002463901073094538,-0.0008874244619981087,0.0,0.0,0.0,0.0006636674141721911,1477,1530
0.000277306848947946,-0.0019815128511523864,0.0,0.0,0.0,0.0004770613467766106,0.9999998862062293,-0.0002463901073094538,-0.0008874244619981087,0.0,0.0,0.0,0.0006636674141721911,1477,1530
0.000277306848947946,-0.0019815128511523864,0.0,0.0,0.0,0.0004770613467766106,0.9999998862062293,-0.0002463901073094538,-0.0008874244619981087,0.0,0.0,0.0,0.0006636674141721911,1477,1530
0.000277306848947946,-0.0019815128511523864,0.0,0.0,0.0,0.0004770613467766106,0.9999998862062293,-0.0002463901073094538,-0.0008874244619981087,0.0,0.0,0.0,0.0006636674141721911,1477,1530
0.000277306848947946,-0.0019815128511523864,0.0,0.0,0.0,0.0004770613467766106,0.9999998862062293,-0.0002463901073094538,-0.0008874244619981087,0.0,0.0,0.0,0.0006636674141721911,1477,1530
0.000277306848947946,-0.0019815128511523864,0.0,0.0,0.0,0.0004770613467766106,0.9999998862062293,-0.0002463901073094538,-0.0008874244619981087,0.0,0.0,0.0,0.0006636674141721911,1477,1530
0.000277306848947946,-0.0019815128511523864,0.0,0.0,0.0,0.0004770613467766106,0.9999998862062293,-0.0002463901073094538,-0.0008874244619981087,0.0,0.0,0.0,0.0006636674141721911,1477,1530
0.000277306848947946,-0.0019815128511523864,0.0,0.0,0.0,0.0004770613467766106,0.9999998862062293,-0.0002463901073094538,-0.0008874244619981087,0.0,0.0,0.0,0.0006636674141721911,1477,1530
0.000277306848947946,-0.0019815128511523864,0.0,0.0,0.0,0.0004770613467766106,0.9999998862062293,-0.0002463901073094538,-0.0008874244619981087,0.0,0.0,0.0,0.0006636674141721911,1477,1530
0.000277306848947946,-0.0019815128511523864,0.0,0.0,0.0,0.0004770613467766106,0.9999998862062293,-0.0002463901073094538,-0.0008874244619981087,0.0,0.0,0.0,0.0006636674141721911,1477,1530
0.000277306848947946,-0.0019815128511523864,0.0,0.0,0.0,0.0004770613467766106,0.9999998862062293,-0.0002463901073094538,-0.0008874244619981087,0.0,0.0,0.0,0.0006636674141721911,1477,1530
0.000277306848947946,-0.0019815128511523864,0.0,0.0,0.0,0.0004770613467766106,0.9999998862062293,-0.0002463901073094538,-0.0008874244619981087,0.0,0.0,0.0,0.0006636674141721911,1477,1530
0.000277306848947946,-0.0019815128511523864,0.0,0.0,0.0,0.0004770613467766106,0.9999998862062293,-0.0002463901073094538,-0.0008874244619981087,0.0,0.0,0.0,0.0006636674141721911,1477,1530
0.000277306848947946,-0.0019815128511523864,0.0,0.0,0.0,0.0004770613467766106,0.9999998862062293,-0.0002463901073094538,-0.0008874244619981087,0.0,0.0,0.0,0.0006636674141721911,1477,1530
0.000277306848947946,-0.0019815128511523864,0.0,0.0,0.0,0.0004770613467766106,0.9999998862062293,-0.0002463901073094538,-0.0008874244619981087,0.0,0.0,0.0,0.0006636674141721911,1477,1530
0.000277306848947946,-0.0019815128511523864,0.0,0.0,0.0,0.0004770613467766106,0.9999998862062293,-0.0002463901073094538,-0.0008874244619981087,0.0,0.0,0.0,0.0006636674141721911,1477,1530
0.000277306848947946,-0.0019815128511523864,0.0,0.0,0.0,0.0004770613467766106,0.9999998862062293,-0.0002463901073094538,-0.0008874244619981087,0.0,0.0,0.0,0.0006636674141721911,1477,1530
0.000277306848947946,-0.0019815128511523864,0.0,0.0,0.0,0.0004770613467766106,0.9999998862062293,-0.0002463901073094538,-0.0008874244619981087,0.0,0.0,0.0,0.0006636674141721911,1477,1530
0.000277306848947946,-0.0019815128511523864,0.0,0.0,0.0,0.0004770613467766106,0.9999998862062293,-0.0002463901073094538,-0.0008874244619981087,0.0,0.0,0.0,0.0006636674141721911,1477,1530
0.000277306848947946,-0.0019815128511523864,0.0,0.0,0.0,0.0004770613467766106,0.9999998862062293,-0.0002463901073094538,-0.0008874244619981087,0.0,0.0,0.0,0.0006636674141721911,1477,1530
0.000277306848947946,-0.0019815128511523864,0.0,0.0,0.0,0.0004770613467766106,0.9999998862062293,-0.0002463901073094538,-0.0008874244619981087,0.0,0.0,0.0,0.0006636674141721911,1477,1530
0.000277306848947946,-0.0019815128511523864,0.0,0.0,0.0,0.0004770613467766106,0.9999998862062293,-0.0002463901073094538,-0.0008874244619981087,0.0,0.0,0.0,0.0006636674141721911,1477,1530
