Position_X,Position_Y,Position_Z,Orientation_X,Orientation_Y,Orientation_Z,Orientation_W,Twist_Linear_X,Twist_Linear_Y,Twist_Linear_Z,Twist_Angular_X,Twist_Angular_Y,Twist_Angular_Z,Steer_PWM,Throttle_PWM
5.950269603321724e-05,0.0003823832320627967,0.0,0.0,0.0,-8.739197904403664e-05,0.999999996181321,-0.00026791428194854276,0.0004958451324059965,0.0,0.0,0.0,-0.0002771172952606978,1477,1530
5.950269603321724e-05,0.0003823832320627967,0.0,0.0,0.0,-8.739197904403664e-05,0.999999996181321,-0.00026791428194854276,0.0004958451324059965,0.0,0.0,0.0,-0.0002771172952606978,1477,1530
8.650514626391489e-08,0.0001727740442133325,0.0,0.0,0.0,-7.503144340693777e-06,0.9999999999718514,-0.00014844071990046504,-0.0005240201030061383,0.0,0.0,0.0,0.0003994222054263766,1477,1530
8.650514626391489e-08,0.0001727740442133325,0.0,0.0,0.0,-7.503144340693777e-06,0.9999999999718514,-0.00014844071990046504,-0.0005240201030061383,0.0,0.0,0.0,0.0003994222054263766,1477,1530
2.7681674093198017e-05,3.900330219783356e-05,0.0,0.0,0.0,1.3803923391488579e-05,0.9999999999047259,0.00011748378620104891,-0.0005694729201938071,0.0,0.0,0.0,0.0001814123994779009,1477,1530
2.7681674093198017e-05,3.900330219783356e-05,0.0,0.0,0.0,1.3803923391488579e-05,0.9999999999047259,0.00011748378620104891,-0.0005694729201938071,0.0,0.0,0.0,0.0001814123994779009,1477,1530
2.7681674093198017e-05,3.900330219783356e-05,0.0,0.0,0.0,1.3803923391488579e-05,0.9999999999047259,0.00011748378620104891,-0.0005694729201938071,0.0,0.0,0.0,0.0001814123994779009,1477,1530
0.00010184010831279466,-8.257428418256074e-05,0.0,0.0,0.0,3.755116267398544e-05,0.9999999992949551,0.00037359980299039945,-0.0006125288868281754,0.0,0.0,0.0,0.00023928135996787304,1477,1530
0.0001692720507141334,0.0002020653931265177,0.0,0.0,0.0,-5.772805188102463e-05,0.999999998333736,0.0002890352794776011,0.0012196500561787941,0.0,0.0,0.0,-0.0008165366703380758,1477,1530
0.0001692720507141334,0.0002020653931265177,0.0,0.0,0.0,-5.772805188102463e-05,0.999999998333736,0.0002890352794776011,0.0012196500561787941,0.0,0.0,0.0,-0.0008165366703380758,1477,1530
0.00016859799306452318,-1.0963715028613856e-05,0.0,0.0,0.0,5.837108942386914e-06,0.9999999999829641,-6.502359150820272e-06,-0.0021328299131902007,0.0,0.0,0.0,0.0012728178695187659,1477,1530
0.0003498410164867849,0.0004783591614663675,0.0,0.0,0.0,-0.0001115198326098432,0.9999999937816635,0.0010877382440738844,0.002936588232487091,0.0,0.0,0.0,-0.0014086016421395215,1477,1530
0.0003498410164867849,0.0004783591614663675,0.0,0.0,0.0,-0.0001115198326098432,0.9999999937816635,0.0,0.0,0.0,0.0,0.0,8.436686421297223e-20,1477,1530
0.0003498410164867849,0.0004783591614663675,0.0,0.0,0.0,-0.0001115198326098432,0.9999999937816635,0.0,0.0,0.0,0.0,0.0,1.1195332141828872e-19,1477,1530
0.0003498410164867849,0.0004783591614663675,0.0,0.0,0.0,-0.0001115198326098432,0.9999999937816635,0.0,0.0,0.0,0.0,0.0,8.404354935868718e-20,1477,1530
0.0003498410164867849,0.0004783591614663675,0.0,0.0,0.0,-0.0001115198326098432,0.9999999937816635,0.0,0.0,0.0,0.0,0.0,8.404354935868718e-20,1477,1530
0.0003498410164867849,0.0004783591614663675,0.0,0.0,0.0,-0.00011151983260984319,0.9999999937816635,0.0,0.0,0.0,0.0,0.0,2.879448698779092e-19,1477,1530
0.00033467353436752247,0.0005291297666016446,0.0,0.0,0.0,-0.00011434836657360091,0.9999999934622256,-9.100112471791248e-05,0.0003043634871061357,0.0,0.0,0.0,-3.391568222391893e-05,1477,1530
0.00033467353436752247,0.0005291297666016446,0.0,0.0,0.0,-0.00011434836657360091,0.9999999934622256,-9.100112471791248e-05,0.0003043634871061357,0.0,0.0,0.0,-3.391568222391893e-05,1477,1530
0.0003278443790377135,0.00033466627848694906,0.0,0.0,0.0,-5.2961545509600535e-05,0.9999999985975373,-0.0002048453243278161,-0.005871351856368037,0.0,0.0,0.0,0.003706821729409239,1477,1530
0.0002756243702141724,0.0005882183267228807,0.0,0.0,0.0,-0.00013867568642808817,0.999999990384527,-0.0003856454915318269,0.0018714820415621806,0.0,0.0,0.0,-0.0012653494819603109,1477,1530
0.0002756243702141724,0.0005882183267228807,0.0,0.0,0.0,-0.00013867568642808817,0.999999990384527,-0.0003856454915318269,0.0018714820415621806,0.0,0.0,0.0,-0.0012653494819603109,1477,1530
0.0005730443453371905,0.00030074996510495207,0.0,0.0,0.0,-7.029652829960086e-05,0.999999997529199,0.0009984618416946816,-0.0009645180217471237,0.0,0.0,0.0,0.00045898521578062446,1477,1530
0.0003264996120215064,0.0004919214550817028,0.0,0.0,0.0,-8.72455542440568e-05,0.9999999961941066,-0.0018499993117080794,0.001434078312223738,0.0,0.0,0.0,-0.0002543333082701434,1477,1530
0.0003118054494608267,0.00029866987515854415,0.0,0.0,0.0,-2.9960809348694768e-05,0.9999999995511749,-0.00014633369920359835,-0.0019289728101201053,0.0,0.0,0.0,0.0011435792777408132,1477,1530
0.0003118054494608267,0.00029866987515854415,0.0,0.0,0.0,-2.9960809348694768e-05,0.9999999995511749,-0.00014633369920359835,-0.0019289728101201053,0.0,0.0,0.0,0.0011435792777408132,1477,1530
0.00030717029016076884,0.00044847964093672925,0.0,0.0,0.0,-0.00011332762167512132,0.9999999935784251,-3.487086097412117e-05,0.001124856306552613,0.0,0.0,0.0,-0.0012519325199233805,1477,1530
0.0003970811249401638,0.00039730809444697495,0.0,0.0,0.0,-7.801333285597275e-05,0.99999999695696,0.000672981415446767,-0.00038281643501130645,0.0,0.0,0.0,0.0005285858039374416,1477,1530
0.0004149733973745812,0.0003167662992169317,0.0,0.0,0.0,-5.610648357547241e-05,0.9999999984260313,0.0001333246873253044,-0.0005997170600400177,0.0,0.0,0.0,0.0003262496642234494,1477,1530
0.0003791758055465107,0.0004677064135311751,0.0,0.0,0.0,-9.29860892004331e-05,0.9999999956767935,-0.0005478992311220644,0.0023090565026688357,0.0,0.0,0.0,-0.0011283860578323438,1477,1530
0.00043125585307975947,0.0005206383314193514,0.0,0.0,0.0,-0.00010087356121279628,0.9999999949122623,0.0005199688715771115,0.0005286705985828281,0.0,0.0,0.0,-0.00015752732745538355,1477,1530
0.00043125585307975947,0.0005206383314193514,0.0,0.0,0.0,-0.00010087356121279628,0.9999999949122623,0.0005199688715771115,0.0005286705985828281,0.0,0.0,0.0,-0.00015752732745538355,1477,1530
0.00032822468919183366,0.00035405596852984116,0.0,0.0,0.0,-2.6788892992327445e-05,0.9999999996411776,-0.0010302331010648147,-0.0016664480694186506,0.0,0.0,0.0,0.0014820638823819555,1477,1530
0.0002679772571544736,0.0004862794829596815,0.0,0.0,0.0,-7.468628115735121e-05,0.9999999972109797,-0.0002578351014319721,0.0005657838297775838,0.0,0.0,0.0,-0.00040991542968958915,1477,1530
0.0001939610676007767,0.0005122004380622943,0.0,0.0,0.0,-0.00010111114889019296,0.9999999948882677,-0.0011106452091263807,0.00038876900077395416,0.0,0.0,0.0,-0.0007929918624558703,1477,1530
0.0006613637030716027,0.0003873991957644656,0.0,0.0,0.0,-9.430274085117035e-05,0.9999999955534965,0.007035232213659213,-0.0018769542979722798,0.0,0.0,0.0,0.00020494598430131686,1477,1530
0.0006613637030716027,0.0003873991957644656,0.0,0.0,0.0,-9.430274085117035e-05,0.9999999955534965,0.007035232213659213,-0.0018769542979722798,0.0,0.0,0.0,0.00020494598430131686,1477,1530
0.0003517307261650905,0.00042779659059079625,0.0,0.0,0.0,-8.246596697473545e-05,0.9999999965996821,-0.0010313274287456582,0.00013435807161497266,0.0,0.0,0.0,7.885006026919455e-05,1477,1530
0.0005205897491466819,0.0002592361519657268,0.0,0.0,0.0,-3.153387280353997e-05,0.9999999995028074,0.001686860852424907,-0.0016833227068518732,0.0,0.0,0.0,0.0010174311416897733,1477,1530
0.0005205897491466819,0.0002592361519657268,0.0,0.0,0.0,-3.153387280353997e-05,0.9999999995028074,0.001686860852424907,-0.0016833227068518732,0.0,0.0,0.0,0.0010174311416897733,1477,1530
0.00019594340510456894,0.0005074987823873221,0.0,0.0,0.0,-9.539312225583953e-05,0.9999999954500761,-0.004896050440513299,0.0037436044580059094,0.0,0.0,0.0,-0.0019260529790938914,1477,1530
0.00019594340510456894,0.0005074987823873221,0.0,0.0,0.0,-9.539312225583953e-05,0.9999999954500761,-0.004896050440513299,0.0037436044580059094,0.0,0.0,0.0,-0.0019260529790938914,1477,1530
0.00048628800888282544,0.00020436112911407064,0.0,0.0,0.0,-1.0417309359246625e-05,0.9999999999457398,0.002177893018563293,-0.0022729862082924344,0.0,0.0,0.0,0.0012745639066575895,1477,1530
0.00024007708921936415,0.00040729185574025334,0.0,0.0,0.0,-9.119100126415888e-05,0.9999999958421006,-0.0014787874184334876,0.00121878699366661,0.0,0.0,0.0,-0.0009702662127266193,1477,1530
0.0003771615712540032,0.000605950042192411,0.0,0.0,0.0,-0.0001444932118455718,0.9999999895608559,0.0008213170490758459,0.0011906893331719228,0.0,0.0,0.0,-0.0006388701089819335,1477,1530
0.00040700228555126726,0.0004148663866243693,0.0,0.0,0.0,-7.803447310771065e-05,0.9999999969553105,0.0002992885537380117,-0.0019128543800963785,0.0,0.0,0.0,0.0013306384845837883,1477,1530
0.00037756065302765423,0.0003823594489747028,0.0,0.0,0.0,-6.606134019702367e-05,0.9999999978179497,-0.000220756530789254,-0.0002438169859785306,0.0,0.0,0.0,0.0001795826275130204,1477,1530
0.00041803773639952963,0.000512064896875204,0.0,0.0,0.0,-0.00012414091341983395,0.9999999922945167,0.00030326839203962384,0.0009722500409191299,0.0,0.0,0.0,-0.0008706733745731391,1477,1530
0.00036677219477781266,0.0005702201316950797,0.0,0.0,0.0,-0.0001366094698039285,0.9999999906689264,-0.0014445471401854702,0.0016378631715031212,0.0,0.0,0.0,-0.0007024736747412928,1477,1530
0.0002577366496180293,0.00023293623945734967,0.0,0.0,0.0,-5.78370456369006e-06,0.9999999999832744,-0.0006625759545053305,-0.0020514868281065837,0.0,0.0,0.0,0.0015913220125033055,1477,1530
0.0002577366496180293,0.00023293623945734967,0.0,0.0,0.0,-5.78370456369006e-06,0.9999999999832744,-0.0006625759545053305,-0.0020514868281065837,0.0,0.0,0.0,0.0015913220125033055,1477,1530
0.00043480100566944935,0.0008416415921147356,0.0,0.0,0.0,-0.0001620268381056649,0.9999999868736518,0.0026504792505571977,0.009112113421641721,0.0,0.0,0.0,-0.00467779807835645,1477,1530
0.0005584775192693596,0.0002866775995694012,0.0,0.0,0.0,-3.0328855116350262e-05,0.9999999995400802,0.008131183992206248,-0.00519061323454437,0.0,0.0,0.0,0.003662151811568691,1477,1530
0.0005731961189475142,0.00033292204119788796,0.0,0.0,0.0,-6.62844505135388e-05,0.9999999978031858,7.36132029850787e-05,0.00023133424212241576,0.0,0.0,0.0,-0.00035972322563321816,1477,1530
0.0005731961189475142,0.00033292204119788796,0.0,0.0,0.0,-6.62844505135388e-05,0.9999999978031858,7.36132029850787e-05,0.00023133424212241576,0.0,0.0,0.0,-0.00035972322563321816,1477,1530
0.0003278074261238406,0.00037884658242328274,0.0,0.0,0.0,-7.219087299286159e-05,0.999999997394239,0.0,0.0,0.0,0.0,0.0,2.6934690445477584e-20,1477,1530
0.0003278074261238406,0.00037884658242328274,0.0,0.0,0.0,-7.219087299286159e-05,0.999999997394239,0.0,0.0,0.0,0.0,0.0,2.6934690445477584e-20,1477,1530
0.0003278074261238406,0.00037884658242328274,0.0,0.0,0.0,-7.219087299286159e-05,0.999999997394239,0.0,0.0,0.0,0.0,0.0,2.1532934855347242e-20,1477,1530
0.0003278074261238406,0.00037884658242328274,0.0,0.0,0.0,-7.219087299286159e-05,0.999999997394239,0.0,0.0,0.0,0.0,0.0,2.1532934855347242e-20,1477,1530
0.0003278074261238406,0.00037884658242328274,0.0,0.0,0.0,-7.219087299286159e-05,0.999999997394239,0.0,0.0,0.0,0.0,0.0,1.007894859573076e-19,1477,1530
0.00031975449833194965,0.00021494897467283332,0.0,0.0,0.0,-2.3858420818281095e-05,0.9999999997153879,-0.00012487385317418121,-0.0025490096072708635,0.0,0.0,0.0,0.0015033655956143471,1477,1530
0.0001996985168507406,0.0003204321810719709,0.0,0.0,0.0,-3.971765595958731e-05,0.9999999992112539,-0.0008914473063756964,0.0007831652392452993,0.0,0.0,0.0,-0.00023550812882025418,1477,1530
0.00037473688298132583,0.0003266986601255725,0.0,0.0,0.0,-2.2010069361830252e-05,0.9999999997577784,0.00132638609792389,4.75909193355215e-05,0.0,0.0,0.0,0.0002683658912977122,1477,1530
0.0003918393232443459,0.0001026829994780953,0.0,0.0,0.0,6.615103928422534e-07,0.9999999999997812,8.552473159993867e-05,-0.0011195931128546665,0.0,0.0,0.0,0.0002266183516538634,1477,1530
0.00027977238166402413,0.000275285565382153,0.0,0.0,0.0,-2.6714719023236356e-05,0.9999999996431619,-0.0016515129348989984,0.002543624300673471,0.0,0.0,0.0,-0.0008068800393721123,1477,1530
0.00027977238166402413,0.000275285565382153,0.0,0.0,0.0,-2.6714719023236356e-05,0.9999999996431619,-0.0016515129348989984,0.002543624300673471,0.0,0.0,0.0,-0.0008068800393721123,1477,1530
0.00023243262002233564,0.0003283466577102652,0.0,0.0,0.0,-2.84227462619799e-05,0.9999999995960738,-0.000358419803602642,0.0004016940570647713,0.0,0.0,0.0,-2.5862155085542103e-05,1477,1530
0.00025174167961210464,0.00033468660308371036,0.0,0.0,0.0,-5.143203784892432e-05,0.9999999986773728,0.00028897884013430827,9.490164174093122e-05,0.0,0.0,0.0,-0.0006887256717231353,1477,1530
0.00038131174759725093,0.0005402027488367791,0.0,0.0,0.0,-9.875345450253754e-05,0.9999999951238776,0.00077795949575622,0.001234233340365638,0.0,0.0,0.0,-0.0005683435033243032,1477,1530
0.00038131174759725093,0.0005402027488367791,0.0,0.0,0.0,-9.875345450253754e-05,0.9999999951238776,0.00077795949575622,0.001234233340365638,0.0,0.0,0.0,-0.0005683435033243032,1477,1530
0.00036320686405930466,0.0003711882743057878,0.0,0.0,0.0,-5.46633728598234e-05,0.9999999985059578,-0.0002706692277287961,-0.002531498772938595,0.0,0.0,0.0,0.0013207345583595724,1477,1530
0.00035597937817501537,0.00032635238101133546,0.0,0.0,0.0,-4.9611639462011374e-05,0.9999999987693426,-5.416545359560404e-05,-0.0003362507457010551,0.0,0.0,0.0,7.577050770812157e-05,1477,1530
0.0001929693901508695,0.0005026627861019824,0.0,0.0,0.0,-8.96891304738301e-05,0.9999999959779299,-0.0006987381173175896,0.000755599591273876,0.0,0.0,0.0,-0.0003435454004721785,1477,1530
0.0001929693901508695,0.0005026627861019824,0.0,0.0,0.0,-8.96891304738301e-05,0.9999999959779299,-0.0006987381173175896,0.000755599591273876,0.0,0.0,0.0,-0.0003435454004721785,1477,1530
0.0003573652165535506,0.00032835552525199236,0.0,0.0,0.0,-3.285059975942302e-05,0.9999999994604191,0.002469283075148013,-0.0026172155912892133,0.0,0.0,0.0,0.0017071447475751238,1477,1530
0.0004239305002443041,0.00027048122415983597,0.0,0.0,0.0,-9.40612397112321e-06,0.9999999999557624,0.0006647601953074202,-0.0005778902291617981,0.0,0.0,0.0,0.000468233988254882,1477,1530
0.0002009262448946705,0.0006653916904506146,0.0,0.0,0.0,-0.00011666595523036771,0.9999999931945275,-0.0013376581080853862,0.002368708063973629,0.0,0.0,0.0,-0.0012867216655441716,1477,1530
0.00025868476785648246,0.0003566834742228567,0.0,0.0,0.0,-3.980772684311563e-05,0.9999999992076725,0.000434417698553905,-0.0023188859160598583,0.0,0.0,0.0,0.001154703633745359,1477,1530
0.0001945069997410296,0.0003599180729583125,0.0,0.0,0.0,-3.432190155356049e-05,0.9999999994110035,-0.0006415044074657819,3.228101099610504e-05,0.0,0.0,0.0,0.00010966934804639438,1477,1530
0.0003009428654239947,0.0003580150739526806,0.0,0.0,0.0,-5.627726885467502e-05,0.9999999984164345,0.0015859221918449876,-2.8246283708748887e-05,0.0,0.0,0.0,-0.0006542806109790469,1477,1530
0.0003131231029742718,0.00045136458193866425,0.0,0.0,0.0,-5.946338294572316e-05,0.999999998232053,6.092755399454386e-05,0.0004673596223894337,0.0,0.0,0.0,-3.190245464255421e-05,1477,1530
0.0005172646563631343,0.00029274628685903157,0.0,0.0,0.0,-4.145485721576789e-05,0.9999999991407474,0.006164077651822967,-0.004788322093633408,0.0,0.0,0.0,0.0010874385285559738,1477,1530
0.0005172646563631343,0.00029274628685903157,0.0,0.0,0.0,-4.145485721576789e-05,0.9999999991407474,0.006164077651822967,-0.004788322093633408,0.0,0.0,0.0,0.0010874385285559738,1477,1530
0.0002214043374778634,0.0005810539813981653,0.0,0.0,0.0,-9.172407175859095e-05,0.9999999957933473,-0.0014783714631461567,0.0014403931401389407,0.0,0.0,0.0,-0.0005023354881873381,1477,1530
0.00043265294380312463,0.0003446403348158954,0.0,0.0,0.0,-4.3159334091461945e-05,0.9999999990686359,0.006329707690454102,-0.007081120680618962,0.0,0.0,0.0,0.002909723361388624,1477,1530
0.000298092165019163,0.00026740106888634493,0.0,0.0,0.0,-3.2915230683867786e-05,0.9999999994582938,-0.0008070567237203312,-0.00046335145181201285,0.0,0.0,0.0,0.00012288844201569735,1477,1530
0.00025147186630111506,0.00032124207312395786,0.0,0.0,0.0,-4.5519135529291446e-05,0.9999999989640042,0.00033535631243165355,-0.0011014631977146506,0.0,0.0,0.0,0.00043414014981909925,1477,1530
0.00038801861746765736,0.00037210496495959796,0.0,0.0,0.0,-2.9317975351273262e-05,0.9999999995702281,0.0010022837689730377,0.00037344894043937955,0.0,0.0,0.0,0.00023784836327750132,1477,1530
0.0004764763902641376,0.00023515006593488708,0.0,0.0,0.0,-5.220490001382365e-05,0.9999999986373241,0.002836351494873929,-0.004390821160104865,0.0,0.0,0.0,-0.0014675809349192109,1477,1530
0.00044544790471145437,0.0003401921650928338,0.0,0.0,0.0,-6.475106770272555e-05,0.9999999979036496,-0.00031333676025992874,0.0010603452307913922,0.0,0.0,0.0,-0.00025330185865490856,1477,1530
0.00044544790471145437,0.0003401921650928338,0.0,0.0,0.0,-6.475106770272555e-05,0.9999999979036496,-0.00031333676025992874,0.0010603452307913922,0.0,0.0,0.0,-0.00025330185865490856,1477,1530
0.00027257054435279957,0.0003358045881894993,0.0,0.0,0.0,-5.911326445359357e-05,0.9999999982528109,-0.0016618773439887686,-4.23933175085378e-05,0.0,0.0,0.0,0.00010839323739335247,1477,1530
0.0001790195582946656,0.0003731814520305957,0.0,0.0,0.0,-5.853247250188924e-05,0.9999999982869748,-0.0005705258800787567,0.00022786666364725457,0.0,0.0,0.0,7.083649358268493e-06,1477,1530
0.0004186386384179582,0.00044975739904435795,0.0,0.0,0.0,-6.651506916768822e-05,0.9999999977878727,0.0018101268706553358,0.0005787024256145149,0.0,0.0,0.0,-0.00012060853777744936,1477,1530
0.00014262470489387525,0.00035996535142026714,0.0,0.0,0.0,-5.4166017423332345e-05,0.9999999985330212,-0.00798154962502258,-0.0025977086466524887,0.0,0.0,0.0,0.0007142308714055407,1477,1530
0.0002981448840309385,0.00023653408583842905,0.0,0.0,0.0,-1.2621933058032344e-05,0.9999999999203434,0.0007832483937284583,-0.0006215002746574997,0.0,0.0,0.0,0.00041842210126653834,1477,1530
0.0002981448840309385,0.00023653408583842905,0.0,0.0,0.0,-1.2621933058032344e-05,0.9999999999203434,0.0007832483937284583,-0.0006215002746574997,0.0,0.0,0.0,0.00041842210126653834,1477,1530
0.0003255118010160482,0.00037400036513422297,0.0,0.0,0.0,-5.039926104874173e-05,0.9999999987299573,0.0004099331365229009,0.0020593994112265263,0.0,0.0,0.0,-0.0011318880017595285,1477,1530
0.0003188924912854748,0.0004373764566729111,0.0,0.0,0.0,-7.101497257989763e-05,0.9999999974784368,-6.634654697142627e-05,0.0006346109648033789,0.0,0.0,0.0,-0.00041287160803181846,1477,1530
0.000336716471134007,0.00037686698664827047,0.0,0.0,0.0,-6.724590437278541e-05,0.9999999977389942,0.00013383999929031225,-0.00045412673468119295,0.0,0.0,0.0,5.657647542160283e-05,1477,1530
0.00045986336272733946,0.00037386328979127555,0.0,0.0,0.0,-5.210229690686287e-05,0.9999999986426753,0.0018406016568351332,-4.4646736939513325e-05,0.0,0.0,0.0,0.0004526830924715754,1477,1530
0.0002510184859833239,0.00041582997910302803,0.0,0.0,0.0,-7.76740332987655e-05,0.9999999969833723,-0.0010449568142934288,0.00020986734223462524,0.0,0.0,0.0,-0.0002558913705684562,1477,1530
0.00027584332664612726,0.0002653926679307162,0.0,0.0,0.0,-4.726230688288747e-05,0.9999999988831372,0.0002484572593602481,-0.0015041841102496694,0.0,0.0,0.0,0.000608173712062785,1477,1530
0.00031661252203897094,0.0005496082634850383,0.0,0.0,0.0,-0.00011721803240127521,0.9999999931299665,0.001225406936999017,0.008548467516152746,0.0,0.0,0.0,-0.004208116320510402,1477,1530
0.000516412210990993,0.00034149396394626515,0.0,0.0,0.0,-5.883968576345603e-05,0.9999999982689457,0.0014923085817440211,-0.0015536813563964736,0.0,0.0,0.0,0.0008718456206981686,1477,1530
0.00018072364086246464,0.0005754692028491733,0.0,0.0,0.0,-0.00010473337856441503,0.9999999945154597,-0.005049805235528453,0.0035188359631010318,0.0,0.0,0.0,-0.0013806559149943131,1477,1530
0.0002122055795467192,0.00033701159944010196,0.0,0.0,0.0,-2.9682992913032906e-05,0.99999999955946,0.0003162581560657509,-0.0023916131285736824,0.0,0.0,0.0,0.0015054789879550355,1477,1530
0.00031173478381719104,0.0004041780952959734,0.0,0.0,0.0,-7.277095397993954e-05,0.9999999973521941,0.0007461332105575182,0.000503586562410717,0.0,0.0,0.0,-0.0006460545343425633,1477,1530
0.00041121288291995085,0.00016696713706261046,0.0,0.0,0.0,-3.7033852873823046e-06,0.9999999999931425,0.0007459101737077444,-0.0017779379323196991,0.0,0.0,0.0,0.0010354104039676495,1477,1530
0.0002878054923486767,0.00029193678116935806,0.0,0.0,0.0,-1.0454683502071968e-05,0.9999999999453498,-0.001853005543467195,0.0018764355328622117,0.0,0.0,0.0,-0.000202744732347944,1477,1530
0.0002878054923486767,0.00029193678116935806,0.0,0.0,0.0,-1.0454683502071968e-05,0.9999999999453498,-0.001853005543467195,0.0018764355328622117,0.0,0.0,0.0,-0.000202744732347944,1477,1530
0.0003466534020939977,0.00039721209763127023,0.0,0.0,0.0,-5.706970471351662e-05,0.9999999983715244,0.0002941770614753843,0.0005262906336963089,0.0,0.0,0.0,-0.00046606865023971785,1477,1530
0.00029468618036970664,0.0003550728397711714,0.0,0.0,0.0,-3.0026176457063703e-05,0.9999999995492144,-0.0005196345090480171,-0.0004214603201423563,0.0,0.0,0.0,0.0005408813832201365,1477,1530
0.0003012475088545298,0.00043523110538024057,0.0,0.0,0.0,-4.763055665181278e-05,0.999999998865665,6.556580346342426e-05,0.0008015946108235679,0.0,0.0,0.0,-0.00035209112505800346,1477,1530
0.00022492159195528237,0.000598278468564488,0.0,0.0,0.0,-9.251557702028135e-05,0.999999995720434,-0.0011440348962423396,0.002443280257045357,0.0,0.0,0.0,-0.0013452726050460968,1477,1530
0.00027559547262848437,0.0005195296083068001,0.0,0.0,0.0,-7.798810668456849e-05,0.9999999969589276,0.0005073055716062695,-0.0007880489072236311,0.0,0.0,0.0,0.0002907907640966311,1477,1530
0.00032487914064314256,0.00010863405199873071,0.0,0.0,0.0,4.440651751740648e-05,0.9999999990140306,0.000370367437315563,-0.0030838176540822757,0.0,0.0,0.0,0.001837205403633108,1477,1530
0.00013928852220236796,0.00038923859117850885,0.0,0.0,0.0,-4.826907049365328e-05,0.9999999988350484,-0.0018560652980464042,0.002806827711488424,0.0,0.0,0.0,-0.0018539196205512513,1477,1530
0.00016534110845067607,0.0004760576416385677,0.0,0.0,0.0,-8.196784347677139e-05,0.9999999966406363,0.0002600623567310144,0.0008669499043770124,0.0,0.0,0.0,-0.0006729928913742515,1477,1530
0.00023169949828075886,0.0004963935026444008,0.0,0.0,0.0,-6.0728165334465884e-05,0.9999999981560449,0.0006573126545588599,0.00020155463888454894,0.0,0.0,0.0,0.00042080017028734264,1477,1530
0.00023169949828075886,0.0004963935026444008,0.0,0.0,0.0,-6.0728165334465884e-05,0.9999999981560449,0.0006573126545588599,0.00020155463888454894,0.0,0.0,0.0,0.00042080017028734264,1477,1530
0.000324325214052029,0.0003815009818834914,0.0,0.0,0.0,-4.189504802484834e-05,0.9999999991224024,0.000699663682250402,-0.0008676439884441828,0.0,0.0,0.0,0.0002844752856150816,1477,1530
0.00036075422389200213,0.00033065877437283946,0.0,0.0,0.0,-1.366990973874734e-05,0.9999999999065667,0.0005465865006232003,-0.0007627093576263975,0.0,0.0,0.0,0.0008468896511696857,1477,1530
0.000338525045306288,0.0004878152917217948,0.0,0.0,0.0,-6.693958325420023e-05,0.9999999977595461,-0.00016670272027277064,0.0011783276066077678,0.0,0.0,0.0,-0.0007988134471976924,1477,1530
0.00018089854281806193,0.0004932750657855651,0.0,0.0,0.0,-7.541914006459674e-05,0.9999999971559766,-0.0015763196098443533,5.438834275143593e-05,0.0,0.0,0.0,-0.00016959622452275837,1477,1530
0.00035383887337148075,0.0005545550577340087,0.0,0.0,0.0,-8.454779951964578e-05,0.9999999964258348,0.0008645992271375757,0.0003065104631862339,0.0,0.0,0.0,-9.128066159853196e-05,1477,1530
0.00017613113690600931,0.00029238584218041323,0.0,0.0,0.0,-1.5641779466244697e-05,0.9999999998776673,-0.0026626212403814005,-0.003929550564278685,0.0,0.0,0.0,0.002065373401242845,1477,1530
0.00036403563285690454,0.0004977714412052848,0.0,0.0,0.0,-9.80751073591422e-05,0.9999999951906366,0.0014092390530960647,0.0015404399304428922,0.0,0.0,0.0,-0.001236503010599427,1477,1530
0.00036403563285690454,0.0004977714412052848,0.0,0.0,0.0,-9.80751073591422e-05,0.9999999951906366,0.0014092390530960647,0.0015404399304428922,0.0,0.0,0.0,-0.001236503010599427,1477,1530
0.00039134629477591564,0.00028177233931142516,0.0,0.0,0.0,2.907007955685207e-06,0.9999999999957746,0.000410139591909602,-0.0032386754145386737,0.0,0.0,0.0,0.0030283127001868933,1477,1530
0.00012147232354210643,0.0004325066119161141,0.0,0.0,0.0,-3.3173772606242874e-05,0.9999999994497504,-0.002027200508223703,0.0011322795070362226,0.0,0.0,0.0,-0.0005420546033109736,1477,1530
0.000505664824750947,0.0003810526159451204,0.0,0.0,0.0,-5.769609492147581e-05,0.9999999983355803,0.0038414597523277537,-0.0005142182079171038,0.0,0.0,0.0,-0.0004903826970234021,1477,1530
0.0004515756443661807,0.0004999308147527017,0.0,0.0,0.0,-9.907623911470818e-05,0.9999999950919494,-0.0003242801345020381,0.0007124907489041442,0.0,0.0,0.0,-0.0004960458440602168,1477,1530
0.0003593845714283917,0.0002723303772238961,0.0,0.0,0.0,-3.140323680972661e-05,0.9999999995069183,-0.000907851028456971,-0.002242570872126734,0.0,0.0,0.0,0.0013334713132199837,1477,1530
0.0003996291604673613,0.0004236420681204729,0.0,0.0,0.0,-4.8397043070685986e-05,0.9999999988288631,0.000618763331116896,0.002327016043350393,0.0,0.0,0.0,-0.0005226853140752994,1477,1530
0.0004901803450130741,0.0007892265234534169,0.0,0.0,0.0,-0.0001318825861096778,0.9999999913034917,0.00067801587784587,0.0027385054676706015,0.0,0.0,0.0,-0.001250710381276912,1477,1530
0.0004959251203416857,0.0004321371482883296,0.0,0.0,0.0,-4.812793925129629e-05,0.9999999988418508,4.3818951073849734e-05,-0.002679793530091283,0.0,0.0,0.0,0.0012570865296458859,1477,1530
0.0004740312762269565,0.0004536750998919906,0.0,0.0,0.0,-8.217194645210421e-05,0.9999999966238856,-0.00032806804063040013,0.0003226730408541502,0.0,0.0,0.0,-0.00102016742884918,1477,1530
0.0004740312762269565,0.0004536750998919906,0.0,0.0,0.0,-8.217194645210421e-05,0.9999999966238856,-0.00032806804063040013,0.0003226730408541502,0.0,0.0,0.0,-0.00102016742884918,1477,1530
0.00047168111940394696,0.00033450846093301904,0.0,0.0,0.0,-2.2679215875431762e-05,0.9999999997428266,-2.3294077780981726e-05,-0.001191074698486863,0.0,0.0,0.0,0.0011892599826508275,1477,1530
0.00010423551889596558,0.0003352101989158646,0.0,0.0,0.0,-1.7125100510857676e-05,0.9999999998533654,-0.0027550845914353066,5.13662162356725e-06,0.0,0.0,0.0,8.328882605762391e-05,1477,1530
0.0004297751939304354,0.0003718334925459727,0.0,0.0,0.0,-3.7699853560511774e-05,0.9999999992893605,0.0032111664429639824,0.0003613683913307359,0.0,0.0,0.0,-0.00040590573909852866,1477,1530
0.00030836787480841596,0.0005485972383395737,0.0,0.0,0.0,-6.257088579605777e-05,0.9999999980424421,-0.0012329222265141352,0.0017947908370549153,0.0,0.0,0.0,-0.0005050878793054628,1477,1530
0.00016776163307814004,0.00023208881287153666,0.0,0.0,0.0,-1.700661626823309e-05,0.9999999998553875,-0.0010548773935813343,-0.002375358478573667,0.0,0.0,0.0,0.0006838709464941776,1477,1530
0.00026762432325593715,0.0004129635790144299,0.0,0.0,0.0,-5.4627315402011695e-05,0.9999999985079282,0.0009974283115703263,0.00180672196387287,0.0,0.0,0.0,-0.0007515572078081767,1477,1530
0.0003233820729404814,0.0003182367464186124,0.0,0.0,0.0,-2.8593714695872666e-05,0.9999999995911997,0.0005576140732799366,-0.0009470937511309981,0.0,0.0,0.0,0.0005206095413844586,1477,1530
0.00020936400955189245,0.00034459559690634754,0.0,0.0,0.0,-3.271454580366067e-05,0.9999999994648793,-0.0008549693733328858,0.000197601473029494,0.0,0.0,0.0,-6.179964321976256e-05,1477,1530
0.00020936400955189245,0.00034459559690634754,0.0,0.0,0.0,-3.271454580366067e-05,0.9999999994648793,-0.0008549693733328858,0.000197601473029494,0.0,0.0,0.0,-6.179964321976256e-05,1477,1530
0.00020991012802885352,0.0005953795424890529,0.0,0.0,0.0,-8.549553719810136e-05,0.9999999963452565,3.971702319482662e-06,0.0018803486573388695,0.0,0.0,0.0,-0.000791491275738407,1477,1530
0.00040009119651734785,7.26553296944598e-05,0.0,0.0,0.0,1.9202563719985117e-05,0.9999999998156308,0.0018745302787373207,-0.005149519579596562,0.0,0.0,0.0,0.002062955791102594,1477,1530
0.00021648398047976187,0.00034335680426290786,0.0,0.0,0.0,-3.113534785175494e-05,0.9999999995152951,-0.0011120811880428174,0.0016397335188490212,0.0,0.0,0.0,-0.0006098127910534316,1477,1530
0.00017971096640682563,0.00043710493952776544,0.0,0.0,0.0,-4.280443383695192e-05,0.9999999990838903,-0.0003679982766501007,0.000937993108090897,0.0,0.0,0.0,-0.00023351482330874292,1477,1530
0.00021573973523448842,0.00039347863419778685,0.0,0.0,0.0,-4.668763972549467e-05,0.9999999989101321,0.00035969556769886935,-0.00043547013514362326,0.0,0.0,0.0,-7.75284430730807e-05,1477,1530
0.0004889931834322262,0.00034616889692153904,0.0,0.0,0.0,-4.127077247851325e-05,0.9999999991483617,0.002737752998832105,-0.0004737375835623704,0.0,0.0,0.0,0.00010854249035076554,1477,1530
0.00037161450137710366,0.00032585249675629637,0.0,0.0,0.0,-4.33998678961495e-05,0.9999999990582257,-0.0007033322230503849,-0.00012179551860712558,0.0,0.0,0.0,-2.5515413657660828e-05,1477,1530
0.0003651247247264658,0.0003868358245419957,0.0,0.0,0.0,-2.7575495318333454e-05,0.999999999619796,-9.746649804055902e-05,0.0009151212389902476,0.0,0.0,0.0,0.0004749282728517877,1477,1530
0.0003651247247264658,0.0003868358245419957,0.0,0.0,0.0,-2.7575495318333454e-05,0.999999999619796,-9.746649804055902e-05,0.0009151212389902476,0.0,0.0,0.0,0.0004749282728517877,1477,1530
0.00034874704509054886,0.0005658893967872286,0.0,0.0,0.0,-0.00011425870696786744,0.9999999934724739,-0.00012271828687633547,0.0013408368309220558,0.0,0.0,0.0,-0.001298255354821731,1477,1530
0.0003111004871125873,0.00035701414006778913,0.0,0.0,0.0,-4.3963077530287467e-05,0.9999999990336239,-0.0002258364038142129,-0.0012546556437421617,0.0,0.0,0.0,0.0008444578809652793,1477,1530
0.00031944429805707793,0.0005612494007046775,0.0,0.0,0.0,-6.578985388094024e-05,0.9999999978358476,0.00024994306058237,0.006131187700358149,0.0,0.0,0.0,-0.0013104846076201757,1477,1530
0.00016237920155073962,0.00034229495833913986,0.0,0.0,0.0,-5.455316952046659e-06,0.9999999999851198,-0.0015698761902331255,-0.0021890724580338867,0.0,0.0,0.0,0.0012063167805924314,1477,1530
0.0005679352569113703,0.00034884982652733576,0.0,0.0,0.0,-9.050383138219914e-05,0.9999999959045283,0.0030471623888463297,4.928353152647631e-05,0.0,0.0,0.0,-0.0012780313683085943,1477,1530
0.00042997063083921437,0.0007079127767128199,0.0,0.0,0.0,-0.00015327082546761223,0.9999999882540269,-0.0013760441930152551,0.0035793196188671837,0.0,0.0,0.0,-0.0012514728393414815,1477,1530
0.0007233086339767329,0.0005497290932516145,0.0,0.0,0.0,-0.0001474882596935932,0.9999999891236065,0.002937977961568867,-0.0015831539727059149,0.0,0.0,0.0,0.00011581345562544285,1477,1530
0.0006557470040018555,0.0005119730017660492,0.0,0.0,0.0,-0.00012199989571501661,0.9999999925580128,-0.00040541888905370294,-0.00022672095581657725,0.0,0.0,0.0,0.00030594787158595,1477,1530
0.0006289672840268911,0.000521021733126069,0.0,0.0,0.0,-0.00011870032109347724,0.9999999929551169,-0.0007789293274680857,0.0002629845227181384,0.0,0.0,0.0,0.00019193058461627145,1477,1530
0.0004836966526896339,0.0006725282545789588,0.0,0.0,0.0,-0.00016883385534810074,0.9999999857475645,-0.0014598102733512208,0.0015217507870620211,0.0,0.0,0.0,-0.0010073245344888863,1477,1530
0.0004554563089419594,0.0006577132485358421,0.0,0.0,0.0,-0.00013065113245579505,0.9999999914651407,-0.00016998795672897715,-8.92496240298351e-05,0.0,0.0,0.0,0.0004597503138243888,1477,1530
0.0004554563089419594,0.0006577132485358421,0.0,0.0,0.0,-0.00013065113245579505,0.9999999914651407,-0.00016998795672897715,-8.92496240298351e-05,0.0,0.0,0.0,0.0004597503138243888,1477,1530
0.0004612978041747962,0.0005657640400431216,0.0,0.0,0.0,-0.000119304735772819,0.99999999288319,5.637972980162986e-05,-0.0008838063646978404,0.0,0.0,0.0,0.00021812443330012477,1477,1530
0.000495841111704179,0.0007037651658603854,0.0,0.0,0.0,-0.00013192066836298098,0.9999999912984686,0.0005490387261448482,0.002195643442933834,0.0,0.0,0.0,-0.0004014233387247537,1477,1530
0.0006390532964890127,0.0007248396035225489,0.0,0.0,0.0,-0.0001596783767352194,0.9999999872514079,0.0014343180743008248,0.00021145420532820797,0.0,0.0,0.0,-0.0005560271358952512,1477,1530
0.0004034700817467557,0.0007691632577899136,0.0,0.0,0.0,-0.00015927518769448843,0.9999999873157072,-0.0014118701363763683,0.0002651685868401851,0.0,0.0,0.0,4.832402014251608e-06,1477,1530
0.0005922233619472702,0.00035670304737396417,0.0,0.0,0.0,-7.39251859308444e-05,0.9999999972675334,0.001406480163049544,-0.0030708290795063457,0.0,0.0,0.0,0.0012710728877422797,1477,1530
0.0007697452168442061,0.000568715343635834,0.0,0.0,0.0,-0.0001109383915237797,0.9999999938463366,0.0010587535678019684,0.0012648370065604009,0.0,0.0,0.0,-0.00044157700973760066,1477,1530
0.0007697452168442061,0.000568715343635834,0.0,0.0,0.0,-0.0001109383915237797,0.9999999938463366,0.0010587535678019684,0.0012648370065604009,0.0,0.0,0.0,-0.00044157700973760066,1477,1530
0.00028376759182477786,0.0008509750383604562,0.0,0.0,0.0,-0.00015618226096351676,0.9999999878035506,-0.003696798198377814,0.0021460331971271465,0.0,0.0,0.0,-0.0006882453045681111,1477,1530
0.0003769887448415775,0.0004424887063656404,0.0,0.0,0.0,-4.6540958255334916e-05,0.9999999989169696,0.0007018649867683884,-0.003071083624077593,0.0,0.0,0.0,0.0016487290036415686,1477,1530
0.0003769887448415775,0.0004424887063656404,0.0,0.0,0.0,-4.6540958255334916e-05,0.9999999989169696,0.0007018649867683884,-0.003071083624077593,0.0,0.0,0.0,0.0016487290036415686,1477,1530
0.0005007250926937826,0.0003777772590965844,0.0,0.0,0.0,-5.1877773502506226e-05,0.9999999986543483,0.0018494405868011248,-0.0009669984063539563,0.0,0.0,0.0,-0.00015952696997710355,1477,1530
0.0004554567278011283,0.0006342250804804443,0.0,0.0,0.0,-9.802651914212301e-05,0.9999999951954007,-0.0006808509707779188,0.0038547224910118745,0.0,0.0,0.0,-0.0013873689105764317,1477,1530
0.0006488841461637429,0.0007290674817417957,0.0,0.0,0.0,-0.00016009563675088581,0.9999999871846934,0.0008284310236456734,0.00040640236383985407,0.0,0.0,0.0,-0.0005317232472313275,1477,1530
0.0003769654457750041,0.0007884536262208801,0.0,0.0,0.0,-0.00017656600479890497,0.9999999844122228,-0.0027231894790190093,0.0005938221053577732,0.0,0.0,0.0,-0.00032986918247159566,1477,1530
0.0003769654457750041,0.0007884536262208801,0.0,0.0,0.0,-0.00017656600479890497,0.9999999844122228,-0.0027231894790190093,0.0005938221053577732,0.0,0.0,0.0,-0.00032986918247159566,1477,1530
0.0005784424079187727,0.00045086695332928136,0.0,0.0,0.0,-0.00011084394612213816,0.9999999938568098,0.0007477546985549447,-0.0012519028192642307,0.0,0.0,0.0,0.0004875487520114762,1477,1530
0.0005142408179599224,0.0007253093071368959,0.0,0.0,0.0,-0.00014737685065956195,0.9999999891400319,-0.0006603276742241955,0.0028198821848635825,0.0,0.0,0.0,-0.000750786687816798,1477,1530
0.0006648148160421704,0.0005857199539159248,0.0,0.0,0.0,-0.00012011289542039196,0.9999999927864461,0.004518770394509993,-0.004186642012374434,0.0,0.0,0.0,0.0016359518454580632,1477,1530
0.0006648148160421704,0.0005857199539159248,0.0,0.0,0.0,-0.00012011289542039196,0.9999999927864461,0.004518770394509993,-0.004186642012374434,0.0,0.0,0.0,0.0016359518454580632,1477,1530
0.000501143024636665,0.000795787460672858,0.0,0.0,0.0,-0.00015792616443588542,0.9999999875296632,-0.0009820663798374497,0.0012598264222752713,0.0,0.0,0.0,-0.00045363584354015085,1477,1530
0.0006399465119873202,0.0007801506180280499,0.0,0.0,0.0,-0.00016898197213726835,0.9999999857225464,0.004185262599048854,-0.00047015016766063995,0.0,0.0,0.0,-0.0006666952812461145,1477,1530
0.00042525081382216825,0.00040395211311089707,0.0,0.0,0.0,-6.396411992295254e-05,0.9999999979542956,-0.0021450848200022386,-0.003761657164358589,0.0,0.0,0.0,0.0020997691202837886,1477,1530
0.0006205108639123745,0.000526782682834677,0.0,0.0,0.0,-0.00010829606208170322,0.9999999941359815,0.0014645119151636854,0.000921529497312038,0.0,0.0,0.0,-0.0006650606046085006,1477,1530
0.0007471062900324141,0.0006024952622721115,0.0,0.0,0.0,-0.000180296833146121,0.9999999837465259,0.0007596321499009663,0.0004545345265831684,0.0,0.0,0.0,-0.0008641890125226973,1477,1530
0.0005034544147931993,0.0008600041808063605,0.0,0.0,0.0,-0.00018968823383774035,0.9999999820091868,-0.007294033440523836,0.007703296001167892,0.0,0.0,0.0,-0.0005620732472821126,1477,1530
0.00046490977487453574,0.0005016626579808718,0.0,0.0,0.0,-0.000152726433545799,0.9999999883373182,-0.0003845252668658344,-0.003587651121950468,0.0,0.0,0.0,0.0007400797074132622,1477,1530
0.00046490977487453574,0.0005016626579808718,0.0,0.0,0.0,-0.000152726433545799,0.9999999883373182,-0.0003845252668658344,-0.003587651121950468,0.0,0.0,0.0,0.0007400797074132622,1477,1530
0.0005045993987773252,0.0006620952165959973,0.0,0.0,0.0,-0.00014060225317568377,0.9999999901155032,0.000198197141419794,0.0008021993062213315,0.0,0.0,0.0,0.0001212381678578708,1477,1530
0.0005941521987142727,0.0006545010260754503,0.0,0.0,0.0,-0.0001304084957902822,0.9999999914968121,0.0006627463935171019,-5.601402805981246e-05,0.0,0.0,0.0,0.00015087669346402347,1477,1530
0.0007116167373931709,0.000647512674340071,0.0,0.0,0.0,-0.00015024934615434716,0.9999999887125669,0.0036039257950686104,-0.00021346612107599902,0.0,0.0,0.0,-0.0012174541669291116,1477,1530
0.0006165898089059244,0.0005323915058753962,0.0,0.0,0.0,-8.80954166033006e-05,0.9999999961195988,-0.0009592665606670566,-0.001162823084184024,0.0,0.0,0.0,0.001255305272602951,1477,1530
0.000634944424327182,0.0005888859334129331,0.0,0.0,0.0,-0.00010504022099645048,0.9999999944832759,0.00013755744853137213,0.00042364772477222935,0.0,0.0,0.0,-0.0002541212428246817,1477,1530
0.0007057938779295978,0.0006073676579029358,0.0,0.0,0.0,-0.00012314507858195237,0.9999999924176448,0.0007073522244314865,0.00018467798401108318,0.0,0.0,0.0,-0.00036153316231871753,1477,1530
0.00041105419719362346,0.0005820028412559143,0.0,0.0,0.0,-0.000124829565568072,0.9999999922087898,-0.0029420973137022043,-0.00025392209227037706,0.0,0.0,0.0,-3.3629878797075575e-05,1477,1530
0.0005322050141621656,0.0005556696831688031,0.0,0.0,0.0,-9.187222662767322e-05,0.999999995779747,0.0009106154641579336,-0.00019769192678675243,0.0,0.0,0.0,0.0004954128392240851,1477,1530
0.0005322050141621656,0.0005556696831688031,0.0,0.0,0.0,-9.187222662767322e-05,0.999999995779747,0.0009106154641579336,-0.00019769192678675243,0.0,0.0,0.0,0.0004954128392240851,1477,1530
0.0005834562685172778,0.00034428490284052623,0.0,0.0,0.0,-9.217559583547905e-05,0.9999999957518297,0.0003849480577808542,-0.0015864376017999042,0.0,0.0,0.0,-4.553759921499804e-06,1477,1530
0.0007133520653777776,0.0002994720100425072,0.0,0.0,0.0,-7.24139011346973e-05,0.9999999973781134,0.0007788386491161231,-0.0002685317376833738,0.0,0.0,0.0,0.0002369621416702764,1477,1530
0.0006964184502360472,0.0004431713681074471,0.0,0.0,0.0,-8.824686177823701e-05,0.9999999961062457,-0.00012736676277128687,0.0010794944529138506,0.0,0.0,0.0,-0.00023788394537247316,1477,1530
0.0005525623192238992,0.00027045974624815156,0.0,0.0,0.0,-4.2874284010568925e-05,0.9999999990808979,-0.0008606696602484698,-0.0010336786700502602,0.0,0.0,0.0,0.0005430297333297683,1477,1530
0.0005525623192238992,0.00027045974624815156,0.0,0.0,0.0,-4.2874284010568925e-05,0.9999999990808979,-0.0008606696602484698,-0.0010336786700502602,0.0,0.0,0.0,0.0005430297333297683,1477,1530
0.0006921464367381271,0.0004775067834908167,0.0,0.0,0.0,-0.00012741174372164646,0.9999999918831237,0.0042429124768687135,0.006294734772896577,0.0,0.0,0.0,-0.005139992700308773,1477,1530
0.0003614235787236487,0.0006518596698962685,0.0,0.0,0.0,-0.00012468770311665535,0.9999999922264883,-0.004943908831862541,0.0026047561400405986,0.0,0.0,0.0,8.143132328796714e-05,1477,1530
0.00043652778231955086,0.0003272999093270758,0.0,0.0,0.0,-3.551311711854996e-05,0.9999999993694092,0.00032194101355296307,-0.001389677101856153,0.0,0.0,0.0,0.0007636870063034131,1477,1530
0.0003103898336675628,0.00037843515848081895,0.0,0.0,0.0,-4.544306701809716e-05,0.9999999989674638,-0.001897322367456895,0.0007690014126899706,0.0,0.0,0.0,-0.0002987169817568075,1477,1530
0.0003103898336675628,0.00037843515848081895,0.0,0.0,0.0,-4.544306701809716e-05,0.9999999989674638,-0.001897322367456895,0.0007690014126899706,0.0,0.0,0.0,-0.0002987169817568075,1477,1530
0.00022185316022803802,0.00041299766543554143,0.0,0.0,0.0,-3.218667506839775e-05,0.9999999994820089,-0.0008817213651721522,0.0003441096632643207,0.0,0.0,0.0,0.0002640268472349147,1477,1530
0.0003683925601645684,0.00035678183948541665,0.0,0.0,0.0,-5.023947842590729e-05,0.9999999987379974,0.0008825340770978949,-0.0003384948484868926,0.0,0.0,0.0,-0.0002174407806430141,1477,1530
0.0003683925601645684,0.00035678183948541665,0.0,0.0,0.0,-5.023947842590729e-05,0.9999999987379974,0.0008825340770978949,-0.0003384948484868926,0.0,0.0,0.0,-0.0002174407806430141,1477,1530
0.0003573621895009511,0.0006943653188863909,0.0,0.0,0.0,-0.00015094746449732644,0.9999999886074313,-0.00015924425221292072,0.004858698465410373,0.0,0.0,0.0,-0.002898905770100166,1477,1530
0.00040118648835930026,0.0001732649942559598,0.0,0.0,0.0,-3.0248690795701656e-05,0.9999999995425083,0.00013306189784735356,-0.001576495894686811,0.0,0.0,0.0,0.0007303237114204417,1477,1530
0.00040118648835930026,0.0001732649942559598,0.0,0.0,0.0,-3.0248690795701656e-05,0.9999999995425083,0.00013306189784735356,-0.001576495894686811,0.0,0.0,0.0,0.0007303237114204417,1477,1530
0.0005201610054053877,0.0007259882838605885,0.0,0.0,0.0,-0.00014046011880216772,0.9999999901354775,0.0008909110409094617,0.0041401482059841765,0.0,0.0,0.0,-0.001651045702267265,1477,1530
0.0005463626822403975,0.0002428758186348738,0.0,0.0,0.0,-4.127849367200991e-05,0.9999999991480429,0.0007887572060831882,-0.014468122715157081,0.0,0.0,0.0,0.005940620252025065,1477,1530
0.0003995319155350502,0.0001454832118890024,0.0,0.0,0.0,2.332101322563694e-05,0.9999999997280652,-0.0014701973220593361,-0.0009753542579027137,0.0,0.0,0.0,0.0012937237271254138,1477,1530
9.143778000264308e-05,0.0006598544846149421,0.0,0.0,0.0,-0.00013162762405196225,0.9999999913370843,-0.0030773471304156395,0.005138255724273071,0.0,0.0,0.0,-0.0030955985383886984,1477,1530
0.0004347187714543972,0.0006620652222032795,0.0,0.0,0.0,-0.00015073970332895535,0.9999999886387708,0.0020598018539169055,1.3807449033180686e-05,0.0,0.0,0.0,-0.00022935825637806207,1477,1530
0.0004902684158795059,0.0005574037415998093,0.0,0.0,0.0,-9.980894176299246e-05,0.9999999950190875,0.000416809988686631,-0.0007847432584682821,0.0,0.0,0.0,0.0007638716743146763,1477,1530
0.0005674082951185437,0.00038812119727178713,0.0,0.0,0.0,-6.51851227318112e-05,0.9999999978754499,0.0011604888576890295,-0.0025453322875737742,0.0,0.0,0.0,0.0010413022103070197,1477,1530
0.0004901504314646685,0.0004903743960690659,0.0,0.0,0.0,-5.791751654278605e-05,0.9999999983227806,-0.0005780613420206075,0.0007648749246421002,0.0,0.0,0.0,0.00010873708531631765,1477,1530
0.0003450118432457356,0.0006606525187778012,0.0,0.0,0.0,-0.00010520808864160632,0.999999994465629,-0.002188426223687028,0.002566882397606212,0.0,0.0,0.0,-0.001425918053456965,1477,1530
0.00040646010938476896,0.0005846083013359602,0.0,0.0,0.0,-0.00012752769099342887,0.999999991868344,0.0004602927045162875,-0.000569381995830418,0.0,0.0,0.0,-0.0003342934331072167,1477,1530
0.00042976510993575817,0.00035032103759328906,0.0,0.0,0.0,-6.352423684006954e-05,0.9999999979823356,0.0003507115777310284,-0.003516628571416341,0.0,0.0,0.0,0.001921419804944642,1477,1530
0.0004430466953063666,0.000301390667014371,0.0,0.0,0.0,-3.509755646802128e-05,0.9999999993840808,0.00013288732003543637,-0.0004893210802643368,0.0,0.0,0.0,0.000568573408213326,1477,1530
0.0004430466953063666,0.000301390667014371,0.0,0.0,0.0,-3.509755646802128e-05,0.9999999993840808,0.00013288732003543637,-0.0004893210802643368,0.0,0.0,0.0,0.000568573408213326,1477,1530
0.00048730151779842896,0.0005337975805521744,0.0,0.0,0.0,-7.719590231998659e-05,0.9999999970203963,0.0002648330582754138,0.0013913185194081089,0.0,0.0,0.0,-0.0005040420240177161,1477,1530
0.0003778642585935351,0.00047353271712361785,0.0,0.0,0.0,-3.819617532405387e-05,0.9999999992705261,-0.001649601325066055,-0.0009087337030599986,0.0,0.0,0.0,0.0011758238981376561,1477,1530
0.00030876182254984796,0.0003459840937493176,0.0,0.0,0.0,-3.504191242811758e-05,0.9999999993860321,-0.0005180371894289671,-0.0009563625736623911,0.0,0.0,0.0,4.729951711798745e-05,1477,1530
0.0003689827234063342,0.0005753152883545432,0.0,0.0,0.0,-8.855242813769494e-05,0.9999999960792337,0.0004522326505417684,0.001722668518666873,0.0,0.0,0.0,-0.0008038957363229398,1477,1530
0.0003689827234063342,0.0005753152883545432,0.0,0.0,0.0,-8.855242813769494e-05,0.9999999960792337,0.0004522326505417684,0.001722668518666873,0.0,0.0,0.0,-0.0008038957363229398,1477,1530
0.00032650104064062946,0.0004612135665462776,0.0,0.0,0.0,-0.0001178150727016971,0.9999999930598044,-0.0004240973425470859,-0.0011397020008698585,0.0,0.0,0.0,-0.0005845397558308458,1477,1530
0.0003362657527582755,0.0004843780902929955,0.0,0.0,0.0,-7.146954043958266e-05,0.9999999974460524,4.878602286774394e-05,0.00011580979976291353,0.0,0.0,0.0,0.00046335801938826354,1477,1530
0.0003362657527582755,0.0004843780902929955,0.0,0.0,0.0,-7.146954043958266e-05,0.9999999974460524,4.878602286774394e-05,0.00011580979976291353,0.0,0.0,0.0,0.00046335801938826354,1477,1530
0.00030342188980309954,0.00045971925230926396,0.0,0.0,0.0,-7.995273770456673e-05,0.9999999968037798,-0.00019695654830616718,-0.00014791699844303598,0.0,0.0,0.0,-0.00010175420614518929,1477,1530
0.00031095719140761973,0.0003833116412687724,0.0,0.0,0.0,-3.9264882676880306e-05,0.9999999992291345,5.664392287524125e-05,-0.0005734279344639408,0.0,0.0,0.0,0.0006107224299831562,1477,1530
0.0003688108803463329,0.00037661521306881884,0.0,0.0,0.0,-5.5378377882784604e-05,0.9999999984666176,0.0017324733374036762,-0.00020039183514079418,0.0,0.0,0.0,-0.0009650533163695932,1477,1530
0.00040392257789336595,0.0002985159206731015,0.0,0.0,0.0,-2.3245123470683278e-05,0.9999999997298321,0.00026334598578241545,-0.000585589621173867,0.0,0.0,0.0,0.00048189520902181324,1477,1530
0.00017243810264207205,0.0006804820656394449,0.0,0.0,0.0,-0.00012988640983952227,0.9999999915647603,-0.0023155780657511116,0.0038204707408092827,0.0,0.0,0.0,-0.0021333377316521177,1477,1530
0.0005566906474250331,0.0006115133484041404,0.0,0.0,0.0,-0.00014869532196015833,0.9999999889448505,0.0028804369187217043,-0.0005162315061582126,0.0,0.0,0.0,-0.00028197789174884435,1477,1530
0.0004063337391356958,0.0005747228987893727,0.0,0.0,0.0,-0.00010442330489547089,0.9999999945478867,-0.0022611815386537055,-0.0005539955290292035,0.0,0.0,0.0,0.0013316894994254457,1477,1530
0.00013309077374779694,0.000608264747201038,0.0,0.0,0.0,-0.00011000795037080258,0.9999999939491254,-0.002046954210622297,0.00025083924619270255,0.0,0.0,0.0,-8.367074195875671e-05,1477,1530
0.00034774639199710287,0.0005370374563037751,0.0,0.0,0.0,-0.00010292342297958981,0.9999999947033845,0.003146796115310373,-0.0010434052320380048,0.0,0.0,0.0,0.0002076995391700166,1477,1530
0.00034774639199710287,0.0005370374563037751,0.0,0.0,0.0,-0.00010292342297958981,0.9999999947033845,0.003146796115310373,-0.0010434052320380048,0.0,0.0,0.0,0.0002076995391700166,1477,1530
0.0004099913682972748,0.00033309258135567617,0.0,0.0,0.0,-5.910968267416441e-05,0.9999999982530227,0.0003776889834246304,-0.0012365813971673353,0.0,0.0,0.0,0.0005313461451733217,1477,1530
0.0005191976943798518,0.0008148590982532797,0.0,0.0,0.0,-0.0001626440473437465,0.9999999867734568,0.0010885546144178608,0.004804821221039212,0.0,0.0,0.0,-0.0020651115022890876,1477,1530
0.00039199804208618925,0.0007118807037180638,0.0,0.0,0.0,-0.00010849149181388351,0.9999999941147981,-0.0012732020536720084,-0.0010314457054938022,0.0,0.0,0.0,0.0010843631996242924,1477,1530
0.00041342108047161594,0.00037109666422775674,0.0,0.0,0.0,-8.249031354324054e-05,0.999999996597674,0.00016124470044282674,-0.0025561201556658516,0.0,0.0,0.0,0.0003900596072126509,1477,1530
0.00044269410608315527,0.0001821639778386415,0.0,0.0,0.0,-2.363523354821025e-05,0.9999999997206879,0.00017569726506778298,-0.0011327424894822604,0.0,0.0,0.0,0.0007057471766842282,1477,1530
0.00044269410608315527,0.0001821639778386415,0.0,0.0,0.0,-2.363523354821025e-05,0.9999999997206879,0.00017569726506778298,-0.0011327424894822604,0.0,0.0,0.0,0.0007057471766842282,1477,1530
0.00018727278282167846,0.0004347478694986261,0.0,0.0,0.0,-5.428437754527075e-05,0.9999999985266032,-0.0019148638459810647,0.0018934129277149224,0.0,0.0,0.0,-0.0004595246301094088,1477,1530
0.0004032987353579968,0.0005806310018564165,0.0,0.0,0.0,-0.00012278069600993094,0.9999999924624503,0.0032428594813635144,0.002190427784700949,0.0,0.0,0.0,-0.0020566068274887536,1477,1530
0.00039891981349805686,0.000661661023951216,0.0,0.0,0.0,-0.00011349600783102592,0.9999999935593281,-4.402385505044664e-05,0.00081094631008706,0.0,0.0,0.0,0.00018584429875392343,1477,1530
0.0003538065274679878,0.0005413266352739697,0.0,0.0,0.0,-0.00010881279902409477,0.9999999940798874,-0.0002705785937691514,-0.0007222353141895255,0.0,0.0,0.0,5.621154710912375e-05,1477,1530
0.00040429497626053615,0.0008887994378262932,0.0,0.0,0.0,-8.949663414719633e-05,0.9999999959951762,0.0007570175784747253,0.005217944287815855,0.0,0.0,0.0,0.0005801172769604623,1477,1530
0.0003541373207312731,0.0009582052130246481,0.0,0.0,0.0,-0.00010069948788538817,0.9999999949298065,-0.0005007093743614071,0.000692596620729616,0.0,0.0,0.0,-0.00022361431942101423,1477,1530
0.0003588860464216726,0.0011434639531077949,0.0,0.0,0.0,-0.00018819570966745902,0.9999999822911874,4.714667794553739e-05,0.0018538761016545578,0.0,0.0,0.0,-0.0017511327338093391,1477,1530
0.0004678147524328261,0.0013105560441647158,0.0,0.0,0.0,-0.0002332798861635489,0.999999972790247,0.0010873097985194613,0.0016692609069798108,0.0,0.0,0.0,-0.0009005668468247147,1477,1530
0.00043258569731548187,0.0007589538430194455,0.0,0.0,0.0,-0.00012362411662146503,0.9999999923585389,-0.0002627119990735277,-0.00414383161983293,0.0,0.0,0.0,0.001647497274948037,1477,1530
0.00043258569731548187,0.0007589538430194455,0.0,0.0,0.0,-0.00012362411662146503,0.9999999923585389,-0.0002627119990735277,-0.00414383161983293,0.0,0.0,0.0,0.001647497274948037,1477,1530
0.0003031036291838831,0.0011406443430275032,0.0,0.0,0.0,-0.00018718469498202193,0.9999999824809449,-0.0007763205329482267,0.002286598691093024,0.0,0.0,0.0,-0.0007616104282638058,1477,1530
0.0005552253353167863,0.0009474527409967997,0.0,0.0,0.0,-0.00016108148805919398,0.999999987026377,0.007617083375701422,-0.005832166536135135,0.0,0.0,0.0,0.0015768043321368658,1477,1530
0.0003581901993287671,0.0009520727190167349,0.0,0.0,0.0,-0.00014871494782908774,0.9999999889419321,-0.0014736226742315787,3.407773863537629e-05,0.0,0.0,0.0,0.00018497693316422756,1477,1530
0.0003581901993287671,0.0009520727190167349,0.0,0.0,0.0,-0.00014871494782908774,0.9999999889419321,-0.0014736226742315787,3.407773863537629e-05,0.0,0.0,0.0,0.00018497693316422756,1477,1530
0.0003581901993287671,0.0009520727190167349,0.0,0.0,0.0,-0.00014871494782908774,0.9999999889419321,-0.0014736226742315787,3.407773863537629e-05,0.0,0.0,0.0,0.00018497693316422756,1477,1530
0.0007228010087969508,0.0009438905685569082,0.0,0.0,0.0,-0.0001631025583930531,0.9999999866987777,0.0008417188053769014,-1.863834862907042e-05,0.0,0.0,0.0,-6.642832254924336e-05,1477,1530
0.00034343207535282366,0.0010237030378710758,0.0,0.0,0.0,-0.00016066510691653963,0.9999999870933616,-0.005665993854470914,0.0011900942799008495,0.0,0.0,0.0,7.280321112455291e-05,1477,1530
0.0003278134823971752,0.000985104520168588,0.0,0.0,0.0,-0.00014860693373102234,0.9999999889579895,-0.00015671224862707678,-0.00038764406723431044,0.0,0.0,0.0,0.00024216846572209562,1477,1530
0.0005374003550733079,0.0012962148839988615,0.0,0.0,0.0,-0.0002057639741193835,0.9999999788305932,0.003145750452064246,0.004672542528281692,0.0,0.0,0.0,-0.0017165307604731157,1477,1530
0.00020225744274228208,0.0010812899507629745,0.0,0.0,0.0,-0.0001663248290137619,0.9999999861680255,-0.002007949206161857,-0.0012888510146509282,0.0,0.0,0.0,0.0004727100606541557,1477,1530
0.000505115103209627,0.0010216028316184685,0.0,0.0,0.0,-0.000136568399630489,0.999999990674536,0.004556535912057361,-0.000896426567169912,0.0,0.0,0.0,0.0008953206577673675,1477,1530
0.000505115103209627,0.0010216028316184685,0.0,0.0,0.0,-0.000136568399630489,0.999999990674536,0.004556535912057361,-0.000896426567169912,0.0,0.0,0.0,0.0008953206577673675,1477,1530
0.00048385336165793414,0.0009570794756777979,0.0,0.0,0.0,-0.00016596711560956496,0.9999999862274582,-0.00010505863675664955,-0.00031911637735549623,0.0,0.0,0.0,-0.0002907712332823927,1477,1530
0.00048385336165793414,0.0009570794756777979,0.0,0.0,0.0,-0.00016596711560956496,0.9999999862274582,-0.00010505863675664955,-0.00031911637735549623,0.0,0.0,0.0,-0.0002907712332823927,1477,1530
0.0004926773182414863,0.0009993919592379407,0.0,0.0,0.0,-0.00013797540540659478,0.9999999904813938,3.807995200378139e-05,0.00018290409116089048,0.0,0.0,0.0,0.00024198268899445097,1477,1530
0.0004926773182414863,0.0009993919592379407,0.0,0.0,0.0,-0.00013797540540659478,0.9999999904813938,3.807995200378139e-05,0.00018290409116089048,0.0,0.0,0.0,0.00024198268899445097,1477,1530
0.0003272695624134574,0.0009432311232596652,0.0,0.0,0.0,-0.00014911506258211566,0.999999988882349,-0.002487363360085228,-0.00084529917801701,0.0,0.0,0.0,-0.00033506255666358086,1477,1530
0.0004627625324692715,0.0010691682051360016,0.0,0.0,0.0,-0.00012714900927232597,0.9999999919165647,0.0013542561216441048,0.0012594977541021753,0.0,0.0,0.0,0.00043922444098350475,1477,1530
0.0004627625324692715,0.0010691682051360016,0.0,0.0,0.0,-0.00012714900927232597,0.9999999919165647,0.0013542561216441048,0.0012594977541021753,0.0,0.0,0.0,0.00043922444098350475,1477,1530
0.0003362419790631595,0.0011296186253358263,0.0,0.0,0.0,-0.00016679786414811645,0.9999999860892361,-0.000541974719611696,0.00025878154262378426,0.0,0.0,0.0,-0.00033964548465109814,1477,1530
0.0006327307743131938,0.0010337085166650041,0.0,0.0,0.0,-0.00016509447750796426,0.9999999863719067,0.00443873439747616,-0.001434234928669124,0.0,0.0,0.0,5.09973104083839e-05,1477,1530
0.0002638575004255614,0.0009997215729922015,0.0,0.0,0.0,-9.575253497607803e-05,0.999999995415726,-0.002768922656354107,-0.00025604278571686413,0.0,0.0,0.0,0.0010410530808088038,1477,1530
0.0002638575004255614,0.0009997215729922015,0.0,0.0,0.0,-9.575253497607803e-05,0.999999995415726,-0.002768922656354107,-0.00025604278571686413,0.0,0.0,0.0,0.0010410530808088038,1477,1530
0.0004114973882046194,0.0011426830027433169,0.0,0.0,0.0,-0.00018765137508790724,0.9999999823934805,-0.00021837816986012786,0.00010138018485983069,0.0,0.0,0.0,-0.00017923590393541906,1477,1530
0.00037005692504724194,0.000909993809636792,0.0,0.0,0.0,-9.729637976606152e-05,0.9999999952667072,-0.0004135271781913851,-0.002327024024146314,0.0,0.0,0.0,0.0018070818521152272,1477,1530
0.00037005692504724194,0.000909993809636792,0.0,0.0,0.0,-9.729637976606152e-05,0.9999999952667072,-0.0004135271781913851,-0.002327024024146314,0.0,0.0,0.0,0.0018070818521152272,1477,1530
0.00041525228598402733,0.0011593186632181066,0.0,0.0,0.0,-0.00017308683870753043,0.999999985020473,0.0004421133149559834,0.002441670683837652,0.0,0.0,0.0,-0.0014843993023552036,1477,1530
0.00038700768938502837,0.001263265625455462,0.0,0.0,0.0,-0.0002636430488874155,0.9999999652461709,-0.00021546615017006083,0.0007918842119671528,0.0,0.0,0.0,-0.0013798726466605305,1477,1530
0.00043453441206287426,0.0010514056471862395,0.0,0.0,0.0,-0.0001383803563733893,0.9999999904254385,0.000356692525144789,-0.001586112856316234,0.0,0.0,0.0,0.001875807822920825,1477,1530
0.00030232716788275633,0.0010547421131925536,0.0,0.0,0.0,-0.00015255317809052647,0.9999999883637638,-0.003996498368232928,9.975140134077138e-05,0.0,0.0,0.0,-0.0008568557097266637,1477,1530
0.0004006747726051196,0.0011161547658807389,0.0,0.0,0.0,-0.00017472768390809791,0.9999999847351181,0.0009820610512290876,0.0006136594887261278,0.0,0.0,0.0,-0.0004429364516974801,1477,1530
0.00045599922989494283,0.0008254295105793584,0.0,0.0,0.0,-0.0001397936297631172,0.9999999902288705,0.00033234027528833453,-0.0017431024081640382,0.0,0.0,0.0,0.00041893634623447324,1477,1530
0.0004117147000136875,0.0010846768339580867,0.0,0.0,0.0,-0.00016968945930995245,0.9999999856027436,-0.0006659511822840025,0.0038920073243944894,0.0,0.0,0.0,-0.000897678319138298,1477,1530
0.0004117147000136875,0.0010846768339580867,0.0,0.0,0.0,-0.00016968945930995245,0.9999999856027436,0.0,0.0,0.0,0.0,0.0,4.00752488541926e-21,1477,1530
0.0004117147000136875,0.0010846768339580867,0.0,0.0,0.0,-0.00016968945930995245,0.9999999856027436,0.0,0.0,0.0,0.0,0.0,5.186055021629655e-21,1477,1530
0.0004117147000136875,0.0010846768339580867,0.0,0.0,0.0,-0.00016968945930995245,0.9999999856027436,0.0,0.0,0.0,0.0,0.0,5.466528925771196e-21,1477,1530
0.0004117147000136875,0.0010846768339580867,0.0,0.0,0.0,-0.00016968945930995243,0.9999999856027436,0.0,0.0,0.0,0.0,0.0,8.224391333201913e-19,1477,1530
0.00038807695347062743,0.0011332861512264863,0.0,0.0,0.0,-0.00018496293710276767,0.9999999828943559,-0.0002365613464984918,0.0004860518073074987,0.0,0.0,0.0,-0.0003054940001700919,1477,1530
0.0004673096136750426,0.0012463102003572731,0.0,0.0,0.0,-0.0002212316325460624,0.999999975528282,0.0007906670952968507,0.0011287613607434393,0.0,0.0,0.0,-0.0007242368718181652,1477,1530
0.0002862501655580185,0.0013273118057904165,0.0,0.0,0.0,-0.000219849820202389,0.9999999758330279,-0.0010858462784517258,0.0004852047953058587,0.0,0.0,0.0,1.6570679313548717e-05,1477,1530
0.0003855523445170211,0.0010725803924477061,0.0,0.0,0.0,-0.0001566477671305371,0.9999999877307384,0.0009956651143029887,-0.0025507799491926485,0.0,0.0,0.0,0.0012659780295884533,1477,1530
0.00042730213673471227,0.0009144899148062895,0.0,0.0,0.0,-0.0001244825801511618,0.9999999922520436,0.0003114448086131635,-0.0011778273752487151,0.0,0.0,0.0,0.00047932266793309904,1477,1530
0.0002756435590895382,0.0012256892945661652,0.0,0.0,0.0,-0.00021040233632766244,0.9999999778654282,-0.0046636356880952025,0.009563609921730902,0.0,0.0,0.0,-0.005281519381711406,1477,1530
0.00017844731902790255,0.0012120675335155996,0.0,0.0,0.0,-0.00023535252981793408,0.999999972304593,-0.000972031357631233,-0.00013664436852386147,0.0,0.0,0.0,-0.0004990687610993927,1477,1530
0.00017844731902790255,0.0012120675335155996,0.0,0.0,0.0,-0.00023535252981793408,0.999999972304593,-0.000972031357631233,-0.00013664436852386147,0.0,0.0,0.0,-0.0004990687610993927,1477,1530
0.00042485344776287755,0.001203360613273997,0.0,0.0,0.0,-0.0002066739151689362,0.9999999786429462,0.0036952476617578894,-0.0001288324560791684,0.0,0.0,0.0,0.0008601477242019532,1477,1530
0.0003569048289382915,0.0011610173407803237,0.0,0.0,0.0,-0.00014313551009190333,0.9999999897561128,-0.00040739763062188744,-0.0002541102245953609,0.0,0.0,0.0,0.0007621072544360383,1477,1530
0.0003109427088681436,0.0011681184871330885,0.0,0.0,0.0,-0.0001955842992014302,0.9999999808733907,-0.0006920435881721054,0.00010671788429226883,0.0,0.0,0.0,-0.0015793546882977615,1477,1530
0.0003109427088681436,0.0011681184871330885,0.0,0.0,0.0,-0.0001955842992014302,0.9999999808733907,-0.0006920435881721054,0.00010671788429226883,0.0,0.0,0.0,-0.0015793546882977615,1477,1530
0.00037649541702678015,0.0010085152651842183,0.0,0.0,0.0,-0.00015368809866044429,0.999999988189984,0.0004914144747411959,-0.001195131682015196,0.0,0.0,0.0,0.0006275503272194969,1477,1530
0.00015890449473012703,0.001322521188190301,0.0,0.0,0.0,-0.0002349345258498979,0.999999972402884,-0.0013073848988207882,0.0018854517308862487,0.0,0.0,0.0,-0.0009758979094593757,1477,1530
0.00038867834492968187,0.001180815315515985,0.0,0.0,0.0,-0.0002035441923722573,0.9999999792848807,0.0022948241546921697,-0.0014137734475568433,0.0,0.0,0.0,0.0006268288315862565,1477,1530
0.00032866400574905515,0.0010154039012113753,0.0,0.0,0.0,-0.00015883789546447243,0.9999999873852614,-0.00044950920541790557,-0.0012405113319368753,0.0,0.0,0.0,0.0006704553449730288,1477,1530
0.0004551856632379953,0.0011544735850952045,0.0,0.0,0.0,-0.00016964780464151958,0.9999999856098111,0.000921988584502912,0.0010140755489807033,0.0,0.0,0.0,-0.0001576029760049537,1477,1530
0.00034376838524527025,0.0011677434195180294,0.0,0.0,0.0,-0.00018881995496200824,0.9999999821735122,-0.0011595201937285046,0.00013770025148893256,0.0,0.0,0.0,-0.0003990332412883015,1477,1530
0.0004864460223026997,0.00135343875509492,0.0,0.0,0.0,-0.00022591498106499575,0.9999999744812104,0.0014260179684324067,0.0018574177343381678,0.0,0.0,0.0,-0.0007418708630489495,1477,1530
0.0004864460223026997,0.00135343875509492,0.0,0.0,0.0,-0.00022591498106499575,0.9999999744812104,0.0014260179684324067,0.0018574177343381678,0.0,0.0,0.0,-0.0007418708630489495,1477,1530
0.0004247171170626632,0.0010556595780201222,0.0,0.0,0.0,-0.00017175706461671983,0.9999999852497553,-0.0009171012386197766,-0.004434159757707432,0.0,0.0,0.0,0.0016127547571247753,1477,1530
0.000405090598050105,0.001062527083169891,0.0,0.0,0.0,-0.00016498626423973523,0.9999999863897662,-8.428896468331265e-05,2.9461012547837777e-05,0.0,0.0,0.0,5.8149405459717106e-05,1477,1530
0.00037878047031558384,0.001014683843554897,0.0,0.0,0.0,-0.00013942493910747887,0.9999999902803431,-0.0001973901309784674,-0.00035922166976667144,0.0,0.0,0.0,0.0003837748731514526,1477,1530
0.0004382790683938506,0.0008353304421978801,0.0,0.0,0.0,-0.00011241553814325064,0.9999999936813734,0.0008903665979677739,-0.0026814312466520557,0.0,0.0,0.0,0.0008076853269506902,1477,1530
0.0004382790683938506,0.0008353304421978801,0.0,0.0,0.0,-0.00011241553814325064,0.9999999936813734,0.0008903665979677739,-0.0026814312466520557,0.0,0.0,0.0,0.0008076853269506902,1477,1530
0.0003588452666899151,0.0013696150972062355,0.0,0.0,0.0,-0.0002775634462205566,0.999999961479266,-0.0004777525627386709,0.003208481910661114,0.0,0.0,0.0,-0.0019835561612786107,1477,1530
0.00034929306515198556,0.0013717334409436128,0.0,0.0,0.0,-0.00023659609692928903,0.999999972011143,-0.00014301675198175214,3.163281976115212e-05,0.0,0.0,0.0,0.0012265857463866006,1477,1530
0.0003515853082338122,0.001164051168559667,0.0,0.0,0.0,-0.00018761780045246264,0.9999999823997804,1.7949380561355605e-05,-0.001559390336919576,0.0,0.0,0.0,0.0007355147891049158,1477,1530
0.000492894042910943,0.001052474800896862,0.0,0.0,0.0,-0.00017393220534532875,0.9999999848737938,0.0010564556167440354,-0.0008335264298952471,0.0,0.0,0.0,0.00020457252898694857,1477,1530
0.00037025232823474137,0.0012915770338208148,0.0,0.0,0.0,-0.00023458982318871104,0.9999999724838071,-0.0018500215929553505,0.0036037137007998207,0.0,0.0,0.0,-0.001828771849220808,1477,1530
0.00037025232823474137,0.0012915770338208148,0.0,0.0,0.0,-0.00023458982318871104,0.9999999724838071,-0.0018500215929553505,0.0036037137007998207,0.0,0.0,0.0,-0.001828771849220808,1477,1530
0.00034003430552000607,0.0012848867360062848,0.0,0.0,0.0,-0.00022470241797008453,0.9999999747544114,-0.00015100946811530622,-3.3507965369817223e-05,0.0,0.0,0.0,9.883155722262849e-05,1477,1530
0.00016056680721386425,0.001276634098746747,0.0,0.0,0.0,-0.00018222510183107664,0.999999983397006,-0.0026918623559389135,-0.0001249949749623351,0.0,0.0,0.0,0.001274274910637776,1477,1530
0.0005437032417376064,0.0010487108433135598,0.0,0.0,0.0,-0.00020342343189048192,0.9999999793094535,0.0019171038582974937,-0.001139516276780706,0.0,0.0,0.0,-0.00021209465421650589,1477,1530
0.0002995452450236522,0.0011193303840508996,0.0,0.0,0.0,-0.00017789442901106861,0.9999999841767859,-0.0018326144158878827,0.0005292521293822463,0.0,0.0,0.0,0.00038318891277471965,1477,1530
0.0005043513994198135,0.0013122278158554232,0.0,0.0,0.0,-0.00023499847882761193,0.9999999723878571,0.0030618159759152924,0.002885839076122058,0.0,0.0,0.0,-0.0017079634805933623,1477,1530
0.0003362947718596526,0.0012254998200994028,0.0,0.0,0.0,-0.00021748351256907432,0.9999999763504606,-0.00507324859911599,-0.002621141744022083,0.0,0.0,0.0,0.0010577309442670235,1477,1530
0.0004846549081618229,0.0011910283522157158,0.0,0.0,0.0,-0.0001847434097355735,0.9999999829349362,0.0008891232889839156,-0.0002061801606990698,0.0,0.0,0.0,0.0003923836993639348,1477,1530
0.00048343506877974573,0.0011453176182816688,0.0,0.0,0.0,-0.00017422197689290892,0.9999999848233513,-3.5995983883476004e-05,-0.0013678201480710533,0.0,0.0,0.0,0.000629667734641246,1477,1530
0.0005126086869444463,0.001104515511477103,0.0,0.0,0.0,-0.00017535515747416457,0.9999999846252843,0.0002923402339784018,-0.00040856492214602635,0.0,0.0,0.0,-2.2699477145197225e-05,1477,1530
0.00020694881164184535,0.0011360173612866052,0.0,0.0,0.0,-0.00017034584426069155,0.9999999854911465,-0.0030528319487087862,0.0003135482916964258,0.0,0.0,0.0,0.00010005919059373955,1477,1530
0.0005494889578638653,0.0010136359425880056,0.0,0.0,0.0,-0.00016341613463123232,0.9999999866475834,0.005142712912619322,-0.0018353930949040588,0.0,0.0,0.0,0.0002080525324900185,1477,1530
0.00029327938862034914,0.001092583481107752,0.0,0.0,0.0,-0.0001796603599225067,0.9999999838610774,-0.0019211648222100927,0.0005912936963402451,0.0,0.0,0.0,-0.00024358726192666926,1477,1530
0.00044091507398822093,0.0010691053239740846,0.0,0.0,0.0,-0.00017417264897358548,0.9999999848319441,0.0014762492078563188,-0.0002342206219004897,0.0,0.0,0.0,0.0001097399545015495,1477,1530
0.0003539408548297768,0.001102688794214344,0.0,0.0,0.0,-0.0001934979361442609,0.9999999812792741,-0.0006533122476476529,0.0002520028475722031,0.0,0.0,0.0,-0.00029028716591300254,1477,1530
0.00028520425732170437,0.0011484593230490297,0.0,0.0,0.0,-0.00019996701749039664,0.9999999800065957,-0.0006868767831830762,0.00045699596020103427,0.0,0.0,0.0,-0.00012925625086247336,1477,1530
0.0004775795128319978,0.0011763152255423392,0.0,0.0,0.0,-0.00019879806907474674,0.9999999802396636,0.0019221417254750208,0.0002791106704390644,0.0,0.0,0.0,2.3360747394723032e-05,1477,1530
0.0004775795128319978,0.0011763152255423392,0.0,0.0,0.0,-0.00019879806907474674,0.9999999802396636,0.0019221417254750208,0.0002791106704390644,0.0,0.0,0.0,2.3360747394723032e-05,1477,1530
0.00046698359957793767,0.0010930211016626317,0.0,0.0,0.0,-0.00016979932570147143,0.9999999855840944,-0.0001056807903473155,-0.0008334000019022982,0.0,0.0,0.0,0.0005802650097591379,1477,1530
0.0003510913808302565,0.0012278303933531349,0.0,0.0,0.0,-0.0001915833376512512,0.9999999816479122,-0.0008692242007325692,0.0010104132303422806,0.0,0.0,0.0,-0.0003266434095426575,1477,1530
0.0002914706561479233,0.0012913599840609566,0.0,0.0,0.0,-0.00021969423117859535,0.9999999758672221,-0.00044734244387905535,0.0004763053233266047,0.0,0.0,0.0,-0.0004216676284603015,1477,1530
0.0002914706561479233,0.0012913599840609566,0.0,0.0,0.0,-0.00021969423117859535,0.9999999758672221,-0.00044734244387905535,0.0004763053233266047,0.0,0.0,0.0,-0.0004216676284603015,1477,1530
0.00045309786430725106,0.0010196888897034586,0.0,0.0,0.0,-0.00015426014536228767,0.9999999881019037,0.0009712174954894306,-0.0016308397442298017,0.0,0.0,0.0,0.0007858062558555348,1477,1530
0.0003102625739948685,0.0014133193434988465,0.0,0.0,0.0,-0.00024444400009339677,0.9999999701235649,-0.0010708369025850821,0.002948212490462975,0.0,0.0,0.0,-0.0013510690102087502,1477,1530
0.00036862662185262423,0.0013022179977024567,0.0,0.0,0.0,-0.0002206438677297822,0.9999999756581415,0.00034239871638518755,-0.0006510142662565065,0.0,0.0,0.0,0.00027899226920781304,1477,1530
0.0004767344841593631,0.0011307788290717995,0.0,0.0,0.0,-0.00018928049817357632,0.9999999820864464,0.0015771569784705129,-0.0024986361090690735,0.0,0.0,0.0,0.0009144639534399287,1477,1530
0.0004767344841593631,0.0011307788290717995,0.0,0.0,0.0,-0.00018928049817357632,0.9999999820864464,0.0015771569784705129,-0.0024986361090690735,0.0,0.0,0.0,0.0009144639534399287,1477,1530
0.000524808155991419,0.0011521800753080365,0.0,0.0,0.0,-0.00018033085587411713,0.9999999837403911,0.0003772156041376026,0.00016809847215966113,0.0,0.0,0.0,0.0001404724843778748,1477,1530
0.0004183525594781442,0.0010731216619919797,0.0,0.0,0.0,-0.0001634356070293325,0.999999986644401,-0.0010655280856146085,-0.0007919024712286573,0.0,0.0,0.0,0.0003383041808084956,1477,1530
0.0003017608077666378,0.001131152052204122,0.0,0.0,0.0,-0.0001475098718158246,0.9999999891204188,-0.0011644071050939963,0.0005790773133734511,0.0,0.0,0.0,0.0003180503545918883,1477,1530
0.0003017608077666378,0.001131152052204122,0.0,0.0,0.0,-0.0001475098718158246,0.9999999891204188,0.0,0.0,0.0,0.0,0.0,-1.1688612226943984e-19,1477,1530
0.0003017608077666378,0.001131152052204122,0.0,0.0,0.0,-0.0001475098718158246,0.9999999891204188,0.0,0.0,0.0,0.0,0.0,-9.618127443372239e-20,1477,1530
0.0003017608077666378,0.001131152052204122,0.0,0.0,0.0,-0.0001475098718158246,0.9999999891204188,0.0,0.0,0.0,0.0,0.0,-3.001683690124785e-19,1477,1530
0.0003017608077666378,0.001131152052204122,0.0,0.0,0.0,-0.00014750987181582468,0.9999999891204188,0.0,0.0,0.0,0.0,0.0,-2.7300366202202176e-18,1477,1530
8.251600005255465e-05,0.0012551807076852126,0.0,0.0,0.0,-0.00019075518496247722,0.9999999818062296,-0.0032842288083312567,0.0018566374391521486,0.0,0.0,0.0,-0.0012953904192150954,1477,1530
8.251600005255465e-05,0.0012551807076852126,0.0,0.0,0.0,-0.00019075518496247722,0.9999999818062296,-0.0032842288083312567,0.0018566374391521486,0.0,0.0,0.0,-0.0012953904192150954,1477,1530
0.00023087823699407886,0.0010480691108487555,0.0,0.0,0.0,-0.00011603363718772883,0.9999999932680975,0.001485125273780791,-0.0020715441415181802,0.0,0.0,0.0,0.0014951486433826726,1477,1530
0.00013323411071703572,0.0010677260372318703,0.0,0.0,0.0,-0.00013282161693294186,0.999999991179209,-0.000731713914943334,0.00014712605167183272,0.0,0.0,0.0,-0.0002515957778763797,1477,1530
0.00015719120780908677,0.0010081803949988598,0.0,0.0,0.0,-0.00014516100743639573,0.9999999894641409,0.00011955611593885145,-0.0002969303002820844,0.0,0.0,0.0,-0.0001230763691915737,1477,1530
0.0003082562868901715,0.0010206047592185765,0.0,0.0,0.0,-0.00010157024053684735,0.9999999948417431,0.002255456665794724,0.00018615953795068324,0.0,0.0,0.0,0.0013016832065486249,1477,1530
0.0003082562868901715,0.0010206047592185765,0.0,0.0,0.0,-0.00010157024053684735,0.9999999948417431,0.002255456665794724,0.00018615953795068324,0.0,0.0,0.0,0.0013016832065486249,1477,1530
0.0002846413446008998,0.0012207036908430987,0.0,0.0,0.0,-0.0002117555615569546,0.9999999775797909,-0.00023667660501902737,0.002001962304226786,0.0,0.0,0.0,-0.002204830907863885,1477,1530
0.00015773758183377633,0.0013755148760022512,0.0,0.0,0.0,-0.00021666515289619513,0.9999999765281056,-0.0012798294053273462,0.00155992889808951,0.0,0.0,0.0,-9.897571671370617e-05,1477,1530
0.00021035157860647334,0.0010477246648862516,0.0,0.0,0.0,-0.00012695308432288915,0.9999999919414572,0.0003169272878450869,-0.0019690340746589025,0.0,0.0,0.0,0.0010778749353557884,1477,1530
0.0003649600497333653,0.0012984178413828883,0.0,0.0,0.0,-0.00018945296078938862,0.9999999820537877,0.0015406106186552136,0.002499475890304221,0.0,0.0,0.0,-0.0012460848379710046,1477,1530
-8.158194527180311e-05,0.0013192836201028318,0.0,0.0,0.0,-0.00021053053461525943,0.9999999778384467,-0.0022055548542332655,0.00010222249572269957,0.0,0.0,0.0,-0.0002082085312715915,1477,1530
-8.158194527180311e-05,0.0013192836201028318,0.0,0.0,0.0,-0.00021053053461525943,0.9999999778384467,-0.0022055548542332655,0.00010222249572269957,0.0,0.0,0.0,-0.0002082085312715915,1477,1530
0.0002634644859268742,0.0009079054294597973,0.0,0.0,0.0,-7.439088568619218e-05,0.999999997232998,0.0035401330648159248,-0.004217080977069211,0.0,0.0,0.0,0.002792150006053292,1477,1530
4.7328359214034974e-05,0.0011904407869908742,0.0,0.0,0.0,-0.00017692924719903442,0.9999999843480206,-0.0032515817404412395,0.004249190741957049,0.0,0.0,0.0,-0.00308460267696418,1477,1530
9.321302665314944e-05,0.001087699331487047,0.0,0.0,0.0,-0.00012544332389867786,0.9999999921319862,0.0003440266442606725,-0.0007695867755884131,0.0,0.0,0.0,0.000771434494373149,1477,1530
0.0002984777307091344,0.0010339808927118336,0.0,0.0,0.0,-0.00013973865117904882,0.9999999902365546,0.0030861937132196653,-0.0008068396438619429,0.0,0.0,0.0,-0.0004298377029441292,1477,1530
0.00028830510453168836,0.0010186882344236843,0.0,0.0,0.0,-0.00011760961990125384,0.9999999930839887,-7.579780865833258e-05,-0.00011401704578428351,0.0,0.0,0.0,0.000329912284807955,1477,1530
-0.00014322007331703848,0.0012565985427974598,0.0,0.0,0.0,-0.00016057197576670233,0.9999999871083202,-0.004203944311788162,0.002316447324384399,0.0,0.0,0.0,-0.0008369752149524446,1477,1530
-0.00014322007331703848,0.0012565985427974598,0.0,0.0,0.0,-0.00016057197576670233,0.9999999871083202,-0.004203944311788162,0.002316447324384399,0.0,0.0,0.0,-0.0008369752149524446,1477,1530
0.00021115348173757174,0.0012885899248006292,0.0,0.0,0.0,-0.00019588266621686158,0.9999999808149903,0.00029427597418861507,0.0026703378471739157,0.0,0.0,0.0,-0.00150305462785404,1477,1530
0.00021115348173757174,0.0012885899248006292,0.0,0.0,0.0,-0.00019588266621686158,0.9999999808149903,0.00029427597418861507,0.0026703378471739157,0.0,0.0,0.0,-0.00150305462785404,1477,1530
0.0002916626876503627,0.0010892751099205343,0.0,0.0,0.0,-0.00013575426608481442,0.9999999907853896,0.0008064615606164886,-0.001994288419240598,0.0,0.0,0.0,0.0012034465346004906,1477,1530
0.0001339110936774339,0.0011938842053478877,0.0,0.0,0.0,-0.00013002667730210423,0.9999999915465316,-0.0015772478674477958,0.0010452967528194414,0.0,0.0,0.0,0.00011451169757106964,1477,1530
7.617551306907129e-05,0.0010876371077198378,0.0,0.0,0.0,-0.00014740686965893218,0.9999999891356073,-0.000576554822533269,-0.0010616549776374918,0.0,0.0,0.0,-0.0003472878185529074,1477,1530
0.000122125405215086,0.0011015713713517518,0.0,0.0,0.0,-0.00015934346864482466,0.9999999873048294,0.00046001904460264215,0.00013964846798836977,0.0,0.0,0.0,-0.00023902359130294565,1477,1530
0.00023832910514426782,0.0012804448112051304,0.0,0.0,0.0,-0.00019329517055561714,0.9999999813184883,0.0008707627499365974,0.0013413087181529052,0.0,0.0,0.0,-0.0005090782686757011,1477,1530
0.00024073817214663668,0.0012905623582186857,0.0,0.0,0.0,-0.00017961549921038453,0.9999999838691361,1.802843493670366e-05,7.584553950279127e-05,0.0,0.0,0.0,0.00020507869158308003,1477,1530
0.00013045192884492124,0.001175305042150977,0.0,0.0,0.0,-0.0001466229234893018,0.9999999892508591,-0.0008272974597258538,-0.0008652093056946458,0.0,0.0,0.0,0.0004951646966512559,1477,1530
0.0002739807414507869,0.0012373657916230705,0.0,0.0,0.0,-0.00020463477001863203,0.9999999790623052,0.004299299202449746,0.0018604804083720995,0.0,0.0,0.0,-0.003475844661451664,1477,1530
0.0002993597360725447,0.0012445842193106414,0.0,0.0,0.0,-0.00019719270462512014,0.9999999805575184,0.00018886039574387192,5.3800228723913934e-05,0.0,0.0,0.0,0.00011077469476444305,1477,1530
0.0001478626917490454,0.0012732655876887447,0.0,0.0,0.0,-0.00020221432411828317,0.9999999795546833,-0.0022972516990321925,0.00043397649692035516,0.0,0.0,0.0,-0.0001522810405531913,1477,1530
0.0001478626917490454,0.0012732655876887447,0.0,0.0,0.0,-0.00020221432411828317,0.9999999795546833,-0.0022972516990321925,0.00043397649692035516,0.0,0.0,0.0,-0.0001522810405531913,1477,1530
0.0002388169496128572,0.0010637573405953965,0.0,0.0,0.0,-0.00012509636084561781,0.9999999921754502,0.00027334436719618163,-0.0006289376124516338,0.0,0.0,0.0,0.0004630930789300539,1477,1530
0.00025789712881822067,0.001124003774516641,0.0,0.0,0.0,-0.00012963030361302355,0.9999999915979921,0.0002866243518706961,0.0009058152287805649,0.0,0.0,0.0,-0.00013632638174777766,1477,1530
0.00025789712881822067,0.001124003774516641,0.0,0.0,0.0,-0.00012963030361302355,0.9999999915979921,0.0002866243518706961,0.0009058152287805649,0.0,0.0,0.0,-0.00013632638174777766,1477,1530
8.585129412951289e-05,0.0011733680153022089,0.0,0.0,0.0,-0.00016458366180964495,0.999999986456109,-0.005139914178028971,0.001473327391167603,0.0,0.0,0.0,-0.0020883261281246833,1477,1530
0.0004201356957269891,0.001167980526338203,0.0,0.0,0.0,-0.00018806441919622365,0.9999999823158869,0.0033430621524564445,-5.2777698380147515e-05,0.0,0.0,0.0,-0.0004696433335994318,1477,1530
9.711707416490585e-05,0.001129914331533829,0.0,0.0,0.0,-0.0001640870593261167,0.9999999865377184,-0.0012119144276669705,-0.0001432804877927136,0.0,0.0,0.0,0.0001799264624579016,1477,1530
0.000279414707688155,0.0012261612283687585,0.0,0.0,0.0,-0.00018147414745632421,0.9999999835335668,0.005441102094649362,0.002874999015359926,0.0,0.0,0.0,-0.0010380971036527563,1477,1530
7.821078272907554e-05,0.0010272309434176772,0.0,0.0,0.0,-0.00013370833718858005,0.9999999910610403,-0.0012069326798567932,-0.0011941607017749109,0.0,0.0,0.0,0.0005732573745372372,1477,1530
0.00014091081131370467,0.0011697465061554244,0.0,0.0,0.0,-0.00014132305947725602,0.9999999900138964,0.0018792560972061953,0.004274601867651191,0.0,0.0,0.0,-0.00045673718573777355,1477,1530
-4.3050086014821746e-05,0.001317602113540421,0.0,0.0,0.0,-0.00016944690067868104,0.9999999856438738,-0.001839750845308122,0.0014778143843007636,0.0,0.0,0.0,-0.0005623924718924638,1477,1530
-8.544633568001633e-05,0.0013136617642460335,0.0,0.0,0.0,-0.00018443828883448667,0.9999999829912587,-0.0003176672026995893,-2.963289219839312e-05,0.0,0.0,0.0,-0.00022466245142727274,1477,1530
0.00012926636920962403,0.0012591510004140785,0.0,0.0,0.0,-0.0001718385023735454,0.9999999852357645,0.0032310567120380305,-0.0008190246262643502,0.0,0.0,0.0,0.0003791747290993711,1477,1530
0.00022161220419904937,0.0013081703216672549,0.0,0.0,0.0,-0.00019993812065175558,0.9999999800123738,0.0009226900786739464,0.0004901919302228215,0.0,0.0,0.0,-0.0005616273174620579,1477,1530
0.0003513217505872164,0.0010352875930533037,0.0,0.0,0.0,-0.0001306123386654409,0.9999999914702085,0.001297952921828842,-0.0027278173831910787,0.0,0.0,0.0,0.0013862661299269086,1477,1530
0.0003513217505872164,0.0010352875930533037,0.0,0.0,0.0,-0.0001306123386654409,0.9999999914702085,0.001297952921828842,-0.0027278173831910787,0.0,0.0,0.0,0.0013862661299269086,1477,1530
8.217940275083603e-05,0.0011031367030979317,0.0,0.0,0.0,-0.00012890231541607484,0.9999999916920965,-0.0020178126313061895,0.0005081174366326538,0.0,0.0,0.0,2.5639067766601436e-05,1477,1530
0.0002882709634386754,0.0011435287103703745,0.0,0.0,0.0,-0.00012236727798425485,0.9999999925131247,0.0010309985271163282,0.00020234203311119187,0.0,0.0,0.0,6.53879729180274e-05,1477,1530
0.0001255618068021317,0.0012284232042892422,0.0,0.0,0.0,-0.00016816739150215404,0.9999999858598642,-0.0012203219226091403,0.0006363304898656646,0.0,0.0,0.0,-0.000686915845356443,1477,1530
0.0001255618068021317,0.0012284232042892422,0.0,0.0,0.0,-0.00016816739150215404,0.9999999858598642,-0.0012203219226091403,0.0006363304898656646,0.0,0.0,0.0,-0.000686915845356443,1477,1530
0.00010981107614828258,0.0011473394318796829,0.0,0.0,0.0,-0.00011146292202228418,0.9999999937880085,-7.861139649709427e-05,-0.00040541492059054975,0.0,0.0,0.0,0.000567002174950042,1477,1530
0.00037250073178805095,0.0011876552504154405,0.0,0.0,0.0,-0.00012284328893747757,0.9999999924547631,0.007891388880783645,0.0012129172904387,0.0,0.0,0.0,-0.000683772463310366,1477,1530
0.00030667083247586324,0.0012434016764437162,0.0,0.0,0.0,-0.00017935107064429674,0.9999999839165966,-0.0006586862355086462,0.0005575143636905424,0.0,0.0,0.0,-0.001130585268988436,1477,1530
0.00030667083247586324,0.0012434016764437162,0.0,0.0,0.0,-0.00017935107064429674,0.9999999839165966,-0.0006586862355086462,0.0005575143636905424,0.0,0.0,0.0,-0.001130585268988436,1477,1530
0.00019663761124089627,0.0010751252033730013,0.0,0.0,0.0,-0.00011527964543478115,0.9999999933553017,-0.0006589857086197681,-0.0010085924868848439,0.0,0.0,0.0,0.0007678650288451824,1477,1530
0.0001124036729951461,0.0013353902707101658,0.0,0.0,0.0,-0.00016759698128592133,0.9999999859556258,-0.000421419142382306,0.001301072068865201,0.0,0.0,0.0,-0.0005231105902945575,1477,1530
0.0001124036729951461,0.0013353902707101658,0.0,0.0,0.0,-0.00016759698128592133,0.9999999859556258,-0.000421419142382306,0.001301072068865201,0.0,0.0,0.0,-0.0005231105902945575,1477,1530
0.00027305442492665203,0.0011975997854421047,0.0,0.0,0.0,-0.00013499550976129657,0.9999999908881062,0.002412251068716123,-0.002067589779875449,0.0,0.0,0.0,0.0009787733429432826,1477,1530
0.00031386051073718297,0.0011206864322497036,0.0,0.0,0.0,-0.00012867132578546966,0.999999991721845,0.00030594744040722815,-0.0005762891783256317,0.0,0.0,0.0,9.478408966686553e-05,1477,1530
0.00034310547604014005,0.0010984994523873263,0.0,0.0,0.0,-0.00011364955082887533,0.9999999935418897,0.00029259744511559105,-0.00022186330913437477,0.0,0.0,0.0,0.000300528665214803,1477,1530
0.00021367681415990995,0.001175014315089337,0.0,0.0,0.0,-0.00014671980359504274,0.9999999892366496,-0.001295159889302375,0.0007652676616078771,0.0,0.0,0.0,-0.0006617624125404656,1477,1530
0.00021367681415990995,0.001175014315089337,0.0,0.0,0.0,-0.00014671980359504274,0.9999999892366496,-0.001295159889302375,0.0007652676616078771,0.0,0.0,0.0,-0.0006617624125404656,1477,1530
0.00027922682623516496,0.001160420020318968,0.0,0.0,0.0,-0.00014588519936280155,0.9999999893587542,0.0006553004568028086,-0.00014569668395141204,0.0,0.0,0.0,1.6685911036380915e-05,1477,1530
0.00023455381878716174,0.0011717687940822862,0.0,0.0,0.0,-0.000145909695739499,0.9999999893551802,-0.0003340160501118325,8.475002070353363e-05,0.0,0.0,0.0,-3.6628727087834524e-07,1477,1530
0.00016086868943307735,0.001123875008015834,0.0,0.0,0.0,-0.00011592409510379574,0.999999993280802,-0.0003690680507442763,-0.00024003971052405934,0.0,0.0,0.0,0.0003004358500836437,1477,1530
0.00014256459283988498,0.0009902172438291887,0.0,0.0,0.0,-9.352714443401693e-05,0.9999999956263366,-0.0005518909027698981,-0.004036907410631031,0.0,0.0,0.0,0.0013528813525335694,1477,1530
0.0001992343018536537,0.0011850372216476097,0.0,0.0,0.0,-0.00010433220244741897,0.9999999945573957,0.00033861242151080154,0.0011648993113475348,0.0,0.0,0.0,-0.00012920769461610793,1477,1530
0.00030503756977977303,0.0010914518607041722,0.0,0.0,0.0,-0.00011546686826322465,0.9999999933337012,0.003262108309379776,-0.0028841948683793945,0.0,0.0,0.0,-0.0006864775513486346,1477,1530
0.00019340652155027492,0.0013101958648026012,0.0,0.0,0.0,-0.00018446669393706115,0.9999999829860193,-0.000834609198080208,0.0016345065045299723,0.0,0.0,0.0,-0.0010312873399247829,1477,1530
0.00023811980361289483,0.0011362350168728306,0.0,0.0,0.0,-0.00011412925195852482,0.9999999934872569,0.00033568324174994366,-0.0013040087851471673,0.0,0.0,0.0,0.0010545976178323291,1477,1530
0.00023257276774832684,0.0012643472936990365,0.0,0.0,0.0,-0.00015563851372463915,0.9999999878883264,-4.188911085121413e-05,0.0009623723507411148,0.0,0.0,0.0,-0.0006236367508229706,1477,1530
0.00026167197582779454,0.001092045487522664,0.0,0.0,0.0,-0.00012620081261688243,0.9999999920366774,0.0002183275437594243,-0.0012903116942816284,0.0,0.0,0.0,0.000440921775161166,1477,1530
0.0002732245143320154,0.0012415762725055718,0.0,0.0,0.0,-0.00015436760368503385,0.9999999880853214,8.635017865304017e-05,0.0011213625504261804,0.0,0.0,0.0,-0.0004224490640047173,1477,1530
0.0002732245143320154,0.0012415762725055718,0.0,0.0,0.0,-0.00015436760368503385,0.9999999880853214,8.635017865304017e-05,0.0011213625504261804,0.0,0.0,0.0,-0.0004224490640047173,1477,1530
0.00024604233558662335,0.001233927466619871,0.0,0.0,0.0,-0.00015232066559748772,0.9999999883992073,-0.00027042440397064183,-7.618495658714129e-05,0.0,0.0,0.0,4.073184446235787e-05,1477,1530
0.0003026185582082978,0.0011457919581006196,0.0,0.0,0.0,-0.00015448897662156136,0.999999988066578,0.0017285491270594181,-0.002690962834358723,0.0,0.0,0.0,-0.00013243211687447823,1477,1530
0.0002293418961188054,0.0011201967200474398,0.0,0.0,0.0,-0.00013159912935101383,0.9999999913408346,-0.0003659649773861804,-0.00012795695307470486,0.0,0.0,0.0,0.00022866181005888795,1477,1530
0.00017944370066333705,0.001270892066652191,0.0,0.0,0.0,-0.00016341143937302218,0.9999999866483507,-0.0004887339395920732,0.0014747030502370848,0.0,0.0,0.0,-0.0006226841465690677,1477,1530
0.00018905324409523058,0.0011829491228934755,0.0,0.0,0.0,-0.00014799528162066613,0.9999999890486982,0.00031148513991343405,-0.0028419932922915084,0.0,0.0,0.0,0.0009964229673121003,1477,1530
0.00018905324409523058,0.0011829491228934755,0.0,0.0,0.0,-0.00014799528162066613,0.9999999890486982,0.00031148513991343405,-0.0028419932922915084,0.0,0.0,0.0,0.0009964229673121003,1477,1530
0.0002383405079457554,0.001100772968290089,0.0,0.0,0.0,-0.00011084881884394917,0.9999999938562697,0.00029538861767545863,-0.0004921681249255117,0.0,0.0,0.0,0.00044503304318265125,1477,1530
0.0004413346525668742,0.001151060320324926,0.0,0.0,0.0,-0.000125982597124321,0.9999999920641925,0.00203003291374608,0.0005033738785986579,0.0,0.0,0.0,-0.00030270583830470295,1477,1530
0.0001911342530890936,0.0011429900380241366,0.0,0.0,0.0,-0.00013628627026239057,0.9999999907130263,-0.0025073995641122873,-8.150929844832745e-05,0.0,0.0,0.0,-0.000206519546751484,1477,1530
0.0002096617697487262,0.001310980783953756,0.0,0.0,0.0,-0.0001752018912235545,0.9999999846521486,0.00011085554920193203,0.0010076583339712665,0.0,0.0,0.0,-0.00046684086907634984,1477,1530
0.0003720078159819988,0.0011572949990782872,0.0,0.0,0.0,-0.00012074649644516616,0.9999999927101418,0.0012126362786535761,-0.0011471434240025251,0.0,0.0,0.0,0.0008132344011766568,1477,1530
0.0002578271138637528,0.0010799919067466875,0.0,0.0,0.0,-8.168998414442887e-05,0.9999999966633732,-0.003501473151570689,-0.0023718152348414082,0.0,0.0,0.0,0.002395811096390608,1477,1530
0.00020676753565926893,0.0012438457269553821,0.0,0.0,0.0,-0.0001457795252739736,0.9999999893741649,-0.00025521608218493996,0.0008185357168671392,0.0,0.0,0.0,-0.0006403543157147928,1477,1530
0.00020676753565926893,0.0012438457269553821,0.0,0.0,0.0,-0.0001457795252739736,0.9999999893741649,-0.00025521608218493996,0.0008185357168671392,0.0,0.0,0.0,-0.0006403543157147928,1477,1530
0.00024166290807977112,0.0011232354931384166,0.0,0.0,0.0,-0.0001449026104735004,0.9999999895016167,0.0003393719426604943,-0.0011717047483078727,0.0,0.0,0.0,1.703954860697666e-05,1477,1530
0.0002184088086252781,0.001156580052137322,0.0,0.0,0.0,-0.00010663452852573554,0.9999999943145387,-0.000723690720623338,0.0010370751707612126,0.0,0.0,0.0,0.0023808923190080764,1477,1530
0.00019382915723041978,0.001276066705513209,0.0,0.0,0.0,-0.00016994952802624387,0.9999999855585788,-0.00014910394886451657,0.0007240419863016255,0.0,0.0,0.0,-0.0007673615328350625,1477,1530
0.00034881406842940626,0.0012162506276746064,0.0,0.0,0.0,-0.00012387602233297106,0.9999999923273656,0.0011644810246657115,-0.00044897412805123394,0.0,0.0,0.0,0.0006922569311064904,1477,1530
0.00034881406842940626,0.0012162506276746064,0.0,0.0,0.0,-0.00012387602233297106,0.9999999923273656,0.0011644810246657115,-0.00044897412805123394,0.0,0.0,0.0,0.0006922569311064904,1477,1530
0.0003708968369035943,0.0011520146966547554,0.0,0.0,0.0,-0.00013051396826127974,0.9999999914830521,0.00013242259335801213,-0.0003848900886709992,0.0,0.0,0.0,-7.955352327382966e-05,1477,1530
0.0002701201030901151,0.0011133208162931879,0.0,0.0,0.0,-0.0001694193441903223,0.9999999856485428,-0.0015149231793339583,-0.0005821183562752604,0.0,0.0,0.0,-0.0011698050501886001,1477,1530
0.0001574346402051964,0.0012425377858420615,0.0,0.0,0.0,-0.000178440555337289,0.999999984079484,-0.00048276599898061504,0.0005532115951006648,0.0,0.0,0.0,-7.726715929996165e-05,1477,1530
0.00026785954571948334,0.001246724884331613,0.0,0.0,0.0,-0.0001715480393980606,0.9999999852856349,0.0015628091227460185,5.981724082832668e-05,0.0,0.0,0.0,0.00019509789673272912,1477,1530
0.00026785954571948334,0.001246724884331613,0.0,0.0,0.0,-0.0001715480393980606,0.9999999852856349,0.0,0.0,0.0,0.0,0.0,-1.0470488258383211e-19,1477,1530
0.00026785954571948334,0.001246724884331613,0.0,0.0,0.0,-0.0001715480393980606,0.9999999852856349,0.0,0.0,0.0,0.0,0.0,-1.0470488258383211e-19,1477,1530
0.00026785954571948334,0.001246724884331613,0.0,0.0,0.0,-0.0001715480393980606,0.9999999852856349,0.0,0.0,0.0,0.0,0.0,-1.0213729365634127e-19,1477,1530
0.00026785954571948334,0.001246724884331613,0.0,0.0,0.0,-0.00017154803939806065,0.9999999852856349,0.0,0.0,0.0,0.0,0.0,-1.2276071047642357e-18,1477,1530
0.00026785954571948334,0.001246724884331613,0.0,0.0,0.0,-0.00017154803939806065,0.9999999852856349,0.0,0.0,0.0,0.0,0.0,-1.2276071047642357e-18,1477,1530
0.0003378766852342015,0.0011197481211160985,0.0,0.0,0.0,-0.00013266712316370967,0.9999999911997172,0.0007007401468539384,-0.001269768587394827,0.0,0.0,0.0,0.0007777661090965725,1477,1530
0.0003378766852342015,0.0011197481211160985,0.0,0.0,0.0,-0.00013266712316370967,0.9999999911997172,0.0007007401468539384,-0.001269768587394827,0.0,0.0,0.0,0.0007777661090965725,1477,1530
0.0003378766852342015,0.0011197481211160985,0.0,0.0,0.0,-0.00013266712316370967,0.9999999911997172,0.0007007401468539384,-0.001269768587394827,0.0,0.0,0.0,0.0007777661090965725,1477,1530
0.0003378766852342015,0.0011197481211160985,0.0,0.0,0.0,-0.00013266712316370967,0.9999999911997172,0.0007007401468539384,-0.001269768587394827,0.0,0.0,0.0,0.0007777661090965725,1477,1530
0.0003378766852342015,0.0011197481211160985,0.0,0.0,0.0,-0.00013266712316370967,0.9999999911997172,0.0007007401468539384,-0.001269768587394827,0.0,0.0,0.0,0.0007777661090965725,1477,1530
0.0003378766852342015,0.0011197481211160985,0.0,0.0,0.0,-0.00013266712316370967,0.9999999911997172,0.0007007401468539384,-0.001269768587394827,0.0,0.0,0.0,0.0007777661090965725,1477,1530
0.0003378766852342015,0.0011197481211160985,0.0,0.0,0.0,-0.00013266712316370967,0.9999999911997172,0.0007007401468539384,-0.001269768587394827,0.0,0.0,0.0,0.0007777661090965725,1477,1530
0.0003194653383415547,0.001264191026173949,0.0,0.0,0.0,-0.00015498805544670886,0.9999999879893512,-7.7717188203459e-05,0.0006084290520545431,0.0,0.0,0.0,-0.00018804888487523912,1477,1530
0.0003194653383415547,0.001264191026173949,0.0,0.0,0.0,-0.00015498805544670886,0.9999999879893512,-7.7717188203459e-05,0.0006084290520545431,0.0,0.0,0.0,-0.00018804888487523912,1477,1530
0.0003194653383415547,0.001264191026173949,0.0,0.0,0.0,-0.00015498805544670886,0.9999999879893512,-7.7717188203459e-05,0.0006084290520545431,0.0,0.0,0.0,-0.00018804888487523912,1477,1530
0.0003194653383415547,0.001264191026173949,0.0,0.0,0.0,-0.00015498805544670886,0.9999999879893512,-7.7717188203459e-05,0.0006084290520545431,0.0,0.0,0.0,-0.00018804888487523912,1477,1530
0.0003573353034462189,0.0011924592382754186,0.0,0.0,0.0,-0.00012304597555181198,0.9999999924298439,6.357762081088389e-05,-0.00012033584899972563,0.0,0.0,0.0,0.0001071883684350984,1477,1530
0.0003573353034462189,0.0011924592382754186,0.0,0.0,0.0,-0.00012304597555181198,0.9999999924298439,6.357762081088389e-05,-0.00012033584899972563,0.0,0.0,0.0,0.0001071883684350984,1477,1530
0.0003573353034462189,0.0011924592382754186,0.0,0.0,0.0,-0.00012304597555181198,0.9999999924298439,6.357762081088389e-05,-0.00012033584899972563,0.0,0.0,0.0,0.0001071883684350984,1477,1530
0.0004153863833485976,0.0011455648884538473,0.0,0.0,0.0,-0.0001322913332983379,0.9999999912495016,0.00015829762337037063,-0.00012781033086193438,0.0,0.0,0.0,-5.04117178676505e-05,1477,1530
0.0004153863833485976,0.0011455648884538473,0.0,0.0,0.0,-0.0001322913332983379,0.9999999912495016,0.00015829762337037063,-0.00012781033086193438,0.0,0.0,0.0,-5.04117178676505e-05,1477,1530
0.0004153863833485976,0.0011455648884538473,0.0,0.0,0.0,-0.0001322913332983379,0.9999999912495016,0.00015829762337037063,-0.00012781033086193438,0.0,0.0,0.0,-5.04117178676505e-05,1477,1530
0.0004153863833485976,0.0011455648884538473,0.0,0.0,0.0,-0.0001322913332983379,0.9999999912495016,0.00015829762337037063,-0.00012781033086193438,0.0,0.0,0.0,-5.04117178676505e-05,1477,1530
0.0004153863833485976,0.0011455648884538473,0.0,0.0,0.0,-0.0001322913332983379,0.9999999912495016,0.00015829762337037063,-0.00012781033086193438,0.0,0.0,0.0,-5.04117178676505e-05,1477,1530
0.0004153863833485976,0.0011455648884538473,0.0,0.0,0.0,-0.0001322913332983379,0.9999999912495016,0.00015829762337037063,-0.00012781033086193438,0.0,0.0,0.0,-5.04117178676505e-05,1477,1530
0.0005817554572113233,0.0011350374522984753,0.0,0.0,0.0,-0.0001354777638144912,0.9999999908228877,0.0016660676896081714,-0.00010498219904138939,0.0,0.0,0.0,-6.381859511326527e-05,1477,1530
0.0005817554572113233,0.0011350374522984753,0.0,0.0,0.0,-0.0001354777638144912,0.9999999908228877,0.0016660676896081714,-0.00010498219904138939,0.0,0.0,0.0,-6.381859511326527e-05,1477,1530
0.0005817554572113233,0.0011350374522984753,0.0,0.0,0.0,-0.0001354777638144912,0.9999999908228877,0.0016660676896081714,-0.00010498219904138939,0.0,0.0,0.0,-6.381859511326527e-05,1477,1530
0.000263243938949001,0.0012755037149616833,0.0,0.0,0.0,-0.00018214597504558587,0.9999999834114217,-0.00034114167404377196,0.00015033595357684095,0.0,0.0,0.0,-9.995601040272889e-05,1477,1530
0.000263243938949001,0.0012755037149616833,0.0,0.0,0.0,-0.00018214597504558587,0.9999999834114217,-0.00034114167404377196,0.00015033595357684095,0.0,0.0,0.0,-9.995601040272889e-05,1477,1530
0.000263243938949001,0.0012755037149616833,0.0,0.0,0.0,-0.00018214597504558587,0.9999999834114217,-0.00034114167404377196,0.00015033595357684095,0.0,0.0,0.0,-9.995601040272889e-05,1477,1530
0.00021929423704979297,0.0011627917019521017,0.0,0.0,0.0,-0.00014746722379425649,0.9999999891267088,-0.0001885008710745395,-0.0004839441565623115,0.0,0.0,0.0,0.0002977534749207916,1477,1530
0.00021929423704979297,0.0011627917019521017,0.0,0.0,0.0,-0.00014746722379425649,0.9999999891267088,-0.0001885008710745395,-0.0004839441565623115,0.0,0.0,0.0,0.0002977534749207916,1477,1530
0.0003617364464322142,0.0012877237697542848,0.0,0.0,0.0,-0.0001691309879771243,0.9999999856973544,0.0003882010839157661,0.00034068290693439757,0.0,0.0,0.0,-0.00011811208586460786,1477,1530
0.0003617364464322142,0.0012877237697542848,0.0,0.0,0.0,-0.0001691309879771243,0.9999999856973544,0.0003882010839157661,0.00034068290693439757,0.0,0.0,0.0,-0.00011811208586460786,1477,1530
0.000424660607418699,0.001300693891078757,0.0,0.0,0.0,-0.00017866916885276755,0.999999984038664,0.0006280421034072514,0.0001296754515009388,0.0,0.0,0.0,-0.0001904132599967656,1477,1530
0.000424660607418699,0.001300693891078757,0.0,0.0,0.0,-0.00017866916885276755,0.999999984038664,0.0006280421034072514,0.0001296754515009388,0.0,0.0,0.0,-0.0001904132599967656,1477,1530
0.0004909150654230566,0.0011922843990792998,0.0,0.0,0.0,-0.00014435779141213213,0.999999989580414,0.00024713857450656015,-0.00040405829721746635,0.0,0.0,0.0,0.000255823099824561,1477,1530
0.0004909150654230566,0.0011922843990792998,0.0,0.0,0.0,-0.00014435779141213213,0.999999989580414,0.00024713857450656015,-0.00040405829721746635,0.0,0.0,0.0,0.000255823099824561,1477,1530
0.00034046397718928635,0.0013325170286344289,0.0,0.0,0.0,-0.00019004986617083587,0.9999999819405241,-0.000913010794807797,0.0008505077118078745,0.0,0.0,0.0,-0.0005544145529999256,1477,1530
0.00034046397718928635,0.0013325170286344289,0.0,0.0,0.0,-0.00019004986617083587,0.9999999819405241,-0.000913010794807797,0.0008505077118078745,0.0,0.0,0.0,-0.0005544145529999256,1477,1530
0.0004906835682486313,0.001043475648380025,0.0,0.0,0.0,-0.00013124608214572635,0.999999991387233,0.0009016016022759509,-0.001733184560918683,0.0,0.0,0.0,0.0007053519906737568,1477,1530
0.0004906835682486313,0.001043475648380025,0.0,0.0,0.0,-0.00013124608214572635,0.999999991387233,0.0009016016022759509,-0.001733184560918683,0.0,0.0,0.0,0.0007053519906737568,1477,1530
0.00033783980610477325,0.0011445656111334494,0.0,0.0,0.0,-0.00013496441400466064,0.9999999908923035,-0.0006552379597570132,0.0004331233320382718,0.0,0.0,0.0,-3.187528678653874e-05,1477,1530
0.00033783980610477325,0.0011445656111334494,0.0,0.0,0.0,-0.00013496441400466064,0.9999999908923035,-0.0006552379597570132,0.0004331233320382718,0.0,0.0,0.0,-3.187528678653874e-05,1477,1530
0.00033783980610477325,0.0011445656111334494,0.0,0.0,0.0,-0.00013496441400466064,0.9999999908923035,-0.0006552379597570132,0.0004331233320382718,0.0,0.0,0.0,-3.187528678653874e-05,1477,1530
0.00037424760768804536,0.0012230648439307185,0.0,0.0,0.0,-0.00016511359866182784,0.9999999863687496,0.00021827732050697164,0.00047096297789790405,0.0,0.0,0.0,-0.0003617200462281882,1477,1530
0.00037424760768804536,0.0012230648439307185,0.0,0.0,0.0,-0.00016511359866182784,0.9999999863687496,0.00021827732050697164,0.00047096297789790405,0.0,0.0,0.0,-0.0003617200462281882,1477,1530
0.0002946313298770551,0.0013824797064384594,0.0,0.0,0.0,-0.00019791156752895555,0.9999999804155055,-0.000238966125536017,0.00047808441271700075,0.0,0.0,0.0,-0.0001967543681754818,1477,1530
0.0002946313298770551,0.0013824797064384594,0.0,0.0,0.0,-0.00019791156752895555,0.9999999804155055,-0.000238966125536017,0.00047808441271700075,0.0,0.0,0.0,-0.0001967543681754818,1477,1530
0.0003805058167852487,0.0011071337781678714,0.0,0.0,0.0,-9.299447476270548e-05,0.9999999956760138,0.000515967886629536,-0.0016520862647699073,0.0,0.0,0.0,0.00125916881672697,1477,1530
0.0003805058167852487,0.0011071337781678714,0.0,0.0,0.0,-9.299447476270548e-05,0.9999999956760138,0.000515967886629536,-0.0016520862647699073,0.0,0.0,0.0,0.00125916881672697,1477,1530
0.0003805058167852487,0.0011071337781678714,0.0,0.0,0.0,-9.299447476270548e-05,0.9999999956760138,0.000515967886629536,-0.0016520862647699073,0.0,0.0,0.0,0.00125916881672697,1477,1530
0.0003805058167852487,0.0011071337781678714,0.0,0.0,0.0,-9.299447476270548e-05,0.9999999956760138,0.000515967886629536,-0.0016520862647699073,0.0,0.0,0.0,0.00125916881672697,1477,1530
0.00030435044378801426,0.0012593511458245349,0.0,0.0,0.0,-0.000189233773778484,0.9999999820952893,-0.0005711691414751833,0.00114110750300758,0.0,0.0,0.0,-0.0014430627800238935,1477,1530
0.00030435044378801426,0.0012593511458245349,0.0,0.0,0.0,-0.000189233773778484,0.9999999820952893,-0.0005711691414751833,0.00114110750300758,0.0,0.0,0.0,-0.0014430627800238935,1477,1530
0.00024754572377934576,0.0011976484374372558,0.0,0.0,0.0,-0.0001787184074719027,0.9999999840298653,-0.00012172512705602346,-0.00013232134557034268,0.0,0.0,0.0,4.508466310686957e-05,1477,1530
0.0005535089243586099,0.0013089436654488854,0.0,0.0,0.0,-0.00021143959107101676,0.9999999776466494,0.002290548746419085,0.0008341226230519019,0.0,0.0,0.0,-0.0004899884577954394,1477,1530
0.0005535089243586099,0.0013089436654488854,0.0,0.0,0.0,-0.00021143959107101676,0.9999999776466494,0.002290548746419085,0.0008341226230519019,0.0,0.0,0.0,-0.0004899884577954394,1477,1530
0.0002988121996200387,0.0014182197034918868,0.0,0.0,0.0,-0.0002212907300463589,0.999999975515206,-0.0015292802279176184,0.000655362519027327,0.0,0.0,0.0,-0.00011827730365906059,1477,1530
0.0002988121996200387,0.0014182197034918868,0.0,0.0,0.0,-0.0002212907300463589,0.999999975515206,-0.0015292802279176184,0.000655362519027327,0.0,0.0,0.0,-0.00011827730365906059,1477,1530
0.0002988121996200387,0.0014182197034918868,0.0,0.0,0.0,-0.0002212907300463589,0.999999975515206,-0.0015292802279176184,0.000655362519027327,0.0,0.0,0.0,-0.00011827730365906059,1477,1530
0.00040037001878361506,0.001297906837158332,0.0,0.0,0.0,-0.00017443440916083857,0.9999999847863184,0.0005078369174246749,-0.000601081069857078,0.0,0.0,0.0,0.0004683618223150462,1477,1530
0.00040037001878361506,0.001297906837158332,0.0,0.0,0.0,-0.00017443440916083857,0.9999999847863184,0.0005078369174246749,-0.000601081069857078,0.0,0.0,0.0,0.0004683618223150462,1477,1530
0.00040037001878361506,0.001297906837158332,0.0,0.0,0.0,-0.00017443440916083857,0.9999999847863184,0.0005078369174246749,-0.000601081069857078,0.0,0.0,0.0,0.0004683618223150462,1477,1530
0.0004193853701961489,0.0012001557823081415,0.0,0.0,0.0,-0.0001722021201736637,0.9999999851732148,4.7619583709975374e-05,-0.0002443402686734139,0.0,0.0,0.0,1.1160496461308668e-05,1477,1530
0.0004193853701961489,0.0012001557823081415,0.0,0.0,0.0,-0.0001722021201736637,0.9999999851732148,4.7619583709975374e-05,-0.0002443402686734139,0.0,0.0,0.0,1.1160496461308668e-05,1477,1530
0.0004193853701961489,0.0012001557823081415,0.0,0.0,0.0,-0.0001722021201736637,0.9999999851732148,4.7619583709975374e-05,-0.0002443402686734139,0.0,0.0,0.0,1.1160496461308668e-05,1477,1530
0.00029477725909169924,0.0012340950813063002,0.0,0.0,0.0,-0.0001763063414586939,0.9999999844580368,-0.0005341954800034934,0.00014530030402343125,0.0,0.0,0.0,-3.518632871665938e-05,1477,1530
0.00029477725909169924,0.0012340950813063002,0.0,0.0,0.0,-0.0001763063414586939,0.9999999844580368,-0.0005341954800034934,0.00014530030402343125,0.0,0.0,0.0,-3.518632871665938e-05,1477,1530
0.0005579193929729749,0.0010867535250036354,0.0,0.0,0.0,-0.00011699648979144429,0.9999999931559107,0.0008772755581356812,-0.0004908079312909185,0.0,0.0,0.0,0.0003953818819781037,1477,1530
0.00034257866580574394,0.0012070003898149604,0.0,0.0,0.0,-0.0001605152574941334,0.999999987117426,-0.0016139389716506407,0.0009007326971169215,0.0,0.0,0.0,-0.0006522450501161438,1477,1530
0.00034257866580574394,0.0012070003898149604,0.0,0.0,0.0,-0.0001605152574941334,0.999999987117426,-0.0016139389716506407,0.0009007326971169215,0.0,0.0,0.0,-0.0006522450501161438,1477,1530
0.0003741008101619303,0.0014051055687631963,0.0,0.0,0.0,-0.00022625185300014774,0.9999999744050492,0.0003149697122994119,0.0019835728419664313,0.0,0.0,0.0,-0.0013163378661905172,1477,1530
0.0003741008101619303,0.0014051055687631963,0.0,0.0,0.0,-0.00022625185300014774,0.9999999744050492,0.0003149697122994119,0.0019835728419664313,0.0,0.0,0.0,-0.0013163378661905172,1477,1530
0.00039181315524296803,0.0013024480278092658,0.0,0.0,0.0,-0.00019157153378418788,0.9999999816501736,0.00017749921223581114,-0.001025982164340687,0.0,0.0,0.0,0.0006932597694660992,1477,1530
0.00039181315524296803,0.0013024480278092658,0.0,0.0,0.0,-0.00019157153378418788,0.9999999816501736,0.00017749921223581114,-0.001025982164340687,0.0,0.0,0.0,0.0006932597694660992,1477,1530
0.00039181315524296803,0.0013024480278092658,0.0,0.0,0.0,-0.00019157153378418788,0.9999999816501736,0.00017749921223581114,-0.001025982164340687,0.0,0.0,0.0,0.0006932597694660992,1477,1530
0.00021348097507778218,0.001219976085570924,0.0,0.0,0.0,-0.00017218160812177926,0.9999999851767468,-0.00044567677044937486,-0.0002063160993590059,0.0,0.0,0.0,9.693339356756698e-05,1477,1530
0.00021348097507778218,0.001219976085570924,0.0,0.0,0.0,-0.00017218160812177926,0.9999999851767468,-0.00044567677044937486,-0.0002063160993590059,0.0,0.0,0.0,9.693339356756698e-05,1477,1530
0.0002050995479201674,0.001145455963439905,0.0,0.0,0.0,-0.00011123312234275985,0.9999999938135963,-2.7857656143970474e-05,-0.00024845556341218043,0.0,0.0,0.0,0.0004063977486717312,1477,1530
0.0002050995479201674,0.001145455963439905,0.0,0.0,0.0,-0.00011123312234275985,0.9999999938135963,-2.7857656143970474e-05,-0.00024845556341218043,0.0,0.0,0.0,0.0004063977486717312,1477,1530
0.0002050995479201674,0.001145455963439905,0.0,0.0,0.0,-0.00011123312234275985,0.9999999938135963,-2.7857656143970474e-05,-0.00024845556341218043,0.0,0.0,0.0,0.0004063977486717312,1477,1530
0.0005702606715682444,0.001034227366182271,0.0,0.0,0.0,-0.00013778928417712362,0.9999999905070566,0.0021900201452481013,-0.0006665508754532741,0.0,0.0,0.0,-0.0003185146871109251,1477,1530
0.0005702606715682444,0.001034227366182271,0.0,0.0,0.0,-0.00013778928417712362,0.9999999905070566,0.0021900201452481013,-0.0006665508754532741,0.0,0.0,0.0,-0.0003185146871109251,1477,1530
0.00039914878736230653,0.001280714422294071,0.0,0.0,0.0,-0.00017684551985316393,0.9999999843628309,-0.0005705632118562908,0.0008214142837107627,0.0,0.0,0.0,-0.0002603584183127743,1477,1530
0.00016923053123801623,0.0011747963150803003,0.0,0.0,0.0,-0.00015184788840745677,0.9999999884711093,-0.0013765893148714587,-0.0006347536759895201,0.0,0.0,0.0,0.000299385384792723,1477,1530
0.00016923053123801623,0.0011747963150803003,0.0,0.0,0.0,-0.00015184788840745677,0.9999999884711093,-0.0013765893148714587,-0.0006347536759895201,0.0,0.0,0.0,0.000299385384792723,1477,1530
0.00032716885771943093,0.0012675213943932739,0.0,0.0,0.0,-0.00015370846034566918,0.9999999881868545,0.0011874104911256923,0.000697609843361389,0.0,0.0,0.0,-2.798126072361303e-05,1477,1530
0.00032716885771943093,0.0012675213943932739,0.0,0.0,0.0,-0.00015370846034566918,0.9999999881868545,0.0011874104911256923,0.000697609843361389,0.0,0.0,0.0,-2.798126072361303e-05,1477,1530
0.0003386088053759419,0.001117335306108328,0.0,0.0,0.0,-0.00013338347463573931,0.9999999911044243,5.742398054318616e-05,-0.0007508264767293039,0.0,0.0,0.0,0.0002032264881366943,1477,1530
0.0003386088053759419,0.001117335306108328,0.0,0.0,0.0,-0.00013338347463573931,0.9999999911044243,5.742398054318616e-05,-0.0007508264767293039,0.0,0.0,0.0,0.0002032264881366943,1477,1530
0.0004588341909794253,0.0011670393123501602,0.0,0.0,0.0,-0.0001630840570245302,0.9999999867017951,0.0006010515939240591,0.0002486766530117363,0.0,0.0,0.0,-0.00029700137209766927,1477,1530
0.0004588341909794253,0.0011670393123501602,0.0,0.0,0.0,-0.0001630840570245302,0.9999999867017951,0.0006010515939240591,0.0002486766530117363,0.0,0.0,0.0,-0.00029700137209766927,1477,1530
0.0003329793063078861,0.0012836352598078252,0.0,0.0,0.0,-0.00020521055388299984,0.999999978944314,-0.0006297636770303163,0.000583051406446895,0.0,0.0,0.0,-0.0004214651715903489,1477,1530
0.0003329793063078861,0.0012836352598078252,0.0,0.0,0.0,-0.00020521055388299984,0.999999978944314,-0.0006297636770303163,0.000583051406446895,0.0,0.0,0.0,-0.0004214651715903489,1477,1530
0.00021727897939349987,0.0013240973329605435,0.0,0.0,0.0,-0.0001851243768090125,0.9999999828644824,-0.0004953762667633737,0.0001730120803169184,0.0,0.0,0.0,0.0001719751145621808,1477,1530
0.00021727897939349987,0.0013240973329605435,0.0,0.0,0.0,-0.0001851243768090125,0.9999999828644824,-0.0004953762667633737,0.0001730120803169184,0.0,0.0,0.0,0.0001719751145621808,1477,1530
0.0004790940357170168,0.001100633161404277,0.0,0.0,0.0,-0.00014694256677326572,0.999999989203941,0.0013110752796271002,-0.001118189106533648,0.0,0.0,0.0,0.0003822806651555383,1477,1530
0.0004790940357170168,0.001100633161404277,0.0,0.0,0.0,-0.00014694256677326572,0.999999989203941,0.0013110752796271002,-0.001118189106533648,0.0,0.0,0.0,0.0003822806651555383,1477,1530
0.0004790940357170168,0.001100633161404277,0.0,0.0,0.0,-0.00014694256677326572,0.999999989203941,0.0013110752796271002,-0.001118189106533648,0.0,0.0,0.0,0.0003822806651555383,1477,1530
0.0004790940357170168,0.001100633161404277,0.0,0.0,0.0,-0.00014694256677326572,0.999999989203941,0.0013110752796271002,-0.001118189106533648,0.0,0.0,0.0,0.0003822806651555383,1477,1530
0.0003533012225006792,0.0013075037251053677,0.0,0.0,0.0,-0.00018058899598200244,0.9999999836938072,-0.0002697034396472094,0.00044324300501295713,0.0,0.0,0.0,-0.00014420815175462338,1477,1530
0.0003533012225006792,0.0013075037251053677,0.0,0.0,0.0,-0.00018058899598200244,0.9999999836938072,-0.0002697034396472094,0.00044324300501295713,0.0,0.0,0.0,-0.00014420815175462338,1477,1530
0.0003533012225006792,0.0013075037251053677,0.0,0.0,0.0,-0.00018058899598200244,0.9999999836938072,-0.0002697034396472094,0.00044324300501295713,0.0,0.0,0.0,-0.00014420815175462338,1477,1530
0.00034721200782103463,0.0012625275584797833,0.0,0.0,0.0,-0.00017411146520402695,0.9999999848425987,-3.6442119457258593e-05,-0.0002699020263330212,0.0,0.0,0.0,7.773954382389977e-05,1477,1530
0.00034721200782103463,0.0012625275584797833,0.0,0.0,0.0,-0.00017411146520402695,0.9999999848425987,-3.6442119457258593e-05,-0.0002699020263330212,0.0,0.0,0.0,7.773954382389977e-05,1477,1530
0.000399447323404099,0.0011309382097865234,0.0,0.0,0.0,-0.00013583741042043305,0.999999990774099,0.00019591956096674446,-0.0004930528430978539,0.0,0.0,0.0,0.0002868581992595159,1477,1530
0.000399447323404099,0.0011309382097865234,0.0,0.0,0.0,-0.00013583741042043305,0.999999990774099,0.00019591956096674446,-0.0004930528430978539,0.0,0.0,0.0,0.0002868581992595159,1477,1530
0.00023632525986255618,0.0011212814918783133,0.0,0.0,0.0,-5.144594427645337e-05,0.9999999986766573,-0.0009788849724232608,-5.82162154419845e-05,0.0,0.0,0.0,0.0010128718112177946,1477,1530
0.00023632525986255618,0.0011212814918783133,0.0,0.0,0.0,-5.144594427645337e-05,0.9999999986766573,-0.0009788849724232608,-5.82162154419845e-05,0.0,0.0,0.0,0.0010128718112177946,1477,1530
0.00023632525986255618,0.0011212814918783133,0.0,0.0,0.0,-5.144594427645337e-05,0.9999999986766573,-0.0009788849724232608,-5.82162154419845e-05,0.0,0.0,0.0,0.0010128718112177946,1477,1530
0.00023632525986255618,0.0011212814918783133,0.0,0.0,0.0,-5.144594427645337e-05,0.9999999986766573,-0.0009788849724232608,-5.82162154419845e-05,0.0,0.0,0.0,0.0010128718112177946,1477,1530
0.000678454763316072,0.0007289541363249656,0.0,0.0,0.0,1.6104566545801304e-05,0.9999999998703214,0.0018946104404161872,-0.0016808501987594577,0.0,0.0,0.0,0.0005788811592470006,1477,1530
0.000678454763316072,0.0007289541363249656,0.0,0.0,0.0,1.6104566545801304e-05,0.9999999998703214,0.0018946104404161872,-0.0016808501987594577,0.0,0.0,0.0,0.0005788811592470006,1477,1530
0.000678454763316072,0.0007289541363249656,0.0,0.0,0.0,1.6104566545801304e-05,0.9999999998703214,0.0018946104404161872,-0.0016808501987594577,0.0,0.0,0.0,0.0005788811592470006,1477,1530
0.000678454763316072,0.0007289541363249656,0.0,0.0,0.0,1.6104566545801304e-05,0.9999999998703214,0.0018946104404161872,-0.0016808501987594577,0.0,0.0,0.0,0.0005788811592470006,1477,1530
0.000678454763316072,0.0007289541363249656,0.0,0.0,0.0,1.6104566545801304e-05,0.9999999998703214,0.0018946104404161872,-0.0016808501987594577,0.0,0.0,0.0,0.0005788811592470006,1477,1530
0.000678454763316072,0.0007289541363249656,0.0,0.0,0.0,1.6104566545801304e-05,0.9999999998703214,0.0018946104404161872,-0.0016808501987594577,0.0,0.0,0.0,0.0005788811592470006,1477,1530
0.000678454763316072,0.0007289541363249656,0.0,0.0,0.0,1.6104566545801304e-05,0.9999999998703214,0.0018946104404161872,-0.0016808501987594577,0.0,0.0,0.0,0.0005788811592470006,1477,1530
0.0002992771952364902,0.0011216900266242111,0.0,0.0,0.0,-4.590004377090885e-05,0.999999998946593,-0.0011373082360503022,0.0011780511088469946,0.0,0.0,0.0,-0.0003719666592306456,1477,1530
0.0002992771952364902,0.0011216900266242111,0.0,0.0,0.0,-4.590004377090885e-05,0.999999998946593,-0.0011373082360503022,0.0011780511088469946,0.0,0.0,0.0,-0.0003719666592306456,1477,1530
0.0002992771952364902,0.0011216900266242111,0.0,0.0,0.0,-4.590004377090885e-05,0.999999998946593,-0.0011373082360503022,0.0011780511088469946,0.0,0.0,0.0,-0.0003719666592306456,1477,1530
0.0002992771952364902,0.0011216900266242111,0.0,0.0,0.0,-4.590004377090885e-05,0.999999998946593,-0.0011373082360503022,0.0011780511088469946,0.0,0.0,0.0,-0.0003719666592306456,1477,1530
0.0002992771952364902,0.0011216900266242111,0.0,0.0,0.0,-4.590004377090885e-05,0.999999998946593,-0.0011373082360503022,0.0011780511088469946,0.0,0.0,0.0,-0.0003719666592306456,1477,1530
0.0003939188409496311,0.0010553589075820225,0.0,0.0,0.0,-4.856484136302878e-05,0.9999999988207281,0.00013508734789554797,-9.465964830967865e-05,0.0,0.0,0.0,-7.60674181239754e-06,1477,1530
0.0003939188409496311,0.0010553589075820225,0.0,0.0,0.0,-4.856484136302878e-05,0.9999999988207281,0.00013508734789554797,-9.465964830967865e-05,0.0,0.0,0.0,-7.60674181239754e-06,1477,1530
0.00047522786965812795,0.0009585329290828035,0.0,0.0,0.0,-2.096526113287495e-05,0.9999999997802289,0.00016282443975763121,-0.00019385948717388522,0.0,0.0,0.0,0.0001105256465216106,1477,1530
0.00047522786965812795,0.0009585329290828035,0.0,0.0,0.0,-2.096526113287495e-05,0.9999999997802289,0.00016282443975763121,-0.00019385948717388522,0.0,0.0,0.0,0.0001105256465216106,1477,1530
0.0005026377459763724,0.0009442738331117982,0.0,0.0,0.0,-3.4973941003411435e-05,0.9999999993884117,0.00011672574899709486,-6.071655274516392e-05,0.0,0.0,0.0,-0.0001193101323153315,1477,1530
0.0005026377459763724,0.0009442738331117982,0.0,0.0,0.0,-3.4973941003411435e-05,0.9999999993884117,0.00011672574899709486,-6.071655274516392e-05,0.0,0.0,0.0,-0.0001193101323153315,1477,1530
0.00044908757173075863,0.0012251094886118303,0.0,0.0,0.0,-0.00010404544766193099,0.9999999945872724,-0.00020203894448301432,0.001059159516235363,0.0,0.0,0.0,-0.0005210073452678222,1477,1530
0.00044908757173075863,0.0012251094886118303,0.0,0.0,0.0,-0.00010404544766193099,0.9999999945872724,-0.00020203894448301432,0.001059159516235363,0.0,0.0,0.0,-0.0005210073452678222,1477,1530
0.00044908757173075863,0.0012251094886118303,0.0,0.0,0.0,-0.00010404544766193099,0.9999999945872724,-0.00020203894448301432,0.001059159516235363,0.0,0.0,0.0,-0.0005210073452678222,1477,1530
0.00019612483279954959,0.0009599705372980478,0.0,0.0,0.0,-4.417297005826142e-05,0.9999999990243743,-0.0018129704188049372,-0.001901028572361276,0.0,0.0,0.0,0.0008583929310067656,1477,1530
0.00019612483279954959,0.0009599705372980478,0.0,0.0,0.0,-4.417297005826142e-05,0.9999999990243743,-0.0018129704188049372,-0.001901028572361276,0.0,0.0,0.0,0.0008583929310067656,1477,1530
0.00022184768156257608,0.001253561195958925,0.0,0.0,0.0,-7.613533106669465e-05,0.9999999971017056,9.869003425731428e-05,0.0011275556111237154,0.0,0.0,0.0,-0.0002455055001319603,1477,1530
0.00022184768156257608,0.001253561195958925,0.0,0.0,0.0,-7.613533106669465e-05,0.9999999971017056,9.869003425731428e-05,0.0011275556111237154,0.0,0.0,0.0,-0.0002455055001319603,1477,1530
0.00022184768156257608,0.001253561195958925,0.0,0.0,0.0,-7.613533106669465e-05,0.9999999971017056,9.869003425731428e-05,0.0011275556111237154,0.0,0.0,0.0,-0.0002455055001319603,1477,1530
0.00040822696549815086,0.0009370678316819527,0.0,0.0,0.0,-4.720362468596588e-06,0.999999999988859,0.0007946711783562719,-0.0013489728364425716,0.0,0.0,0.0,0.000608831047378533,1477,1530
0.00040822696549815086,0.0009370678316819527,0.0,0.0,0.0,-4.720362468596588e-06,0.999999999988859,0.0007946711783562719,-0.0013489728364425716,0.0,0.0,0.0,0.000608831047378533,1477,1530
0.00040822696549815086,0.0009370678316819527,0.0,0.0,0.0,-4.720362468596588e-06,0.999999999988859,0.0007946711783562719,-0.0013489728364425716,0.0,0.0,0.0,0.000608831047378533,1477,1530
0.0007644361873454918,0.001490894105335734,0.0,0.0,0.0,-0.0001305117438217319,0.9999999914833424,0.0013421097989870408,0.002086726134685668,0.0,0.0,0.0,-0.0009479166363374076,1477,1530
0.0007644361873454918,0.001490894105335734,0.0,0.0,0.0,-0.0001305117438217319,0.9999999914833424,0.0013421097989870408,0.002086726134685668,0.0,0.0,0.0,-0.0009479166363374076,1477,1530
0.0007644361873454918,0.001490894105335734,0.0,0.0,0.0,-0.0001305117438217319,0.9999999914833424,0.0013421097989870408,0.002086726134685668,0.0,0.0,0.0,-0.0009479166363374076,1477,1530
0.0002761973359577724,0.0010503860379384986,0.0,0.0,0.0,-3.256815282025066e-05,0.9999999994696577,-0.001463802136380825,-0.0013213924609246505,0.0,0.0,0.0,0.000587433035806894,1477,1530
0.0002761973359577724,0.0010503860379384986,0.0,0.0,0.0,-3.256815282025066e-05,0.9999999994696577,-0.001463802136380825,-0.0013213924609246505,0.0,0.0,0.0,0.000587433035806894,1477,1530
0.00027637837037571494,0.0010653040766768053,0.0,0.0,0.0,-1.870418408256493e-05,0.9999999998250767,6.672201861199796e-07,5.527865453208275e-05,0.0,0.0,0.0,0.00010274553482720141,1477,1530
0.00027637837037571494,0.0010653040766768053,0.0,0.0,0.0,-1.870418408256493e-05,0.9999999998250767,6.672201861199796e-07,5.527865453208275e-05,0.0,0.0,0.0,0.00010274553482720141,1477,1530
0.00030501026083040706,0.0012726991132537065,0.0,0.0,0.0,-0.00010761832160953846,0.9999999942091484,8.666940825261926e-05,0.0006279630709123729,0.0,0.0,0.0,-0.0005384362857828294,1477,1530
0.00030501026083040706,0.0012726991132537065,0.0,0.0,0.0,-0.00010761832160953846,0.9999999942091484,8.666940825261926e-05,0.0006279630709123729,0.0,0.0,0.0,-0.0005384362857828294,1477,1530
0.0005367532300647388,0.0006518368650942414,0.0,0.0,0.0,6.64501585483243e-05,0.9999999977921882,0.0017393919103121066,-0.004656942548512717,0.0,0.0,0.0,0.0026115037924740077,1477,1530
0.0005367532300647388,0.0006518368650942414,0.0,0.0,0.0,6.64501585483243e-05,0.9999999977921882,0.0017393919103121066,-0.004656942548512717,0.0,0.0,0.0,0.0026115037924740077,1477,1530
0.0003394406926926995,0.0011616999372385073,0.0,0.0,0.0,-7.59426492314763e-05,0.999999997116357,-0.0009861745646003162,0.002549318986751988,0.0,0.0,0.0,-0.001423856881361082,1477,1530
0.0003394406926926995,0.0011616999372385073,0.0,0.0,0.0,-7.59426492314763e-05,0.999999997116357,-0.0009861745646003162,0.002549318986751988,0.0,0.0,0.0,-0.001423856881361082,1477,1530
0.0003394406926926995,0.0011616999372385073,0.0,0.0,0.0,-7.59426492314763e-05,0.999999997116357,-0.0009861745646003162,0.002549318986751988,0.0,0.0,0.0,-0.001423856881361082,1477,1530
0.0003394406926926995,0.0011616999372385073,0.0,0.0,0.0,-7.59426492314763e-05,0.999999997116357,-0.0009861745646003162,0.002549318986751988,0.0,0.0,0.0,-0.001423856881361082,1477,1530
0.0002850408804160273,0.0013317831378157749,0.0,0.0,0.0,-0.0001111229265591888,0.9999999938258476,-0.000148405109892927,0.00046375177875079566,0.0,0.0,0.0,-0.00019185562120077954,1477,1530
0.0002850408804160273,0.0013317831378157749,0.0,0.0,0.0,-0.0001111229265591888,0.9999999938258476,-0.000148405109892927,0.00046375177875079566,0.0,0.0,0.0,-0.00019185562120077954,1477,1530
0.0002850408804160273,0.0013317831378157749,0.0,0.0,0.0,-0.0001111229265591888,0.9999999938258476,-0.000148405109892927,0.00046375177875079566,0.0,0.0,0.0,-0.00019185562120077954,1477,1530
0.00030725033176711596,0.0013049469465168373,0.0,0.0,0.0,-8.238129372506271e-05,0.9999999966066612,8.33117636892128e-05,-0.00010062198458580131,0.0,0.0,0.0,0.000215572486935752,1477,1530
0.00030725033176711596,0.0013049469465168373,0.0,0.0,0.0,-8.238129372506271e-05,0.9999999966066612,8.33117636892128e-05,-0.00010062198458580131,0.0,0.0,0.0,0.000215572486935752,1477,1530
0.00030725033176711596,0.0013049469465168373,0.0,0.0,0.0,-8.238129372506271e-05,0.9999999966066612,8.33117636892128e-05,-0.00010062198458580131,0.0,0.0,0.0,0.000215572486935752,1477,1530
0.00030725033176711596,0.0013049469465168373,0.0,0.0,0.0,-8.238129372506271e-05,0.9999999966066612,8.33117636892128e-05,-0.00010062198458580131,0.0,0.0,0.0,0.000215572486935752,1477,1530
0.00030725033176711596,0.0013049469465168373,0.0,0.0,0.0,-8.238129372506271e-05,0.9999999966066612,8.33117636892128e-05,-0.00010062198458580131,0.0,0.0,0.0,0.000215572486935752,1477,1530
0.00030725033176711596,0.0013049469465168373,0.0,0.0,0.0,-8.238129372506271e-05,0.9999999966066612,8.33117636892128e-05,-0.00010062198458580131,0.0,0.0,0.0,0.000215572486935752,1477,1530
0.0008281529104368894,0.0012383012613842073,0.0,0.0,0.0,-0.0001250033042201366,0.9999999921870869,0.0019536724723303767,-0.0002496309870557832,0.0,0.0,0.0,-0.0003197054431711994,1477,1530
0.0008281529104368894,0.0012383012613842073,0.0,0.0,0.0,-0.0001250033042201366,0.9999999921870869,0.0019536724723303767,-0.0002496309870557832,0.0,0.0,0.0,-0.0003197054431711994,1477,1530
0.0008231690627852833,0.0014414497201797173,0.0,0.0,0.0,-0.000187958789633906,0.9999999823357466,-8.883564750870158e-06,0.00035845121264918133,0.0,0.0,0.0,-0.0002221686504945998,1477,1530
0.0008231690627852833,0.0014414497201797173,0.0,0.0,0.0,-0.000187958789633906,0.9999999823357466,-8.883564750870158e-06,0.00035845121264918133,0.0,0.0,0.0,-0.0002221686504945998,1477,1530
0.0007525557903731568,0.0016413251413092498,0.0,0.0,0.0,-0.0002238936947746885,0.9999999749358064,-0.0003479993113009652,0.000983856790974025,0.0,0.0,0.0,-0.00035381538632687804,1477,1530
0.0007525557903731568,0.0016413251413092498,0.0,0.0,0.0,-0.0002238936947746885,0.9999999749358064,-0.0003479993113009652,0.000983856790974025,0.0,0.0,0.0,-0.00035381538632687804,1477,1530
0.000675724728714551,0.001611183354231731,0.0,0.0,0.0,-0.00021529111260161035,0.9999999768248682,-0.0003900239487192977,-0.0001532128395950093,0.0,0.0,0.0,8.735537257469071e-05,1477,1530
0.000675724728714551,0.001611183354231731,0.0,0.0,0.0,-0.00021529111260161035,0.9999999768248682,-0.0003900239487192977,-0.0001532128395950093,0.0,0.0,0.0,8.735537257469071e-05,1477,1530
0.0006769299344496487,0.0013739979117460587,0.0,0.0,0.0,-0.00014144751720102084,0.9999999899962999,4.9040758967028595e-06,-0.0008897292063511715,0.0,0.0,0.0,0.0005540049480266534,1477,1530
0.0006769299344496487,0.0013739979117460587,0.0,0.0,0.0,-0.00014144751720102084,0.9999999899962999,4.9040758967028595e-06,-0.0008897292063511715,0.0,0.0,0.0,0.0005540049480266534,1477,1530
0.0006769299344496487,0.0013739979117460587,0.0,0.0,0.0,-0.00014144751720102084,0.9999999899962999,4.9040758967028595e-06,-0.0008897292063511715,0.0,0.0,0.0,0.0005540049480266534,1477,1530
0.0005782782866333457,0.0016831054863584915,0.0,0.0,0.0,-0.00020934548754812906,0.9999999780872332,-0.0005919148319726646,0.001852851121810239,0.0,0.0,0.0,-0.0008140609107489851,1477,1530
0.0005782782866333457,0.0016831054863584915,0.0,0.0,0.0,-0.00020934548754812906,0.9999999780872332,-0.0005919148319726646,0.001852851121810239,0.0,0.0,0.0,-0.0008140609107489851,1477,1530
0.0005782782866333457,0.0016831054863584915,0.0,0.0,0.0,-0.00020934548754812906,0.9999999780872332,-0.0005919148319726646,0.001852851121810239,0.0,0.0,0.0,-0.0008140609107489851,1477,1530
0.0006157415742992305,0.0013947318030237776,0.0,0.0,0.0,-0.0001064922739253049,0.9999999943296978,0.0001410472853301363,-0.0010821648422239163,0.0,0.0,0.0,0.0007719858199930374,1477,1530
0.0006157415742992305,0.0013947318030237776,0.0,0.0,0.0,-0.0001064922739253049,0.9999999943296978,0.0001410472853301363,-0.0010821648422239163,0.0,0.0,0.0,0.0007719858199930374,1477,1530
0.0006157415742992305,0.0013947318030237776,0.0,0.0,0.0,-0.0001064922739253049,0.9999999943296978,0.0001410472853301363,-0.0010821648422239163,0.0,0.0,0.0,0.0007719858199930374,1477,1530
0.0006157415742992305,0.0013947318030237776,0.0,0.0,0.0,-0.0001064922739253049,0.9999999943296978,0.0001410472853301363,-0.0010821648422239163,0.0,0.0,0.0,0.0007719858199930374,1477,1530
0.0007496036850315898,0.0015176805557840913,0.0,0.0,0.0,-0.00017031290810782068,0.9999999854967566,0.0004013263650185251,0.00036876509977286544,0.0,0.0,0.0,-0.00038275080520368894,1477,1530
0.0007496036850315898,0.0015176805557840913,0.0,0.0,0.0,-0.00017031290810782068,0.9999999854967566,0.0004013263650185251,0.00036876509977286544,0.0,0.0,0.0,-0.00038275080520368894,1477,1530
0.0007496036850315898,0.0015176805557840913,0.0,0.0,0.0,-0.00017031290810782068,0.9999999854967566,0.0004013263650185251,0.00036876509977286544,0.0,0.0,0.0,-0.00038275080520368894,1477,1530
0.00041098900812216164,0.0014093042054797282,0.0,0.0,0.0,-0.0001649196969951695,0.9999999864007467,-0.0007251828957885616,-0.00023237296666886735,0.0,0.0,0.0,2.310290387115184e-05,1477,1530
0.0007965504389046647,0.0015300313662874052,0.0,0.0,0.0,-0.00012713303725811595,0.9999999919185955,0.0023144858241095014,0.000725551138491712,0.0,0.0,0.0,0.00045370579319303284,1477,1530
0.0007965504389046647,0.0015300313662874052,0.0,0.0,0.0,-0.00012713303725811595,0.9999999919185955,0.0023144858241095014,0.000725551138491712,0.0,0.0,0.0,0.00045370579319303284,1477,1530
0.0007282181857512834,0.001547945447929505,0.0,0.0,0.0,-0.0001667911275728398,0.9999999860903598,-0.0005132548660674148,0.0001344161696312579,0.0,0.0,0.0,-0.0005957172795648635,1477,1530
0.0007282181857512834,0.001547945447929505,0.0,0.0,0.0,-0.0001667911275728398,0.9999999860903598,-0.0005132548660674148,0.0001344161696312579,0.0,0.0,0.0,-0.0005957172795648635,1477,1530
0.0007282181857512834,0.001547945447929505,0.0,0.0,0.0,-0.0001667911275728398,0.9999999860903598,-0.0005132548660674148,0.0001344161696312579,0.0,0.0,0.0,-0.0005957172795648635,1477,1530
0.0007282181857512834,0.001547945447929505,0.0,0.0,0.0,-0.0001667911275728398,0.9999999860903598,-0.0005132548660674148,0.0001344161696312579,0.0,0.0,0.0,-0.0005957172795648635,1477,1530
0.0006603875401534501,0.0014067561016963455,0.0,0.0,0.0,-0.00017764790504687058,0.9999999842206108,-0.0003390753878752116,-0.00070638829794354,0.0,0.0,0.0,-0.00010861828385073501,1477,1530
0.0006603875401534501,0.0014067561016963455,0.0,0.0,0.0,-0.00017764790504687058,0.9999999842206108,-0.0003390753878752116,-0.00070638829794354,0.0,0.0,0.0,-0.00010861828385073501,1477,1530
0.0006603875401534501,0.0014067561016963455,0.0,0.0,0.0,-0.00017764790504687058,0.9999999842206108,-0.0003390753878752116,-0.00070638829794354,0.0,0.0,0.0,-0.00010861828385073501,1477,1530
0.0007839569055881598,0.001953718431250138,0.0,0.0,0.0,-0.00027342274462594397,0.9999999626200007,0.00028459031508359575,0.0012617842827932616,0.0,0.0,0.0,-0.0004418494360331429,1477,1530
0.0007839569055881598,0.001953718431250138,0.0,0.0,0.0,-0.00027342274462594397,0.9999999626200007,0.00028459031508359575,0.0012617842827932616,0.0,0.0,0.0,-0.0004418494360331429,1477,1530
0.0007436478787916377,0.001505398618315444,0.0,0.0,0.0,-0.0001818188383824591,0.9999999834709549,-0.00013352349804278342,-0.0014942186118712282,0.0,0.0,0.0,0.000610588923352737,1477,1530
0.0007436478787916377,0.001505398618315444,0.0,0.0,0.0,-0.0001818188383824591,0.9999999834709549,-0.00013352349804278342,-0.0014942186118712282,0.0,0.0,0.0,0.000610588923352737,1477,1530
0.0007416202223739716,0.0014728528893624324,0.0,0.0,0.0,-0.00015931872151595924,0.9999999873087724,-1.2091204492231001e-05,-0.00019521865745431884,0.0,0.0,0.0,0.0002699182714809671,1477,1530
0.0007416202223739716,0.0014728528893624324,0.0,0.0,0.0,-0.00015931872151595924,0.9999999873087724,-1.2091204492231001e-05,-0.00019521865745431884,0.0,0.0,0.0,0.0002699182714809671,1477,1530
0.0007416202223739716,0.0014728528893624324,0.0,0.0,0.0,-0.00015931872151595924,0.9999999873087724,-1.2091204492231001e-05,-0.00019521865745431884,0.0,0.0,0.0,0.0002699182714809671,1477,1530
0.0005903236025081498,0.0014443618667937255,0.0,0.0,0.0,-0.00017927381005652712,0.9999999839304504,-0.000648592887092654,-0.00012235206057681225,0.0,0.0,0.0,-0.00017110105957465643,1477,1530
0.0005903236025081498,0.0014443618667937255,0.0,0.0,0.0,-0.00017927381005652712,0.9999999839304504,-0.000648592887092654,-0.00012235206057681225,0.0,0.0,0.0,-0.00017110105957465643,1477,1530
0.0005903236025081498,0.0014443618667937255,0.0,0.0,0.0,-0.00017927381005652712,0.9999999839304504,-0.000648592887092654,-0.00012235206057681225,0.0,0.0,0.0,-0.00017110105957465643,1477,1530
0.0005331009559560085,0.001493283166966746,0.0,0.0,0.0,-0.00013063874159182715,0.9999999914667596,-0.00017078617928147338,0.00014590409863150507,0.0,0.0,0.0,0.00029022260632610497,1477,1530
0.0005331009559560085,0.001493283166966746,0.0,0.0,0.0,-0.00013063874159182715,0.9999999914667596,-0.00017078617928147338,0.00014590409863150507,0.0,0.0,0.0,0.00029022260632610497,1477,1530
0.0006638978325577267,0.00129432719365607,0.0,0.0,0.0,-0.00012531705112966217,0.9999999921478183,0.0005645585094522242,-0.0008582649855948271,0.0,0.0,0.0,4.592177230835801e-05,1477,1530
0.0006638978325577267,0.00129432719365607,0.0,0.0,0.0,-0.00012531705112966217,0.9999999921478183,0.0005645585094522242,-0.0008582649855948271,0.0,0.0,0.0,4.592177230835801e-05,1477,1530
0.0007312471873538985,0.0013083080959576702,0.0,0.0,0.0,-0.00015508058417980437,0.9999999879750061,0.00028894992766129076,6.005801625866115e-05,0.0,0.0,0.0,-0.0002554031461602521,1477,1530
0.0007312471873538985,0.0013083080959576702,0.0,0.0,0.0,-0.00015508058417980437,0.9999999879750061,0.00028894992766129076,6.005801625866115e-05,0.0,0.0,0.0,-0.0002554031461602521,1477,1530
0.0007312471873538985,0.0013083080959576702,0.0,0.0,0.0,-0.00015508058417980437,0.9999999879750061,0.00028894992766129076,6.005801625866115e-05,0.0,0.0,0.0,-0.0002554031461602521,1477,1530
0.0008148146888874804,0.0016270001072547493,0.0,0.0,0.0,-0.00018329001919862903,0.9999999832023843,0.00041703256887921003,0.0015924032363968952,0.0,0.0,0.0,-0.00028188435035645797,1477,1530
0.0008148146888874804,0.0016270001072547493,0.0,0.0,0.0,-0.00018329001919862903,0.9999999832023843,0.00041703256887921003,0.0015924032363968952,0.0,0.0,0.0,-0.00028188435035645797,1477,1530
0.0008148146888874804,0.0016270001072547493,0.0,0.0,0.0,-0.00018329001919862903,0.9999999832023843,0.00041703256887921003,0.0015924032363968952,0.0,0.0,0.0,-0.00028188435035645797,1477,1530
0.0009396489668616578,0.001999348177916672,0.0,0.0,0.0,-0.0003181838774240216,0.9999999493795088,0.0004156786457326571,0.0012413706219534515,0.0,0.0,0.0,-0.000899334383330508,1477,1530
0.0009396489668616578,0.001999348177916672,0.0,0.0,0.0,-0.0003181838774240216,0.9999999493795088,0.0004156786457326571,0.0012413706219534515,0.0,0.0,0.0,-0.000899334383330508,1477,1530
0.0009396489668616578,0.001999348177916672,0.0,0.0,0.0,-0.0003181838774240216,0.9999999493795088,0.0004156786457326571,0.0012413706219534515,0.0,0.0,0.0,-0.000899334383330508,1477,1530
0.0006252676928747687,0.00180765880736496,0.0,0.0,0.0,-0.00022926775126667077,0.9999999737181487,-0.0011786297369854265,-0.0007196814842739167,0.0,0.0,0.0,0.0006669601764276149,1477,1530
0.0006252676928747687,0.00180765880736496,0.0,0.0,0.0,-0.00022926775126667077,0.9999999737181487,-0.0011786297369854265,-0.0007196814842739167,0.0,0.0,0.0,0.0006669601764276149,1477,1530
0.0006252676928747687,0.00180765880736496,0.0,0.0,0.0,-0.00022926775126667077,0.9999999737181487,-0.0011786297369854265,-0.0007196814842739167,0.0,0.0,0.0,0.0006669601764276149,1477,1530
0.0005963129798911628,0.0018241930057708011,0.0,0.0,0.0,-0.00021774907169358292,0.9999999762926706,-0.0001448737529960278,8.26401347785752e-05,0.0,0.0,0.0,0.00011523635023670625,1477,1530
0.0005963129798911628,0.0018241930057708011,0.0,0.0,0.0,-0.00021774907169358292,0.9999999762926706,-0.0001448737529960278,8.26401347785752e-05,0.0,0.0,0.0,0.00011523635023670625,1477,1530
0.0007455158610362377,0.0016223421243886462,0.0,0.0,0.0,-0.0001754296584575348,0.9999999846122174,0.0003729332467638403,-0.0005040677583018063,0.0,0.0,0.0,0.00021143056864889625,1477,1530
0.0007455158610362377,0.0016223421243886462,0.0,0.0,0.0,-0.0001754296584575348,0.9999999846122174,0.0003729332467638403,-0.0005040677583018063,0.0,0.0,0.0,0.00021143056864889625,1477,1530
0.0006464542474064084,0.0015624222337312782,0.0,0.0,0.0,-0.00020188939474642266,0.9999999796203359,-0.0005950170266199635,-0.0003601961169046974,0.0,0.0,0.0,-0.0003179301502848333,1477,1530
0.0006464542474064084,0.0015624222337312782,0.0,0.0,0.0,-0.00020188939474642266,0.9999999796203359,-0.0005950170266199635,-0.0003601961169046974,0.0,0.0,0.0,-0.0003179301502848333,1477,1530
0.0006464542474064084,0.0015624222337312782,0.0,0.0,0.0,-0.00020188939474642266,0.9999999796203359,-0.0005950170266199635,-0.0003601961169046974,0.0,0.0,0.0,-0.0003179301502848333,1477,1530
0.0006117281776660673,0.0018159999859106064,0.0,0.0,0.0,-0.0002665645476387367,0.9999999644716703,-0.00013057423050484652,0.0009506274433905552,0.0,0.0,0.0,-0.0004849430301658297,1477,1530
0.0006117281776660673,0.0018159999859106064,0.0,0.0,0.0,-0.0002665645476387367,0.9999999644716703,-0.00013057423050484652,0.0009506274433905552,0.0,0.0,0.0,-0.0004849430301658297,1477,1530
0.0007490218657799037,0.0017365659285534232,0.0,0.0,0.0,-0.00019045013753540537,0.9999999818643724,0.0005884072492992963,-0.0003400164128627951,0.0,0.0,0.0,0.000652214513398639,1477,1530
0.0007490218657799037,0.0017365659285534232,0.0,0.0,0.0,-0.00019045013753540537,0.9999999818643724,0.0,0.0,0.0,0.0,0.0,-1.150967505723448e-19,1477,1530
0.0007490218657799037,0.0017365659285534232,0.0,0.0,0.0,-0.00019045013753540537,0.9999999818643724,0.0,0.0,0.0,0.0,0.0,-1.150967505723448e-19,1477,1530
0.0007490218657799037,0.0017365659285534232,0.0,0.0,0.0,-0.00019045013753540537,0.9999999818643724,0.0,0.0,0.0,0.0,0.0,-3.416822460333283e-19,1477,1530
0.0007490218657799037,0.0017365659285534232,0.0,0.0,0.0,-0.00019045013753540537,0.9999999818643724,0.0,0.0,0.0,0.0,0.0,-3.416822460333283e-19,1477,1530
0.0007490218657799037,0.0017365659285534232,0.0,0.0,0.0,-0.00019045013753540537,0.9999999818643724,0.0,0.0,0.0,0.0,0.0,-1.149119750176653e-19,1477,1530
0.0007490218657799037,0.0017365659285534232,0.0,0.0,0.0,-0.00019045013753540537,0.9999999818643724,0.0,0.0,0.0,0.0,0.0,-1.149119750176653e-19,1477,1530
0.0007490218657799037,0.0017365659285534232,0.0,0.0,0.0,-0.0001904501375354054,0.9999999818643724,0.0,0.0,0.0,0.0,0.0,-2.8966657512734147e-19,1477,1530
0.0007028790397513882,0.0017888974827175133,0.0,0.0,0.0,-0.0001825677026839277,0.9999999833345169,-0.00023011652584774942,0.0002607797102430625,0.0,0.0,0.0,7.858623359734016e-05,1477,1530
0.0007028790397513882,0.0017888974827175133,0.0,0.0,0.0,-0.0001825677026839277,0.9999999833345169,-0.00023011652584774942,0.0002607797102430625,0.0,0.0,0.0,7.858623359734016e-05,1477,1530
0.0007028790397513882,0.0017888974827175133,0.0,0.0,0.0,-0.0001825677026839277,0.9999999833345169,-0.00023011652584774942,0.0002607797102430625,0.0,0.0,0.0,7.858623359734016e-05,1477,1530
0.0007447425443459335,0.0017160803255717447,0.0,0.0,0.0,-0.0001623788027026714,0.9999999868165621,0.00031590843219251826,-0.0005490254026648973,0.0,0.0,0.0,0.00030450370704073116,1477,1530
0.0007447425443459335,0.0017160803255717447,0.0,0.0,0.0,-0.0001623788027026714,0.9999999868165621,0.00031590843219251826,-0.0005490254026648973,0.0,0.0,0.0,0.00030450370704073116,1477,1530
0.0007826977653292098,0.0015447742119901184,0.0,0.0,0.0,-0.00016769248585836918,0.999999985939615,0.00014242675338826336,-0.0006418381980721511,0.0,0.0,0.0,-3.982076759624397e-05,1477,1530
0.0007826977653292098,0.0015447742119901184,0.0,0.0,0.0,-0.00016769248585836918,0.999999985939615,0.00014242675338826336,-0.0006418381980721511,0.0,0.0,0.0,-3.982076759624397e-05,1477,1530
0.0007728923082810121,0.0017214591876933932,0.0,0.0,0.0,-0.0001696845794818311,0.9999999856035716,-3.7000123705406356e-05,0.0006626896556557677,0.0,0.0,0.0,-1.4943709810131158e-05,1477,1530
0.0007728923082810121,0.0017214591876933932,0.0,0.0,0.0,-0.0001696845794818311,0.9999999856035716,-3.7000123705406356e-05,0.0006626896556557677,0.0,0.0,0.0,-1.4943709810131158e-05,1477,1530
0.0007729933907003188,0.0014966528271788105,0.0,0.0,0.0,-0.00015759255119147445,0.9999999875822938,1.329008256046352e-06,-0.0016843966407772363,0.0,0.0,0.0,0.00018120284798946938,1477,1530
0.0007729933907003188,0.0014966528271788105,0.0,0.0,0.0,-0.00015759255119147445,0.9999999875822938,1.329008256046352e-06,-0.0016843966407772363,0.0,0.0,0.0,0.00018120284798946938,1477,1530
0.000804109629629422,0.0016822663395604951,0.0,0.0,0.0,-0.0001670724511256011,0.9999999860433979,0.00013311218399775717,0.00079557393509746,0.0,0.0,0.0,-8.126092970106789e-05,1477,1530
0.0007441330650956006,0.001905999171385067,0.0,0.0,0.0,-0.00026298335172096366,0.9999999654198778,-0.0003002355853576362,0.001118485598364903,0.0,0.0,0.0,-0.0009590418940913567,1477,1530
0.0007441330650956006,0.001905999171385067,0.0,0.0,0.0,-0.00026298335172096366,0.9999999654198778,-0.0003002355853576362,0.001118485598364903,0.0,0.0,0.0,-0.0009590418940913567,1477,1530
0.0007441330650956006,0.001905999171385067,0.0,0.0,0.0,-0.00026298335172096366,0.9999999654198778,-0.0003002355853576362,0.001118485598364903,0.0,0.0,0.0,-0.0009590418940913567,1477,1530
0.0007441330650956006,0.001905999171385067,0.0,0.0,0.0,-0.00026298335172096366,0.9999999654198778,-0.0003002355853576362,0.001118485598364903,0.0,0.0,0.0,-0.0009590418940913567,1477,1530
0.0006954976514445479,0.0017174860595962772,0.0,0.0,0.0,-0.00017631937575158325,0.9999999844557388,-0.0007268844489126459,-0.0028235763904702264,0.0,0.0,0.0,0.002595779071739897,1477,1530
0.0008411064417084275,0.0016845318138787285,0.0,0.0,0.0,-0.00019125111494166182,0.9999999817115053,0.000397278375517989,-8.976495755594189e-05,0.0,0.0,0.0,-8.14728856857262e-05,1477,1530
0.0008411064417084275,0.0016845318138787285,0.0,0.0,0.0,-0.00019125111494166182,0.9999999817115053,0.000397278375517989,-8.976495755594189e-05,0.0,0.0,0.0,-8.14728856857262e-05,1477,1530
0.000742750233006757,0.0018685023290471259,0.0,0.0,0.0,-0.00023194981802453414,0.9999999730996406,-0.0004911799640573304,0.0009178837068175698,0.0,0.0,0.0,-0.00040619901376911805,1477,1530
0.000742750233006757,0.0018685023290471259,0.0,0.0,0.0,-0.00023194981802453414,0.9999999730996406,-0.0004911799640573304,0.0009178837068175698,0.0,0.0,0.0,-0.00040619901376911805,1477,1530
0.000742750233006757,0.0018685023290471259,0.0,0.0,0.0,-0.00023194981802453414,0.9999999730996406,-0.0004911799640573304,0.0009178837068175698,0.0,0.0,0.0,-0.00040619901376911805,1477,1530
0.0008980151081817474,0.001728192350329033,0.0,0.0,0.0,-0.00020065974202423384,0.9999999798678337,0.0007778281507212286,-0.0007022535957144587,0.0,0.0,0.0,0.0003133755312144617,1477,1530
0.0008005715737843867,0.001828867278238686,0.0,0.0,0.0,-0.00020398611519126153,0.9999999791948322,-0.0007317569517837167,0.0007554163731470332,0.0,0.0,0.0,-4.9938420722343013e-05,1477,1530
0.0008005715737843867,0.001828867278238686,0.0,0.0,0.0,-0.00020398611519126153,0.9999999791948322,-0.0007317569517837167,0.0007554163731470332,0.0,0.0,0.0,-4.9938420722343013e-05,1477,1530
0.0008005715737843867,0.001828867278238686,0.0,0.0,0.0,-0.00020398611519126153,0.9999999791948322,-0.0007317569517837167,0.0007554163731470332,0.0,0.0,0.0,-4.9938420722343013e-05,1477,1530
0.0009137365334559676,0.0015878138377618159,0.0,0.0,0.0,-0.0001522315284328363,0.9999999884127808,0.0004853212100610332,-0.00103269053748084,0.0,0.0,0.0,0.0004435258470121083,1477,1530
0.0009137365334559676,0.0015878138377618159,0.0,0.0,0.0,-0.0001522315284328363,0.9999999884127808,0.0004853212100610332,-0.00103269053748084,0.0,0.0,0.0,0.0004435258470121083,1477,1530
0.0006495502238324817,0.001909565600869513,0.0,0.0,0.0,-0.0002270406046400361,0.9999999742262816,-0.0008809240383688431,0.0010722091185047947,0.0,0.0,0.0,-0.0004987138842964395,1477,1530
0.0006495502238324817,0.001909565600869513,0.0,0.0,0.0,-0.0002270406046400361,0.9999999742262816,-0.0008809240383688431,0.0010722091185047947,0.0,0.0,0.0,-0.0004987138842964395,1477,1530
0.0006495502238324817,0.001909565600869513,0.0,0.0,0.0,-0.0002270406046400361,0.9999999742262816,-0.0008809240383688431,0.0010722091185047947,0.0,0.0,0.0,-0.0004987138842964395,1477,1530
0.0008103726653178068,0.0017946071292712425,0.0,0.0,0.0,-0.0002114522883371849,0.9999999776439646,0.0008036096977162244,-0.000573881978619385,0.0,0.0,0.0,0.00015573521831295427,1477,1530
0.0008103726653178068,0.0017946071292712425,0.0,0.0,0.0,-0.0002114522883371849,0.9999999776439646,0.0008036096977162244,-0.000573881978619385,0.0,0.0,0.0,0.00015573521831295427,1477,1530
0.0007999655741985424,0.0018309327289293463,0.0,0.0,0.0,-0.00019728855765904302,0.9999999805386123,-3.4762829370752865e-05,0.00012114495291562976,0.0,0.0,0.0,9.44828226217206e-05,1477,1530
0.0006734527240565212,0.0017759542103136397,0.0,0.0,0.0,-0.00021163768943888883,0.999999977604744,-0.0007583947707790796,-0.00032993041112287336,0.0,0.0,0.0,-0.000172064322126417,1477,1530
0.0006734527240565212,0.0017759542103136397,0.0,0.0,0.0,-0.00021163768943888883,0.999999977604744,-0.0007583947707790796,-0.00032993041112287336,0.0,0.0,0.0,-0.000172064322126417,1477,1530
0.0006734527240565212,0.0017759542103136397,0.0,0.0,0.0,-0.00021163768943888883,0.999999977604744,-0.0007583947707790796,-0.00032993041112287336,0.0,0.0,0.0,-0.000172064322126417,1477,1530
0.0006981690759134193,0.0017918676273768158,0.0,0.0,0.0,-0.00019509368361392542,0.9999999809692272,0.00024744999234201163,0.0001594668121473539,0.0,0.0,0.0,0.00033135395949222596,1477,1530
0.0006981690759134193,0.0017918676273768158,0.0,0.0,0.0,-0.00019509368361392542,0.9999999809692272,0.00024744999234201163,0.0001594668121473539,0.0,0.0,0.0,0.00033135395949222596,1477,1530
0.0008963177854825806,0.001659621082058514,0.0,0.0,0.0,-0.0001565876419407586,0.9999999877401551,0.0005404661729648145,-0.0003604081035158906,0.0,0.0,0.0,0.00021000183933471149,1477,1530
0.0008963177854825806,0.001659621082058514,0.0,0.0,0.0,-0.0001565876419407586,0.9999999877401551,0.0005404661729648145,-0.0003604081035158906,0.0,0.0,0.0,0.00021000183933471149,1477,1530
0.0009340380296264481,0.0019150867451565442,0.0,0.0,0.0,-0.00025375803366250375,0.9999999678034296,0.000374861686105191,0.0025443174912925435,0.0,0.0,0.0,-0.0019354531605560354,1477,1530
0.0009340380296264481,0.0019150867451565442,0.0,0.0,0.0,-0.00025375803366250375,0.9999999678034296,0.000374861686105191,0.0025443174912925435,0.0,0.0,0.0,-0.0019354531605560354,1477,1530
0.0009340380296264481,0.0019150867451565442,0.0,0.0,0.0,-0.00025375803366250375,0.9999999678034296,0.000374861686105191,0.0025443174912925435,0.0,0.0,0.0,-0.0019354531605560354,1477,1530
0.0007950349506640565,0.001657730442114431,0.0,0.0,0.0,-0.00015854969207057036,0.9999999874309975,-0.0020698191880956017,-0.003836808301664264,0.0,0.0,0.0,0.0028380583511850347,1477,1530
0.0007950349506640565,0.001657730442114431,0.0,0.0,0.0,-0.00015854969207057036,0.9999999874309975,-0.0020698191880956017,-0.003836808301664264,0.0,0.0,0.0,0.0028380583511850347,1477,1530
0.0007950349506640565,0.001657730442114431,0.0,0.0,0.0,-0.00015854969207057036,0.9999999874309975,0.0,0.0,0.0,0.0,0.0,4.6332564344489915e-20,1477,1530
0.0007950349506640565,0.001657730442114431,0.0,0.0,0.0,-0.00015854969207057036,0.9999999874309975,0.0,0.0,0.0,0.0,0.0,4.6332564344489915e-20,1477,1530
0.0007950349506640565,0.001657730442114431,0.0,0.0,0.0,-0.00015854969207057036,0.9999999874309975,0.0,0.0,0.0,0.0,0.0,4.6332564344489915e-20,1477,1530
0.0007950349506640565,0.001657730442114431,0.0,0.0,0.0,-0.00015854969207057036,0.9999999874309975,0.0,0.0,0.0,0.0,0.0,4.6332564344489915e-20,1477,1530
0.0007950349506640565,0.001657730442114431,0.0,0.0,0.0,-0.00015854969207057036,0.9999999874309975,0.0,0.0,0.0,0.0,0.0,4.6161714389292664e-20,1477,1530
0.0007950349506640565,0.001657730442114431,0.0,0.0,0.0,-0.00015854969207057036,0.9999999874309975,0.0,0.0,0.0,0.0,0.0,1.6054178023811802e-19,1477,1530
0.0007950349506640565,0.001657730442114431,0.0,0.0,0.0,-0.00015854969207057036,0.9999999874309975,0.0,0.0,0.0,0.0,0.0,1.6054178023811802e-19,1477,1530
0.0007950349506640565,0.001657730442114431,0.0,0.0,0.0,-0.00015854969207057033,0.9999999874309975,0.0,0.0,0.0,0.0,0.0,7.670149088684724e-19,1477,1530
0.0007950349506640565,0.001657730442114431,0.0,0.0,0.0,-0.00015854969207057033,0.9999999874309975,0.0,0.0,0.0,0.0,0.0,7.670149088684724e-19,1477,1530
0.0007950349506640565,0.001657730442114431,0.0,0.0,0.0,-0.00015854969207057033,0.9999999874309975,0.0,0.0,0.0,0.0,0.0,7.670149088684724e-19,1477,1530
0.0007950349506640565,0.001657730442114431,0.0,0.0,0.0,-0.00015854969207057033,0.9999999874309975,0.0,0.0,0.0,0.0,0.0,7.670149088684724e-19,1477,1530
0.0007950349506640565,0.001657730442114431,0.0,0.0,0.0,-0.00015854969207057033,0.9999999874309975,0.0,0.0,0.0,0.0,0.0,7.670149088684724e-19,1477,1530
0.0004928601860353973,0.0018653539887178907,0.0,0.0,0.0,-0.00021470929554921622,0.999999976949959,-0.0006037651080507548,0.0004145637608484614,0.0,0.0,0.0,-0.0002243723121759239,1477,1530
0.0004928601860353973,0.0018653539887178907,0.0,0.0,0.0,-0.00021470929554921622,0.999999976949959,-0.0006037651080507548,0.0004145637608484614,0.0,0.0,0.0,-0.0002243723121759239,1477,1530
0.0004928601860353973,0.0018653539887178907,0.0,0.0,0.0,-0.00021470929554921622,0.999999976949959,-0.0006037651080507548,0.0004145637608484614,0.0,0.0,0.0,-0.0002243723121759239,1477,1530
0.000745696638342053,0.0018840981709527247,0.0,0.0,0.0,-0.00018815711268478066,0.9999999822984503,0.0012679966091666286,9.455120153889116e-05,0.0,0.0,0.0,0.00026633148171217966,1477,1530
0.0008879937707351666,0.0017298922884236552,0.0,0.0,0.0,-0.00018238702149579917,0.9999999833674871,0.0004744539134242062,-0.0005137725742438885,0.0,0.0,0.0,3.846214696699641e-05,1477,1530
0.0008879937707351666,0.0017298922884236552,0.0,0.0,0.0,-0.00018238702149579917,0.9999999833674871,0.0004744539134242062,-0.0005137725742438885,0.0,0.0,0.0,3.846214696699641e-05,1477,1530
0.0008879937707351666,0.0017298922884236552,0.0,0.0,0.0,-0.00018238702149579917,0.9999999833674871,0.0004744539134242062,-0.0005137725742438885,0.0,0.0,0.0,3.846214696699641e-05,1477,1530
0.0007323039422559929,0.0018541728555407754,0.0,0.0,0.0,-0.00020124315160111356,0.9999999797505967,-0.002332796363715754,0.0018607793292512668,0.0,0.0,0.0,-0.0005649015249288757,1477,1530
0.0007323039422559929,0.0018541728555407754,0.0,0.0,0.0,-0.00020124315160111356,0.9999999797505967,-0.002332796363715754,0.0018607793292512668,0.0,0.0,0.0,-0.0005649015249288757,1477,1530
0.0008659301123986117,0.0018536130622447316,0.0,0.0,0.0,-0.00019815707791790053,0.999999980366886,0.0004454465240641897,-1.6867974137176602e-06,0.0,0.0,0.0,2.05749908811224e-05,1477,1530
0.0008659301123986117,0.0018536130622447316,0.0,0.0,0.0,-0.00019815707791790053,0.999999980366886,0.0004454465240641897,-1.6867974137176602e-06,0.0,0.0,0.0,2.05749908811224e-05,1477,1530
0.0006212248399016323,0.0017374598580929268,0.0,0.0,0.0,-0.00017144451519430874,0.999999985303389,-0.0010494540390405622,-0.0004986495740213728,0.0,0.0,0.0,0.0002291645277514178,1477,1530
0.0006212248399016323,0.0017374598580929268,0.0,0.0,0.0,-0.00017144451519430874,0.999999985303389,0.0,0.0,0.0,0.0,0.0,-3.548432263908939e-20,1477,1530
0.0006212248399016323,0.0017374598580929268,0.0,0.0,0.0,-0.00017144451519430874,0.999999985303389,0.0,0.0,0.0,0.0,0.0,-3.548432263908939e-20,1477,1530
0.0006212248399016323,0.0017374598580929268,0.0,0.0,0.0,-0.00017144451519430874,0.999999985303389,0.0,0.0,0.0,0.0,0.0,-3.548432263908939e-20,1477,1530
0.0006212248399016323,0.0017374598580929268,0.0,0.0,0.0,-0.00017144451519430874,0.999999985303389,0.0,0.0,0.0,0.0,0.0,-3.548432263908939e-20,1477,1530
0.0006212248399016323,0.0017374598580929268,0.0,0.0,0.0,-0.00017144451519430874,0.999999985303389,0.0,0.0,0.0,0.0,0.0,-3.145166456020662e-20,1477,1530
0.0006212248399016323,0.0017374598580929268,0.0,0.0,0.0,-0.00017144451519430874,0.999999985303389,0.0,0.0,0.0,0.0,0.0,-5.627371067039574e-20,1477,1530
0.0006212248399016323,0.0017374598580929268,0.0,0.0,0.0,-0.00017144451519430874,0.999999985303389,0.0,0.0,0.0,0.0,0.0,-5.627371067039574e-20,1477,1530
0.0006212248399016323,0.0017374598580929268,0.0,0.0,0.0,-0.0001714445151943088,0.999999985303389,0.0,0.0,0.0,0.0,0.0,-8.95128518622702e-19,1477,1530
0.0006086252374088722,0.001701362660449597,0.0,0.0,0.0,-0.00018228211712680074,0.9999999833866148,-9.405242706644517e-05,-0.00026975249407258677,0.0,0.0,0.0,-0.00016195830745765363,1477,1530
0.0006086252374088722,0.001701362660449597,0.0,0.0,0.0,-0.00018228211712680074,0.9999999833866148,-9.405242706644517e-05,-0.00026975249407258677,0.0,0.0,0.0,-0.00016195830745765363,1477,1530
0.0005357400002048742,0.0016623561872923661,0.0,0.0,0.0,-0.00014448372579136418,0.9999999895622265,-0.0004388815331173264,-0.00023508499208229982,0.0,0.0,0.0,0.0004552980863799962,1477,1530
0.0005357400002048742,0.0016623561872923661,0.0,0.0,0.0,-0.00014448372579136418,0.9999999895622265,-0.0004388815331173264,-0.00023508499208229982,0.0,0.0,0.0,0.0004552980863799962,1477,1530
0.0005357400002048742,0.0016623561872923661,0.0,0.0,0.0,-0.00014448372579136418,0.9999999895622265,-0.0004388815331173264,-0.00023508499208229982,0.0,0.0,0.0,0.0004552980863799962,1477,1530
0.0006937304023991264,0.0018024378877275443,0.0,0.0,0.0,-0.00022067301556673871,0.9999999756517097,0.0009270612614755185,0.0008224546075469929,0.0,0.0,0.0,-0.0008943612223477498,1477,1530
0.0006937304023991264,0.0018024378877275443,0.0,0.0,0.0,-0.00022067301556673871,0.9999999756517097,0.0009270612614755185,0.0008224546075469929,0.0,0.0,0.0,-0.0008943612223477498,1477,1530
0.0006770216893856805,0.0017916942080871156,0.0,0.0,0.0,-0.00019668202685140041,0.9999999806580899,-6.347337110131663e-05,-4.0852898060388236e-05,0.0,0.0,0.0,0.00018232659537531013,1477,1530
0.0006770216893856805,0.0017916942080871156,0.0,0.0,0.0,-0.00019668202685140041,0.9999999806580899,-6.347337110131663e-05,-4.0852898060388236e-05,0.0,0.0,0.0,0.00018232659537531013,1477,1530
0.0006770216893856805,0.0017916942080871156,0.0,0.0,0.0,-0.00019668202685140041,0.9999999806580899,-6.347337110131663e-05,-4.0852898060388236e-05,0.0,0.0,0.0,0.00018232659537531013,1477,1530
0.0005986165050491872,0.001729361446585213,0.0,0.0,0.0,-0.0001841685055801405,0.9999999830409807,-0.0003358844803784801,-0.00026724660372953485,0.0,0.0,0.0,0.00010724833728634618,1477,1530
0.0005986165050491872,0.001729361446585213,0.0,0.0,0.0,-0.0001841685055801405,0.9999999830409807,-0.0003358844803784801,-0.00026724660372953485,0.0,0.0,0.0,0.00010724833728634618,1477,1530
0.000515618826196963,0.0017780880196520148,0.0,0.0,0.0,-0.000210615613243785,0.9999999778205315,-0.00031103758733442405,0.00018245103445475234,0.0,0.0,0.0,-0.00019818064643606606,1477,1530
0.000515618826196963,0.0017780880196520148,0.0,0.0,0.0,-0.000210615613243785,0.9999999778205315,-0.00031103758733442405,0.00018245103445475234,0.0,0.0,0.0,-0.00019818064643606606,1477,1530
0.0006574314276754257,0.0017025228832459095,0.0,0.0,0.0,-0.0001795763970571358,0.9999999838761587,0.0005328030233733838,-0.0002836170947190882,0.0,0.0,0.0,0.00023318208249193743,1477,1530
0.0006574314276754257,0.0017025228832459095,0.0,0.0,0.0,-0.0001795763970571358,0.9999999838761587,0.0005328030233733838,-0.0002836170947190882,0.0,0.0,0.0,0.00023318208249193743,1477,1530
0.0006574314276754257,0.0017025228832459095,0.0,0.0,0.0,-0.0001795763970571358,0.9999999838761587,0.0005328030233733838,-0.0002836170947190882,0.0,0.0,0.0,0.00023318208249193743,1477,1530
0.0005314961617014022,0.0016244649601827841,0.0,0.0,0.0,-0.00014461904033068006,0.9999999895426666,-0.0006290517458110442,-0.0003902152743920879,0.0,0.0,0.0,0.00034930460725621194,1477,1530
0.0005314961617014022,0.0016244649601827841,0.0,0.0,0.0,-0.00014461904033068006,0.9999999895426666,0.0,0.0,0.0,0.0,0.0,-9.788113223768107e-20,1477,1530
0.0005314961617014022,0.0016244649601827841,0.0,0.0,0.0,-0.00014461904033068006,0.9999999895426666,0.0,0.0,0.0,0.0,0.0,-9.788113223768107e-20,1477,1530
0.0005314961617014022,0.0016244649601827841,0.0,0.0,0.0,-0.00014461904033068006,0.9999999895426666,0.0,0.0,0.0,0.0,0.0,-1.5563672395883457e-19,1477,1530
0.0005314961617014022,0.0016244649601827841,0.0,0.0,0.0,-0.00014461904033068006,0.9999999895426666,0.0,0.0,0.0,0.0,0.0,-1.957696185402044e-19,1477,1530
0.0005314961617014022,0.0016244649601827841,0.0,0.0,0.0,-0.00014461904033068006,0.9999999895426666,0.0,0.0,0.0,0.0,0.0,-1.957696185402044e-19,1477,1530
0.0005314961617014022,0.0016244649601827841,0.0,0.0,0.0,-0.00014461904033068006,0.9999999895426666,0.0,0.0,0.0,0.0,0.0,-1.9551402161342312e-19,1477,1530
0.0005314961617014022,0.0016244649601827841,0.0,0.0,0.0,-0.00014461904033068006,0.9999999895426666,0.0,0.0,0.0,0.0,0.0,-1.9551402161342312e-19,1477,1530
0.0005314961617014022,0.0016244649601827841,0.0,0.0,0.0,-0.00014461904033068006,0.9999999895426666,0.0,0.0,0.0,0.0,0.0,-1.9551402161342312e-19,1477,1530
0.0005064969180321584,0.0017005305805414053,0.0,0.0,0.0,-0.00013658787583404017,0.9999999906718761,-0.00018773723868417038,0.0005706747283397537,0.0,0.0,0.0,0.00012051748339501682,1477,1530
0.0005064969180321584,0.0017005305805414053,0.0,0.0,0.0,-0.00013658787583404017,0.9999999906718761,-0.00018773723868417038,0.0005706747283397537,0.0,0.0,0.0,0.00012051748339501682,1477,1530
0.0003077963032339789,0.001734741760514685,0.0,0.0,0.0,-0.00017359549823766718,0.9999999849323014,-0.0005958515964511009,0.00010242286404492238,0.0,0.0,0.0,-0.00022194209009815407,1477,1530
0.0003077963032339789,0.001734741760514685,0.0,0.0,0.0,-0.00017359549823766718,0.9999999849323014,-0.0005958515964511009,0.00010242286404492238,0.0,0.0,0.0,-0.00022194209009815407,1477,1530
0.0003077963032339789,0.001734741760514685,0.0,0.0,0.0,-0.00017359549823766718,0.9999999849323014,-0.0005958515964511009,0.00010242286404492238,0.0,0.0,0.0,-0.00022194209009815407,1477,1530
0.0005254424645672268,0.001558878949089983,0.0,0.0,0.0,-0.00014136477917588437,0.9999999900079996,0.0010885197032012642,-0.0008789229963491402,0.0,0.0,0.0,0.00032230236003718345,1477,1530
0.0005254424645672268,0.001558878949089983,0.0,0.0,0.0,-0.00014136477917588437,0.9999999900079996,0.0010885197032012642,-0.0008789229963491402,0.0,0.0,0.0,0.00032230236003718345,1477,1530
0.0005254424645672268,0.001558878949089983,0.0,0.0,0.0,-0.00014136477917588437,0.9999999900079996,0.0,0.0,0.0,0.0,0.0,5.1134945517235966e-20,1477,1530
0.0005254424645672268,0.001558878949089983,0.0,0.0,0.0,-0.00014136477917588437,0.9999999900079996,0.0,0.0,0.0,0.0,0.0,5.1134945517235966e-20,1477,1530
0.0005254424645672268,0.001558878949089983,0.0,0.0,0.0,-0.00014136477917588437,0.9999999900079996,0.0,0.0,0.0,0.0,0.0,2.0346450344130033e-20,1477,1530
0.0005254424645672268,0.001558878949089983,0.0,0.0,0.0,-0.00014136477917588437,0.9999999900079996,0.0,0.0,0.0,0.0,0.0,2.0346450344130033e-20,1477,1530
0.0005254424645672268,0.001558878949089983,0.0,0.0,0.0,-0.00014136477917588437,0.9999999900079996,0.0,0.0,0.0,0.0,0.0,2.0346450344130033e-20,1477,1530
0.0005254424645672268,0.001558878949089983,0.0,0.0,0.0,-0.00014136477917588437,0.9999999900079996,0.0,0.0,0.0,0.0,0.0,2.919525497990335e-20,1477,1530
0.0005254424645672268,0.001558878949089983,0.0,0.0,0.0,-0.00014136477917588437,0.9999999900079996,0.0,0.0,0.0,0.0,0.0,2.9153324678951304e-20,1477,1530
0.0005254424645672268,0.001558878949089983,0.0,0.0,0.0,-0.00014136477917588437,0.9999999900079996,0.0,0.0,0.0,0.0,0.0,2.9153324678951304e-20,1477,1530
0.0003175265301347509,0.001751297849011853,0.0,0.0,0.0,-0.00018392266513460762,0.9999999830862265,-0.0012478269631031004,0.0011541652661703175,0.0,0.0,0.0,-0.0005106966809304808,1477,1530
0.0003175265301347509,0.001751297849011853,0.0,0.0,0.0,-0.00018392266513460762,0.9999999830862265,-0.0012478269631031004,0.0011541652661703175,0.0,0.0,0.0,-0.0005106966809304808,1477,1530
0.0003175265301347509,0.001751297849011853,0.0,0.0,0.0,-0.00018392266513460762,0.9999999830862265,-0.0012478269631031004,0.0011541652661703175,0.0,0.0,0.0,-0.0005106966809304808,1477,1530
0.0004477273685534747,0.0016452420899707545,0.0,0.0,0.0,-0.00016092730864757007,0.9999999870512005,0.0005581571950039447,-0.0004543083586382337,0.0,0.0,0.0,0.0001970982718478084,1477,1530
0.0004477273685534747,0.0016452420899707545,0.0,0.0,0.0,-0.00016092730864757007,0.9999999870512005,0.0005581571950039447,-0.0004543083586382337,0.0,0.0,0.0,0.0001970982718478084,1477,1530
0.0004477273685534747,0.0016452420899707545,0.0,0.0,0.0,-0.00016092730864757007,0.9999999870512005,0.0005581571950039447,-0.0004543083586382337,0.0,0.0,0.0,0.0001970982718478084,1477,1530
0.0004477273685534747,0.0016452420899707545,0.0,0.0,0.0,-0.00016092730864757007,0.9999999870512005,0.0005581571950039447,-0.0004543083586382337,0.0,0.0,0.0,0.0001970982718478084,1477,1530
0.0004477273685534747,0.0016452420899707545,0.0,0.0,0.0,-0.00016092730864757007,0.9999999870512005,0.0005581571950039447,-0.0004543083586382337,0.0,0.0,0.0,0.0001970982718478084,1477,1530
0.0004477273685534747,0.0016452420899707545,0.0,0.0,0.0,-0.00016092730864757007,0.9999999870512005,0.0005581571950039447,-0.0004543083586382337,0.0,0.0,0.0,0.0001970982718478084,1477,1530
0.00035388320751199694,0.0015882588227610927,0.0,0.0,0.0,-0.0001644435353266851,0.9999999864791618,-0.00014070910451356754,-8.550220443748861e-05,0.0,0.0,0.0,-1.0546460147061332e-05,1477,1530
0.00035388320751199694,0.0015882588227610927,0.0,0.0,0.0,-0.0001644435353266851,0.9999999864791618,-0.00014070910451356754,-8.550220443748861e-05,0.0,0.0,0.0,-1.0546460147061332e-05,1477,1530
0.00035388320751199694,0.0015882588227610927,0.0,0.0,0.0,-0.0001644435353266851,0.9999999864791618,-0.00014070910451356754,-8.550220443748861e-05,0.0,0.0,0.0,-1.0546460147061332e-05,1477,1530
0.00035388320751199694,0.0015882588227610927,0.0,0.0,0.0,-0.0001644435353266851,0.9999999864791618,-0.00014070910451356754,-8.550220443748861e-05,0.0,0.0,0.0,-1.0546460147061332e-05,1477,1530
0.0003269611923341173,0.0016349934607239375,0.0,0.0,0.0,-0.00017263030863757893,0.9999999850993881,-0.00011556198928273668,0.00020045466146440197,0.0,0.0,0.0,-7.024288758936458e-05,1477,1530
0.0003269611923341173,0.0016349934607239375,0.0,0.0,0.0,-0.00017263030863757893,0.9999999850993881,-0.00011556198928273668,0.00020045466146440197,0.0,0.0,0.0,-7.024288758936458e-05,1477,1530
0.0003688520236656227,0.0014965312275683124,0.0,0.0,0.0,-0.00012151358888885119,0.9999999926172238,0.00012574963311360606,-0.00041512451432755624,0.0,0.0,0.0,0.0003065387757743487,1477,1530
0.000459244086897517,0.0015083602453717076,0.0,0.0,0.0,-0.00015492251857726033,0.9999999879995065,0.0005415736621693423,7.100607654795204e-05,0.0,0.0,0.0,-0.00040034427598245565,1477,1530
0.000459244086897517,0.0015083602453717076,0.0,0.0,0.0,-0.00015492251857726033,0.9999999879995065,0.0005415736621693423,7.100607654795204e-05,0.0,0.0,0.0,-0.00040034427598245565,1477,1530
0.000459244086897517,0.0015083602453717076,0.0,0.0,0.0,-0.00015492251857726033,0.9999999879995065,0.0005415736621693423,7.100607654795204e-05,0.0,0.0,0.0,-0.00040034427598245565,1477,1530
0.0004935167033248521,0.0014180262803120298,0.0,0.0,0.0,-9.986992934530461e-05,0.9999999950129986,0.00017170735331347402,-0.0004521547717958684,0.0,0.0,0.0,0.0005511818029239329,1477,1530
0.00044587102784088387,0.0014175154775418722,0.0,0.0,0.0,-0.00012494673529131202,0.9999999921941567,-0.0002042428701505896,-2.230460094603788e-06,0.0,0.0,0.0,-0.00021499411522226089,1477,1530
0.00044587102784088387,0.0014175154775418722,0.0,0.0,0.0,-0.00012494673529131202,0.9999999921941567,-0.0002042428701505896,-2.230460094603788e-06,0.0,0.0,0.0,-0.00021499411522226089,1477,1530
0.00044587102784088387,0.0014175154775418722,0.0,0.0,0.0,-0.00012494673529131202,0.9999999921941567,-0.0002042428701505896,-2.230460094603788e-06,0.0,0.0,0.0,-0.00021499411522226089,1477,1530
0.000521773940580705,0.0014340217397583726,0.0,0.0,0.0,-0.00010394911158104767,0.999999994597291,0.0004550259624508051,9.907152441090283e-05,0.0,0.0,0.0,0.00025176856069956396,1477,1530
0.000521773940580705,0.0014340217397583726,0.0,0.0,0.0,-0.00010394911158104767,0.999999994597291,0.0004550259624508051,9.907152441090283e-05,0.0,0.0,0.0,0.00025176856069956396,1477,1530
0.00033369845409236484,0.0015514626796187536,0.0,0.0,0.0,-0.00014908403816535479,0.9999999888869747,-0.0007053896077284016,0.000440266243519428,0.0,0.0,0.0,-0.00033851914553713184,1477,1530
0.00033369845409236484,0.0015514626796187536,0.0,0.0,0.0,-0.00014908403816535479,0.9999999888869747,-0.0007053896077284016,0.000440266243519428,0.0,0.0,0.0,-0.00033851914553713184,1477,1530
0.00033369845409236484,0.0015514626796187536,0.0,0.0,0.0,-0.00014908403816535479,0.9999999888869747,-0.0007053896077284016,0.000440266243519428,0.0,0.0,0.0,-0.00033851914553713184,1477,1530
0.00025824882863429506,0.0013777175300059162,0.0,0.0,0.0,-0.00010679696989299957,0.9999999942972035,-0.0003230328991016481,-0.0007444865965696392,0.0,0.0,0.0,0.0003623477426372648,1477,1530
0.00025824882863429506,0.0013777175300059162,0.0,0.0,0.0,-0.00010679696989299957,0.9999999942972035,-0.0003230328991016481,-0.0007444865965696392,0.0,0.0,0.0,0.0003623477426372648,1477,1530
0.0004327333847703045,0.0016493702667159534,0.0,0.0,0.0,-0.00016821880572714555,0.9999999858512166,0.0007479985453034346,0.0011650964203458992,0.0,0.0,0.0,-0.0005267942277864544,1477,1530
0.0004327333847703045,0.0016493702667159534,0.0,0.0,0.0,-0.00016821880572714555,0.9999999858512166,0.0007479985453034346,0.0011650964203458992,0.0,0.0,0.0,-0.0005267942277864544,1477,1530
0.0004232997291462939,0.0014254858753620808,0.0,0.0,0.0,-0.00011006614117785017,0.9999999939427223,-4.676640594733032e-05,-0.0011188335924582034,0.0,0.0,0.0,0.0005812127959666715,1477,1530
0.0004232997291462939,0.0014254858753620808,0.0,0.0,0.0,-0.00011006614117785017,0.9999999939427223,-4.676640594733032e-05,-0.0011188335924582034,0.0,0.0,0.0,0.0005812127959666715,1477,1530
0.0004416406961938847,0.0015150578668284569,0.0,0.0,0.0,-0.00012364567984796514,0.9999999923558729,0.00013738601125114946,0.000671706010491007,0.0,0.0,0.0,-0.00020365845949966006,1477,1530
0.0002604895756567312,0.0018126747383088201,0.0,0.0,0.0,-0.00020734659532562546,0.9999999785036945,-0.000604414805070919,0.0009924527332489965,0.0,0.0,0.0,-0.0005583131825877693,1477,1530
0.0002604895756567312,0.0018126747383088201,0.0,0.0,0.0,-0.00020734659532562546,0.9999999785036945,-0.000604414805070919,0.0009924527332489965,0.0,0.0,0.0,-0.0005583131825877693,1477,1530
0.0002604895756567312,0.0018126747383088201,0.0,0.0,0.0,-0.00020734659532562546,0.9999999785036945,-0.000604414805070919,0.0009924527332489965,0.0,0.0,0.0,-0.0005583131825877693,1477,1530
0.00021016504047858203,0.0017048830902003128,0.0,0.0,0.0,-0.00015195895910916673,0.9999999884542373,-0.0005027832203980292,-0.0010780927380341695,0.0,0.0,0.0,0.0011077195101955014,1477,1530
0.00021016504047858203,0.0017048830902003128,0.0,0.0,0.0,-0.00015195895910916673,0.9999999884542373,-0.0005027832203980292,-0.0010780927380341695,0.0,0.0,0.0,0.0011077195101955014,1477,1530
0.0004928327804201415,0.0015454219050545339,0.0,0.0,0.0,-0.00014993332223408972,0.9999999887599993,0.0010598386153458526,-0.0005974615937953934,0.0,0.0,0.0,1.518730289444771e-05,1477,1530
0.0004928327804201415,0.0015454219050545339,0.0,0.0,0.0,-0.00014993332223408972,0.9999999887599993,0.0010598386153458526,-0.0005974615937953934,0.0,0.0,0.0,1.518730289444771e-05,1477,1530
0.00047742184324519064,0.001488587873868876,0.0,0.0,0.0,-0.0001287199484892008,0.9999999917155874,-7.68848958747548e-05,-0.0002838809802036091,0.0,0.0,0.0,0.00021190064878225684,1477,1530
0.00047742184324519064,0.001488587873868876,0.0,0.0,0.0,-0.0001287199484892008,0.9999999917155874,-7.68848958747548e-05,-0.0002838809802036091,0.0,0.0,0.0,0.00021190064878225684,1477,1530
0.000404970072131467,0.0015622856368353527,0.0,0.0,0.0,-0.0001274460616321873,0.9999999918787507,-0.0007251352443660821,0.0007372260488485131,0.0,0.0,0.0,2.549277808832096e-05,1477,1530
0.000404970072131467,0.0015622856368353527,0.0,0.0,0.0,-0.0001274460616321873,0.9999999918787507,-0.0007251352443660821,0.0007372260488485131,0.0,0.0,0.0,2.549277808832096e-05,1477,1530
0.00023222266472744285,0.0015259155263702725,0.0,0.0,0.0,-0.00012993940505235947,0.9999999915578754,-0.0005184015369680073,-0.0001092818744667864,0.0,0.0,0.0,-1.4965463177111145e-05,1477,1530
0.00023222266472744285,0.0015259155263702725,0.0,0.0,0.0,-0.00012993940505235947,0.9999999915578754,-0.0005184015369680073,-0.0001092818744667864,0.0,0.0,0.0,-1.4965463177111145e-05,1477,1530
0.00023222266472744285,0.0015259155263702725,0.0,0.0,0.0,-0.00012993940505235947,0.9999999915578754,-0.0005184015369680073,-0.0001092818744667864,0.0,0.0,0.0,-1.4965463177111145e-05,1477,1530
0.0005498972210311375,0.0017121798137302957,0.0,0.0,0.0,-0.00018209968676418336,0.999999983419852,0.0023760183979304804,0.001393976944607673,0.0,0.0,0.0,-0.0007803752592598778,1477,1530
0.0005498972210311375,0.0017121798137302957,0.0,0.0,0.0,-0.00018209968676418336,0.999999983419852,0.0023760183979304804,0.001393976944607673,0.0,0.0,0.0,-0.0007803752592598778,1477,1530
0.00031575996515012414,0.0016569683860842665,0.0,0.0,0.0,-0.00013219883766613758,0.9999999912617337,-0.0007028497176073791,-0.00016600778939729953,0.0,0.0,0.0,0.00029961752701877537,1477,1530
0.00031575996515012414,0.0016569683860842665,0.0,0.0,0.0,-0.00013219883766613758,0.9999999912617337,-0.0007028497176073791,-0.00016600778939729953,0.0,0.0,0.0,0.00029961752701877537,1477,1530
0.00031575996515012414,0.0016569683860842665,0.0,0.0,0.0,-0.00013219883766613758,0.9999999912617337,-0.0007028497176073791,-0.00016600778939729953,0.0,0.0,0.0,0.00029961752701877537,1477,1530
0.000438349421801097,0.0016781493509246859,0.0,0.0,0.0,-0.00015233983732260777,0.9999999883962869,0.0005252453131674812,9.089473343140591e-05,0.0,0.0,0.0,-0.0001725996628670473,1477,1530
0.000438349421801097,0.0016781493509246859,0.0,0.0,0.0,-0.00015233983732260777,0.9999999883962869,0.0005252453131674812,9.089473343140591e-05,0.0,0.0,0.0,-0.0001725996628670473,1477,1530
0.000438349421801097,0.0016781493509246859,0.0,0.0,0.0,-0.00015233983732260777,0.9999999883962869,0.0005252453131674812,9.089473343140591e-05,0.0,0.0,0.0,-0.0001725996628670473,1477,1530
0.0005119456814911163,0.0016446195431706852,0.0,0.0,0.0,-0.00013888087694111562,0.999999990356051,0.000276044628759591,-0.00012566195349477893,0.0,0.0,0.0,0.0001009496489656241,1477,1530
0.0005119456814911163,0.0016446195431706852,0.0,0.0,0.0,-0.00013888087694111562,0.999999990356051,0.000276044628759591,-0.00012566195349477893,0.0,0.0,0.0,0.0001009496489656241,1477,1530
0.0002913817700913019,0.0016388770901802508,0.0,0.0,0.0,-0.00015313710234505576,0.9999999882745139,-0.000660156680387623,-1.737088524958379e-05,0.0,0.0,0.0,-8.533953628812143e-05,1477,1530
0.0002913817700913019,0.0016388770901802508,0.0,0.0,0.0,-0.00015313710234505576,0.9999999882745139,-0.000660156680387623,-1.737088524958379e-05,0.0,0.0,0.0,-8.533953628812143e-05,1477,1530
0.0002913817700913019,0.0016388770901802508,0.0,0.0,0.0,-0.00015313710234505576,0.9999999882745139,-0.000660156680387623,-1.737088524958379e-05,0.0,0.0,0.0,-8.533953628812143e-05,1477,1530
0.0004175186004034807,0.0016341763883308488,0.0,0.0,0.0,-0.00013929579759177648,0.9999999902983404,0.0005363431899542472,-1.9823239754730127e-05,0.0,0.0,0.0,0.0001177071791285574,1477,1530
0.0004175186004034807,0.0016341763883308488,0.0,0.0,0.0,-0.00013929579759177648,0.9999999902983404,0.0005363431899542472,-1.9823239754730127e-05,0.0,0.0,0.0,0.0001177071791285574,1477,1530
0.000295926892914604,0.001755052084616977,0.0,0.0,0.0,-0.0001812800524617283,0.9999999835687712,-0.0006120655303026569,0.0006081223531823637,0.0,0.0,0.0,-0.00042256173878946603,1477,1530
0.000295926892914604,0.001755052084616977,0.0,0.0,0.0,-0.0001812800524617283,0.9999999835687712,-0.0006120655303026569,0.0006081223531823637,0.0,0.0,0.0,-0.00042256173878946603,1477,1530
0.000295926892914604,0.001755052084616977,0.0,0.0,0.0,-0.0001812800524617283,0.9999999835687712,-0.0006120655303026569,0.0006081223531823637,0.0,0.0,0.0,-0.00042256173878946603,1477,1530
0.000429216467510684,0.0015365041767521298,0.0,0.0,0.0,-0.0001234707816234283,0.999999992377483,0.0008036734333243249,-0.001316666976115842,0.0,0.0,0.0,0.0006967112966666433,1477,1530
0.000429216467510684,0.0015365041767521298,0.0,0.0,0.0,-0.0001234707816234283,0.999999992377483,0.0008036734333243249,-0.001316666976115842,0.0,0.0,0.0,0.0006967112966666433,1477,1530
0.000429216467510684,0.0015365041767521298,0.0,0.0,0.0,-0.0001234707816234283,0.999999992377483,0.0008036734333243249,-0.001316666976115842,0.0,0.0,0.0,0.0006967112966666433,1477,1530
0.000429216467510684,0.0015365041767521298,0.0,0.0,0.0,-0.0001234707816234283,0.999999992377483,0.0008036734333243249,-0.001316666976115842,0.0,0.0,0.0,0.0006967112966666433,1477,1530
0.000429216467510684,0.0015365041767521298,0.0,0.0,0.0,-0.0001234707816234283,0.999999992377483,0.0008036734333243249,-0.001316666976115842,0.0,0.0,0.0,0.0006967112966666433,1477,1530
0.00039933442191953105,0.0016178389416831008,0.0,0.0,0.0,-0.0001283711439530385,0.9999999917604246,-7.485450625552009e-05,0.000203588212712027,0.0,0.0,0.0,-2.4534319815985146e-05,1477,1530
0.00039933442191953105,0.0016178389416831008,0.0,0.0,0.0,-0.0001283711439530385,0.9999999917604246,-7.485450625552009e-05,0.000203588212712027,0.0,0.0,0.0,-2.4534319815985146e-05,1477,1530
0.00039933442191953105,0.0016178389416831008,0.0,0.0,0.0,-0.0001283711439530385,0.9999999917604246,-7.485450625552009e-05,0.000203588212712027,0.0,0.0,0.0,-2.4534319815985146e-05,1477,1530
0.0003711050453759406,0.0016626734592612234,0.0,0.0,0.0,-0.0001423231303807959,0.9999999898720633,-5.2960533132531165e-05,8.406520922090604e-05,0.0,0.0,0.0,-5.2328714641740266e-05,1477,1530
0.0003711050453759406,0.0016626734592612234,0.0,0.0,0.0,-0.0001423231303807959,0.9999999898720633,-5.2960533132531165e-05,8.406520922090604e-05,0.0,0.0,0.0,-5.2328714641740266e-05,1477,1530
0.0004313546693219165,0.001629687826822386,0.0,0.0,0.0,-0.00016037498767385199,0.9999999871399315,0.0004514493721259214,-0.0002469937688515565,0.0,0.0,0.0,-0.0002704823605072494,1477,1530
0.0004313546693219165,0.001629687826822386,0.0,0.0,0.0,-0.00016037498767385199,0.9999999871399315,0.0004514493721259214,-0.0002469937688515565,0.0,0.0,0.0,-0.0002704823605072494,1477,1530
0.0004313546693219165,0.001629687826822386,0.0,0.0,0.0,-0.00016037498767385199,0.9999999871399315,0.0004514493721259214,-0.0002469937688515565,0.0,0.0,0.0,-0.0002704823605072494,1477,1530
0.0004906665558243699,0.001579347954977018,0.0,0.0,0.0,-0.00012449049410286103,0.9999999922510584,0.00019693167397109317,-0.00016703349566152511,0.0,0.0,0.0,0.000238227814521651,1477,1530
0.0004906665558243699,0.001579347954977018,0.0,0.0,0.0,-0.00012449049410286103,0.9999999922510584,0.00019693167397109317,-0.00016703349566152511,0.0,0.0,0.0,0.000238227814521651,1477,1530
0.00026353458584509005,0.0017482123644805415,0.0,0.0,0.0,-0.00016860346216528448,0.9999999857864362,-0.0006839273935422146,0.0005082109360446932,0.0,0.0,0.0,-0.0002656119684452939,1477,1530
0.0005154239485216381,0.001683081830932626,0.0,0.0,0.0,-0.00016393347987481434,0.999999986562907,0.0015119637890557195,-0.00039040159777756174,0.0,0.0,0.0,5.6058175341616536e-05,1477,1530
0.0005154239485216381,0.001683081830932626,0.0,0.0,0.0,-0.00016393347987481434,0.999999986562907,0.0015119637890557195,-0.00039040159777756174,0.0,0.0,0.0,5.6058175341616536e-05,1477,1530
0.0005154239485216381,0.001683081830932626,0.0,0.0,0.0,-0.00016393347987481434,0.999999986562907,0.0015119637890557195,-0.00039040159777756174,0.0,0.0,0.0,5.6058175341616536e-05,1477,1530
0.0005154239485216381,0.001683081830932626,0.0,0.0,0.0,-0.00016393347987481434,0.999999986562907,0.0015119637890557195,-0.00039040159777756174,0.0,0.0,0.0,5.6058175341616536e-05,1477,1530
0.0005154239485216381,0.001683081830932626,0.0,0.0,0.0,-0.00016393347987481434,0.999999986562907,0.0015119637890557195,-0.00039040159777756174,0.0,0.0,0.0,5.6058175341616536e-05,1477,1530
0.0005154239485216381,0.001683081830932626,0.0,0.0,0.0,-0.00016393347987481434,0.999999986562907,0.0015119637890557195,-0.00039040159777756174,0.0,0.0,0.0,5.6058175341616536e-05,1477,1530
0.00044467350046583926,0.0016625956774533226,0.0,0.0,0.0,-0.00015845389189302148,0.999999987446182,-0.000141525666970701,-4.102977626398983e-05,0.0,0.0,0.0,2.192427176522245e-05,1477,1530
0.00044467350046583926,0.0016625956774533226,0.0,0.0,0.0,-0.00015845389189302148,0.999999987446182,-0.000141525666970701,-4.102977626398983e-05,0.0,0.0,0.0,2.192427176522245e-05,1477,1530
0.0005018174141296553,0.0015244116569795856,0.0,0.0,0.0,-0.0001297563845999372,0.9999999915816403,0.0002857142262596465,-0.0006902876451184829,0.0,0.0,0.0,0.00028674997714894264,1477,1530
0.0005018174141296553,0.0015244116569795856,0.0,0.0,0.0,-0.0001297563845999372,0.9999999915816403,0.0002857142262596465,-0.0006902876451184829,0.0,0.0,0.0,0.00028674997714894264,1477,1530
0.0005018174141296553,0.0015244116569795856,0.0,0.0,0.0,-0.0001297563845999372,0.9999999915816403,0.0002857142262596465,-0.0006902876451184829,0.0,0.0,0.0,0.00028674997714894264,1477,1530
0.0005018174141296553,0.0015244116569795856,0.0,0.0,0.0,-0.0001297563845999372,0.9999999915816403,0.0002857142262596465,-0.0006902876451184829,0.0,0.0,0.0,0.00028674997714894264,1477,1530
0.00031720938259086875,0.0015413696591633189,0.0,0.0,0.0,-0.00012737650847238,0.9999999918876126,-0.0018452754347047262,0.00016902318405154828,0.0,0.0,0.0,4.757563815093848e-05,1477,1530
0.00031720938259086875,0.0015413696591633189,0.0,0.0,0.0,-0.00012737650847238,0.9999999918876126,-0.0018452754347047262,0.00016902318405154828,0.0,0.0,0.0,4.757563815093848e-05,1477,1530
0.00031720938259086875,0.0015413696591633189,0.0,0.0,0.0,-0.00012737650847238,0.9999999918876126,-0.0018452754347047262,0.00016902318405154828,0.0,0.0,0.0,4.757563815093848e-05,1477,1530
0.0004706905786219476,0.0015931497394524553,0.0,0.0,0.0,-0.0001298001347611874,0.9999999915759625,0.00032892038021076485,0.00011106148430028684,0.0,0.0,0.0,-1.0388876996032332e-05,1477,1530
0.0004496361932677334,0.0017105814237421855,0.0,0.0,0.0,-0.00015791702617710048,0.9999999875311063,-8.946283754618595e-05,0.000498237949316107,0.0,0.0,0.0,-0.00023859923459968024,1477,1530
0.0004496361932677334,0.0017105814237421855,0.0,0.0,0.0,-0.00015791702617710048,0.9999999875311063,-8.946283754618595e-05,0.000498237949316107,0.0,0.0,0.0,-0.00023859923459968024,1477,1530
0.0003342154586548698,0.0015215436901987165,0.0,0.0,0.0,-9.137159729864567e-05,0.9999999958256156,-0.0008798998093427487,-0.001442136407003344,0.0,0.0,0.0,0.00101513160027384,1477,1530
0.00031390193134882673,0.0016871716701411992,0.0,0.0,0.0,-0.0001442267720098452,0.9999999895993191,-6.784973903367246e-05,0.0005523828526862861,0.0,0.0,0.0,-0.00035256056683966144,1477,1530
0.00031390193134882673,0.0016871716701411992,0.0,0.0,0.0,-0.0001442267720098452,0.9999999895993191,-6.784973903367246e-05,0.0005523828526862861,0.0,0.0,0.0,-0.00035256056683966144,1477,1530
0.00031390193134882673,0.0016871716701411992,0.0,0.0,0.0,-0.0001442267720098452,0.9999999895993191,-6.784973903367246e-05,0.0005523828526862861,0.0,0.0,0.0,-0.00035256056683966144,1477,1530
0.0007648627223195664,0.0015851226079603657,0.0,0.0,0.0,-0.00018832045376415886,0.9999999822677033,0.0027042970391375227,-0.000611142285680095,0.0,0.0,0.0,-0.0005288026762103598,1477,1530
0.0007648627223195664,0.0015851226079603657,0.0,0.0,0.0,-0.00018832045376415886,0.9999999822677033,0.0027042970391375227,-0.000611142285680095,0.0,0.0,0.0,-0.0005288026762103598,1477,1530
0.0007648627223195664,0.0015851226079603657,0.0,0.0,0.0,-0.00018832045376415886,0.9999999822677033,0.0027042970391375227,-0.000611142285680095,0.0,0.0,0.0,-0.0005288026762103598,1477,1530
0.000609703770579618,0.0015889042086349176,0.0,0.0,0.0,-0.00017747529238503054,0.9999999842512601,-0.0006641229156970573,1.593600704941068e-05,0.0,0.0,0.0,9.283969285340222e-05,1477,1530
0.000609703770579618,0.0015889042086349176,0.0,0.0,0.0,-0.00017747529238503054,0.9999999842512601,-0.0006641229156970573,1.593600704941068e-05,0.0,0.0,0.0,9.283969285340222e-05,1477,1530
0.000609703770579618,0.0015889042086349176,0.0,0.0,0.0,-0.00017747529238503054,0.9999999842512601,-0.0006641229156970573,1.593600704941068e-05,0.0,0.0,0.0,9.283969285340222e-05,1477,1530
0.000609703770579618,0.0015889042086349176,0.0,0.0,0.0,-0.00017747529238503054,0.9999999842512601,-0.0006641229156970573,1.593600704941068e-05,0.0,0.0,0.0,9.283969285340222e-05,1477,1530
0.00042814321733661894,0.0019111162346112744,0.0,0.0,0.0,-0.0002586823589246424,0.999999966541718,-0.0006818451436720332,0.0012090538445129356,0.0,0.0,0.0,-0.0006095574217943529,1477,1530
0.00042814321733661894,0.0019111162346112744,0.0,0.0,0.0,-0.0002586823589246424,0.999999966541718,-0.0006818451436720332,0.0012090538445129356,0.0,0.0,0.0,-0.0006095574217943529,1477,1530
0.00042814321733661894,0.0019111162346112744,0.0,0.0,0.0,-0.0002586823589246424,0.999999966541718,-0.0006818451436720332,0.0012090538445129356,0.0,0.0,0.0,-0.0006095574217943529,1477,1530
0.00042814321733661894,0.0019111162346112744,0.0,0.0,0.0,-0.0002586823589246424,0.999999966541718,-0.0006818451436720332,0.0012090538445129356,0.0,0.0,0.0,-0.0006095574217943529,1477,1530
0.00042814321733661894,0.0019111162346112744,0.0,0.0,0.0,-0.0002586823589246424,0.999999966541718,-0.0006818451436720332,0.0012090538445129356,0.0,0.0,0.0,-0.0006095574217943529,1477,1530
0.0008709314174453445,0.001729327277750748,0.0,0.0,0.0,-0.00024253818765531234,0.9999999705876134,0.0010209316509334307,-0.00041853161015069205,0.0,0.0,0.0,7.443106198577034e-05,1477,1530
0.0008709314174453445,0.001729327277750748,0.0,0.0,0.0,-0.00024253818765531234,0.9999999705876134,0.0010209316509334307,-0.00041853161015069205,0.0,0.0,0.0,7.443106198577034e-05,1477,1530
0.0008709314174453445,0.001729327277750748,0.0,0.0,0.0,-0.00024253818765531234,0.9999999705876134,0.0010209316509334307,-0.00041853161015069205,0.0,0.0,0.0,7.443106198577034e-05,1477,1530
0.000764811189194901,0.0016465516081809973,0.0,0.0,0.0,-0.00021728614817659105,0.9999999763933646,-0.0003181965968008457,-0.000248447371446263,0.0,0.0,0.0,0.00015149148653103466,1477,1530
0.0005056924956079571,0.0016763804385273502,0.0,0.0,0.0,-0.00024754768825791955,0.9999999693600705,-0.0006480315896274016,7.43137773721231e-05,0.0,0.0,0.0,-0.00015135500291437443,1477,1530
0.0005056924956079571,0.0016763804385273502,0.0,0.0,0.0,-0.00024754768825791955,0.9999999693600705,-0.0006480315896274016,7.43137773721231e-05,0.0,0.0,0.0,-0.00015135500291437443,1477,1530
0.0005056924956079571,0.0016763804385273502,0.0,0.0,0.0,-0.00024754768825791955,0.9999999693600705,-0.0006480315896274016,7.43137773721231e-05,0.0,0.0,0.0,-0.00015135500291437443,1477,1530
0.0005056924956079571,0.0016763804385273502,0.0,0.0,0.0,-0.00024754768825791955,0.9999999693600705,-0.0006480315896274016,7.43137773721231e-05,0.0,0.0,0.0,-0.00015135500291437443,1477,1530
0.000710741580040032,0.0017980319717757764,0.0,0.0,0.0,-0.0002643833810868795,0.9999999650507132,0.0012317781848699679,0.0007316141811798045,0.0,0.0,0.0,-0.00020233141301534026,1477,1530
0.000710741580040032,0.0017980319717757764,0.0,0.0,0.0,-0.0002643833810868795,0.9999999650507132,0.0012317781848699679,0.0007316141811798045,0.0,0.0,0.0,-0.00020233141301534026,1477,1530
0.0004988972788981913,0.001688405572516405,0.0,0.0,0.0,-0.0002070529007931848,0.9999999785645479,-0.0005776914435376563,-0.0002993344393881169,0.0,0.0,0.0,0.00031276176113379195,1477,1530
0.0004988972788981913,0.001688405572516405,0.0,0.0,0.0,-0.0002070529007931848,0.9999999785645479,-0.0005776914435376563,-0.0002993344393881169,0.0,0.0,0.0,0.00031276176113379195,1477,1530
0.0005866825673137146,0.0016605079242822673,0.0,0.0,0.0,-0.0002272196164081754,0.9999999741856226,0.00037443846477418045,-0.00011882364696470118,0.0,0.0,0.0,-0.00017201518355291888,1477,1530
0.00040512226657422087,0.0015736587527150328,0.0,0.0,0.0,-0.00019729281755205864,0.9999999805377718,-0.0010965441033360755,-0.000525143142830714,0.0,0.0,0.0,0.0003615679631616475,1477,1530
0.00040512226657422087,0.0015736587527150328,0.0,0.0,0.0,-0.00019729281755205864,0.9999999805377718,-0.0010965441033360755,-0.000525143142830714,0.0,0.0,0.0,0.0003615679631616475,1477,1530
0.000597197680961531,0.0017798868787574779,0.0,0.0,0.0,-0.00024783665351720745,0.9999999692884961,0.0057500456657664295,0.006178613362854409,0.0,0.0,0.0,-0.0030274835100841243,1477,1530
0.000597197680961531,0.0017798868787574779,0.0,0.0,0.0,-0.00024783665351720745,0.9999999692884961,0.0057500456657664295,0.006178613362854409,0.0,0.0,0.0,-0.0030274835100841243,1477,1530
0.0005038548354479123,0.001811088437124844,0.0,0.0,0.0,-0.00022407388574063782,0.9999999748954466,-0.0003112161178814778,0.00010385822667212095,0.0,0.0,0.0,0.00015842954631082264,1477,1530
0.0005038548354479123,0.001811088437124844,0.0,0.0,0.0,-0.00022407388574063782,0.9999999748954466,-0.0003112161178814778,0.00010385822667212095,0.0,0.0,0.0,0.00015842954631082264,1477,1530
0.0005038548354479123,0.001811088437124844,0.0,0.0,0.0,-0.00022407388574063782,0.9999999748954466,-0.0003112161178814778,0.00010385822667212095,0.0,0.0,0.0,0.00015842954631082264,1477,1530
0.0007508570530473258,0.0018907440853034273,0.0,0.0,0.0,-0.0002706936525404045,0.9999999633624725,0.001852809189496608,0.0005984285271566758,0.0,0.0,0.0,-0.0006995081244121829,1477,1530
0.0007508570530473258,0.0018907440853034273,0.0,0.0,0.0,-0.0002706936525404045,0.9999999633624725,0.001852809189496608,0.0005984285271566758,0.0,0.0,0.0,-0.0006995081244121829,1477,1530
0.0007508570530473258,0.0018907440853034273,0.0,0.0,0.0,-0.0002706936525404045,0.9999999633624725,0.001852809189496608,0.0005984285271566758,0.0,0.0,0.0,-0.0006995081244121829,1477,1530
0.0007508570530473258,0.0018907440853034273,0.0,0.0,0.0,-0.0002706936525404045,0.9999999633624725,0.001852809189496608,0.0005984285271566758,0.0,0.0,0.0,-0.0006995081244121829,1477,1530
0.0006819442159111642,0.0018064926015726231,0.0,0.0,0.0,-0.00023446388841503885,0.9999999725133422,-0.00025810944836074184,-0.000315908385307952,0.0,0.0,0.0,0.000271573195372649,1477,1530
0.0006819442159111642,0.0018064926015726231,0.0,0.0,0.0,-0.00023446388841503885,0.9999999725133422,-0.00025810944836074184,-0.000315908385307952,0.0,0.0,0.0,0.000271573195372649,1477,1530
0.0005888741962843432,0.0014856687829710824,0.0,0.0,0.0,-0.00015527253246882123,0.9999999879452203,-0.0001858751921837041,-0.0006418593736069529,0.0,0.0,0.0,0.0003168268939683501,1477,1530
0.0005888741962843432,0.0014856687829710824,0.0,0.0,0.0,-0.00015527253246882123,0.9999999879452203,-0.0001858751921837041,-0.0006418593736069529,0.0,0.0,0.0,0.0003168268939683501,1477,1530
0.0007183979780618114,0.001732760489525582,0.0,0.0,0.0,-0.00023059745610681345,0.9999999734124063,0.0006451063611223613,0.0012315953234859638,0.0,0.0,0.0,-0.0007507717032444304,1477,1530
0.0007183979780618114,0.001732760489525582,0.0,0.0,0.0,-0.00023059745610681345,0.9999999734124063,0.0006451063611223613,0.0012315953234859638,0.0,0.0,0.0,-0.0007507717032444304,1477,1530
0.0007183979780618114,0.001732760489525582,0.0,0.0,0.0,-0.00023059745610681345,0.9999999734124063,0.0006451063611223613,0.0012315953234859638,0.0,0.0,0.0,-0.0007507717032444304,1477,1530
0.0006246285959068244,0.001551212336721736,0.0,0.0,0.0,-0.00019303897182084776,0.9999999813679775,-0.0005647557861701603,-0.001094669138973842,0.0,0.0,0.0,0.00045282011395601166,1477,1530
0.0006246285959068244,0.001551212336721736,0.0,0.0,0.0,-0.00019303897182084776,0.9999999813679775,-0.0005647557861701603,-0.001094669138973842,0.0,0.0,0.0,0.00045282011395601166,1477,1530
0.000613543819642878,0.0016358185549910293,0.0,0.0,0.0,-0.00019037231633199636,0.9999999818791905,-3.7031717481461e-05,0.0002818054200543865,0.0,0.0,0.0,1.7765031196747795e-05,1477,1530
0.000613543819642878,0.0016358185549910293,0.0,0.0,0.0,-0.00019037231633199636,0.9999999818791905,-3.7031717481461e-05,0.0002818054200543865,0.0,0.0,0.0,1.7765031196747795e-05,1477,1530
0.000613543819642878,0.0016358185549910293,0.0,0.0,0.0,-0.00019037231633199636,0.9999999818791905,-3.7031717481461e-05,0.0002818054200543865,0.0,0.0,0.0,1.7765031196747795e-05,1477,1530
0.0006114128822024535,0.0013794790116505831,0.0,0.0,0.0,-0.00014803475889028667,0.999999989042855,-1.219999989481665e-05,-0.0015380389405407454,0.0,0.0,0.0,0.0005080496803600269,1477,1530
0.0006114128822024535,0.0013794790116505831,0.0,0.0,0.0,-0.00014803475889028667,0.999999989042855,-1.219999989481665e-05,-0.0015380389405407454,0.0,0.0,0.0,0.0005080496803600269,1477,1530
0.0006114128822024535,0.0013794790116505831,0.0,0.0,0.0,-0.00014803475889028667,0.999999989042855,-1.219999989481665e-05,-0.0015380389405407454,0.0,0.0,0.0,0.0005080496803600269,1477,1530
0.0005631012526640239,0.0018850887016299347,0.0,0.0,0.0,-0.00027670569911903775,0.9999999617169772,-0.000161546897779063,0.0016854133874869347,0.0,0.0,0.0,-0.0008578548975379583,1477,1530
0.0005631012526640239,0.0018850887016299347,0.0,0.0,0.0,-0.00027670569911903775,0.9999999617169772,-0.000161546897779063,0.0016854133874869347,0.0,0.0,0.0,-0.0008578548975379583,1477,1530
0.0005631012526640239,0.0018850887016299347,0.0,0.0,0.0,-0.00027670569911903775,0.9999999617169772,-0.000161546897779063,0.0016854133874869347,0.0,0.0,0.0,-0.0008578548975379583,1477,1530
0.000825984588839327,0.0014606879149219204,0.0,0.0,0.0,-0.00016525618539393666,0.9999999863451965,0.0008770985547481154,-0.0014142454142664818,0.0,0.0,0.0,0.0007430289730771362,1477,1530
0.000825984588839327,0.0014606879149219204,0.0,0.0,0.0,-0.00016525618539393666,0.9999999863451965,0.0008770985547481154,-0.0014142454142664818,0.0,0.0,0.0,0.0007430289730771362,1477,1530
0.0009265906336795461,0.00147543057423402,0.0,0.0,0.0,-0.0001886582632429982,0.9999999822040297,0.00027428353585542666,4.028570429199357e-05,0.0,0.0,0.0,-0.00012760895263000602,1477,1530
0.0009265906336795461,0.00147543057423402,0.0,0.0,0.0,-0.0001886582632429982,0.9999999822040297,0.00027428353585542666,4.028570429199357e-05,0.0,0.0,0.0,-0.00012760895263000602,1477,1530
0.0009265906336795461,0.00147543057423402,0.0,0.0,0.0,-0.0001886582632429982,0.9999999822040297,0.00027428353585542666,4.028570429199357e-05,0.0,0.0,0.0,-0.00012760895263000602,1477,1530
0.0007561625320111939,0.0014161478567202457,0.0,0.0,0.0,-0.00014461304253753914,0.999999989543534,-0.0008518752683915083,-0.0002966816904556833,0.0,0.0,0.0,0.0004403729459326296,1477,1530
0.000929782559540586,0.0015978803405670068,0.0,0.0,0.0,-0.0001977537645356858,0.9999999804467241,0.000578523483568653,0.0006059059512628268,0.0,0.0,0.0,-0.00035425023003953003,1477,1530
0.000929782559540586,0.0015978803405670068,0.0,0.0,0.0,-0.0001977537645356858,0.9999999804467241,0.000578523483568653,0.0006059059512628268,0.0,0.0,0.0,-0.00035425023003953003,1477,1530
0.000929782559540586,0.0015978803405670068,0.0,0.0,0.0,-0.0001977537645356858,0.9999999804467241,0.000578523483568653,0.0006059059512628268,0.0,0.0,0.0,-0.00035425023003953003,1477,1530
0.000893485425456417,0.0012222607911063221,0.0,0.0,0.0,-0.00011247563678304467,0.9999999936746156,-0.00036202512632106134,-0.003761944055360963,0.0,0.0,0.0,0.0017081076544258884,1477,1530
0.000893485425456417,0.0012222607911063221,0.0,0.0,0.0,-0.00011247563678304467,0.9999999936746156,-0.00036202512632106134,-0.003761944055360963,0.0,0.0,0.0,0.0017081076544258884,1477,1530
0.0009351131602315487,0.0016777575110074516,0.0,0.0,0.0,-0.00022656238813111365,0.9999999743347419,0.00015565594039676432,0.0017074477186413176,0.0,0.0,0.0,-0.000855299973023743,1477,1530
0.0009351131602315487,0.0016777575110074516,0.0,0.0,0.0,-0.00022656238813111365,0.9999999743347419,0.00015565594039676432,0.0017074477186413176,0.0,0.0,0.0,-0.000855299973023743,1477,1530
0.0009456805723844725,0.0014765359136458133,0.0,0.0,0.0,-0.00017667579225948016,0.9999999843928321,5.3304941396843254e-05,-0.001006310361570739,0.0,0.0,0.0,0.0004989782388043919,1477,1530
0.0009109275030845085,0.001482531367687387,0.0,0.0,0.0,-0.00017757366037206778,0.9999999842337974,-0.0001483539886692754,2.5539431154270324e-05,0.0,0.0,0.0,-7.665176603879463e-06,1477,1530
0.0009109275030845085,0.001482531367687387,0.0,0.0,0.0,-0.00017757366037206778,0.9999999842337974,-0.0001483539886692754,2.5539431154270324e-05,0.0,0.0,0.0,-7.665176603879463e-06,1477,1530
0.0009109275030845085,0.001482531367687387,0.0,0.0,0.0,-0.00017757366037206778,0.9999999842337974,-0.0001483539886692754,2.5539431154270324e-05,0.0,0.0,0.0,-7.665176603879463e-06,1477,1530
0.0008170001905721332,0.0016615288582650016,0.0,0.0,0.0,-0.00020354679660561847,0.9999999792843506,-0.0014296929978866405,0.0027222189963237247,0.0,0.0,0.0,-0.0007901535305571589,1477,1530
0.0008937152776037594,0.0014714910388950303,0.0,0.0,0.0,-0.00016864924443197687,0.9999999857787161,0.0002556680112263472,-0.0006325961293220063,0.0,0.0,0.0,0.00023237150601027726,1477,1530
0.0008937152776037594,0.0014714910388950303,0.0,0.0,0.0,-0.00016864924443197687,0.9999999857787161,0.0002556680112263472,-0.0006325961293220063,0.0,0.0,0.0,0.00023237150601027726,1477,1530
0.0008937152776037594,0.0014714910388950303,0.0,0.0,0.0,-0.00016864924443197687,0.9999999857787161,0.0002556680112263472,-0.0006325961293220063,0.0,0.0,0.0,0.00023237150601027726,1477,1530
0.0008937152776037594,0.0014714910388950303,0.0,0.0,0.0,-0.00016864924443197687,0.9999999857787161,0.0002556680112263472,-0.0006325961293220063,0.0,0.0,0.0,0.00023237150601027726,1477,1530
0.0008223017485093546,0.0016307740629226417,0.0,0.0,0.0,-0.00019853616087131364,0.9999999802916962,-0.0021615476803247937,0.004816832328937772,0.0,0.0,0.0,-0.0018078768980242688,1477,1530
0.0008223017485093546,0.0016307740629226417,0.0,0.0,0.0,-0.00019853616087131364,0.9999999802916962,-0.0021615476803247937,0.004816832328937772,0.0,0.0,0.0,-0.0018078768980242688,1477,1530
0.0008223017485093546,0.0016307740629226417,0.0,0.0,0.0,-0.00019853616087131364,0.9999999802916962,-0.0021615476803247937,0.004816832328937772,0.0,0.0,0.0,-0.0018078768980242688,1477,1530
0.0009451792361952805,0.0014412943715122813,0.0,0.0,0.0,-0.00015977635646343902,0.9999999872357579,0.0002833051036157347,-0.00043648272838957107,0.0,0.0,0.0,0.00017861908239575637,1477,1530
0.0009451792361952805,0.0014412943715122813,0.0,0.0,0.0,-0.00015977635646343902,0.9999999872357579,0.0002833051036157347,-0.00043648272838957107,0.0,0.0,0.0,0.00017861908239575637,1477,1530
0.0007011429880509519,0.0015867155110248462,0.0,0.0,0.0,-0.00017982836983065881,0.9999999838308786,-0.0007340480019115853,0.00043710122112515114,0.0,0.0,0.0,-0.00012060781228747037,1477,1530
0.0007011429880509519,0.0015867155110248462,0.0,0.0,0.0,-0.00017982836983065881,0.9999999838308786,-0.0007340480019115853,0.00043710122112515114,0.0,0.0,0.0,-0.00012060781228747037,1477,1530
0.0007011429880509519,0.0015867155110248462,0.0,0.0,0.0,-0.00017982836983065881,0.9999999838308786,-0.0007340480019115853,0.00043710122112515114,0.0,0.0,0.0,-0.00012060781228747037,1477,1530
0.000581416927163645,0.0013446678398586452,0.0,0.0,0.0,-0.00013455285526376229,0.9999999909477646,-0.0005123418684489986,-0.0010367289147349766,0.0,0.0,0.0,0.00038777559473649744,1477,1530
0.000581416927163645,0.0013446678398586452,0.0,0.0,0.0,-0.00013455285526376229,0.9999999909477646,-0.0005123418684489986,-0.0010367289147349766,0.0,0.0,0.0,0.00038777559473649744,1477,1530
0.0007871038102511965,0.0015064958373290883,0.0,0.0,0.0,-0.00016342067601987493,0.9999999866468412,0.0007710776569652295,0.0006069957671848882,0.0,0.0,0.0,-0.00021648484471829983,1477,1530
0.0007871038102511965,0.0015064958373290883,0.0,0.0,0.0,-0.00016342067601987493,0.9999999866468412,0.0007710776569652295,0.0006069957671848882,0.0,0.0,0.0,-0.00021648484471829983,1477,1530
0.0007696405864248663,0.00169785664488475,0.0,0.0,0.0,-0.0002358185442488581,0.9999999721948067,-8.640704201494441e-05,0.000943435273389111,0.0,0.0,0.0,-0.0007138843712308378,1477,1530
0.0007696405864248663,0.00169785664488475,0.0,0.0,0.0,-0.0002358185442488581,0.9999999721948067,-8.640704201494441e-05,0.000943435273389111,0.0,0.0,0.0,-0.0007138843712308378,1477,1530
0.0007696405864248663,0.00169785664488475,0.0,0.0,0.0,-0.0002358185442488581,0.9999999721948067,-8.640704201494441e-05,0.000943435273389111,0.0,0.0,0.0,-0.0007138843712308378,1477,1530
0.0007459599008905954,0.001756304557389768,0.0,0.0,0.0,-0.00021124059717058112,0.9999999776887049,-0.00010286466983253587,0.00025354363638982843,0.0,0.0,0.0,0.0002132761861371527,1477,1530
0.0007459599008905954,0.001756304557389768,0.0,0.0,0.0,-0.00021124059717058112,0.9999999776887049,-0.00010286466983253587,0.00025354363638982843,0.0,0.0,0.0,0.0002132761861371527,1477,1530
0.0007459599008905954,0.001756304557389768,0.0,0.0,0.0,-0.00021124059717058112,0.9999999776887049,-0.00010286466983253587,0.00025354363638982843,0.0,0.0,0.0,0.0002132761861371527,1477,1530
0.000794697563211396,0.001532891459007625,0.0,0.0,0.0,-0.00018010528411041655,0.9999999837810432,0.00020937291858564121,-0.0009578205535234468,0.0,0.0,0.0,0.0002669923564931149,1477,1530
0.000794697563211396,0.001532891459007625,0.0,0.0,0.0,-0.00018010528411041655,0.9999999837810432,0.00020937291858564121,-0.0009578205535234468,0.0,0.0,0.0,0.0002669923564931149,1477,1530
0.0008271099339587345,0.0013476269045894682,0.0,0.0,0.0,-0.0001676357893945267,0.999999985949121,9.741577979435038e-05,-0.0005556358058489198,0.0,0.0,0.0,7.480043852786489e-05,1477,1530
0.0008271099339587345,0.0013476269045894682,0.0,0.0,0.0,-0.0001676357893945267,0.999999985949121,9.741577979435038e-05,-0.0005556358058489198,0.0,0.0,0.0,7.480043852786489e-05,1477,1530
0.0008271099339587345,0.0013476269045894682,0.0,0.0,0.0,-0.0001676357893945267,0.999999985949121,9.741577979435038e-05,-0.0005556358058489198,0.0,0.0,0.0,7.480043852786489e-05,1477,1530
0.0008271099339587345,0.0013476269045894682,0.0,0.0,0.0,-0.0001676357893945267,0.999999985949121,9.741577979435038e-05,-0.0005556358058489198,0.0,0.0,0.0,7.480043852786489e-05,1477,1530
0.0009375002360880023,0.001363975623562527,0.0,0.0,0.0,-0.00015997327012577033,0.9999999872042763,0.0005518826821198434,8.192249973532584e-05,0.0,0.0,0.0,7.661944725645784e-05,1477,1530
0.0009375002360880023,0.001363975623562527,0.0,0.0,0.0,-0.00015997327012577033,0.9999999872042763,0.0005518826821198434,8.192249973532584e-05,0.0,0.0,0.0,7.661944725645784e-05,1477,1530
0.0009073280563237515,0.001565873803430878,0.0,0.0,0.0,-0.0002219678893406106,0.9999999753651277,-6.97472886845944e-05,0.000465697042229323,0.0,0.0,0.0,-0.00028600647406698006,1477,1530
0.0009073280563237515,0.001565873803430878,0.0,0.0,0.0,-0.0002219678893406106,0.9999999753651277,-6.97472886845944e-05,0.000465697042229323,0.0,0.0,0.0,-0.00028600647406698006,1477,1530
0.0009073280563237515,0.001565873803430878,0.0,0.0,0.0,-0.0002219678893406106,0.9999999753651277,-6.97472886845944e-05,0.000465697042229323,0.0,0.0,0.0,-0.00028600647406698006,1477,1530
0.0011095953376344995,0.0011580721047531998,0.0,0.0,0.0,-0.00016755891705441588,0.9999999859620046,0.0030464426391131278,-0.006135249417827208,0.0,0.0,0.0,0.001637492800975201,1477,1530
0.0011095953376344995,0.0011580721047531998,0.0,0.0,0.0,-0.00016755891705441588,0.9999999859620046,0.0030464426391131278,-0.006135249417827208,0.0,0.0,0.0,0.001637492800975201,1477,1530
0.0011799668244350694,0.0007949592185891766,0.0,0.0,0.0,-1.2362513848390009e-05,0.9999999999235841,0.00017605510547175258,-0.0009068073321810138,0.0,0.0,0.0,0.000775199065777398,1477,1530
0.0012141924214097294,0.000907316577274106,0.0,0.0,0.0,-5.0652018879638164e-05,0.9999999987171865,0.00014689418191312937,0.0004822737315406692,0.0,0.0,0.0,-0.00032869913676289697,1477,1530
0.0012141924214097294,0.000907316577274106,0.0,0.0,0.0,-5.0652018879638164e-05,0.9999999987171865,0.00014689418191312937,0.0004822737315406692,0.0,0.0,0.0,-0.00032869913676289697,1477,1530
0.0010191672724504022,0.000993507850003151,0.0,0.0,0.0,-8.415472111338565e-05,0.9999999964589914,-0.0011693449776816187,0.0005166498717046496,0.0,0.0,0.0,-0.0004017375522984358,1477,1530
0.0010191672724504022,0.000993507850003151,0.0,0.0,0.0,-8.415472111338565e-05,0.9999999964589914,-0.0011693449776816187,0.0005166498717046496,0.0,0.0,0.0,-0.0004017375522984358,1477,1530
0.0010191672724504022,0.000993507850003151,0.0,0.0,0.0,-8.415472111338565e-05,0.9999999964589914,-0.0011693449776816187,0.0005166498717046496,0.0,0.0,0.0,-0.0004017375522984358,1477,1530
0.0010191672724504022,0.000993507850003151,0.0,0.0,0.0,-8.415472111338565e-05,0.9999999964589914,-0.0011693449776816187,0.0005166498717046496,0.0,0.0,0.0,-0.0004017375522984358,1477,1530
0.0010191672724504022,0.000993507850003151,0.0,0.0,0.0,-8.415472111338565e-05,0.9999999964589914,-0.0011693449776816187,0.0005166498717046496,0.0,0.0,0.0,-0.0004017375522984358,1477,1530
0.0010191672724504022,0.000993507850003151,0.0,0.0,0.0,-8.415472111338565e-05,0.9999999964589914,-0.0011693449776816187,0.0005166498717046496,0.0,0.0,0.0,-0.0004017375522984358,1477,1530
0.0010191672724504022,0.000993507850003151,0.0,0.0,0.0,-8.415472111338565e-05,0.9999999964589914,-0.0011693449776816187,0.0005166498717046496,0.0,0.0,0.0,-0.0004017375522984358,1477,1530
0.0010671483523135782,0.000868407096730492,0.0,0.0,0.0,-3.915612448714268e-05,0.999999999233399,0.00028793967225225595,-0.0007503654621644128,0.0,0.0,0.0,0.0005398460395105488,1477,1530
0.0010671483523135782,0.000868407096730492,0.0,0.0,0.0,-3.915612448714268e-05,0.999999999233399,0.00028793967225225595,-0.0007503654621644128,0.0,0.0,0.0,0.0005398460395105488,1477,1530
0.0010671483523135782,0.000868407096730492,0.0,0.0,0.0,-3.915612448714268e-05,0.999999999233399,0.00028793967225225595,-0.0007503654621644128,0.0,0.0,0.0,0.0005398460395105488,1477,1530
0.0009944056975386742,0.0011012165095211411,0.0,0.0,0.0,-8.020571893748517e-05,0.9999999967835214,-0.00011482131014084164,0.00036737908156044295,0.0,0.0,0.0,-0.00012955774612996156,1477,1530
0.0009944056975386742,0.0011012165095211411,0.0,0.0,0.0,-8.020571893748517e-05,0.9999999967835214,-0.00011482131014084164,0.00036737908156044295,0.0,0.0,0.0,-0.00012955774612996156,1477,1530
0.0009944056975386742,0.0011012165095211411,0.0,0.0,0.0,-8.020571893748517e-05,0.9999999967835214,-0.00011482131014084164,0.00036737908156044295,0.0,0.0,0.0,-0.00012955774612996156,1477,1530
0.0009944056975386742,0.0011012165095211411,0.0,0.0,0.0,-8.020571893748517e-05,0.9999999967835214,-0.00011482131014084164,0.00036737908156044295,0.0,0.0,0.0,-0.00012955774612996156,1477,1530
0.0009944056975386742,0.0011012165095211411,0.0,0.0,0.0,-8.020571893748517e-05,0.9999999967835214,-0.00011482131014084164,0.00036737908156044295,0.0,0.0,0.0,-0.00012955774612996156,1477,1530
0.0009944056975386742,0.0011012165095211411,0.0,0.0,0.0,-8.020571893748517e-05,0.9999999967835214,-0.00011482131014084164,0.00036737908156044295,0.0,0.0,0.0,-0.00012955774612996156,1477,1530
0.0010228618783717008,0.0010305267727452598,0.0,0.0,0.0,-8.210012502384119e-05,0.9999999966297847,9.497024176383982e-05,-0.0002358121752966585,0.0,0.0,0.0,-1.263982287086171e-05,1477,1530
0.0010228618783717008,0.0010305267727452598,0.0,0.0,0.0,-8.210012502384119e-05,0.9999999966297847,9.497024176383982e-05,-0.0002358121752966585,0.0,0.0,0.0,-1.263982287086171e-05,1477,1530
0.001179573297937843,0.0009408440520107061,0.0,0.0,0.0,-9.717355615233343e-05,0.99999999527865,0.0002351035563849253,-0.00013449368532184773,0.0,0.0,0.0,-4.522305217204207e-05,1477,1530
0.001179573297937843,0.0009408440520107061,0.0,0.0,0.0,-9.717355615233343e-05,0.99999999527865,0.0002351035563849253,-0.00013449368532184773,0.0,0.0,0.0,-4.522305217204207e-05,1477,1530
0.001179573297937843,0.0009408440520107061,0.0,0.0,0.0,-9.717355615233343e-05,0.99999999527865,0.0002351035563849253,-0.00013449368532184773,0.0,0.0,0.0,-4.522305217204207e-05,1477,1530
0.001179573297937843,0.0009408440520107061,0.0,0.0,0.0,-9.717355615233343e-05,0.99999999527865,0.0002351035563849253,-0.00013449368532184773,0.0,0.0,0.0,-4.522305217204207e-05,1477,1530
0.001179573297937843,0.0009408440520107061,0.0,0.0,0.0,-9.717355615233343e-05,0.99999999527865,0.0002351035563849253,-0.00013449368532184773,0.0,0.0,0.0,-4.522305217204207e-05,1477,1530
0.0010484283294098186,0.000991194554909493,0.0,0.0,0.0,-0.0001051513911570629,0.9999999944715925,-0.000983073250178727,0.0003772122229624639,0.0,0.0,0.0,-0.00011959606703226785,1477,1530
0.0010484283294098186,0.000991194554909493,0.0,0.0,0.0,-0.0001051513911570629,0.9999999944715925,-0.000983073250178727,0.0003772122229624639,0.0,0.0,0.0,-0.00011959606703226785,1477,1530
0.001056552781209672,0.0011257101741919391,0.0,0.0,0.0,-0.00013840618760207506,0.9999999904218636,1.619711957009041e-05,0.00026911430764031403,0.0,0.0,0.0,-0.0001330585720853401,1477,1530
0.001056552781209672,0.0011257101741919391,0.0,0.0,0.0,-0.00013840618760207506,0.9999999904218636,1.619711957009041e-05,0.00026911430764031403,0.0,0.0,0.0,-0.0001330585720853401,1477,1530
0.001056552781209672,0.0011257101741919391,0.0,0.0,0.0,-0.00013840618760207506,0.9999999904218636,1.619711957009041e-05,0.00026911430764031403,0.0,0.0,0.0,-0.0001330585720853401,1477,1530
0.0011872836042833845,0.000913685033841011,0.0,0.0,0.0,-7.522800976558026e-05,0.9999999971703732,0.0005601119853332393,-0.0009078522364239227,0.0,0.0,0.0,0.0005411268075801143,1477,1530
0.0011872836042833845,0.000913685033841011,0.0,0.0,0.0,-7.522800976558026e-05,0.9999999971703732,0.0005601119853332393,-0.0009078522364239227,0.0,0.0,0.0,0.0005411268075801143,1477,1530
0.0011872836042833845,0.000913685033841011,0.0,0.0,0.0,-7.522800976558026e-05,0.9999999971703732,0.0005601119853332393,-0.0009078522364239227,0.0,0.0,0.0,0.0005411268075801143,1477,1530
0.0010013272973599106,0.0010029540167125427,0.0,0.0,0.0,-8.878889864356614e-05,0.9999999960582657,-0.0006198805231660339,0.0002974610882189298,0.0,0.0,0.0,-9.040321405874661e-05,1477,1530
0.0010013272973599106,0.0010029540167125427,0.0,0.0,0.0,-8.878889864356614e-05,0.9999999960582657,-0.0006198805231660339,0.0002974610882189298,0.0,0.0,0.0,-9.040321405874661e-05,1477,1530
0.0010013272973599106,0.0010029540167125427,0.0,0.0,0.0,-8.878889864356614e-05,0.9999999960582657,-0.0006198805231660339,0.0002974610882189298,0.0,0.0,0.0,-9.040321405874661e-05,1477,1530
0.0010013272973599106,0.0010029540167125427,0.0,0.0,0.0,-8.878889864356614e-05,0.9999999960582657,-0.0006198805231660339,0.0002974610882189298,0.0,0.0,0.0,-9.040321405874661e-05,1477,1530
0.0010013272973599106,0.0010029540167125427,0.0,0.0,0.0,-8.878889864356614e-05,0.9999999960582657,-0.0006198805231660339,0.0002974610882189298,0.0,0.0,0.0,-9.040321405874661e-05,1477,1530
0.0013551700102211474,0.000879715362938809,0.0,0.0,0.0,-8.015247995950446e-05,0.99999999678779,0.0011795053905717208,-0.00041057100313438266,0.0,0.0,0.0,5.7574013718116115e-05,1477,1530
0.0013551700102211474,0.000879715362938809,0.0,0.0,0.0,-8.015247995950446e-05,0.99999999678779,0.0011795053905717208,-0.00041057100313438266,0.0,0.0,0.0,5.7574013718116115e-05,1477,1530
0.0013551700102211474,0.000879715362938809,0.0,0.0,0.0,-8.015247995950446e-05,0.99999999678779,0.0011795053905717208,-0.00041057100313438266,0.0,0.0,0.0,5.7574013718116115e-05,1477,1530
0.0010664861494906407,0.0010332221022487406,0.0,0.0,0.0,-0.00011954347198784273,0.9999999928546791,-0.0005412942025150923,0.000287720199942953,0.0,0.0,0.0,-0.0001477068968160937,1477,1530
0.0010664861494906407,0.0010332221022487406,0.0,0.0,0.0,-0.00011954347198784273,0.9999999928546791,-0.0005412942025150923,0.000287720199942953,0.0,0.0,0.0,-0.0001477068968160937,1477,1530
0.0010664861494906407,0.0010332221022487406,0.0,0.0,0.0,-0.00011954347198784273,0.9999999928546791,-0.0005412942025150923,0.000287720199942953,0.0,0.0,0.0,-0.0001477068968160937,1477,1530
0.0008950951225054659,0.0008774166732252512,0.0,0.0,0.0,-6.18696285912175e-05,0.9999999980860745,-0.0006426457258267219,-0.0005844868395612939,0.0,0.0,0.0,0.0004326003316099453,1477,1530
0.0011112688333399954,0.0008268668177847364,0.0,0.0,0.0,-2.1028827984607623e-05,0.9999999997788942,0.0008054845247726922,-0.0001882486200017523,0.0,0.0,0.0,0.0003043448824127858,1477,1530
0.0011112688333399954,0.0008268668177847364,0.0,0.0,0.0,-2.1028827984607623e-05,0.9999999997788942,0.0008054845247726922,-0.0001882486200017523,0.0,0.0,0.0,0.0003043448824127858,1477,1530
0.0009528762475197587,0.0011645233850000754,0.0,0.0,0.0,-0.00010370040989061796,0.9999999946231125,-0.001203424650337212,0.002565144004374586,0.0,0.0,0.0,-0.0012561206715209483,1477,1530
0.0009528762475197587,0.0011645233850000754,0.0,0.0,0.0,-0.00010370040989061796,0.9999999946231125,-0.001203424650337212,0.002565144004374586,0.0,0.0,0.0,-0.0012561206715209483,1477,1530
0.0009528762475197587,0.0011645233850000754,0.0,0.0,0.0,-0.00010370040989061796,0.9999999946231125,-0.001203424650337212,0.002565144004374586,0.0,0.0,0.0,-0.0012561206715209483,1477,1530
0.0009300085382525111,0.00022966248098361963,0.0,0.0,0.0,9.698526975812074e-05,0.9999999952969287,-0.00013616273035423524,-0.005614134198243521,0.0,0.0,0.0,0.002410349251015486,1477,1530
0.0009300085382525111,0.00022966248098361963,0.0,0.0,0.0,9.698526975812074e-05,0.9999999952969287,-0.00013616273035423524,-0.005614134198243521,0.0,0.0,0.0,0.002410349251015486,1477,1530
0.0009300085382525111,0.00022966248098361963,0.0,0.0,0.0,9.698526975812074e-05,0.9999999952969287,-0.00013616273035423524,-0.005614134198243521,0.0,0.0,0.0,0.002410349251015486,1477,1530
0.0009293665752613528,0.0004496485848064238,0.0,0.0,0.0,3.464964667525471e-05,0.999999999399701,-1.7977272567504762e-06,0.0006599039005950606,0.0,0.0,0.0,-0.0003739826985616531,1477,1530
0.0009293665752613528,0.0004496485848064238,0.0,0.0,0.0,3.464964667525471e-05,0.999999999399701,-1.7977272567504762e-06,0.0006599039005950606,0.0,0.0,0.0,-0.0003739826985616531,1477,1530
0.0009293665752613528,0.0004496485848064238,0.0,0.0,0.0,3.464964667525471e-05,0.999999999399701,-1.7977272567504762e-06,0.0006599039005950606,0.0,0.0,0.0,-0.0003739826985616531,1477,1530
0.0009142937295275731,0.0003341901174522639,0.0,0.0,0.0,6.921911851051461e-05,0.9999999976043568,-5.6510086887926974e-05,-0.00043263544999199604,0.0,0.0,0.0,0.00025907349553502395,1477,1530
0.0009142937295275731,0.0003341901174522639,0.0,0.0,0.0,6.921911851051461e-05,0.9999999976043568,-5.6510086887926974e-05,-0.00043263544999199604,0.0,0.0,0.0,0.00025907349553502395,1477,1530
0.0009142937295275731,0.0003341901174522639,0.0,0.0,0.0,6.921911851051461e-05,0.9999999976043568,-5.6510086887926974e-05,-0.00043263544999199604,0.0,0.0,0.0,0.00025907349553502395,1477,1530
0.0009142937295275731,0.0003341901174522639,0.0,0.0,0.0,6.921911851051461e-05,0.9999999976043568,-5.6510086887926974e-05,-0.00043263544999199604,0.0,0.0,0.0,0.00025907349553502395,1477,1530
0.0009142937295275731,0.0003341901174522639,0.0,0.0,0.0,6.921911851051461e-05,0.9999999976043568,-5.6510086887926974e-05,-0.00043263544999199604,0.0,0.0,0.0,0.00025907349553502395,1477,1530
0.0009142937295275731,0.0003341901174522639,0.0,0.0,0.0,6.921911851051461e-05,0.9999999976043568,-5.6510086887926974e-05,-0.00043263544999199604,0.0,0.0,0.0,0.00025907349553502395,1477,1530
0.0008488895340682681,0.00017585526784668758,0.0,0.0,0.0,0.00011961762846047357,0.9999999928458114,-0.00019634156527386913,-0.0004751303729205693,0.0,0.0,0.0,0.0003024884622364666,1477,1530
0.0008488895340682681,0.00017585526784668758,0.0,0.0,0.0,0.00011961762846047357,0.9999999928458114,-0.00019634156527386913,-0.0004751303729205693,0.0,0.0,0.0,0.0003024884622364666,1477,1530
0.0008488895340682681,0.00017585526784668758,0.0,0.0,0.0,0.00011961762846047357,0.9999999928458114,-0.00019634156527386913,-0.0004751303729205693,0.0,0.0,0.0,0.0003024884622364666,1477,1530
0.0008488895340682681,0.00017585526784668758,0.0,0.0,0.0,0.00011961762846047357,0.9999999928458114,-0.00019634156527386913,-0.0004751303729205693,0.0,0.0,0.0,0.0003024884622364666,1477,1530
0.0008488895340682681,0.00017585526784668758,0.0,0.0,0.0,0.00011961762846047357,0.9999999928458114,-0.00019634156527386913,-0.0004751303729205693,0.0,0.0,0.0,0.0003024884622364666,1477,1530
0.0009342471138071414,-0.00010567670783634723,0.0,0.0,0.0,0.00019687755786937364,0.9999999806196134,0.00015044676153512832,-0.000496641262713814,0.0,0.0,0.0,0.00027256362199715574,1477,1530
0.0009342471138071414,-0.00010567670783634723,0.0,0.0,0.0,0.00019687755786937364,0.9999999806196134,0.00015044676153512832,-0.000496641262713814,0.0,0.0,0.0,0.00027256362199715574,1477,1530
0.0009342471138071414,-0.00010567670783634723,0.0,0.0,0.0,0.00019687755786937364,0.9999999806196134,0.00015044676153512832,-0.000496641262713814,0.0,0.0,0.0,0.00027256362199715574,1477,1530
0.0008145489175600892,0.0003440296784648065,0.0,0.0,0.0,7.578721367772247e-05,0.9999999971281491,-0.00023911826517054077,0.0008997931006368489,0.0,0.0,0.0,-0.0004845154562952366,1477,1530
0.0008145489175600892,0.0003440296784648065,0.0,0.0,0.0,7.578721367772247e-05,0.9999999971281491,-0.00023911826517054077,0.0008997931006368489,0.0,0.0,0.0,-0.0004845154562952366,1477,1530
0.0008145489175600892,0.0003440296784648065,0.0,0.0,0.0,7.578721367772247e-05,0.9999999971281491,-0.00023911826517054077,0.0008997931006368489,0.0,0.0,0.0,-0.0004845154562952366,1477,1530
0.0012007948644367236,0.00029090068628998,0.0,0.0,0.0,6.198209426211818e-05,0.99999999807911,0.01154534254328719,-0.0015898707650074848,0.0,0.0,0.0,-0.0008253195102546025,1477,1530
0.0012007948644367236,0.00029090068628998,0.0,0.0,0.0,6.198209426211818e-05,0.99999999807911,0.01154534254328719,-0.0015898707650074848,0.0,0.0,0.0,-0.0008253195102546025,1477,1530
0.0012007948644367236,0.00029090068628998,0.0,0.0,0.0,6.198209426211818e-05,0.99999999807911,0.01154534254328719,-0.0015898707650074848,0.0,0.0,0.0,-0.0008253195102546025,1477,1530
0.0010548827012814748,0.00030217599772099194,0.0,0.0,0.0,7.938203242631933e-05,0.9999999968492465,-0.0002431825806439859,1.8822175193946746e-05,0.0,0.0,0.0,5.799931069576853e-05,1477,1530
0.0010548827012814748,0.00030217599772099194,0.0,0.0,0.0,7.938203242631933e-05,0.9999999968492465,-0.0002431825806439859,1.8822175193946746e-05,0.0,0.0,0.0,5.799931069576853e-05,1477,1530
0.0010548827012814748,0.00030217599772099194,0.0,0.0,0.0,7.938203242631933e-05,0.9999999968492465,-0.0002431825806439859,1.8822175193946746e-05,0.0,0.0,0.0,5.799931069576853e-05,1477,1530
0.0010548827012814748,0.00030217599772099194,0.0,0.0,0.0,7.938203242631933e-05,0.9999999968492465,-0.0002431825806439859,1.8822175193946746e-05,0.0,0.0,0.0,5.799931069576853e-05,1477,1530
0.0010548827012814748,0.00030217599772099194,0.0,0.0,0.0,7.938203242631933e-05,0.9999999968492465,-0.0002431825806439859,1.8822175193946746e-05,0.0,0.0,0.0,5.799931069576853e-05,1477,1530
0.0009342392650638349,6.492199867274965e-05,0.0,0.0,0.0,0.00011350774422627105,0.999999993557996,-0.0004022596134314474,-0.0007907617204069738,0.0,0.0,0.0,0.00022749867972651503,1477,1530
0.0009342392650638349,6.492199867274965e-05,0.0,0.0,0.0,0.00011350774422627105,0.999999993557996,-0.0004022596134314474,-0.0007907617204069738,0.0,0.0,0.0,0.00022749867972651503,1477,1530
0.0009342392650638349,6.492199867274965e-05,0.0,0.0,0.0,0.00011350774422627105,0.999999993557996,-0.0004022596134314474,-0.0007907617204069738,0.0,0.0,0.0,0.00022749867972651503,1477,1530
0.0009342392650638349,6.492199867274965e-05,0.0,0.0,0.0,0.00011350774422627105,0.999999993557996,-0.0004022596134314474,-0.0007907617204069738,0.0,0.0,0.0,0.00022749867972651503,1477,1530
0.0009342392650638349,6.492199867274965e-05,0.0,0.0,0.0,0.00011350774422627105,0.999999993557996,-0.0004022596134314474,-0.0007907617204069738,0.0,0.0,0.0,0.00022749867972651503,1477,1530
0.0010029080750156621,7.913141459889066e-05,0.0,0.0,0.0,0.00011565170228099107,0.9999999933123419,0.00012121945586105194,2.5054856360276617e-05,0.0,0.0,0.0,7.569003437864412e-06,1477,1530
0.0010029080750156621,7.913141459889066e-05,0.0,0.0,0.0,0.00011565170228099107,0.9999999933123419,0.00012121945586105194,2.5054856360276617e-05,0.0,0.0,0.0,7.569003437864412e-06,1477,1530
0.0010029080750156621,7.913141459889066e-05,0.0,0.0,0.0,0.00011565170228099107,0.9999999933123419,0.00012121945586105194,2.5054856360276617e-05,0.0,0.0,0.0,7.569003437864412e-06,1477,1530
0.0010029080750156621,7.913141459889066e-05,0.0,0.0,0.0,0.00011565170228099107,0.9999999933123419,0.00012121945586105194,2.5054856360276617e-05,0.0,0.0,0.0,7.569003437864412e-06,1477,1530
0.0010362529234796683,6.396960151389171e-05,0.0,0.0,0.0,0.00014034511123855138,0.9999999901516249,7.69100221056626e-05,-3.4992250384266156e-05,0.0,0.0,0.0,0.00011392287235138913,1477,1530
0.0010362529234796683,6.396960151389171e-05,0.0,0.0,0.0,0.00014034511123855138,0.9999999901516249,7.69100221056626e-05,-3.4992250384266156e-05,0.0,0.0,0.0,0.00011392287235138913,1477,1530
0.0010362529234796683,6.396960151389171e-05,0.0,0.0,0.0,0.00014034511123855138,0.9999999901516249,7.69100221056626e-05,-3.4992250384266156e-05,0.0,0.0,0.0,0.00011392287235138913,1477,1530
0.0010362529234796683,6.396960151389171e-05,0.0,0.0,0.0,0.00014034511123855138,0.9999999901516249,7.69100221056626e-05,-3.4992250384266156e-05,0.0,0.0,0.0,0.00011392287235138913,1477,1530
0.0006855221624905927,6.716684617288241e-05,0.0,0.0,0.0,0.00014853642097608524,0.9999999889684658,-0.0009460111497824853,8.889350734470744e-06,0.0,0.0,0.0,4.418825731316521e-05,1477,1530
0.0006855221624905927,6.716684617288241e-05,0.0,0.0,0.0,0.00014853642097608524,0.9999999889684658,-0.0009460111497824853,8.889350734470744e-06,0.0,0.0,0.0,4.418825731316521e-05,1477,1530
0.0006855221624905927,6.716684617288241e-05,0.0,0.0,0.0,0.00014853642097608524,0.9999999889684658,-0.0009460111497824853,8.889350734470744e-06,0.0,0.0,0.0,4.418825731316521e-05,1477,1530
0.0006855221624905927,6.716684617288241e-05,0.0,0.0,0.0,0.00014853642097608524,0.9999999889684658,-0.0009460111497824853,8.889350734470744e-06,0.0,0.0,0.0,4.418825731316521e-05,1477,1530
0.0006855221624905927,6.716684617288241e-05,0.0,0.0,0.0,0.00014853642097608524,0.9999999889684658,-0.0009460111497824853,8.889350734470744e-06,0.0,0.0,0.0,4.418825731316521e-05,1477,1530
0.0006855221624905927,6.716684617288241e-05,0.0,0.0,0.0,0.00014853642097608524,0.9999999889684658,-0.0009460111497824853,8.889350734470744e-06,0.0,0.0,0.0,4.418825731316521e-05,1477,1530
0.0006855221624905927,6.716684617288241e-05,0.0,0.0,0.0,0.00014853642097608524,0.9999999889684658,-0.0009460111497824853,8.889350734470744e-06,0.0,0.0,0.0,4.418825731316521e-05,1477,1530
0.001014079863202658,0.0001624857047210268,0.0,0.0,0.0,9.953709871085055e-05,0.999999995046183,0.0007656812963027887,0.0002218875075692249,0.0,0.0,0.0,-0.0002283594830031055,1477,1530
0.001014079863202658,0.0001624857047210268,0.0,0.0,0.0,9.953709871085055e-05,0.999999995046183,0.0007656812963027887,0.0002218875075692249,0.0,0.0,0.0,-0.0002283594830031055,1477,1530
0.0007033060267838771,0.00020604315567708604,0.0,0.0,0.0,0.00014417700857217248,0.999999989606495,-0.00046574859210081883,6.537295109798146e-05,0.0,0.0,0.0,0.00013380505960881945,1477,1530
0.0007033060267838771,0.00020604315567708604,0.0,0.0,0.0,0.00014417700857217248,0.999999989606495,-0.00046574859210081883,6.537295109798146e-05,0.0,0.0,0.0,0.00013380505960881945,1477,1530
0.0008846816018666774,7.5998087254545304e-06,0.0,0.0,0.0,0.00018721789021517235,0.9999999824747307,0.0009049447286269701,-0.0009906751665802605,0.0,0.0,0.0,0.0004296269012785802,1477,1530
0.0008846816018666774,7.5998087254545304e-06,0.0,0.0,0.0,0.00018721789021517235,0.9999999824747307,0.0009049447286269701,-0.0009906751665802605,0.0,0.0,0.0,0.0004296269012785802,1477,1530
0.0008846816018666774,7.5998087254545304e-06,0.0,0.0,0.0,0.00018721789021517235,0.9999999824747307,0.0009049447286269701,-0.0009906751665802605,0.0,0.0,0.0,0.0004296269012785802,1477,1530
0.0007483533260655261,0.00015023402448990008,0.0,0.0,0.0,0.00014121540983441189,0.999999990029104,-0.0005123114995918513,0.0005364107216130947,0.0,0.0,0.0,-0.0003458833157057778,1477,1530
0.0007483533260655261,0.00015023402448990008,0.0,0.0,0.0,0.00014121540983441189,0.999999990029104,-0.0005123114995918513,0.0005364107216130947,0.0,0.0,0.0,-0.0003458833157057778,1477,1530
0.0007724176235364034,-2.517834834893777e-05,0.0,0.0,0.0,0.00019070990863875452,0.9999999818148653,0.00010294081818258127,-0.000751945724973768,0.0,0.0,0.0,0.0004243228252822937,1477,1530
0.0010426317961324193,0.00046235556591075057,0.0,0.0,0.0,7.664850352831772e-05,0.9999999970625034,0.0020265163869985494,0.0036530552402196325,0.0,0.0,0.0,-0.0017096687567970032,1477,1530
0.0010426317961324193,0.00046235556591075057,0.0,0.0,0.0,7.664850352831772e-05,0.9999999970625034,0.0020265163869985494,0.0036530552402196325,0.0,0.0,0.0,-0.0017096687567970032,1477,1530
0.0010426317961324193,0.00046235556591075057,0.0,0.0,0.0,7.664850352831772e-05,0.9999999970625034,0.0,0.0,0.0,0.0,0.0,-3.2568354272503234e-20,1477,1530
0.0010426317961324193,0.00046235556591075057,0.0,0.0,0.0,7.664850352831772e-05,0.9999999970625034,0.0,0.0,0.0,0.0,0.0,-3.2568354272503234e-20,1477,1530
0.0010426317961324193,0.00046235556591075057,0.0,0.0,0.0,7.664850352831772e-05,0.9999999970625034,0.0,0.0,0.0,0.0,0.0,-3.2568354272503234e-20,1477,1530
0.0010426317961324193,0.00046235556591075057,0.0,0.0,0.0,7.664850352831772e-05,0.9999999970625034,0.0,0.0,0.0,0.0,0.0,-3.2568354272503234e-20,1477,1530
0.0010426317961324193,0.00046235556591075057,0.0,0.0,0.0,7.664850352831772e-05,0.9999999970625034,0.0,0.0,0.0,0.0,0.0,-3.2375521099274094e-20,1477,1530
0.0010426317961324193,0.00046235556591075057,0.0,0.0,0.0,7.664850352831772e-05,0.9999999970625034,0.0,0.0,0.0,0.0,0.0,-3.2375521099274094e-20,1477,1530
0.0010426317961324193,0.00046235556591075057,0.0,0.0,0.0,7.664850352831772e-05,0.9999999970625034,0.0,0.0,0.0,0.0,0.0,-3.2375521099274094e-20,1477,1530
0.0010426317961324193,0.00046235556591075057,0.0,0.0,0.0,7.664850352831772e-05,0.9999999970625034,0.0,0.0,0.0,0.0,0.0,-2.1661627440043717e-20,1477,1530
0.0010426317961324193,0.00046235556591075057,0.0,0.0,0.0,7.664850352831772e-05,0.9999999970625034,0.0,0.0,0.0,0.0,0.0,-2.1661627440043717e-20,1477,1530
0.0010426317961324193,0.00046235556591075057,0.0,0.0,0.0,7.664850352831773e-05,0.9999999970625034,0.0,0.0,0.0,0.0,0.0,5.622741796211131e-20,1477,1530
0.0010426317961324193,0.00046235556591075057,0.0,0.0,0.0,7.664850352831773e-05,0.9999999970625034,0.0,0.0,0.0,0.0,0.0,5.622741796211131e-20,1477,1530
0.0010426317961324193,0.00046235556591075057,0.0,0.0,0.0,7.664850352831773e-05,0.9999999970625034,0.0,0.0,0.0,0.0,0.0,5.622741796211131e-20,1477,1530
0.0010426317961324193,0.00046235556591075057,0.0,0.0,0.0,7.664850352831773e-05,0.9999999970625034,0.0,0.0,0.0,0.0,0.0,5.622741796211131e-20,1477,1530
0.0010426317961324193,0.00046235556591075057,0.0,0.0,0.0,7.664850352831773e-05,0.9999999970625034,0.0,0.0,0.0,0.0,0.0,5.622741796211131e-20,1477,1530
0.0009673515336089608,0.000498556394312702,0.0,0.0,0.0,8.53671087913571e-05,0.9999999963562284,-0.0003762023887145639,0.00018097949540705772,0.0,0.0,0.0,8.714640130304133e-05,1477,1530
0.0009673515336089608,0.000498556394312702,0.0,0.0,0.0,8.53671087913571e-05,0.9999999963562284,-0.0003762023887145639,0.00018097949540705772,0.0,0.0,0.0,8.714640130304133e-05,1477,1530
0.0009673515336089608,0.000498556394312702,0.0,0.0,0.0,8.53671087913571e-05,0.9999999963562284,-0.0003762023887145639,0.00018097949540705772,0.0,0.0,0.0,8.714640130304133e-05,1477,1530
0.0009778065806586936,0.0006672351314953623,0.0,0.0,0.0,2.2672142741443864e-05,0.9999999997429869,2.2399322561090136e-05,0.00036038772012375315,0.0,0.0,0.0,-0.0002679025906191734,1477,1530
0.0009778065806586936,0.0006672351314953623,0.0,0.0,0.0,2.2672142741443864e-05,0.9999999997429869,2.2399322561090136e-05,0.00036038772012375315,0.0,0.0,0.0,-0.0002679025906191734,1477,1530
0.0009778065806586936,0.0006672351314953623,0.0,0.0,0.0,2.2672142741443864e-05,0.9999999997429869,2.2399322561090136e-05,0.00036038772012375315,0.0,0.0,0.0,-0.0002679025906191734,1477,1530
0.0009778065806586936,0.0006672351314953623,0.0,0.0,0.0,2.2672142741443864e-05,0.9999999997429869,2.2399322561090136e-05,0.00036038772012375315,0.0,0.0,0.0,-0.0002679025906191734,1477,1530
0.0007741147158255129,0.00048244546032965836,0.0,0.0,0.0,5.3570499660231976e-05,0.9999999985651008,-0.0004082128310926269,-0.0003702977619736543,0.0,0.0,0.0,0.00012383986908969666,1477,1530
0.0007741147158255129,0.00048244546032965836,0.0,0.0,0.0,5.3570499660231976e-05,0.9999999985651008,-0.0004082128310926269,-0.0003702977619736543,0.0,0.0,0.0,0.00012383986908969666,1477,1530
0.0010414660251099083,0.0005099669380224098,0.0,0.0,0.0,9.362921089106505e-05,0.9999999956167854,0.001004230420648937,0.00010326800054233204,0.0,0.0,0.0,0.00030093537367441135,1477,1530
0.0010414660251099083,0.0005099669380224098,0.0,0.0,0.0,9.362921089106505e-05,0.9999999956167854,0.001004230420648937,0.00010326800054233204,0.0,0.0,0.0,0.00030093537367441135,1477,1530
0.0010414660251099083,0.0005099669380224098,0.0,0.0,0.0,9.362921089106505e-05,0.9999999956167854,0.001004230420648937,0.00010326800054233204,0.0,0.0,0.0,0.00030093537367441135,1477,1530
0.0010414660251099083,0.0005099669380224098,0.0,0.0,0.0,9.362921089106505e-05,0.9999999956167854,0.0,0.0,0.0,0.0,0.0,-1.3369441215546776e-20,1477,1530
0.0010414660251099083,0.0005099669380224098,0.0,0.0,0.0,9.362921089106505e-05,0.9999999956167854,0.0,0.0,0.0,0.0,0.0,-1.3369441215546776e-20,1477,1530
0.0010414660251099083,0.0005099669380224098,0.0,0.0,0.0,9.362921089106505e-05,0.9999999956167854,0.0,0.0,0.0,0.0,0.0,-1.3369441215546776e-20,1477,1530
0.0010414660251099083,0.0005099669380224098,0.0,0.0,0.0,9.362921089106505e-05,0.9999999956167854,0.0,0.0,0.0,0.0,0.0,-1.3369441215546776e-20,1477,1530
0.0010414660251099083,0.0005099669380224098,0.0,0.0,0.0,9.362921089106505e-05,0.9999999956167854,0.0,0.0,0.0,0.0,0.0,-1.3401815335242611e-20,1477,1530
0.0010414660251099083,0.0005099669380224098,0.0,0.0,0.0,9.362921089106506e-05,0.9999999956167854,0.0,0.0,0.0,0.0,0.0,1.4648399751839963e-19,1477,1530
0.0010414660251099083,0.0005099669380224098,0.0,0.0,0.0,9.362921089106506e-05,0.9999999956167854,0.0,0.0,0.0,0.0,0.0,1.4648399751839963e-19,1477,1530
0.0008359288606500388,0.0005586720532852769,0.0,0.0,0.0,0.00010198686895152908,0.9999999947993393,-0.001541961440567475,0.0003656958734623215,0.0,0.0,0.0,0.00012540562833472053,1477,1530
0.0008359288606500388,0.0005586720532852769,0.0,0.0,0.0,0.00010198686895152908,0.9999999947993393,-0.001541961440567475,0.0003656958734623215,0.0,0.0,0.0,0.00012540562833472053,1477,1530
0.0009323097246104501,0.0006004960988008039,0.0,0.0,0.0,6.443094225930424e-05,0.9999999979243268,0.00048217841044845673,0.0002091223061094036,0.0,0.0,0.0,-0.0003757396231752932,1477,1530
0.0009323097246104501,0.0006004960988008039,0.0,0.0,0.0,6.443094225930424e-05,0.9999999979243268,0.00048217841044845673,0.0002091223061094036,0.0,0.0,0.0,-0.0003757396231752932,1477,1530
0.0009323097246104501,0.0006004960988008039,0.0,0.0,0.0,6.443094225930424e-05,0.9999999979243268,0.00048217841044845673,0.0002091223061094036,0.0,0.0,0.0,-0.0003757396231752932,1477,1530
0.0010070079577063473,0.0005258098064330473,0.0,0.0,0.0,9.057207600339204e-05,0.9999999958983495,0.0003166582929189938,-0.0003166892820160947,0.0,0.0,0.0,0.00022166183045693922,1477,1530
0.0011013269298839046,0.00040052501986252264,0.0,0.0,0.0,0.00012458498143096206,0.9999999922392911,0.0003567436906224305,-0.00047404471709142245,0.0,0.0,0.0,0.0002573567057181083,1477,1530
0.0011013269298839046,0.00040052501986252264,0.0,0.0,0.0,0.00012458498143096206,0.9999999922392911,0.0003567436906224305,-0.00047404471709142245,0.0,0.0,0.0,0.0002573567057181083,1477,1530
0.0011013269298839046,0.00040052501986252264,0.0,0.0,0.0,0.00012458498143096206,0.9999999922392911,0.0003567436906224305,-0.00047404471709142245,0.0,0.0,0.0,0.0002573567057181083,1477,1530
0.0010991982513639661,0.0004815177345929003,0.0,0.0,0.0,0.00010785447722540989,0.9999999941837059,-1.581009494536328e-05,0.0006073096384247457,0.0,0.0,0.0,-0.00025089985780205265,1477,1530
0.0010991982513639661,0.0004815177345929003,0.0,0.0,0.0,0.00010785447722540989,0.9999999941837059,-1.581009494536328e-05,0.0006073096384247457,0.0,0.0,0.0,-0.00025089985780205265,1477,1530
0.0010991982513639661,0.0004815177345929003,0.0,0.0,0.0,0.00010785447722540989,0.9999999941837059,-1.581009494536328e-05,0.0006073096384247457,0.0,0.0,0.0,-0.00025089985780205265,1477,1530
0.0010556838108664135,0.0006147434391779467,0.0,0.0,0.0,6.772727178454375e-05,0.9999999977065083,-0.00018633401824491325,0.0005709055723189525,0.0,0.0,0.0,-0.00034388606823716793,1477,1530
0.001124715109251643,0.0003562422932028286,0.0,0.0,0.0,0.00012177908120515458,0.9999999925849277,0.00020709218679304623,-0.0007759186660342425,0.0,0.0,0.0,0.0003244727697732017,1477,1530
0.001124715109251643,0.0003562422932028286,0.0,0.0,0.0,0.00012177908120515458,0.9999999925849277,0.00020709218679304623,-0.0007759186660342425,0.0,0.0,0.0,0.0003244727697732017,1477,1530
0.001124715109251643,0.0003562422932028286,0.0,0.0,0.0,0.00012177908120515458,0.9999999925849277,0.00020709218679304623,-0.0007759186660342425,0.0,0.0,0.0,0.0003244727697732017,1477,1530
0.0011751357059143468,0.0003816872577285746,0.0,0.0,0.0,0.0001054590774038113,0.9999999944391915,0.00037755909326123773,0.0001904214092786857,0.0,0.0,0.0,-0.0002443846047639985,1477,1530
0.0010722536238547975,0.0005237226894158615,0.0,0.0,0.0,6.957150683697426e-05,0.9999999975799027,-0.0003860482087511849,0.0005332014436694642,0.0,0.0,0.0,-0.0002694029471816595,1477,1530
0.0010722536238547975,0.0005237226894158615,0.0,0.0,0.0,6.957150683697426e-05,0.9999999975799027,-0.0003860482087511849,0.0005332014436694642,0.0,0.0,0.0,-0.0002694029471816595,1477,1530
0.0010722536238547975,0.0005237226894158615,0.0,0.0,0.0,6.957150683697426e-05,0.9999999975799027,-0.0003860482087511849,0.0005332014436694642,0.0,0.0,0.0,-0.0002694029471816595,1477,1530
0.0010722536238547975,0.0005237226894158615,0.0,0.0,0.0,6.957150683697426e-05,0.9999999975799027,-0.0003860482087511849,0.0005332014436694642,0.0,0.0,0.0,-0.0002694029471816595,1477,1530
0.0010308868362783688,0.0006340383516122627,0.0,0.0,0.0,5.833439493582648e-05,0.9999999982985491,-0.00020575106490424724,0.0005489228523916952,0.0,0.0,0.0,-0.00011182429842022703,1477,1530
0.0010308868362783688,0.0006340383516122627,0.0,0.0,0.0,5.833439493582648e-05,0.9999999982985491,-0.00020575106490424724,0.0005489228523916952,0.0,0.0,0.0,-0.00011182429842022703,1477,1530
0.0010308868362783688,0.0006340383516122627,0.0,0.0,0.0,5.833439493582648e-05,0.9999999982985491,-0.00020575106490424724,0.0005489228523916952,0.0,0.0,0.0,-0.00011182429842022703,1477,1530
0.0011050402522440154,0.0005356622390098974,0.0,0.0,0.0,8.665961458346092e-05,0.9999999962450555,0.0002431146256446863,-0.00032260789961578696,0.0,0.0,0.0,0.00018575924424104755,1477,1530
0.0011050402522440154,0.0005356622390098974,0.0,0.0,0.0,8.665961458346092e-05,0.9999999962450555,0.0002431146256446863,-0.00032260789961578696,0.0,0.0,0.0,0.00018575924424104755,1477,1530
0.0010551055985369736,0.0004103396254166131,0.0,0.0,0.0,0.00013513136067421275,0.9999999908697577,-0.00019150425233067938,-0.00048038225840885736,0.0,0.0,0.0,0.0003716260747945423,1477,1530
0.0010551055985369736,0.0004103396254166131,0.0,0.0,0.0,0.00013513136067421275,0.9999999908697577,-0.00019150425233067938,-0.00048038225840885736,0.0,0.0,0.0,0.0003716260747945423,1477,1530
0.0010952527282164944,0.0005505493016287787,0.0,0.0,0.0,6.300624876875896e-05,0.9999999980151063,0.00020094319319546335,0.0007010571992436814,0.0,0.0,0.0,-0.0007213160405685985,1477,1530
0.0010952527282164944,0.0005505493016287787,0.0,0.0,0.0,6.300624876875896e-05,0.9999999980151063,0.00020094319319546335,0.0007010571992436814,0.0,0.0,0.0,-0.0007213160405685985,1477,1530
0.0011420166632561597,0.00036746260681020813,0.0,0.0,0.0,0.0001318666477035011,0.9999999913055936,0.00017494278517222726,-0.0006852831677951679,0.0,0.0,0.0,0.0005154645908031557,1477,1530
0.0011420166632561597,0.00036746260681020813,0.0,0.0,0.0,0.0001318666477035011,0.9999999913055936,0.00017494278517222726,-0.0006852831677951679,0.0,0.0,0.0,0.0005154645908031557,1477,1530
0.0011420166632561597,0.00036746260681020813,0.0,0.0,0.0,0.0001318666477035011,0.9999999913055936,0.00017494278517222726,-0.0006852831677951679,0.0,0.0,0.0,0.0005154645908031557,1477,1530
0.0011420166632561597,0.00036746260681020813,0.0,0.0,0.0,0.0001318666477035011,0.9999999913055936,0.00017494278517222726,-0.0006852831677951679,0.0,0.0,0.0,0.0005154645908031557,1477,1530
0.0011668758564942932,0.0006603291615789929,0.0,0.0,0.0,2.6811839564567822e-05,0.9999999996405626,0.0001249176248955377,0.0014670653601372816,0.0,0.0,0.0,-0.0010525321062667978,1477,1530
0.0011668758564942932,0.0006603291615789929,0.0,0.0,0.0,2.6811839564567822e-05,0.9999999996405626,0.0001249176248955377,0.0014670653601372816,0.0,0.0,0.0,-0.0010525321062667978,1477,1530
0.0011668758564942932,0.0006603291615789929,0.0,0.0,0.0,2.6811839564567822e-05,0.9999999996405626,0.0001249176248955377,0.0014670653601372816,0.0,0.0,0.0,-0.0010525321062667978,1477,1530
0.0011668758564942932,0.0006603291615789929,0.0,0.0,0.0,2.6811839564567822e-05,0.9999999996405626,0.0001249176248955377,0.0014670653601372816,0.0,0.0,0.0,-0.0010525321062667978,1477,1530
0.0010793839641836964,0.00043727597914030723,0.0,0.0,0.0,0.00011739422011904534,0.9999999931092985,-0.0002187257303045151,-0.0005575348083067952,0.0,0.0,0.0,0.0004528417130196521,1477,1530
0.0011161315059799487,0.00035842013367460527,0.0,0.0,0.0,0.00011862109011087941,0.9999999929645185,9.181843402685383e-05,-0.00019715230612166225,0.0,0.0,0.0,6.134073968553554e-06,1477,1530
0.0011161315059799487,0.00035842013367460527,0.0,0.0,0.0,0.00011862109011087941,0.9999999929645185,9.181843402685383e-05,-0.00019715230612166225,0.0,0.0,0.0,6.134073968553554e-06,1477,1530
0.0011161315059799487,0.00035842013367460527,0.0,0.0,0.0,0.00011862109011087941,0.9999999929645185,9.181843402685383e-05,-0.00019715230612166225,0.0,0.0,0.0,6.134073968553554e-06,1477,1530
0.0010176444421598184,0.0005481122176735668,0.0,0.0,0.0,6.566154082757464e-05,0.9999999978442811,-0.0007379464624081904,0.0014221547522206962,0.0,0.0,0.0,-0.0007939962442211635,1477,1530
0.0010176444421598184,0.0005481122176735668,0.0,0.0,0.0,6.566154082757464e-05,0.9999999978442811,-0.0007379464624081904,0.0014221547522206962,0.0,0.0,0.0,-0.0007939962442211635,1477,1530
0.0009840720509961675,0.0005265979671744904,0.0,0.0,0.0,0.00010794743319763415,0.9999999941736758,-0.00016799535766308718,-0.00010762562160986817,0.0,0.0,0.0,0.0004231593683507351,1477,1530
0.0009840720509961675,0.0005265979671744904,0.0,0.0,0.0,0.00010794743319763415,0.9999999941736758,-0.00016799535766308718,-0.00010762562160986817,0.0,0.0,0.0,0.0004231593683507351,1477,1530
0.0011202831977892645,0.000375223988406331,0.0,0.0,0.0,0.0001294725671850884,0.9999999916184271,0.000583715377691535,-0.0006489754754796953,0.0,0.0,0.0,0.0001845306746611547,1477,1530
0.0011202831977892645,0.000375223988406331,0.0,0.0,0.0,0.0001294725671850884,0.9999999916184271,0.000583715377691535,-0.0006489754754796953,0.0,0.0,0.0,0.0001845306746611547,1477,1530
0.001045324884702555,0.0004775038933258596,0.0,0.0,0.0,7.380854840300893e-05,0.9999999972761491,-0.00037473782339358523,0.0005116039947426679,0.0,0.0,0.0,-0.0005567571094734617,1477,1530
0.0011155188469192654,0.00044919922727876824,0.0,0.0,0.0,0.00014629104687648623,0.9999999892994647,0.00042051969420594306,-0.0001696404546562745,0.0,0.0,0.0,0.0008685115373944746,1477,1530
0.0011155188469192654,0.00044919922727876824,0.0,0.0,0.0,0.00014629104687648623,0.9999999892994647,0.00042051969420594306,-0.0001696404546562745,0.0,0.0,0.0,0.0008685115373944746,1477,1530
0.0011155188469192654,0.00044919922727876824,0.0,0.0,0.0,0.00014629104687648623,0.9999999892994647,0.00042051969420594306,-0.0001696404546562745,0.0,0.0,0.0,0.0008685115373944746,1477,1530
0.001145005291734325,0.00040080865984186507,0.0,0.0,0.0,0.00010898598485184256,0.9999999940610276,0.00017690978324433226,-0.0002905200790621105,0.0,0.0,0.0,-0.00044785332479406405,1477,1530
0.0009774461461957823,0.0005554194827289176,0.0,0.0,0.0,9.530234954465012e-05,0.9999999954587311,-0.0008375308876110447,0.0007731478000575578,0.0,0.0,0.0,-0.00013682061941132576,1477,1530
0.0009774461461957823,0.0005554194827289176,0.0,0.0,0.0,9.530234954465012e-05,0.9999999954587311,-0.0008375308876110447,0.0007731478000575578,0.0,0.0,0.0,-0.00013682061941132576,1477,1530
0.0009774461461957823,0.0005554194827289176,0.0,0.0,0.0,9.530234954465012e-05,0.9999999954587311,-0.0008375308876110447,0.0007731478000575578,0.0,0.0,0.0,-0.00013682061941132576,1477,1530
0.0009774461461957823,0.0005554194827289176,0.0,0.0,0.0,9.530234954465012e-05,0.9999999954587311,-0.0008375308876110447,0.0007731478000575578,0.0,0.0,0.0,-0.00013682061941132576,1477,1530
0.0009774461461957823,0.0005554194827289176,0.0,0.0,0.0,9.530234954465012e-05,0.9999999954587311,-0.0008375308876110447,0.0007731478000575578,0.0,0.0,0.0,-0.00013682061941132576,1477,1530
0.0009774461461957823,0.0005554194827289176,0.0,0.0,0.0,9.530234954465012e-05,0.9999999954587311,-0.0008375308876110447,0.0007731478000575578,0.0,0.0,0.0,-0.00013682061941132576,1477,1530
0.0011073255124318627,0.00024980611049170464,0.0,0.0,0.0,0.00018844593381334994,0.9999999822440649,0.0005563102340674895,-0.0013097223713608094,0.0,0.0,0.0,0.0007982789335415815,1477,1530
0.0011073255124318627,0.00024980611049170464,0.0,0.0,0.0,0.00018844593381334994,0.9999999822440649,0.0005563102340674895,-0.0013097223713608094,0.0,0.0,0.0,0.0007982789335415815,1477,1530
0.0011073255124318627,0.00024980611049170464,0.0,0.0,0.0,0.00018844593381334994,0.9999999822440649,0.0005563102340674895,-0.0013097223713608094,0.0,0.0,0.0,0.0007982789335415815,1477,1530
0.0011073255124318627,0.00024980611049170464,0.0,0.0,0.0,0.00018844593381334994,0.9999999822440649,0.0005563102340674895,-0.0013097223713608094,0.0,0.0,0.0,0.0007982789335415815,1477,1530
0.0012960911816793461,0.0003877248780134267,0.0,0.0,0.0,0.00012044768158338941,0.999999992746178,0.0003332950344059477,0.00024332433123369805,0.0,0.0,0.0,-0.0002400568137346686,1477,1530
0.0012960911816793461,0.0003877248780134267,0.0,0.0,0.0,0.00012044768158338941,0.999999992746178,0.0003332950344059477,0.00024332433123369805,0.0,0.0,0.0,-0.0002400568137346686,1477,1530
0.0011655797042076006,0.0002550835062828689,0.0,0.0,0.0,0.00014821743091797393,0.9999999890157965,-0.000355827292758256,-0.0003614600373218942,0.0,0.0,0.0,0.00015138617223106374,1477,1530
0.0011655797042076006,0.0002550835062828689,0.0,0.0,0.0,0.00014821743091797393,0.9999999890157965,-0.000355827292758256,-0.0003614600373218942,0.0,0.0,0.0,0.00015138617223106374,1477,1530
0.0011655797042076006,0.0002550835062828689,0.0,0.0,0.0,0.00014821743091797393,0.9999999890157965,-0.000355827292758256,-0.0003614600373218942,0.0,0.0,0.0,0.00015138617223106374,1477,1530
0.0011655797042076006,0.0002550835062828689,0.0,0.0,0.0,0.00014821743091797393,0.9999999890157965,-0.000355827292758256,-0.0003614600373218942,0.0,0.0,0.0,0.00015138617223106374,1477,1530
0.0011409296028461896,0.0004439871143408329,0.0,0.0,0.0,0.0001155918009521847,0.9999999933192678,-0.00010544502323358329,0.000809938676765459,0.0,0.0,0.0,-0.0002797589638637473,1477,1530
0.0011409296028461896,0.0004439871143408329,0.0,0.0,0.0,0.0001155918009521847,0.9999999933192678,-0.00010544502323358329,0.000809938676765459,0.0,0.0,0.0,-0.0002797589638637473,1477,1530
0.0010220690324445566,0.0007039784924227021,0.0,0.0,0.0,4.350920368290388e-05,0.9999999990534746,-0.00035527728711102943,0.000777596234759454,0.0,0.0,0.0,-0.00043113148468571584,1477,1530
0.0010220690324445566,0.0007039784924227021,0.0,0.0,0.0,4.350920368290388e-05,0.9999999990534746,-0.00035527728711102943,0.000777596234759454,0.0,0.0,0.0,-0.00043113148468571584,1477,1530
0.0010220690324445566,0.0007039784924227021,0.0,0.0,0.0,4.350920368290388e-05,0.9999999990534746,-0.00035527728711102943,0.000777596234759454,0.0,0.0,0.0,-0.00043113148468571584,1477,1530
0.0010220690324445566,0.0007039784924227021,0.0,0.0,0.0,4.350920368290388e-05,0.9999999990534746,-0.00035527728711102943,0.000777596234759454,0.0,0.0,0.0,-0.00043113148468571584,1477,1530
0.001089299547163298,0.0004551704851806413,0.0,0.0,0.0,9.112129475595254e-05,0.9999999958484548,0.0002892955960885256,-0.0010710008935660021,0.0,0.0,0.0,0.0004098854692679502,1477,1530
0.001089299547163298,0.0004551704851806413,0.0,0.0,0.0,9.112129475595254e-05,0.9999999958484548,0.0002892955960885256,-0.0010710008935660021,0.0,0.0,0.0,0.0004098854692679502,1477,1530
0.001089299547163298,0.0004551704851806413,0.0,0.0,0.0,9.112129475595254e-05,0.9999999958484548,0.0002892955960885256,-0.0010710008935660021,0.0,0.0,0.0,0.0004098854692679502,1477,1530
0.0011041562676829513,0.000445820137952338,0.0,0.0,0.0,9.905155933068181e-05,0.9999999950943943,3.4271184416964614e-05,-2.157791374015212e-05,0.0,0.0,0.0,3.6590947667081425e-05,1477,1530
0.0011041562676829513,0.000445820137952338,0.0,0.0,0.0,9.905155933068181e-05,0.9999999950943943,3.4271184416964614e-05,-2.157791374015212e-05,0.0,0.0,0.0,3.6590947667081425e-05,1477,1530
0.0011266094485625254,0.0002325923448489915,0.0,0.0,0.0,0.0001786410094131141,0.9999999840436947,0.00011209336895427146,-0.0010665291373745686,0.0,0.0,0.0,0.0007961691862351197,1477,1530
0.0011266094485625254,0.0002325923448489915,0.0,0.0,0.0,0.0001786410094131141,0.9999999840436947,0.00011209336895427146,-0.0010665291373745686,0.0,0.0,0.0,0.0007961691862351197,1477,1530
0.0011078269533503732,0.0003431320369102875,0.0,0.0,0.0,0.00013767160841819648,0.999999990523264,-7.027404052162986e-05,0.0004144769683284155,0.0,0.0,0.0,-0.0003072171322636253,1477,1530
0.0011078269533503732,0.0003431320369102875,0.0,0.0,0.0,0.00013767160841819648,0.999999990523264,-7.027404052162986e-05,0.0004144769683284155,0.0,0.0,0.0,-0.0003072171322636253,1477,1530
0.0011078269533503732,0.0003431320369102875,0.0,0.0,0.0,0.00013767160841819648,0.999999990523264,-7.027404052162986e-05,0.0004144769683284155,0.0,0.0,0.0,-0.0003072171322636253,1477,1530
0.0011896112469069306,0.0002713429503619938,0.0,0.0,0.0,0.00017417399367118295,0.9999999848317098,0.0004088001350852113,-0.000359038265781632,0.0,0.0,0.0,0.000365003781698291,1477,1530
0.0011896112469069306,0.0002713429503619938,0.0,0.0,0.0,0.00017417399367118295,0.9999999848317098,0.0004088001350852113,-0.000359038265781632,0.0,0.0,0.0,0.000365003781698291,1477,1530
0.0011463381399322077,0.0004211816530218876,0.0,0.0,0.0,0.00011995555486946385,0.9999999928053324,-0.00012963485352499466,0.0004494646681009531,0.0,0.0,0.0,-0.00032524070945616154,1477,1530
0.0011360668283000154,0.0004356956679515617,0.0,0.0,0.0,0.0001320900846001391,0.9999999912761047,-0.0003075765887785446,0.0004348464402161111,0.0,0.0,0.0,0.0007269885766294635,1477,1530
0.0011360668283000154,0.0004356956679515617,0.0,0.0,0.0,0.0001320900846001391,0.9999999912761047,-0.0003075765887785446,0.0004348464402161111,0.0,0.0,0.0,0.0007269885766294635,1477,1530
0.001173916969604583,0.00020978329991757318,0.0,0.0,0.0,0.00019005066352182026,0.9999999819403725,0.000125965675408738,-0.0007530594701682369,0.0,0.0,0.0,0.0003863961364052505,1477,1530
0.001173916969604583,0.00020978329991757318,0.0,0.0,0.0,0.00019005066352182026,0.9999999819403725,0.000125965675408738,-0.0007530594701682369,0.0,0.0,0.0,0.0003863961364052505,1477,1530
0.0010986427541097629,0.0006216383831205115,0.0,0.0,0.0,6.630591902442562e-05,0.9999999978017625,-0.0005638363637448773,0.0030916162406724374,0.0,0.0,0.0,-0.0018576666007697946,1477,1530
0.0011251340456274364,0.0004261265302886563,0.0,0.0,0.0,0.0001261616228442035,0.9999999920416225,0.00015871758732573417,-0.0011725410907168555,0.0,0.0,0.0,0.0007179310212615936,1477,1530
0.0010314971928419652,0.0005872056215690579,0.0,0.0,0.0,8.075076832030875e-05,0.9999999967396567,-0.0005621393742094926,0.0009675838613039732,0.0,0.0,0.0,-0.000545475732795311,1477,1530
0.0010314971928419652,0.0005872056215690579,0.0,0.0,0.0,8.075076832030875e-05,0.9999999967396567,-0.0005621393742094926,0.0009675838613039732,0.0,0.0,0.0,-0.000545475732795311,1477,1530
0.0010314971928419652,0.0005872056215690579,0.0,0.0,0.0,8.075076832030875e-05,0.9999999967396567,-0.0005621393742094926,0.0009675838613039732,0.0,0.0,0.0,-0.000545475732795311,1477,1530
0.0010314971928419652,0.0005872056215690579,0.0,0.0,0.0,8.075076832030875e-05,0.9999999967396567,-0.0005621393742094926,0.0009675838613039732,0.0,0.0,0.0,-0.000545475732795311,1477,1530
0.0010903571762353118,0.0003283361724370479,0.0,0.0,0.0,0.00013057947180200314,0.9999999914745008,0.0005874533060209722,-0.002585583393928833,0.0,0.0,0.0,0.0009953398534697192,1477,1530
0.0010903571762353118,0.0003283361724370479,0.0,0.0,0.0,0.00013057947180200314,0.9999999914745008,0.0005874533060209722,-0.002585583393928833,0.0,0.0,0.0,0.0009953398534697192,1477,1530
0.0010443132427416734,0.0005424181412482308,0.0,0.0,0.0,9.631386133464973e-05,0.99999999536182,-0.0001971416553199484,0.0009177790336492205,0.0,0.0,0.0,-0.00029377993846571896,1477,1530
0.0010443132427416734,0.0005424181412482308,0.0,0.0,0.0,9.631386133464973e-05,0.99999999536182,-0.0001971416553199484,0.0009177790336492205,0.0,0.0,0.0,-0.00029377993846571896,1477,1530
0.0010443132427416734,0.0005424181412482308,0.0,0.0,0.0,9.631386133464973e-05,0.99999999536182,-0.0001971416553199484,0.0009177790336492205,0.0,0.0,0.0,-0.00029377993846571896,1477,1530
0.0010443132427416734,0.0005424181412482308,0.0,0.0,0.0,9.631386133464973e-05,0.99999999536182,-0.0001971416553199484,0.0009177790336492205,0.0,0.0,0.0,-0.00029377993846571896,1477,1530
0.0011338054660687306,0.0004657249932164948,0.0,0.0,0.0,0.00013246677684749337,0.9999999912262765,0.00024398127398600063,-0.00020916887839026021,0.0,0.0,0.0,0.00019715882817736914,1477,1530
0.0011338054660687306,0.0004657249932164948,0.0,0.0,0.0,0.00013246677684749337,0.9999999912262765,0.00024398127398600063,-0.00020916887839026021,0.0,0.0,0.0,0.00019715882817736914,1477,1530
0.0012867824859778146,0.00031721888196840214,0.0,0.0,0.0,0.00022590028195379572,0.999999974484531,0.0005096818032390266,-0.0004950481888305835,0.0,0.0,0.0,0.0006227551130872821,1477,1530
0.0012231280984182262,0.0004438157379984515,0.0,0.0,0.0,0.00015886289960353458,0.9999999873812895,-0.00023795463894928025,0.00047378118502464843,0.0,0.0,0.0,-0.0005016529117295299,1477,1530
0.0012231280984182262,0.0004438157379984515,0.0,0.0,0.0,0.00015886289960353458,0.9999999873812895,-0.00023795463894928025,0.00047378118502464843,0.0,0.0,0.0,-0.0005016529117295299,1477,1530
0.0012231280984182262,0.0004438157379984515,0.0,0.0,0.0,0.00015886289960353458,0.9999999873812895,-0.00023795463894928025,0.00047378118502464843,0.0,0.0,0.0,-0.0005016529117295299,1477,1530
0.0012663111797543308,0.0002957126471454018,0.0,0.0,0.0,0.00020334654111309544,0.9999999793250919,0.00032459213791646515,-0.001114556852177513,0.0,0.0,0.0,0.0006694655433779893,1477,1530
0.0012663111797543308,0.0002957126471454018,0.0,0.0,0.0,0.00020334654111309544,0.9999999793250919,0.00032459213791646515,-0.001114556852177513,0.0,0.0,0.0,0.0006694655433779893,1477,1530
0.0013319404335487988,0.0004854220241002526,0.0,0.0,0.0,0.00013187372101675172,0.9999999913046609,0.00024638022047043464,0.0007112557803829853,0.0,0.0,0.0,-0.00053600528750673,1477,1530
0.0013319404335487988,0.0004854220241002526,0.0,0.0,0.0,0.00013187372101675172,0.9999999913046609,0.00024638022047043464,0.0007112557803829853,0.0,0.0,0.0,-0.00053600528750673,1477,1530
0.0013412533534337386,0.0003194194425769104,0.0,0.0,0.0,0.00020118142641871922,0.9999999797630166,4.637466819340448e-05,-0.0008305442501979907,0.0,0.0,0.0,0.0006935105072805813,1477,1530
0.0013412533534337386,0.0003194194425769104,0.0,0.0,0.0,0.00020118142641871922,0.9999999797630166,4.637466819340448e-05,-0.0008305442501979907,0.0,0.0,0.0,0.0006935105072805813,1477,1530
0.0013412533534337386,0.0003194194425769104,0.0,0.0,0.0,0.00020118142641871922,0.9999999797630166,4.637466819340448e-05,-0.0008305442501979907,0.0,0.0,0.0,0.0006935105072805813,1477,1530
0.0014744151643749789,0.0005535564043224095,0.0,0.0,0.0,9.575654387739377e-05,0.9999999954153421,0.0005000825921913441,0.0008784670708210407,0.0,0.0,0.0,-0.0007912761273909139,1477,1530
0.0014744151643749789,0.0005535564043224095,0.0,0.0,0.0,9.575654387739377e-05,0.9999999954153421,0.0005000825921913441,0.0008784670708210407,0.0,0.0,0.0,-0.0007912761273909139,1477,1530
0.0011321632311609192,0.0005444558286438225,0.0,0.0,0.0,0.00014758828923221265,0.9999999891088484,-0.0014444252317680174,-3.8130854818253504e-05,0.0,0.0,0.0,0.0004374946884639339,1477,1530
0.0011321632311609192,0.0005444558286438225,0.0,0.0,0.0,0.00014758828923221265,0.9999999891088484,-0.0014444252317680174,-3.8130854818253504e-05,0.0,0.0,0.0,0.0004374946884639339,1477,1530
0.0012814775078422067,0.00015547224201075267,0.0,0.0,0.0,0.00024278311694144695,0.9999999705281787,0.0006487609634637491,-0.0016916010529967461,0.0,0.0,0.0,0.0008278675115206999,1477,1530
0.0012814775078422067,0.00015547224201075267,0.0,0.0,0.0,0.00024278311694144695,0.9999999705281787,0.0006487609634637491,-0.0016916010529967461,0.0,0.0,0.0,0.0008278675115206999,1477,1530
0.0012814775078422067,0.00015547224201075267,0.0,0.0,0.0,0.00024278311694144695,0.9999999705281787,0.0006487609634637491,-0.0016916010529967461,0.0,0.0,0.0,0.0008278675115206999,1477,1530
0.001354765374814663,0.0003709905286395888,0.0,0.0,0.0,0.00017250331102933023,0.9999999851213037,0.00043864345363851733,0.0012878707788776058,0.0,0.0,0.0,-0.0008400796976255517,1477,1530
0.001354765374814663,0.0003709905286395888,0.0,0.0,0.0,0.00017250331102933023,0.9999999851213037,0.00043864345363851733,0.0012878707788776058,0.0,0.0,0.0,-0.0008400796976255517,1477,1530
0.001354765374814663,0.0003709905286395888,0.0,0.0,0.0,0.00017250331102933023,0.9999999851213037,0.00043864345363851733,0.0012878707788776058,0.0,0.0,0.0,-0.0008400796976255517,1477,1530
0.0013360814789287931,0.00024557844398756924,0.0,0.0,0.0,0.00018397323431223588,0.9999999830769244,-7.042060508830861e-05,-0.00047156851959115933,0.0,0.0,0.0,8.626175363652021e-05,1477,1530
0.0013360814789287931,0.00024557844398756924,0.0,0.0,0.0,0.00018397323431223588,0.9999999830769244,-7.042060508830861e-05,-0.00047156851959115933,0.0,0.0,0.0,8.626175363652021e-05,1477,1530
0.0013756685081471969,0.00015089997257172863,0.0,0.0,0.0,0.0001942940992695492,0.9999999811249013,0.0001078598034634413,-0.0002582302451982402,0.0,0.0,0.0,5.629051072687511e-05,1477,1530
0.0013756685081471969,0.00015089997257172863,0.0,0.0,0.0,0.0001942940992695492,0.9999999811249013,0.0001078598034634413,-0.0002582302451982402,0.0,0.0,0.0,5.629051072687511e-05,1477,1530
0.0013756685081471969,0.00015089997257172863,0.0,0.0,0.0,0.0001942940992695492,0.9999999811249013,0.0001078598034634413,-0.0002582302451982402,0.0,0.0,0.0,5.629051072687511e-05,1477,1530
0.0012840935596912678,0.0002547592992326748,0.0,0.0,0.0,0.00021274215114036994,0.9999999773703884,-0.00039021623468115616,0.0004429088635701578,0.0,0.0,0.0,0.00015728982966647335,1477,1530
0.0012840935596912678,0.0002547592992326748,0.0,0.0,0.0,0.00021274215114036994,0.9999999773703884,-0.00039021623468115616,0.0004429088635701578,0.0,0.0,0.0,0.00015728982966647335,1477,1530
0.0012840935596912678,0.0002547592992326748,0.0,0.0,0.0,0.00021274215114036994,0.9999999773703884,-0.00039021623468115616,0.0004429088635701578,0.0,0.0,0.0,0.00015728982966647335,1477,1530
0.0012437658689245853,0.000325412922226517,0.0,0.0,0.0,0.00018105678542110125,0.9999999836092202,-0.0001517721291889685,0.00026616590988560394,0.0,0.0,0.0,-0.00023867190678837025,1477,1530
0.0012437658689245853,0.000325412922226517,0.0,0.0,0.0,0.00018105678542110125,0.9999999836092202,-0.0001517721291889685,0.00026616590988560394,0.0,0.0,0.0,-0.00023867190678837025,1477,1530
0.0012437658689245853,0.000325412922226517,0.0,0.0,0.0,0.00018105678542110125,0.9999999836092202,-0.0001517721291889685,0.00026616590988560394,0.0,0.0,0.0,-0.00023867190678837025,1477,1530
0.0013065417356666947,0.00024153239793697724,0.0,0.0,0.0,0.0001828113729540639,0.9999999832900008,0.0003136286487289058,-0.0004193841479082443,0.0,0.0,0.0,1.7540350409625285e-05,1477,1530
0.0013065417356666947,0.00024153239793697724,0.0,0.0,0.0,0.0001828113729540639,0.9999999832900008,0.0003136286487289058,-0.0004193841479082443,0.0,0.0,0.0,1.7540350409625285e-05,1477,1530
0.0013729871640289428,0.0003279667510763415,0.0,0.0,0.0,0.00020329975089729716,0.9999999793346054,0.00019944563838973268,0.000259249085390816,0.0,0.0,0.0,0.00012293924450863163,1477,1530
0.0013729871640289428,0.0003279667510763415,0.0,0.0,0.0,0.00020329975089729716,0.9999999793346054,0.00019944563838973268,0.000259249085390816,0.0,0.0,0.0,0.00012293924450863163,1477,1530
0.001236665004654877,0.0005812285347487103,0.0,0.0,0.0,0.00013162212523772015,0.999999991337808,-0.0006811196991520915,0.0012666302883515418,0.0,0.0,0.0,-0.0007168013542331853,1477,1530
0.001236665004654877,0.0005812285347487103,0.0,0.0,0.0,0.00013162212523772015,0.999999991337808,-0.0006811196991520915,0.0012666302883515418,0.0,0.0,0.0,-0.0007168013542331853,1477,1530
0.001236665004654877,0.0005812285347487103,0.0,0.0,0.0,0.00013162212523772015,0.999999991337808,-0.0006811196991520915,0.0012666302883515418,0.0,0.0,0.0,-0.0007168013542331853,1477,1530
0.0012399142925332326,0.00034739031308456147,0.0,0.0,0.0,0.00020012807463688534,0.9999999799743766,1.3659207454538944e-05,-0.001001984218249894,0.0,0.0,0.0,0.0005870865067653273,1477,1530
0.0012948574837444214,0.0001654442467155491,0.0,0.0,0.0,0.00019995337501447764,0.9999999800093237,0.00020576668596565797,-0.0006823895446476698,0.0,0.0,0.0,-1.310265210420094e-06,1477,1530
0.0012948574837444214,0.0001654442467155491,0.0,0.0,0.0,0.00019995337501447764,0.9999999800093237,0.00020576668596565797,-0.0006823895446476698,0.0,0.0,0.0,-1.310265210420094e-06,1477,1530
0.0012948574837444214,0.0001654442467155491,0.0,0.0,0.0,0.00019995337501447764,0.9999999800093237,0.00020576668596565797,-0.0006823895446476698,0.0,0.0,0.0,-1.310265210420094e-06,1477,1530
0.0012948574837444214,0.0001654442467155491,0.0,0.0,0.0,0.00019995337501447764,0.9999999800093237,0.00020576668596565797,-0.0006823895446476698,0.0,0.0,0.0,-1.310265210420094e-06,1477,1530
0.0012948574837444214,0.0001654442467155491,0.0,0.0,0.0,0.00019995337501447764,0.9999999800093237,0.00020576668596565797,-0.0006823895446476698,0.0,0.0,0.0,-1.310265210420094e-06,1477,1530
0.0012948574837444214,0.0001654442467155491,0.0,0.0,0.0,0.00019995337501447764,0.9999999800093237,0.00020576668596565797,-0.0006823895446476698,0.0,0.0,0.0,-1.310265210420094e-06,1477,1530
0.0011396556768271501,0.0003569852902984192,0.0,0.0,0.0,0.00017578215022359981,0.9999999845503177,-0.0015516243493659476,0.0019164909029736376,0.0,0.0,0.0,-0.0004835405540462869,1477,1530
0.0011396556768271501,0.0003569852902984192,0.0,0.0,0.0,0.00017578215022359981,0.9999999845503177,-0.0015516243493659476,0.0019164909029736376,0.0,0.0,0.0,-0.0004835405540462869,1477,1530
0.0011547747611645644,0.0004575029417522078,0.0,0.0,0.0,0.0001653646885408288,0.9999999863272598,2.5246471640315397e-05,0.00016744826801713786,0.0,0.0,0.0,-3.470988967821978e-05,1477,1530
0.0011547747611645644,0.0004575029417522078,0.0,0.0,0.0,0.0001653646885408288,0.9999999863272598,2.5246471640315397e-05,0.00016744826801713786,0.0,0.0,0.0,-3.470988967821978e-05,1477,1530
0.0011547747611645644,0.0004575029417522078,0.0,0.0,0.0,0.0001653646885408288,0.9999999863272598,2.5246471640315397e-05,0.00016744826801713786,0.0,0.0,0.0,-3.470988967821978e-05,1477,1530
0.001530546997817052,0.00019843599544663377,0.0,0.0,0.0,0.00021072192158425675,0.9999999777981357,0.0014095944974412543,-0.0009724982686280156,0.0,0.0,0.0,0.0003403651782312556,1477,1530
0.001530546997817052,0.00019843599544663377,0.0,0.0,0.0,0.00021072192158425675,0.9999999777981357,0.0014095944974412543,-0.0009724982686280156,0.0,0.0,0.0,0.0003403651782312556,1477,1530
0.0011272313072146897,-2.8087766365314596e-05,0.0,0.0,0.0,0.0002733563963323851,0.9999999626381396,-0.0015130621667156102,-0.0008489783803257284,0.0,0.0,0.0,0.0004698425584978543,1477,1530
0.0011272313072146897,-2.8087766365314596e-05,0.0,0.0,0.0,0.0002733563963323851,0.9999999626381396,-0.0015130621667156102,-0.0008489783803257284,0.0,0.0,0.0,0.0004698425584978543,1477,1530
0.0011272313072146897,-2.8087766365314596e-05,0.0,0.0,0.0,0.0002733563963323851,0.9999999626381396,-0.0015130621667156102,-0.0008489783803257284,0.0,0.0,0.0,0.0004698425584978543,1477,1530
0.0010638249196678268,0.00014799665097133108,0.0,0.0,0.0,0.00025948311689719664,0.9999999663342555,-0.00023742330153565667,0.0006604753561838101,0.0,0.0,0.0,-0.0001040541518232461,1477,1530
0.0010638249196678268,0.00014799665097133108,0.0,0.0,0.0,0.00025948311689719664,0.9999999663342555,-0.00023742330153565667,0.0006604753561838101,0.0,0.0,0.0,-0.0001040541518232461,1477,1530
0.0010638249196678268,0.00014799665097133108,0.0,0.0,0.0,0.00025948311689719664,0.9999999663342555,-0.00023742330153565667,0.0006604753561838101,0.0,0.0,0.0,-0.0001040541518232461,1477,1530
0.0010638249196678268,0.00014799665097133108,0.0,0.0,0.0,0.00025948311689719664,0.9999999663342555,-0.00023742330153565667,0.0006604753561838101,0.0,0.0,0.0,-0.0001040541518232461,1477,1530
0.0011283541784266693,0.00017166966247446897,0.0,0.0,0.0,0.0002753753377075398,0.999999962084211,0.00038686776176099905,0.00014169740521845168,0.0,0.0,0.0,0.00019051880499588783,1477,1530
0.0011283541784266693,0.00017166966247446897,0.0,0.0,0.0,0.0002753753377075398,0.999999962084211,0.00038686776176099905,0.00014169740521845168,0.0,0.0,0.0,0.00019051880499588783,1477,1530
0.0009397284805612101,0.00012735725312301236,0.0,0.0,0.0,0.00027802487140200555,0.9999999613510847,-0.0004341993710759701,-0.00010175087554337792,0.0,0.0,0.0,1.219640025912258e-05,1477,1530
0.000996646617889597,0.0001248361496265801,0.0,0.0,0.0,0.0002908944939678376,0.9999999576901958,0.0002438048364125963,-1.0934806388806756e-05,0.0,0.0,0.0,0.00011025498249107526,1477,1530
0.000996646617889597,0.0001248361496265801,0.0,0.0,0.0,0.0002908944939678376,0.9999999576901958,0.0002438048364125963,-1.0934806388806756e-05,0.0,0.0,0.0,0.00011025498249107526,1477,1530
0.001202088130937373,0.00022209658944282725,0.0,0.0,0.0,0.0002178429052051745,0.999999976272234,0.0012427013336002313,0.0005874368045709332,0.0,0.0,0.0,-0.0008835247221556963,1477,1530
0.001202088130937373,0.00022209658944282725,0.0,0.0,0.0,0.0002178429052051745,0.999999976272234,0.0012427013336002313,0.0005874368045709332,0.0,0.0,0.0,-0.0008835247221556963,1477,1530
0.0012765255892970397,0.00018283696942235196,0.0,0.0,0.0,0.00024005896243820747,0.9999999711858468,0.00037221711948588716,-0.00019652115974904134,0.0,0.0,0.0,0.00022222946927476448,1477,1530
0.0012765255892970397,0.00018283696942235196,0.0,0.0,0.0,0.00024005896243820747,0.9999999711858468,0.00037221711948588716,-0.00019652115974904134,0.0,0.0,0.0,0.00022222946927476448,1477,1530
0.0013832884043305232,-0.0002030315691129565,0.0,0.0,0.0,0.000303439159418057,0.9999999539623372,0.0005330689450998576,-0.0019302550507229424,0.0,0.0,0.0,0.0006340175588526167,1477,1530
0.0012734922728067208,-0.0001106225930880285,0.0,0.0,0.0,0.0003059927396948375,0.9999999531842205,-0.0008208544416436546,0.0006917165973251666,0.0,0.0,0.0,3.820151687232695e-05,1477,1530
0.0012734922728067208,-0.0001106225930880285,0.0,0.0,0.0,0.0003059927396948375,0.9999999531842205,-0.0008208544416436546,0.0006917165973251666,0.0,0.0,0.0,3.820151687232695e-05,1477,1530
0.0012734922728067208,-0.0001106225930880285,0.0,0.0,0.0,0.0003059927396948375,0.9999999531842205,-0.0008208544416436546,0.0006917165973251666,0.0,0.0,0.0,3.820151687232695e-05,1477,1530
0.001335739274278108,7.188915623606448e-05,0.0,0.0,0.0,0.00026764697942994743,0.9999999641825466,0.0009377668819645295,0.002744088017310886,0.0,0.0,0.0,-0.001153308023974354,1477,1530
0.001335739274278108,7.188915623606448e-05,0.0,0.0,0.0,0.00026764697942994743,0.9999999641825466,0.0009377668819645295,0.002744088017310886,0.0,0.0,0.0,-0.001153308023974354,1477,1530
0.001335739274278108,7.188915623606448e-05,0.0,0.0,0.0,0.00026764697942994743,0.9999999641825466,0.0009377668819645295,0.002744088017310886,0.0,0.0,0.0,-0.001153308023974354,1477,1530
0.0009978331890527848,0.00021309423236990697,0.0,0.0,0.0,0.0002292267429834171,0.9999999737275498,-0.0009217948839049005,0.0003857817769092433,0.0,0.0,0.0,-0.0002096648091915053,1477,1530
0.0009978331890527848,0.00021309423236990697,0.0,0.0,0.0,0.0002292267429834171,0.9999999737275498,-0.0009217948839049005,0.0003857817769092433,0.0,0.0,0.0,-0.0002096648091915053,1477,1530
0.0009978331890527848,0.00021309423236990697,0.0,0.0,0.0,0.0002292267429834171,0.9999999737275498,-0.0009217948839049005,0.0003857817769092433,0.0,0.0,0.0,-0.0002096648091915053,1477,1530
0.0013332806289954378,8.870413854585979e-07,0.0,0.0,0.0,0.0002356472438752108,0.9999999722351879,0.001256684832348337,-0.0007957975204618169,0.0,0.0,0.0,4.812013404534085e-05,1477,1530
0.0013332806289954378,8.870413854585979e-07,0.0,0.0,0.0,0.0002356472438752108,0.9999999722351879,0.001256684832348337,-0.0007957975204618169,0.0,0.0,0.0,4.812013404534085e-05,1477,1530
0.0012521270669903308,0.0001392664255175537,0.0,0.0,0.0,0.00025201667873005375,0.9999999682437963,-0.0002433820734366365,0.00041545268070689186,0.0,0.0,0.0,9.826387697027712e-05,1477,1530
0.0012521270669903308,0.0001392664255175537,0.0,0.0,0.0,0.00025201667873005375,0.9999999682437963,-0.0002433820734366365,0.00041545268070689186,0.0,0.0,0.0,9.826387697027712e-05,1477,1530
0.0012521270669903308,0.0001392664255175537,0.0,0.0,0.0,0.00025201667873005375,0.9999999682437963,-0.0002433820734366365,0.00041545268070689186,0.0,0.0,0.0,9.826387697027712e-05,1477,1530
0.0011742191547234066,0.00017663754871978787,0.0,0.0,0.0,0.0002493527013675539,0.9999999689116147,-0.0003879246657033666,0.00018632155271595266,0.0,0.0,0.0,-2.6535754305157655e-05,1477,1530
0.0011742191547234066,0.00017663754871978787,0.0,0.0,0.0,0.0002493527013675539,0.9999999689116147,-0.0003879246657033666,0.00018632155271595266,0.0,0.0,0.0,-2.6535754305157655e-05,1477,1530
0.001300227445589811,0.00014717811791781327,0.0,0.0,0.0,0.00025298878069731956,0.9999999679983379,0.0005370959686762544,-0.00012584998977795055,0.0,0.0,0.0,3.100036613440742e-05,1477,1530
0.001300227445589811,0.00014717811791781327,0.0,0.0,0.0,0.00025298878069731956,0.9999999679983379,0.0005370959686762544,-0.00012584998977795055,0.0,0.0,0.0,3.100036613440742e-05,1477,1530
0.001192192109824586,6.901873077876021e-06,0.0,0.0,0.0,0.0003022395290818456,0.9999999543256325,-0.0004672664498290468,-0.0006060778419238499,0.0,0.0,0.0,0.0004257517560800429,1477,1530
0.001192192109824586,6.901873077876021e-06,0.0,0.0,0.0,0.0003022395290818456,0.9999999543256325,-0.0004672664498290468,-0.0006060778419238499,0.0,0.0,0.0,0.0004257517560800429,1477,1530
0.001192192109824586,6.901873077876021e-06,0.0,0.0,0.0,0.0003022395290818456,0.9999999543256325,-0.0004672664498290468,-0.0006060778419238499,0.0,0.0,0.0,0.0004257517560800429,1477,1530
0.0011637279741303112,-0.00017376516714787067,0.0,0.0,0.0,0.00032661047351162105,0.9999999466627979,-0.00012236819197731139,-0.0007736508791972104,0.0,0.0,0.0,0.0002087420344291895,1477,1530
0.0011637279741303112,-0.00017376516714787067,0.0,0.0,0.0,0.00032661047351162105,0.9999999466627979,-0.00012236819197731139,-0.0007736508791972104,0.0,0.0,0.0,0.0002087420344291895,1477,1530
0.0011637279741303112,-0.00017376516714787067,0.0,0.0,0.0,0.00032661047351162105,0.9999999466627979,-0.00012236819197731139,-0.0007736508791972104,0.0,0.0,0.0,0.0002087420344291895,1477,1530
0.0013632782697771564,-2.9570885497505348e-05,0.0,0.0,0.0,0.00027088070817449494,0.9999999633118203,0.000856446127087958,0.0006180135407645353,0.0,0.0,0.0,-0.0004781454759373459,1477,1530
0.0013632782697771564,-2.9570885497505348e-05,0.0,0.0,0.0,0.00027088070817449494,0.9999999633118203,0.000856446127087958,0.0006180135407645353,0.0,0.0,0.0,-0.0004781454759373459,1477,1530
0.0013632782697771564,-2.9570885497505348e-05,0.0,0.0,0.0,0.00027088070817449494,0.9999999633118203,0.000856446127087958,0.0006180135407645353,0.0,0.0,0.0,-0.0004781454759373459,1477,1530
0.0013632782697771564,-2.9570885497505348e-05,0.0,0.0,0.0,0.00027088070817449494,0.9999999633118203,0.000856446127087958,0.0006180135407645353,0.0,0.0,0.0,-0.0004781454759373459,1477,1530
0.0010338329732805915,-5.7039419377996184e-05,0.0,0.0,0.0,0.0002981808369162329,0.9999999555440933,-0.0009760827224029859,-8.085149927715963e-05,0.0,0.0,0.0,0.0001617627304250153,1477,1530
0.0012122189493770784,0.00014535734030487573,0.0,0.0,0.0,0.0002668923556172086,0.9999999643842346,0.00045092466690983666,0.0005110045296345827,0.0,0.0,0.0,-0.00015807533088821131,1477,1530
0.001380782602123344,-0.00022755239399935523,0.0,0.0,0.0,0.000314255030666344,0.9999999506218866,0.00251703655590401,-0.00557631421551608,0.0,0.0,0.0,0.0014161362546073531,1477,1530
0.001380782602123344,-0.00022755239399935523,0.0,0.0,0.0,0.000314255030666344,0.9999999506218866,0.00251703655590401,-0.00557631421551608,0.0,0.0,0.0,0.0014161362546073531,1477,1530
0.0012622382193838177,-0.00011227683304872082,0.0,0.0,0.0,0.00031413428900694445,0.9999999506598231,-0.0011843874463073258,0.0011531775554431097,0.0,0.0,0.0,-2.414157343129644e-06,1477,1530
0.0012622382193838177,-0.00011227683304872082,0.0,0.0,0.0,0.00031413428900694445,0.9999999506598231,-0.0011843874463073258,0.0011531775554431097,0.0,0.0,0.0,-2.414157343129644e-06,1477,1530
0.0012622382193838177,-0.00011227683304872082,0.0,0.0,0.0,0.00031413428900694445,0.9999999506598231,-0.0011843874463073258,0.0011531775554431097,0.0,0.0,0.0,-2.414157343129644e-06,1477,1530
0.001357458200963351,-0.00020044599712005628,0.0,0.0,0.0,0.0003400922565768626,0.9999999421686269,0.0003570702169643289,-0.00033104692189813334,0.0,0.0,0.0,0.00019479555714705228,1477,1530
0.001357458200963351,-0.00020044599712005628,0.0,0.0,0.0,0.0003400922565768626,0.9999999421686269,0.0003570702169643289,-0.00033104692189813334,0.0,0.0,0.0,0.00019479555714705228,1477,1530
0.0012948310886806977,-1.9491627062074717e-05,0.0,0.0,0.0,0.0002920660613976642,0.999999957348707,-0.0002343651566111968,0.0006786663649038739,0.0,0.0,0.0,-0.0003601582149227039,1477,1530
0.0012948310886806977,-1.9491627062074717e-05,0.0,0.0,0.0,0.0002920660613976642,0.999999957348707,-0.0002343651566111968,0.0006786663649038739,0.0,0.0,0.0,-0.0003601582149227039,1477,1530
0.0012948310886806977,-1.9491627062074717e-05,0.0,0.0,0.0,0.0002920660613976642,0.999999957348707,-0.0002343651566111968,0.0006786663649038739,0.0,0.0,0.0,-0.0003601582149227039,1477,1530
0.0013414446058410158,-5.821276644751353e-05,0.0,0.0,0.0,0.0003121905370792167,0.999999951268533,0.0002327845220360615,-0.00019360047780610552,0.0,0.0,0.0,0.00020109796447623316,1477,1530
0.0013414446058410158,-5.821276644751353e-05,0.0,0.0,0.0,0.0003121905370792167,0.999999951268533,0.0002327845220360615,-0.00019360047780610552,0.0,0.0,0.0,0.00020109796447623316,1477,1530
0.0012658207382202403,-3.576948181838466e-06,0.0,0.0,0.0,0.0003040679229304414,0.999999953771348,-0.0003242399671876686,0.00023456123315905404,0.0,0.0,0.0,-6.968343307184897e-05,1477,1530
0.0012658207382202403,-3.576948181838466e-06,0.0,0.0,0.0,0.0003040679229304414,0.999999953771348,-0.0003242399671876686,0.00023456123315905404,0.0,0.0,0.0,-6.968343307184897e-05,1477,1530
0.0012658207382202403,-3.576948181838466e-06,0.0,0.0,0.0,0.0003040679229304414,0.999999953771348,-0.0003242399671876686,0.00023456123315905404,0.0,0.0,0.0,-6.968343307184897e-05,1477,1530
0.001260306327230464,-0.00030505378610271234,0.0,0.0,0.0,0.0003656306071563807,0.9999999331571273,-4.2679446846407216e-05,-0.0022582110146183716,0.0,0.0,0.0,0.00092228054693377,1477,1530
0.001260306327230464,-0.00030505378610271234,0.0,0.0,0.0,0.0003656306071563807,0.9999999331571273,-4.2679446846407216e-05,-0.0022582110146183716,0.0,0.0,0.0,0.00092228054693377,1477,1530
0.001260306327230464,-0.00030505378610271234,0.0,0.0,0.0,0.0003656306071563807,0.9999999331571273,-4.2679446846407216e-05,-0.0022582110146183716,0.0,0.0,0.0,0.00092228054693377,1477,1530
0.0015777276527940253,-0.00017952495015228462,0.0,0.0,0.0,0.0003154380608904279,0.9999999502494137,-0.00014349879493787273,-0.0008160330348165881,0.0,0.0,0.0,0.0006961683933610897,1477,1530
0.0015777276527940253,-0.00017952495015228462,0.0,0.0,0.0,0.0003154380608904279,0.9999999502494137,-0.00014349879493787273,-0.0008160330348165881,0.0,0.0,0.0,0.0006961683933610897,1477,1530
0.0015777276527940253,-0.00017952495015228462,0.0,0.0,0.0,0.0003154380608904279,0.9999999502494137,-0.00014349879493787273,-0.0008160330348165881,0.0,0.0,0.0,0.0006961683933610897,1477,1530
0.0016062407657294292,-0.0001781056932507203,0.0,0.0,0.0,0.0003049825615437408,0.9999999534928175,0.000215471595418172,1.0588956480357984e-05,0.0,0.0,0.0,-0.00015801802799925822,1477,1530
0.0016062407657294292,-0.0001781056932507203,0.0,0.0,0.0,0.0003049825615437408,0.9999999534928175,0.000215471595418172,1.0588956480357984e-05,0.0,0.0,0.0,-0.00015801802799925822,1477,1530
0.0016062407657294292,-0.0001781056932507203,0.0,0.0,0.0,0.0003049825615437408,0.9999999534928175,0.000215471595418172,1.0588956480357984e-05,0.0,0.0,0.0,-0.00015801802799925822,1477,1530
0.0014584246870832022,-0.00021220336534409905,0.0,0.0,0.0,0.00035399626296803215,0.9999999373433209,-0.0005534121051669307,-0.0001273036048986839,0.0,0.0,0.0,0.0003669555626522498,1477,1530
0.0014584246870832022,-0.00021220336534409905,0.0,0.0,0.0,0.00035399626296803215,0.9999999373433209,-0.0005534121051669307,-0.0001273036048986839,0.0,0.0,0.0,0.0003669555626522498,1477,1530
0.0014584246870832022,-0.00021220336534409905,0.0,0.0,0.0,0.00035399626296803215,0.9999999373433209,-0.0005534121051669307,-0.0001273036048986839,0.0,0.0,0.0,0.0003669555626522498,1477,1530
0.0014584246870832022,-0.00021220336534409905,0.0,0.0,0.0,0.00035399626296803215,0.9999999373433209,-0.0005534121051669307,-0.0001273036048986839,0.0,0.0,0.0,0.0003669555626522498,1477,1530
0.0015858655881997887,-0.0002753566254522942,0.0,0.0,0.0,0.0003611591577861326,0.9999999347820292,0.000382084544433362,-0.0001896788218008818,0.0,0.0,0.0,4.2965684989592276e-05,1477,1530
0.0015858655881997887,-0.0002753566254522942,0.0,0.0,0.0,0.0003611591577861326,0.9999999347820292,0.000382084544433362,-0.0001896788218008818,0.0,0.0,0.0,4.2965684989592276e-05,1477,1530
0.0015858655881997887,-0.0002753566254522942,0.0,0.0,0.0,0.0003611591577861326,0.9999999347820292,0.000382084544433362,-0.0001896788218008818,0.0,0.0,0.0,4.2965684989592276e-05,1477,1530
0.0015858655881997887,-0.0002753566254522942,0.0,0.0,0.0,0.0003611591577861326,0.9999999347820292,0.000382084544433362,-0.0001896788218008818,0.0,0.0,0.0,4.2965684989592276e-05,1477,1530
0.0016332023176130505,-0.0002722422654565174,0.0,0.0,0.0,0.0003381459493444316,0.9999999428286568,0.00012923303847199209,8.40870362538346e-06,0.0,0.0,0.0,-0.00012564985024550153,1477,1530
0.0016332023176130505,-0.0002722422654565174,0.0,0.0,0.0,0.0003381459493444316,0.9999999428286568,0.00012923303847199209,8.40870362538346e-06,0.0,0.0,0.0,-0.00012564985024550153,1477,1530
0.001390935861722009,-0.0003075932477008835,0.0,0.0,0.0,0.0004022352705166375,0.9999999191033904,-0.0006051811071780002,-8.788872846447629e-05,0.0,0.0,0.0,0.0003201584850171648,1477,1530
0.001390935861722009,-0.0003075932477008835,0.0,0.0,0.0,0.0004022352705166375,0.9999999191033904,-0.0006051811071780002,-8.788872846447629e-05,0.0,0.0,0.0,0.0003201584850171648,1477,1530
0.0013286475547124648,0.00015061126167384208,0.0,0.0,0.0,0.0002607979755185265,0.9999999659922074,-0.00031017063909990095,0.0022955075625025797,0.0,0.0,0.0,-0.001416987365856499,1477,1530
0.0014729793483302198,-0.00016461329907576906,0.0,0.0,0.0,0.000358532411761286,0.9999999357272528,0.0007142726054319287,-0.0015621429103827957,0.0,0.0,0.0,0.0009684444040474636,1477,1530
0.0014729793483302198,-0.00016461329907576906,0.0,0.0,0.0,0.000358532411761286,0.9999999357272528,0.0007142726054319287,-0.0015621429103827957,0.0,0.0,0.0,0.0009684444040474636,1477,1530
0.0014551564898628805,-0.0002538777175399026,0.0,0.0,0.0,0.00035120404267745075,0.9999999383278583,-0.00027544522861193773,-0.0013744127532572075,0.0,0.0,0.0,-0.00022570358019101833,1477,1530
0.0014551564898628805,-0.0002538777175399026,0.0,0.0,0.0,0.00035120404267745075,0.9999999383278583,-0.00027544522861193773,-0.0013744127532572075,0.0,0.0,0.0,-0.00022570358019101833,1477,1530
0.0013753671126763773,-8.481607791544884e-05,0.0,0.0,0.0,0.00030340593122391295,0.9999999539724194,-0.00034177258482306514,0.0007254842890441693,0.0,0.0,0.0,-0.00041009063532374413,1477,1530
0.0013753671126763773,-8.481607791544884e-05,0.0,0.0,0.0,0.00030340593122391295,0.9999999539724194,-0.00034177258482306514,0.0007254842890441693,0.0,0.0,0.0,-0.00041009063532374413,1477,1530
0.0015397438965655986,-4.595288497287139e-05,0.0,0.0,0.0,0.00028558173425076287,0.9999999592215357,0.0008210656664960145,0.00019359650003834974,0.0,0.0,0.0,-0.0001780390129787889,1477,1530
0.0015397438965655986,-4.595288497287139e-05,0.0,0.0,0.0,0.00028558173425076287,0.9999999592215357,0.0008210656664960145,0.00019359650003834974,0.0,0.0,0.0,-0.0001780390129787889,1477,1530
0.0015397438965655986,-4.595288497287139e-05,0.0,0.0,0.0,0.00028558173425076287,0.9999999592215357,0.0008210656664960145,0.00019359650003834974,0.0,0.0,0.0,-0.0001780390129787889,1477,1530
0.0014773098366474833,-1.843953807593807e-05,0.0,0.0,0.0,0.00028289217953630154,0.9999999599860065,-0.00026307989174851313,0.0001161131352182693,0.0,0.0,0.0,-2.267179316449718e-05,1477,1530
0.0014773098366474833,-1.843953807593807e-05,0.0,0.0,0.0,0.00028289217953630154,0.9999999599860065,-0.00026307989174851313,0.0001161131352182693,0.0,0.0,0.0,-2.267179316449718e-05,1477,1530
0.0013655265690767813,-0.00014659056533347756,0.0,0.0,0.0,0.0003081656016031707,0.9999999525169798,-0.0004258721859922207,-0.00048767284923467117,0.0,0.0,0.0,0.0001924487107873786,1477,1530
0.0013655265690767813,-0.00014659056533347756,0.0,0.0,0.0,0.0003081656016031707,0.9999999525169798,-0.0004258721859922207,-0.00048767284923467117,0.0,0.0,0.0,0.0001924487107873786,1477,1530
0.0013655265690767813,-0.00014659056533347756,0.0,0.0,0.0,0.0003081656016031707,0.9999999525169798,-0.0004258721859922207,-0.00048767284923467117,0.0,0.0,0.0,0.0001924487107873786,1477,1530
0.0013144161036894911,1.9347552858487414e-05,0.0,0.0,0.0,0.0003089489966125632,0.9999999522752576,-0.000191205159629146,0.0006221402082981966,0.0,0.0,0.0,5.873142958669057e-06,1477,1530
0.0013144161036894911,1.9347552858487414e-05,0.0,0.0,0.0,0.0003089489966125632,0.9999999522752576,-0.000191205159629146,0.0006221402082981966,0.0,0.0,0.0,5.873142958669057e-06,1477,1530
0.0012432942199953666,-5.841963924196181e-05,0.0,0.0,0.0,0.000338560376764572,0.999999942688434,-0.0003561006625004373,-0.0003888903236164549,0.0,0.0,0.0,0.00029632272452732064,1477,1530
0.0012432942199953666,-5.841963924196181e-05,0.0,0.0,0.0,0.000338560376764572,0.999999942688434,-0.0003561006625004373,-0.0003888903236164549,0.0,0.0,0.0,0.00029632272452732064,1477,1530
0.00142329689126698,0.00022134937978884135,0.0,0.0,0.0,0.0002191698625289322,0.9999999759822854,0.0006754458528902559,0.0010482506657572084,0.0,0.0,0.0,-0.0008950652697228855,1477,1530
0.00142329689126698,0.00022134937978884135,0.0,0.0,0.0,0.0002191698625289322,0.9999999759822854,0.0006754458528902559,0.0010482506657572084,0.0,0.0,0.0,-0.0008950652697228855,1477,1530
0.0015530298360190145,0.0002435992424421307,0.0,0.0,0.0,0.0002469890433716852,0.9999999694982058,0.0012975695855236375,0.0002219543491159852,0.0,0.0,0.0,0.0005564448408467872,1477,1530
0.0015530298360190145,0.0002435992424421307,0.0,0.0,0.0,0.0002469890433716852,0.9999999694982058,0.0012975695855236375,0.0002219543491159852,0.0,0.0,0.0,0.0005564448408467872,1477,1530
0.0016300038186989982,-0.00019715396132120362,0.0,0.0,0.0,0.00030715564824818835,0.9999999528277027,0.0002874744416555886,-0.0016508909051161206,0.0,0.0,0.0,0.0004506828200443844,1477,1530
0.0014913352707857557,-0.0005519148790173911,0.0,0.0,0.0,0.0003646612634814652,0.9999999335110793,-0.000834649163027885,-0.0021314515243610666,0.0,0.0,0.0,0.000691169145063009,1477,1530
0.0014913352707857557,-0.0005519148790173911,0.0,0.0,0.0,0.0003646612634814652,0.9999999335110793,-0.000834649163027885,-0.0021314515243610666,0.0,0.0,0.0,0.000691169145063009,1477,1530
0.0014475298391802723,-0.00024578936755845253,0.0,0.0,0.0,0.000320033076832087,0.9999999487894136,-0.000261393604860792,0.0018362464963058288,0.0,0.0,0.0,-0.000535334843801535,1477,1530
0.0014475298391802723,-0.00024578936755845253,0.0,0.0,0.0,0.000320033076832087,0.9999999487894136,-0.000261393604860792,0.0018362464963058288,0.0,0.0,0.0,-0.000535334843801535,1477,1530
0.0016656616595958325,0.00015971547710598357,0.0,0.0,0.0,0.00022935713743414183,0.9999999736976514,0.0013107149540622523,0.0024328720610475303,0.0,0.0,0.0,-0.0010884160692094238,1477,1530
0.0016656616595958325,0.00015971547710598357,0.0,0.0,0.0,0.00022935713743414183,0.9999999736976514,0.0013107149540622523,0.0024328720610475303,0.0,0.0,0.0,-0.0010884160692094238,1477,1530
0.0016656616595958325,0.00015971547710598357,0.0,0.0,0.0,0.00022935713743414183,0.9999999736976514,0.0013107149540622523,0.0024328720610475303,0.0,0.0,0.0,-0.0010884160692094238,1477,1530
0.0014359527251970045,0.0002589866203345572,0.0,0.0,0.0,0.00023723529253020124,0.9999999718597076,-0.0013781676696551135,0.0005963401235497166,0.0,0.0,0.0,9.45507226229682e-05,1477,1530
0.0014359527251970045,0.0002589866203345572,0.0,0.0,0.0,0.00023723529253020124,0.9999999718597076,-0.0013781676696551135,0.0005963401235497166,0.0,0.0,0.0,9.45507226229682e-05,1477,1530
0.0016206675500318713,-0.0004352036153653272,0.0,0.0,0.0,0.00037698734075424124,0.9999999289402699,0.000614251600562142,-0.0023128793130417625,0.0,0.0,0.0,0.0009311247920299678,1477,1530
0.0016206675500318713,-0.0004352036153653272,0.0,0.0,0.0,0.00037698734075424124,0.9999999289402699,0.000614251600562142,-0.0023128793130417625,0.0,0.0,0.0,0.0009311247920299678,1477,1530
0.0016206675500318713,-0.0004352036153653272,0.0,0.0,0.0,0.00037698734075424124,0.9999999289402699,0.0,0.0,0.0,0.0,0.0,-1.0825064338899867e-20,1477,1530
0.0016206675500318713,-0.0004352036153653272,0.0,0.0,0.0,0.00037698734075424124,0.9999999289402699,0.0,0.0,0.0,0.0,0.0,-1.0825064338899867e-20,1477,1530
0.0016206675500318713,-0.0004352036153653272,0.0,0.0,0.0,0.00037698734075424124,0.9999999289402699,0.0,0.0,0.0,0.0,0.0,-1.439799895598755e-20,1477,1530
0.0016206675500318713,-0.0004352036153653272,0.0,0.0,0.0,0.00037698734075424124,0.9999999289402699,0.0,0.0,0.0,0.0,0.0,-1.439799895598755e-20,1477,1530
0.0016206675500318713,-0.0004352036153653272,0.0,0.0,0.0,0.00037698734075424124,0.9999999289402699,0.0,0.0,0.0,0.0,0.0,-1.7361153805122122e-20,1477,1530
0.0016206675500318713,-0.0004352036153653272,0.0,0.0,0.0,0.0003769873407542414,0.9999999289402699,0.0,0.0,0.0,0.0,0.0,1.3812739325714673e-18,1477,1530
0.0016206675500318713,-0.0004352036153653272,0.0,0.0,0.0,0.0003769873407542414,0.9999999289402699,0.0,0.0,0.0,0.0,0.0,1.3812739325714673e-18,1477,1530
0.0015725805868993,-0.00032826273826523536,0.0,0.0,0.0,0.0003563404578422726,0.999999936510737,-0.0014348662090552962,0.0031974505500633565,0.0,0.0,0.0,-0.0012342340496026038,1477,1530
0.0015725805868993,-0.00032826273826523536,0.0,0.0,0.0,0.0003563404578422726,0.999999936510737,-0.0014348662090552962,0.0031974505500633565,0.0,0.0,0.0,-0.0012342340496026038,1477,1530
0.0018102664715012196,-0.0004557587945960979,0.0,0.0,0.0,0.0003836817113054255,0.9999999263941696,0.0010176898474696925,-0.0005468289385366956,0.0,0.0,0.0,0.00023422144931547917,1477,1530
0.0018102664715012196,-0.0004557587945960979,0.0,0.0,0.0,0.0003836817113054255,0.9999999263941696,0.0010176898474696925,-0.0005468289385366956,0.0,0.0,0.0,0.00023422144931547917,1477,1530
0.0014977506982792803,-0.0003371129689921801,0.0,0.0,0.0,0.00035208086214329496,0.9999999380195314,-0.0015635538355089813,0.0005949724189009384,0.0,0.0,0.0,-0.00031629792556751916,1477,1530
0.0014977506982792803,-0.0003371129689921801,0.0,0.0,0.0,0.00035208086214329496,0.9999999380195314,-0.0015635538355089813,0.0005949724189009384,0.0,0.0,0.0,-0.00031629792556751916,1477,1530
0.0015948718141094284,-0.0005598639586849065,0.0,0.0,0.0,0.0004151547483789333,0.9999999138232638,0.0004839983979256914,-0.00111220586720592,0.0,0.0,0.0,0.0006296684720508343,1477,1530
0.0015948718141094284,-0.0005598639586849065,0.0,0.0,0.0,0.0004151547483789333,0.9999999138232638,0.0004839983979256914,-0.00111220586720592,0.0,0.0,0.0,0.0006296684720508343,1477,1530
0.0017163887756604962,-0.0002874582226275151,0.0,0.0,0.0,0.0003503482399079238,0.9999999386280535,-0.00018669409413554663,0.0008108023202454621,0.0,0.0,0.0,-0.00023295633827910637,1477,1530
0.0017163887756604962,-0.0002874582226275151,0.0,0.0,0.0,0.0003503482399079238,0.9999999386280535,-0.00018669409413554663,0.0008108023202454621,0.0,0.0,0.0,-0.00023295633827910637,1477,1530
0.0017163887756604962,-0.0002874582226275151,0.0,0.0,0.0,0.0003503482399079238,0.9999999386280535,-0.00018669409413554663,0.0008108023202454621,0.0,0.0,0.0,-0.00023295633827910637,1477,1530
0.0018347402279825411,-0.0005459479749630582,0.0,0.0,0.0,0.00039288675256002055,0.9999999228199968,0.0007048084575594833,-0.0015422163346737307,0.0,0.0,0.0,0.0005074287777237701,1477,1530
0.0018347402279825411,-0.0005459479749630582,0.0,0.0,0.0,0.00039288675256002055,0.9999999228199968,0.0007048084575594833,-0.0015422163346737307,0.0,0.0,0.0,0.0005074287777237701,1477,1530
0.0015740013181179467,-0.0002759454421311381,0.0,0.0,0.0,0.00031140778110610404,0.9999999515125957,-0.001578882523462871,0.0016375507171698816,0.0,0.0,0.0,-0.0009875820594073125,1477,1530
0.0015740013181179467,-0.0002759454421311381,0.0,0.0,0.0,0.00031140778110610404,0.9999999515125957,-0.001578882523462871,0.0016375507171698816,0.0,0.0,0.0,-0.0009875820594073125,1477,1530
0.0015740013181179467,-0.0002759454421311381,0.0,0.0,0.0,0.00031140778110610404,0.9999999515125957,-0.001578882523462871,0.0016375507171698816,0.0,0.0,0.0,-0.0009875820594073125,1477,1530
0.0015779691634662206,-0.0003594588047405444,0.0,0.0,0.0,0.00035484114987102764,0.9999999370438772,1.679432141903571e-05,-0.00035818487265501324,0.0,0.0,0.0,0.0003725564080614829,1477,1530
0.0015511821237950364,-0.00037329146007541314,0.0,0.0,0.0,0.00032468308766123546,0.9999999472904448,-0.00011485020450704333,-5.9204704117723116e-05,0.0,0.0,0.0,-0.00025851246311556106,1477,1530
0.0015511821237950364,-0.00037329146007541314,0.0,0.0,0.0,0.00032468308766123546,0.9999999472904448,-0.00011485020450704333,-5.9204704117723116e-05,0.0,0.0,0.0,-0.00025851246311556106,1477,1530
0.0015511821237950364,-0.00037329146007541314,0.0,0.0,0.0,0.00032468308766123546,0.9999999472904448,-0.00011485020450704333,-5.9204704117723116e-05,0.0,0.0,0.0,-0.00025851246311556106,1477,1530
0.0015511821237950364,-0.00037329146007541314,0.0,0.0,0.0,0.00032468308766123546,0.9999999472904448,-0.00011485020450704333,-5.9204704117723116e-05,0.0,0.0,0.0,-0.00025851246311556106,1477,1530
0.0015511821237950364,-0.00037329146007541314,0.0,0.0,0.0,0.00032468308766123546,0.9999999472904448,-0.00011485020450704333,-5.9204704117723116e-05,0.0,0.0,0.0,-0.00025851246311556106,1477,1530
0.0015511821237950364,-0.00037329146007541314,0.0,0.0,0.0,0.00032468308766123546,0.9999999472904448,-0.00011485020450704333,-5.9204704117723116e-05,0.0,0.0,0.0,-0.00025851246311556106,1477,1530
0.0015511821237950364,-0.00037329146007541314,0.0,0.0,0.0,0.00032468308766123546,0.9999999472904448,-0.00011485020450704333,-5.9204704117723116e-05,0.0,0.0,0.0,-0.00025851246311556106,1477,1530
0.0015511821237950364,-0.00037329146007541314,0.0,0.0,0.0,0.00032468308766123546,0.9999999472904448,-0.00011485020450704333,-5.9204704117723116e-05,0.0,0.0,0.0,-0.00025851246311556106,1477,1530
0.0015511821237950364,-0.00037329146007541314,0.0,0.0,0.0,0.00032468308766123546,0.9999999472904448,-0.00011485020450704333,-5.9204704117723116e-05,0.0,0.0,0.0,-0.00025851246311556106,1477,1530
0.0015511821237950364,-0.00037329146007541314,0.0,0.0,0.0,0.00032468308766123546,0.9999999472904448,-0.00011485020450704333,-5.9204704117723116e-05,0.0,0.0,0.0,-0.00025851246311556106,1477,1530
0.00172973699012415,-0.00044019988018949774,0.0,0.0,0.0,0.0003872479978060643,0.9999999250194913,0.0002116326788286844,9.501962792249629e-05,0.0,0.0,0.0,1.420620731145419e-05,1477,1530
0.00172973699012415,-0.00044019988018949774,0.0,0.0,0.0,0.0003872479978060643,0.9999999250194913,0.0002116326788286844,9.501962792249629e-05,0.0,0.0,0.0,1.420620731145419e-05,1477,1530
0.0017208129867482558,-0.0004620031429588243,0.0,0.0,0.0,0.0003758573127614706,0.9999999293656378,-5.366195863415052e-05,-0.00013081862152679321,0.0,0.0,0.0,-0.00013673061697387198,1477,1530
0.0017208129867482558,-0.0004620031429588243,0.0,0.0,0.0,0.0003758573127614706,0.9999999293656378,-5.366195863415052e-05,-0.00013081862152679321,0.0,0.0,0.0,-0.00013673061697387198,1477,1530
0.0017208129867482558,-0.0004620031429588243,0.0,0.0,0.0,0.0003758573127614706,0.9999999293656378,-5.366195863415052e-05,-0.00013081862152679321,0.0,0.0,0.0,-0.00013673061697387198,1477,1530
0.001767578020191784,-0.0003581647842894813,0.0,0.0,0.0,0.00035172203991874664,0.9999999381458015,0.00019969934960456634,0.0004425291402663602,0.0,0.0,0.0,-0.00020578488487801454,1477,1530
0.0015948427568734937,-0.0003705611091568576,0.0,0.0,0.0,0.00037772893590042576,0.999999928660423,-0.0006455424828621112,-4.587085786159265e-05,0.0,0.0,0.0,0.0001943750646257223,1477,1530
0.0015948427568734937,-0.0003705611091568576,0.0,0.0,0.0,0.00037772893590042576,0.999999928660423,-0.0006455424828621112,-4.587085786159265e-05,0.0,0.0,0.0,0.0001943750646257223,1477,1530
0.0017571244384628015,-0.0005339829894038982,0.0,0.0,0.0,0.0003788816836874161,0.9999999282243324,0.0008184185455638233,-0.0008254150208862132,0.0,0.0,0.0,1.1635925520630947e-05,1477,1530
0.0017571244384628015,-0.0005339829894038982,0.0,0.0,0.0,0.0003788816836874161,0.9999999282243324,0.0008184185455638233,-0.0008254150208862132,0.0,0.0,0.0,1.1635925520630947e-05,1477,1530
0.0017571244384628015,-0.0005339829894038982,0.0,0.0,0.0,0.0003788816836874161,0.9999999282243324,0.0008184185455638233,-0.0008254150208862132,0.0,0.0,0.0,1.1635925520630947e-05,1477,1530
0.0017643406857604973,-0.00042144681427120994,0.0,0.0,0.0,0.00037046995731178747,0.9999999313760031,5.479976741812725e-05,0.0008445712595001005,0.0,0.0,0.0,-0.00012626428949236986,1477,1530
0.0017643406857604973,-0.00042144681427120994,0.0,0.0,0.0,0.00037046995731178747,0.9999999313760031,5.479976741812725e-05,0.0008445712595001005,0.0,0.0,0.0,-0.00012626428949236986,1477,1530
0.0017643406857604973,-0.00042144681427120994,0.0,0.0,0.0,0.00037046995731178747,0.9999999313760031,5.479976741812725e-05,0.0008445712595001005,0.0,0.0,0.0,-0.00012626428949236986,1477,1530
0.0015453296094556173,-0.00042453700819499666,0.0,0.0,0.0,0.0003773885128390238,0.9999999287889526,-0.0006569873585165744,-8.78305447113588e-06,0.0,0.0,0.0,4.150801542405711e-05,1477,1530
0.0015453296094556173,-0.00042453700819499666,0.0,0.0,0.0,0.0003773885128390238,0.9999999287889526,-0.0006569873585165744,-8.78305447113588e-06,0.0,0.0,0.0,4.150801542405711e-05,1477,1530
0.001686829022181942,-0.00035528948493469885,0.0,0.0,0.0,0.00034598342356268196,0.9999999401477335,0.0006064168434856919,0.00029620347196838574,0.0,0.0,0.0,-0.0002690830922970397,1477,1530
0.001686829022181942,-0.00035528948493469885,0.0,0.0,0.0,0.00034598342356268196,0.9999999401477335,0.0006064168434856919,0.00029620347196838574,0.0,0.0,0.0,-0.0002690830922970397,1477,1530
0.001686829022181942,-0.00035528948493469885,0.0,0.0,0.0,0.00034598342356268196,0.9999999401477335,0.0006064168434856919,0.00029620347196838574,0.0,0.0,0.0,-0.0002690830922970397,1477,1530
0.001686829022181942,-0.00035528948493469885,0.0,0.0,0.0,0.00034598342356268196,0.9999999401477335,0.0006064168434856919,0.00029620347196838574,0.0,0.0,0.0,-0.0002690830922970397,1477,1530
0.0016336144614909635,-0.0003601090769768136,0.0,0.0,0.0,0.0003540632230045033,0.9999999373196151,-0.00019962295548493864,-1.794040398317347e-05,0.0,0.0,0.0,6.061547185743853e-05,1477,1530
0.0016336144614909635,-0.0003601090769768136,0.0,0.0,0.0,0.0003540632230045033,0.9999999373196151,-0.00019962295548493864,-1.794040398317347e-05,0.0,0.0,0.0,6.061547185743853e-05,1477,1530
0.0016336144614909635,-0.0003601090769768136,0.0,0.0,0.0,0.0003540632230045033,0.9999999373196151,-0.00019962295548493864,-1.794040398317347e-05,0.0,0.0,0.0,6.061547185743853e-05,1477,1530
0.0017231269174524317,-0.0005922578881947296,0.0,0.0,0.0,0.00040935330671147013,0.9999999162149316,0.00022337624988796995,-0.0005805463128899818,0.0,0.0,0.0,0.0002764580411649088,1477,1530
0.0017231269174524317,-0.0005922578881947296,0.0,0.0,0.0,0.00040935330671147013,0.9999999162149316,0.00022337624988796995,-0.0005805463128899818,0.0,0.0,0.0,0.0002764580411649088,1477,1530
0.0017231269174524317,-0.0005922578881947296,0.0,0.0,0.0,0.00040935330671147013,0.9999999162149316,0.00022337624988796995,-0.0005805463128899818,0.0,0.0,0.0,0.0002764580411649088,1477,1530
0.0014469887875824077,-0.00022974184337921515,0.0,0.0,0.0,0.00031446843325749014,0.999999950554801,-0.0010339148443419583,0.0013596383691326013,0.0,0.0,0.0,-0.0007112996185146046,1477,1530
0.0017920435873476272,-0.0005137534862273537,0.0,0.0,0.0,0.0003775225799097009,0.9999999287383483,0.0011464457590739168,-0.0009448398200593739,0.0,0.0,0.0,0.000419212360765314,1477,1530
0.0017920435873476272,-0.0005137534862273537,0.0,0.0,0.0,0.0003775225799097009,0.9999999287383483,0.0011464457590739168,-0.0009448398200593739,0.0,0.0,0.0,0.000419212360765314,1477,1530
0.0017920435873476272,-0.0005137534862273537,0.0,0.0,0.0,0.0003775225799097009,0.9999999287383483,0.0011464457590739168,-0.0009448398200593739,0.0,0.0,0.0,0.000419212360765314,1477,1530
0.0016206989603900223,-0.00034658228373281763,0.0,0.0,0.0,0.0003611787743418432,0.9999999347749443,-0.0010330352190927655,0.0010093972461279197,0.0,0.0,0.0,-0.00019721866603262178,1477,1530
0.0016206989603900223,-0.00034658228373281763,0.0,0.0,0.0,0.0003611787743418432,0.9999999347749443,-0.0010330352190927655,0.0010093972461279197,0.0,0.0,0.0,-0.00019721866603262178,1477,1530
0.0015460581953453368,-0.00043513388051197457,0.0,0.0,0.0,0.000378257735183619,0.9999999284605403,-0.00031969902889992467,-0.0003787259764091273,0.0,0.0,0.0,0.00014617893464709784,1477,1530
0.0015460581953453368,-0.00043513388051197457,0.0,0.0,0.0,0.000378257735183619,0.9999999284605403,-0.00031969902889992467,-0.0003787259764091273,0.0,0.0,0.0,0.00014617893464709784,1477,1530
0.0015460581953453368,-0.00043513388051197457,0.0,0.0,0.0,0.000378257735183619,0.9999999284605403,-0.00031969902889992467,-0.0003787259764091273,0.0,0.0,0.0,0.00014617893464709784,1477,1530
0.0016554527712735097,-0.0005127592744434294,0.0,0.0,0.0,0.00040341350299460965,0.9999999186287695,0.0005474235951737223,-0.0003890697869176282,0.0,0.0,0.0,0.00025190028168613313,1477,1530
0.0016554527712735097,-0.0005127592744434294,0.0,0.0,0.0,0.00040341350299460965,0.9999999186287695,0.0005474235951737223,-0.0003890697869176282,0.0,0.0,0.0,0.00025190028168613313,1477,1530
0.0017630828494096804,-0.0004408570158683828,0.0,0.0,0.0,0.000352731293459237,0.9999999377903154,0.0005376204077955817,0.0003585302230364478,0.0,0.0,0.0,-0.0005060504045463195,1477,1530
0.0017630828494096804,-0.0004408570158683828,0.0,0.0,0.0,0.000352731293459237,0.9999999377903154,0.0005376204077955817,0.0003585302230364478,0.0,0.0,0.0,-0.0005060504045463195,1477,1530
0.0016826914008215054,-0.0005368648573173307,0.0,0.0,0.0,0.00041931629941184144,0.9999999120869166,-0.0003019173359236928,-0.0003600497737386938,0.0,0.0,0.0,0.0004997111445418308,1477,1530
0.0016826914008215054,-0.0005368648573173307,0.0,0.0,0.0,0.00041931629941184144,0.9999999120869166,-0.0003019173359236928,-0.0003600497737386938,0.0,0.0,0.0,0.0004997111445418308,1477,1530
0.0017576627127404373,-0.00041751564041098745,0.0,0.0,0.0,0.0003728226845646788,0.9999999305016205,0.00037525743523085796,0.0005962734953051945,0.0,0.0,0.0,-0.0004648130093660292,1477,1530
0.0017576627127404373,-0.00041751564041098745,0.0,0.0,0.0,0.0003728226845646788,0.9999999305016205,0.00037525743523085796,0.0005962734953051945,0.0,0.0,0.0,-0.0004648130093660292,1477,1530
0.0017576627127404373,-0.00041751564041098745,0.0,0.0,0.0,0.0003728226845646788,0.9999999305016205,0.0,0.0,0.0,0.0,0.0,1.38180603810351e-19,1477,1530
0.0017576627127404373,-0.00041751564041098745,0.0,0.0,0.0,0.0003728226845646788,0.9999999305016205,0.0,0.0,0.0,0.0,0.0,1.38180603810351e-19,1477,1530
0.0017576627127404373,-0.00041751564041098745,0.0,0.0,0.0,0.0003728226845646788,0.9999999305016205,0.0,0.0,0.0,0.0,0.0,2.7815416899625955e-19,1477,1530
0.0017576627127404373,-0.00041751564041098745,0.0,0.0,0.0,0.00037282268456467884,0.9999999305016205,0.0,0.0,0.0,0.0,0.0,7.62146466273294e-19,1477,1530
0.0017576627127404373,-0.00041751564041098745,0.0,0.0,0.0,0.00037282268456467884,0.9999999305016205,0.0,0.0,0.0,0.0,0.0,7.62146466273294e-19,1477,1530
0.001798854073926853,-0.0004570664890072072,0.0,0.0,0.0,0.00039640086566870766,0.9999999214331737,0.00030833776914988755,-0.00029649990821389985,0.0,0.0,0.0,0.000353241787713581,1477,1530
0.001798854073926853,-0.0004570664890072072,0.0,0.0,0.0,0.00039640086566870766,0.9999999214331737,0.00030833776914988755,-0.00029649990821389985,0.0,0.0,0.0,0.000353241787713581,1477,1530
0.0018769345336129351,-0.00040718431965620623,0.0,0.0,0.0,0.00037941855609791345,0.9999999280207771,0.00046892715669364667,0.00029905368986636507,0.0,0.0,0.0,-0.00020387784418168477,1477,1530
0.0018769345336129351,-0.00040718431965620623,0.0,0.0,0.0,0.00037941855609791345,0.9999999280207771,0.00046892715669364667,0.00029905368986636507,0.0,0.0,0.0,-0.00020387784418168477,1477,1530
0.0018770279190401659,-0.0002597704754357243,0.0,0.0,0.0,0.000342099899826792,0.9999999414838275,1.0259859442022698e-06,0.0007368844334577595,0.0,0.0,0.0,-0.0003730933136024465,1477,1530
0.0018488718409343482,-0.00030296189892760014,0.0,0.0,0.0,0.0003722508930808145,0.9999999307146339,-0.00014087880780249342,-0.00021578522017502488,0.0,0.0,0.0,0.0003014044601773564,1477,1530
0.0018488718409343482,-0.00030296189892760014,0.0,0.0,0.0,0.0003722508930808145,0.9999999307146339,-0.00014087880780249342,-0.00021578522017502488,0.0,0.0,0.0,0.0003014044601773564,1477,1530
0.0019703597923390907,-0.000433966649070092,0.0,0.0,0.0,0.00037118665506288135,0.9999999311102312,0.0007250476901261218,-0.0007830129600666335,0.0,0.0,0.0,-1.2713088821895062e-05,1477,1530
0.0019703597923390907,-0.000433966649070092,0.0,0.0,0.0,0.00037118665506288135,0.9999999311102312,0.0007250476901261218,-0.0007830129600666335,0.0,0.0,0.0,-1.2713088821895062e-05,1477,1530
0.000623211588489286,-0.0009831675659255725,0.0,0.0,0.0,0.00030503057522725984,0.9999999534781729,-0.01016677765819448,-0.00413595894764618,0.0,0.0,0.0,-0.0009982433676234631,1477,1530
0.0011881081304538363,0.00015406861738503116,0.0,0.0,0.0,0.002390436377609706,0.9999971429028808,0.0033932698609702955,0.0068208024374078625,0.0,0.0,0.0,0.025022876921969722,1477,1530
0.0011881081304538363,0.00015406861738503116,0.0,0.0,0.0,0.002390436377609706,0.9999971429028808,0.0033932698609702955,0.0068208024374078625,0.0,0.0,0.0,0.025022876921969722,1477,1530
0.0011881081304538363,0.00015406861738503116,0.0,0.0,0.0,0.002390436377609706,0.9999971429028808,0.0033932698609702955,0.0068208024374078625,0.0,0.0,0.0,0.025022876921969722,1477,1530
0.0022152614298296437,-0.0013046346711782296,0.0,0.0,0.0,0.002804534389329968,0.9999960672856963,0.030674355216803256,-0.04400737546314645,0.0,0.0,0.0,0.02490224305709733,1477,1530
0.031156251302911175,0.007237839266566503,0.0,0.0,0.0,0.03256321583948241,0.9994696778663129,0.07905868967413983,0.022854360032879634,0.0,0.0,0.0,0.1623260190088585,1477,1530
0.031156251302911175,0.007237839266566503,0.0,0.0,0.0,0.03256321583948241,0.9994696778663129,0.07905868967413983,0.022854360032879634,0.0,0.0,0.0,0.1623260190088585,1477,1530
0.054634963247059166,0.01233556532744582,0.0,0.0,0.0,0.04596160113679142,0.9989432072049654,0.23721363207963755,0.03552743803839231,0.0,0.0,0.0,0.2677240463791865,1477,1530
0.054634963247059166,0.01233556532744582,0.0,0.0,0.0,0.04596160113679142,0.9989432072049654,0.23721363207963755,0.03552743803839231,0.0,0.0,0.0,0.2677240463791865,1477,1530
0.07224667049654102,0.022130337667646993,0.0,0.0,0.0,0.05793959232295837,0.9983200907732196,0.277519255560776,0.12247006620958227,0.0,0.0,0.0,0.3610793376969656,1477,1530
0.07224667049654102,0.022130337667646993,0.0,0.0,0.0,0.05793959232295837,0.9983200907732196,0.0,0.0,0.0,0.0,0.0,-1.776172537063466e-18,1477,1530
0.07224667049654102,0.022130337667646993,0.0,0.0,0.0,0.05793959232295837,0.9983200907732196,0.0,0.0,0.0,0.0,0.0,-1.776172537063466e-18,1477,1530
0.07224667049654102,0.022130337667646993,0.0,0.0,0.0,0.05793959232295837,0.9983200907732196,0.0,0.0,0.0,0.0,0.0,-1.776172537063466e-18,1477,1530
0.07224667049654102,0.022130337667646993,0.0,0.0,0.0,0.05793959232295837,0.9983200907732196,0.0,0.0,0.0,0.0,0.0,-5.605304412025952e-18,1477,1530
0.07224667049654102,0.022130337667646993,0.0,0.0,0.0,0.05793959232295837,0.9983200907732196,0.0,0.0,0.0,0.0,0.0,-3.359798002398621e-18,1477,1530
0.07224667049654102,0.022130337667646993,0.0,0.0,0.0,0.05793959232295837,0.9983200907732196,0.0,0.0,0.0,0.0,0.0,-3.359798002398621e-18,1477,1530
0.07224667049654102,0.022130337667646993,0.0,0.0,0.0,0.05793959232295837,0.9983200907732196,0.0,0.0,0.0,0.0,0.0,-3.359798002398621e-18,1477,1530
0.07224667049654102,0.022130337667646993,0.0,0.0,0.0,0.05793959232295837,0.9983200907732196,0.0,0.0,0.0,0.0,0.0,-3.359798002398621e-18,1477,1530
0.12707423105090282,0.05629044238313058,0.0,0.0,0.0,0.08638050892049078,0.996262218333425,0.20208973732319407,0.05732105478606179,0.0,0.0,0.0,0.06791576469600048,1477,1530
0.12707423105090282,0.05629044238313058,0.0,0.0,0.0,0.08638050892049078,0.996262218333425,0.20208973732319407,0.05732105478606179,0.0,0.0,0.0,0.06791576469600048,1477,1530
0.14928118746647184,0.06364490962757494,0.0,0.0,0.0,0.08460576427015583,0.9964145044369149,0.1156057152789764,0.017097833216865917,0.0,0.0,0.0,-0.017797083486340043,1477,1530
0.14928118746647184,0.06364490962757494,0.0,0.0,0.0,0.08460576427015583,0.9964145044369149,0.1156057152789764,0.017097833216865917,0.0,0.0,0.0,-0.017797083486340043,1477,1530
0.1491529654326214,0.061808796084266746,0.0,0.0,0.0,0.08520078595104384,0.9963638020689654,-0.0031167220845345757,-0.012783966082709852,0.0,0.0,0.0,0.00853849321030217,1477,1530
0.14995396037898795,0.0632760618192821,0.0,0.0,0.0,0.0850014035955179,0.9963808315030914,0.005357607180356492,0.006758235028564306,0.0,0.0,0.0,-0.0020647493769289163,1477,1530
0.14995396037898795,0.0632760618192821,0.0,0.0,0.0,0.0850014035955179,0.9963808315030914,0.005357607180356492,0.006758235028564306,0.0,0.0,0.0,-0.0020647493769289163,1477,1530
0.14995396037898795,0.0632760618192821,0.0,0.0,0.0,0.0850014035955179,0.9963808315030914,0.005357607180356492,0.006758235028564306,0.0,0.0,0.0,-0.0020647493769289163,1477,1530
0.14995396037898795,0.0632760618192821,0.0,0.0,0.0,0.0850014035955179,0.9963808315030914,0.005357607180356492,0.006758235028564306,0.0,0.0,0.0,-0.0020647493769289163,1477,1530
0.14894163221528367,0.06314516467617264,0.0,0.0,0.0,0.08498860033215033,0.9963819236686211,-0.015389182210921582,0.000640846190934462,0.0,0.0,0.0,-0.00038778856238267355,1477,1530
0.14894163221528367,0.06314516467617264,0.0,0.0,0.0,0.08498860033215033,0.9963819236686211,-0.015389182210921582,0.000640846190934462,0.0,0.0,0.0,-0.00038778856238267355,1477,1530
0.14898317943339254,0.06356397206737936,0.0,0.0,0.0,0.0848500522559327,0.9963937317306675,0.0002582187973693937,0.0009364262491995401,0.0,0.0,0.0,-0.0006418720615248075,1477,1530
0.14898317943339254,0.06356397206737936,0.0,0.0,0.0,0.0848500522559327,0.9963937317306675,0.0002582187973693937,0.0009364262491995401,0.0,0.0,0.0,-0.0006418720615248075,1477,1530
0.14990957559115822,0.0636280616301903,0.0,0.0,0.0,0.08504016230073923,0.9963775242325893,0.0039569046297063815,-0.00040034370739524606,0.0,0.0,0.0,0.0016343353566389092,1477,1530
0.14990957559115822,0.0636280616301903,0.0,0.0,0.0,0.08504016230073923,0.9963775242325893,0.0039569046297063815,-0.00040034370739524606,0.0,0.0,0.0,0.0016343353566389092,1477,1530
0.15002936262508082,0.06372325810927866,0.0,0.0,0.0,0.08502739120360937,0.9963786141548344,0.0008052500694143333,0.0004411904364627411,0.0,0.0,0.0,-0.0001538348692341998,1477,1530
0.15002936262508082,0.06372325810927866,0.0,0.0,0.0,0.08502739120360937,0.9963786141548344,0.0008052500694143333,0.0004411904364627411,0.0,0.0,0.0,-0.0001538348692341998,1477,1530
0.14948039438576508,0.06416226523446253,0.0,0.0,0.0,0.08467901608408179,0.996408281898054,-0.0027677512544126356,0.0031178699075174576,0.0,0.0,0.0,-0.004147497222552403,1477,1530
0.14948039438576508,0.06416226523446253,0.0,0.0,0.0,0.08467901608408179,0.996408281898054,-0.0027677512544126356,0.0031178699075174576,0.0,0.0,0.0,-0.004147497222552403,1477,1530
0.14948039438576508,0.06416226523446253,0.0,0.0,0.0,0.08467901608408179,0.996408281898054,0.0,0.0,0.0,0.0,0.0,-1.2996347645257975e-17,1477,1530
0.14948039438576508,0.06416226523446253,0.0,0.0,0.0,0.08467901608408179,0.996408281898054,0.0,0.0,0.0,0.0,0.0,-1.2996347645257975e-17,1477,1530
0.14948039438576508,0.06416226523446253,0.0,0.0,0.0,0.08467901608408179,0.996408281898054,0.0,0.0,0.0,0.0,0.0,-1.2996347645257975e-17,1477,1530
0.14948039438576508,0.06416226523446253,0.0,0.0,0.0,0.08467901608408179,0.996408281898054,0.0,0.0,0.0,0.0,0.0,-2.855964537776072e-17,1477,1530
0.14948039438576508,0.06416226523446253,0.0,0.0,0.0,0.08467901608408179,0.996408281898054,0.0,0.0,0.0,0.0,0.0,-2.9435666808895855e-17,1477,1530
0.14948039438576508,0.06416226523446253,0.0,0.0,0.0,0.08467901608408179,0.996408281898054,0.0,0.0,0.0,0.0,0.0,-2.9435666808895855e-17,1477,1530
0.14948039438576508,0.06416226523446253,0.0,0.0,0.0,0.08467901608408179,0.996408281898054,0.0,0.0,0.0,0.0,0.0,-1.4474702179164728e-17,1477,1530
0.1493096774880597,0.06431399062966871,0.0,0.0,0.0,0.08464445773055664,0.9964112182103833,-0.0006136683854572372,0.0007672001495280009,0.0,0.0,0.0,-0.00029837425057903366,1477,1530
0.1493096774880597,0.06431399062966871,0.0,0.0,0.0,0.08464445773055664,0.9964112182103833,-0.0006136683854572372,0.0007672001495280009,0.0,0.0,0.0,-0.00029837425057903366,1477,1530
0.1493096774880597,0.06431399062966871,0.0,0.0,0.0,0.08464445773055664,0.9964112182103833,-0.0006136683854572372,0.0007672001495280009,0.0,0.0,0.0,-0.00029837425057903366,1477,1530
0.14894173450426187,0.0642359023118728,0.0,0.0,0.0,0.08453136323162155,0.9964208190469546,-0.0028169254026047495,-0.0001117066268921939,0.0,0.0,0.0,-0.001701375101176445,1477,1530
0.14946991192600184,0.0645194103774506,0.0,0.0,0.0,0.08459402607618326,0.9964155010597848,0.00284101805925516,0.000952095124505313,0.0,0.0,0.0,0.0006286766761510964,1477,1530
0.14946991192600184,0.0645194103774506,0.0,0.0,0.0,0.08459402607618326,0.9964155010597848,0.00284101805925516,0.000952095124505313,0.0,0.0,0.0,0.0006286766761510964,1477,1530
0.14946991192600184,0.0645194103774506,0.0,0.0,0.0,0.08459402607618326,0.9964155010597848,0.00284101805925516,0.000952095124505313,0.0,0.0,0.0,0.0006286766761510964,1477,1530
0.14946991192600184,0.0645194103774506,0.0,0.0,0.0,0.08459402607618326,0.9964155010597848,0.00284101805925516,0.000952095124505313,0.0,0.0,0.0,0.0006286766761510964,1477,1530
0.14936713008531105,0.0643053678141578,0.0,0.0,0.0,0.08465690282884232,0.9964101609294377,-0.00041163911393690255,-0.0005801889761094685,0.0,0.0,0.0,0.0003781188117206402,1477,1530
0.1489591530861572,0.06453299025166624,0.0,0.0,0.0,0.0845111668023996,0.9964225322049362,-0.0018183579400797652,0.0014657126079114923,0.0,0.0,0.0,-0.001462375046155306,1477,1530
0.1489591530861572,0.06453299025166624,0.0,0.0,0.0,0.0845111668023996,0.9964225322049362,-0.0018183579400797652,0.0014657126079114923,0.0,0.0,0.0,-0.001462375046155306,1477,1530
0.1489591530861572,0.06453299025166624,0.0,0.0,0.0,0.0845111668023996,0.9964225322049362,-0.0018183579400797652,0.0014657126079114923,0.0,0.0,0.0,-0.001462375046155306,1477,1530
0.14920274784720833,0.06460785873433972,0.0,0.0,0.0,0.08450026119208104,0.9964234570996761,0.0019020995692600612,0.00024666491547572773,0.0,0.0,0.0,-0.00016474884142681892,1477,1530
0.14920274784720833,0.06460785873433972,0.0,0.0,0.0,0.08450026119208104,0.9964234570996761,0.0019020995692600612,0.00024666491547572773,0.0,0.0,0.0,-0.00016474884142681892,1477,1530
0.1492698187464012,0.06490323455706366,0.0,0.0,0.0,0.08444747801850234,0.9964279318928763,0.0004340193509815905,0.0010484477463654014,0.0,0.0,0.0,-0.00039690042361640253,1477,1530
0.1492698187464012,0.06490323455706366,0.0,0.0,0.0,0.08444747801850234,0.9964279318928763,0.0004340193509815905,0.0010484477463654014,0.0,0.0,0.0,-0.00039690042361640253,1477,1530
0.1493560050921501,0.0642353032848536,0.0,0.0,0.0,0.0846500284809537,0.9964107449632273,-0.000117696195054817,-0.0028851865586169262,0.0,0.0,0.0,0.001743165140424874,1477,1530
0.1493560050921501,0.0642353032848536,0.0,0.0,0.0,0.0846500284809537,0.9964107449632273,-0.000117696195054817,-0.0028851865586169262,0.0,0.0,0.0,0.001743165140424874,1477,1530
0.14931740684920325,0.0643341769427422,0.0,0.0,0.0,0.08462652829503564,0.9964127411413051,-9.164306499802589e-05,0.00044594240591267447,0.0,0.0,0.0,-0.00020232145463724014,1477,1530
0.14931740684920325,0.0643341769427422,0.0,0.0,0.0,0.08462652829503564,0.9964127411413051,-9.164306499802589e-05,0.00044594240591267447,0.0,0.0,0.0,-0.00020232145463724014,1477,1530
0.14910887134965845,0.06456074827761132,0.0,0.0,0.0,0.0845473526484858,0.9964194624555126,-0.0012537048598541968,0.0019366528819819372,0.0,0.0,0.0,-0.001190641311066823,1477,1530
0.14910887134965845,0.06456074827761132,0.0,0.0,0.0,0.0845473526484858,0.9964194624555126,-0.0012537048598541968,0.0019366528819819372,0.0,0.0,0.0,-0.001190641311066823,1477,1530
0.1492130456390527,0.06481636447928565,0.0,0.0,0.0,0.08447774632830929,0.9964253661841863,0.0014573459863677406,0.0023437906444713293,0.0,0.0,0.0,-0.0013969431326707445,1477,1530
0.1492130456390527,0.06481636447928565,0.0,0.0,0.0,0.08447774632830929,0.9964253661841863,0.0014573459863677406,0.0023437906444713293,0.0,0.0,0.0,-0.0013969431326707445,1477,1530
0.1494071626616034,0.06453231996105727,0.0,0.0,0.0,0.0845849824758949,0.9964162688051378,0.0005373532857734925,-0.0011706112172829434,0.0,0.0,0.0,0.0008058505706153593,1477,1530
0.1494071626616034,0.06453231996105727,0.0,0.0,0.0,0.0845849824758949,0.9964162688051378,0.0005373532857734925,-0.0011706112172829434,0.0,0.0,0.0,0.0008058505706153593,1477,1530
0.14935440182957213,0.06431392213323535,0.0,0.0,0.0,0.08462325877557596,0.9964130188201085,-0.00038140880128654197,-0.0008862305199434429,0.0,0.0,0.0,0.00032991396717196826,1477,1530
0.14935440182957213,0.06431392213323535,0.0,0.0,0.0,0.08462325877557596,0.9964130188201085,-0.00038140880128654197,-0.0008862305199434429,0.0,0.0,0.0,0.00032991396717196826,1477,1530
0.14936876641603833,0.06456464183210976,0.0,0.0,0.0,0.0845437226017199,0.9964197704625513,0.00033764713462732226,0.001463931558489055,0.0,0.0,0.0,-0.0009550569235260365,1477,1530
0.14936876641603833,0.06456464183210976,0.0,0.0,0.0,0.0845437226017199,0.9964197704625513,0.00033764713462732226,0.001463931558489055,0.0,0.0,0.0,-0.0009550569235260365,1477,1530
0.14936876641603833,0.06456464183210976,0.0,0.0,0.0,0.0845437226017199,0.9964197704625513,0.00033764713462732226,0.001463931558489055,0.0,0.0,0.0,-0.0009550569235260365,1477,1530
0.1492761154601393,0.06484123515660811,0.0,0.0,0.0,0.08446922330113614,0.996426088736592,-0.0002690124238726402,0.001733747368875914,0.0,0.0,0.0,-0.0008994063009913635,1477,1530
0.1492761154601393,0.06484123515660811,0.0,0.0,0.0,0.08446922330113614,0.996426088736592,-0.0002690124238726402,0.001733747368875914,0.0,0.0,0.0,-0.0008994063009913635,1477,1530
0.14922772757908342,0.06479021081799069,0.0,0.0,0.0,0.0844526653194691,0.9964274922544227,-0.00018747184476754428,-0.00014039054747954965,0.0,0.0,0.0,-0.00011069383806891466,1477,1530
0.14922772757908342,0.06479021081799069,0.0,0.0,0.0,0.0844526653194691,0.9964274922544227,-0.00018747184476754428,-0.00014039054747954965,0.0,0.0,0.0,-0.00011069383806891466,1477,1530
0.14941880142657993,0.0644692651733317,0.0,0.0,0.0,0.08460878348076571,0.9964142480705025,0.0004481170858956335,-0.0011626395089515391,0.0,0.0,0.0,0.0010453241613644722,1477,1530
0.14941880142657993,0.0644692651733317,0.0,0.0,0.0,0.08460878348076571,0.9964142480705025,0.0004481170858956335,-0.0011626395089515391,0.0,0.0,0.0,0.0010453241613644722,1477,1530
0.14941880142657993,0.0644692651733317,0.0,0.0,0.0,0.08460878348076571,0.9964142480705025,0.0004481170858956335,-0.0011626395089515391,0.0,0.0,0.0,0.0010453241613644722,1477,1530
0.1493872333050927,0.0645081439411938,0.0,0.0,0.0,0.08458540377767455,0.996416233041076,-0.00012274309971965026,0.00021811630854595576,0.0,0.0,0.0,-0.00023452206378990928,1477,1530
0.14924249554830596,0.06503762479022479,0.0,0.0,0.0,0.0844307628127816,0.9964293483688905,-0.00020004102294801705,0.0020459215003231176,0.0,0.0,0.0,-0.0011624307768058077,1477,1530
0.14924249554830596,0.06503762479022479,0.0,0.0,0.0,0.0844307628127816,0.9964293483688905,-0.00020004102294801705,0.0020459215003231176,0.0,0.0,0.0,-0.0011624307768058077,1477,1530
0.14929852479542202,0.06477425570782948,0.0,0.0,0.0,0.08448312615349635,0.9964249100636396,8.222848169923558e-05,-0.0020265871422158323,0.0,0.0,0.0,0.0007916945217503757,1477,1530
0.14921479930401146,0.06439025408271537,0.0,0.0,0.0,0.08460368868808599,0.9964146806728459,-0.0008809106996483837,-0.002181147081926009,0.0,0.0,0.0,0.0014483654271145612,1477,1530
0.14921479930401146,0.06439025408271537,0.0,0.0,0.0,0.08460368868808599,0.9964146806728459,-0.0008809106996483837,-0.002181147081926009,0.0,0.0,0.0,0.0014483654271145612,1477,1530
0.14940233651490958,0.06446055604803931,0.0,0.0,0.0,0.08458719312742331,0.9964160811422224,0.0009849555393460496,0.00018865677688747703,0.0,0.0,0.0,-0.0001657894315294007,1477,1530
0.14940233651490958,0.06446055604803931,0.0,0.0,0.0,0.08458719312742331,0.9964160811422224,0.0009849555393460496,0.00018865677688747703,0.0,0.0,0.0,-0.0001657894315294007,1477,1530
0.1494170199669065,0.06443923323765482,0.0,0.0,0.0,0.08459960753302243,0.9964150271875964,8.143319918808796e-05,-0.00017585252744928783,0.0,0.0,0.0,0.00018652131742845297,1477,1530
0.1492634648992163,0.06477446718882254,0.0,0.0,0.0,0.08446935689542244,0.9964260774115026,-0.0007124061949404129,0.0026766092316201726,0.0,0.0,0.0,-0.0019638465684281895,1477,1530
0.1492634648992163,0.06477446718882254,0.0,0.0,0.0,0.08446935689542244,0.9964260774115026,-0.0007124061949404129,0.0026766092316201726,0.0,0.0,0.0,-0.0019638465684281895,1477,1530
0.14923286550080256,0.0647453062123339,0.0,0.0,0.0,0.08449520403239727,0.9964238859519193,-0.0002620213059491925,-0.00017627117853575688,0.0,0.0,0.0,0.00038759615225715386,1477,1530
0.14923286550080256,0.0647453062123339,0.0,0.0,0.0,0.08449520403239727,0.9964238859519193,-0.0002620213059491925,-0.00017627117853575688,0.0,0.0,0.0,0.00038759615225715386,1477,1530
0.14931015448642934,0.06436154522378826,0.0,0.0,0.0,0.08459884514309665,0.9964150919172463,5.7987512321239555e-05,-0.001961913004364981,0.0,0.0,0.0,0.001043024498073769,1477,1530
0.14927009020257587,0.06460301832830694,0.0,0.0,0.0,0.08454503858318717,0.9964196588039436,5.223105445922957e-06,0.0010484231475653618,0.0,0.0,0.0,-0.0004625943107642746,1477,1530
0.14927009020257587,0.06460301832830694,0.0,0.0,0.0,0.08454503858318717,0.9964196588039436,5.223105445922957e-06,0.0010484231475653618,0.0,0.0,0.0,-0.0004625943107642746,1477,1530
0.14932473510477526,0.0644621247254451,0.0,0.0,0.0,0.08457014510894613,0.9964175282261206,0.0003015455033491811,-0.0014823003819912093,0.0,0.0,0.0,0.0005044246041609212,1477,1530
0.14926497895378946,0.06445901741820664,0.0,0.0,0.0,0.08460625962785662,0.9964144623758648,-0.0017880268971748685,0.00021086518500044774,0.0,0.0,0.0,0.0021810993872045654,1477,1530
0.1492887534748303,0.06444211142337292,0.0,0.0,0.0,0.08456899509975846,0.9964176258315671,8.819521898711453e-05,-8.857560531905017e-05,0.0,0.0,0.0,-0.0003204840256147581,1477,1530
0.1492887534748303,0.06444211142337292,0.0,0.0,0.0,0.08456899509975846,0.9964176258315671,8.819521898711453e-05,-8.857560531905017e-05,0.0,0.0,0.0,-0.0003204840256147581,1477,1530
0.14938817369601462,0.0645077964127614,0.0,0.0,0.0,0.0846075812860762,0.9964143501520439,0.0006539642570408231,0.00028774401210584214,0.0,0.0,0.0,0.0004643839439522051,1477,1530
0.14938817369601462,0.0645077964127614,0.0,0.0,0.0,0.0846075812860762,0.9964143501520439,0.0006539642570408231,0.00028774401210584214,0.0,0.0,0.0,0.0004643839439522051,1477,1530
0.14928531547469945,0.064641191959513,0.0,0.0,0.0,0.08456254054361112,0.9964181736283266,-0.0003948134879979932,0.0007447904665084262,0.0,0.0,0.0,-0.00045242097839222204,1477,1530
0.14928531547469945,0.064641191959513,0.0,0.0,0.0,0.08456254054361112,0.9964181736283266,-0.0003948134879979932,0.0007447904665084262,0.0,0.0,0.0,-0.00045242097839222204,1477,1530
0.14946405138625501,0.06443989134421896,0.0,0.0,0.0,0.08463889102962345,0.996411691082193,0.0010671036453101035,-0.0017143531781870331,0.0,0.0,0.0,0.0011495704390229748,1477,1530
0.14933930218695798,0.0643168150997396,0.0,0.0,0.0,0.08464939865254853,0.9964107984700697,-0.000717751734279095,-0.0005007609899031399,0.0,0.0,0.0,0.00010532933836989719,1477,1530
0.14933930218695798,0.0643168150997396,0.0,0.0,0.0,0.08464939865254853,0.9964107984700697,-0.000717751734279095,-0.0005007609899031399,0.0,0.0,0.0,0.00010532933836989719,1477,1530
0.14927970774746735,0.06447926455243608,0.0,0.0,0.0,0.08458712519993446,0.9964160869086822,-0.0004695044371300331,0.002549658956408398,0.0,0.0,0.0,-0.0018727557170992637,1477,1530
0.14927970774746735,0.06447926455243608,0.0,0.0,0.0,0.08458712519993446,0.9964160869086822,-0.0004695044371300331,0.002549658956408398,0.0,0.0,0.0,-0.0018727557170992637,1477,1530
0.1492652217094496,0.06459383964316524,0.0,0.0,0.0,0.08452985731281829,0.9964209468004347,2.1596226314129707e-05,0.0004948846487810176,0.0,0.0,0.0,-0.0004930404757480017,1477,1530
0.1492652217094496,0.06459383964316524,0.0,0.0,0.0,0.08452985731281829,0.9964209468004347,2.1596226314129707e-05,0.0004948846487810176,0.0,0.0,0.0,-0.0004930404757480017,1477,1530
0.1493563205775668,0.06468040939355085,0.0,0.0,0.0,0.08456152668020056,0.9964182596708642,0.0004452125716987221,0.0002985139268605415,0.0,0.0,0.0,0.0002711295688700314,1477,1530
0.1493563205775668,0.06468040939355085,0.0,0.0,0.0,0.08456152668020056,0.9964182596708642,0.0004452125716987221,0.0002985139268605415,0.0,0.0,0.0,0.0002711295688700314,1477,1530
0.14909430312509248,0.06487724030342161,0.0,0.0,0.0,0.0844338353227785,0.9964290880201591,-0.0013589189550564152,0.0014378192452849637,0.0,0.0,0.0,-0.0015472620921030715,1477,1530
0.14938241239142602,0.06403708112042772,0.0,0.0,0.0,0.08473754396906592,0.9964033062179644,0.0010645231562062842,-0.006542863702680734,0.0,0.0,0.0,0.004549709835802727,1477,1530
0.14938241239142602,0.06403708112042772,0.0,0.0,0.0,0.08473754396906592,0.9964033062179644,0.0010645231562062842,-0.006542863702680734,0.0,0.0,0.0,0.004549709835802727,1477,1530
0.14922531242225984,0.06466655931426153,0.0,0.0,0.0,0.08447792496838447,0.9964253510389206,-0.0002049611917989352,0.0027314555114648182,0.0,0.0,0.0,-0.0022000798336646588,1477,1530
0.14922531242225984,0.06466655931426153,0.0,0.0,0.0,0.08447792496838447,0.9964253510389206,-0.0002049611917989352,0.0027314555114648182,0.0,0.0,0.0,-0.0022000798336646588,1477,1530
0.14922531242225984,0.06466655931426153,0.0,0.0,0.0,0.08447792496838447,0.9964253510389206,-0.0002049611917989352,0.0027314555114648182,0.0,0.0,0.0,-0.0022000798336646588,1477,1530
0.149238896596842,0.06466742038360719,0.0,0.0,0.0,0.08453569227082888,0.9964204517834285,8.329538252268099e-05,-8.850269386632669e-06,0.0,0.0,0.0,0.000713547740015037,1477,1530
0.149238896596842,0.06466742038360719,0.0,0.0,0.0,0.08453569227082888,0.9964204517834285,8.329538252268099e-05,-8.850269386632669e-06,0.0,0.0,0.0,0.000713547740015037,1477,1530
0.14922780117303563,0.06467332716385416,0.0,0.0,0.0,0.08448963964777749,0.9964243577874784,-4.2582736840263724e-05,3.294467754169355e-05,0.0,0.0,0.0,-0.0003959238461898776,1477,1530
0.1491458567984574,0.06468063042338139,0.0,0.0,0.0,0.0844949416313295,0.9964239082030892,-0.0003922615974513212,0.00010354010748368003,0.0,0.0,0.0,5.2479333075482204e-05,1477,1530
0.1491458567984574,0.06468063042338139,0.0,0.0,0.0,0.0844949416313295,0.9964239082030892,-0.0003922615974513212,0.00010354010748368003,0.0,0.0,0.0,5.2479333075482204e-05,1477,1530
0.14923199388666591,0.06470703939385361,0.0,0.0,0.0,0.08450536506930602,0.9964230242595277,0.0005453804615965452,7.035999274717599e-05,0.0,0.0,0.0,0.0001276975007642265,1477,1530
0.14923199388666591,0.06470703939385361,0.0,0.0,0.0,0.08450536506930602,0.9964230242595277,0.0005453804615965452,7.035999274717599e-05,0.0,0.0,0.0,0.0001276975007642265,1477,1530
0.14907567800694446,0.06489687867598846,0.0,0.0,0.0,0.08443819229797231,0.996428718816078,-0.0006098769314137726,0.001066057847761633,0.0,0.0,0.0,-0.000673376250241461,1477,1530
0.14907567800694446,0.06489687867598846,0.0,0.0,0.0,0.08443819229797231,0.996428718816078,-0.0006098769314137726,0.001066057847761633,0.0,0.0,0.0,-0.000673376250241461,1477,1530
0.14907567800694446,0.06489687867598846,0.0,0.0,0.0,0.08443819229797231,0.996428718816078,-0.0006098769314137726,0.001066057847761633,0.0,0.0,0.0,-0.000673376250241461,1477,1530
0.14926908373447997,0.06487255828293993,0.0,0.0,0.0,0.08443269455597446,0.9964291846839983,0.0014012601116726595,-0.0004245242358950731,0.0,0.0,0.0,-8.288558986194509e-05,1477,1530
0.14926908373447997,0.06487255828293993,0.0,0.0,0.0,0.08443269455597446,0.9964291846839983,0.0014012601116726595,-0.0004245242358950731,0.0,0.0,0.0,-8.288558986194509e-05,1477,1530
0.14926908373447997,0.06487255828293993,0.0,0.0,0.0,0.08443269455597446,0.9964291846839983,0.0014012601116726595,-0.0004245242358950731,0.0,0.0,0.0,-8.288558986194509e-05,1477,1530
0.1493477219246696,0.06463677458376665,0.0,0.0,0.0,0.0845291803656551,0.9964210042279873,0.00012613896080605503,-0.0008188077976053934,0.0,0.0,0.0,0.000645516373351623,1477,1530
0.1494118892274447,0.06459354498685249,0.0,0.0,0.0,0.08455963510447066,0.9964184201985624,0.00018647040694630236,-0.0001779840550912715,0.0,0.0,0.0,0.0002036626785282454,1477,1530
0.1494118892274447,0.06459354498685249,0.0,0.0,0.0,0.08455963510447066,0.9964184201985624,0.00018647040694630236,-0.0001779840550912715,0.0,0.0,0.0,0.0002036626785282454,1477,1530
0.1494118892274447,0.06459354498685249,0.0,0.0,0.0,0.08455963510447066,0.9964184201985624,0.00018647040694630236,-0.0001779840550912715,0.0,0.0,0.0,0.0002036626785282454,1477,1530
0.14924160818141355,0.06466112541843172,0.0,0.0,0.0,0.08450494067506623,0.9964230602517705,-0.0009389696459727367,0.0005719880400133606,0.0,0.0,0.0,-0.0006588475834885579,1477,1530
0.14924160818141355,0.06466112541843172,0.0,0.0,0.0,0.08450494067506623,0.9964230602517705,-0.0009389696459727367,0.0005719880400133606,0.0,0.0,0.0,-0.0006588475834885579,1477,1530
0.14922536483146198,0.06454106985249627,0.0,0.0,0.0,0.08457363497299895,0.9964172320205296,-0.00015531549559590944,-0.0004956012955786329,0.0,0.0,0.0,0.0005911018627320176,1477,1530
0.14922536483146198,0.06454106985249627,0.0,0.0,0.0,0.08457363497299895,0.9964172320205296,-0.00015531549559590944,-0.0004956012955786329,0.0,0.0,0.0,0.0005911018627320176,1477,1530
0.14932771138014775,0.06488417454893707,0.0,0.0,0.0,0.08447102556890257,0.996425935952762,0.000529208857599038,0.0010701794964595355,0.0,0.0,0.0,-0.0006867482600630394,1477,1530
0.14932771138014775,0.06488417454893707,0.0,0.0,0.0,0.08447102556890257,0.996425935952762,0.000529208857599038,0.0010701794964595355,0.0,0.0,0.0,-0.0006867482600630394,1477,1530
0.14927976771662305,0.06445193735527795,0.0,0.0,0.0,0.0846002172904403,0.9964149754165733,-0.0007028338011015078,-0.0024477543259713557,0.0,0.0,0.0,0.0015185026443270463,1477,1530
0.1494343937312658,0.06408840421383011,0.0,0.0,0.0,0.0846516030761782,0.9964106111923102,0.0007042902563704275,-0.0029710114901749327,0.0,0.0,0.0,0.0007971801666949945,1477,1530
0.1494343937312658,0.06408840421383011,0.0,0.0,0.0,0.0846516030761782,0.9964106111923102,0.0007042902563704275,-0.0029710114901749327,0.0,0.0,0.0,0.0007971801666949945,1477,1530
0.1494343937312658,0.06408840421383011,0.0,0.0,0.0,0.0846516030761782,0.9964106111923102,0.0007042902563704275,-0.0029710114901749327,0.0,0.0,0.0,0.0007971801666949945,1477,1530
0.14942785538833758,0.06401804395013634,0.0,0.0,0.0,0.0847117750324064,0.996405497360818,-9.154119397319299e-05,-0.00034113526782597007,0.0,0.0,0.0,0.0006036955145919233,1477,1530
0.14942785538833758,0.06401804395013634,0.0,0.0,0.0,0.0847117750324064,0.996405497360818,-9.154119397319299e-05,-0.00034113526782597007,0.0,0.0,0.0,0.0006036955145919233,1477,1530
0.14960712292884387,0.06394675749885975,0.0,0.0,0.0,0.08476161170504805,0.9964012591226301,0.0008232900090603717,-0.0005026239926844962,0.0,0.0,0.0,0.000500158130330171,1477,1530
0.14960712292884387,0.06394675749885975,0.0,0.0,0.0,0.08476161170504805,0.9964012591226301,0.0008232900090603717,-0.0005026239926844962,0.0,0.0,0.0,0.000500158130330171,1477,1530
0.14959244149877488,0.06357152325536541,0.0,0.0,0.0,0.08486306353947773,0.9963926236412504,-0.0003339587807729692,-0.001575851891187949,0.0,0.0,0.0,0.0008735303095885,1477,1530
0.14959244149877488,0.06357152325536541,0.0,0.0,0.0,0.08486306353947773,0.9963926236412504,-0.0003339587807729692,-0.001575851891187949,0.0,0.0,0.0,0.0008735303095885,1477,1530
0.14959244149877488,0.06357152325536541,0.0,0.0,0.0,0.08486306353947773,0.9963926236412504,-0.0003339587807729692,-0.001575851891187949,0.0,0.0,0.0,0.0008735303095885,1477,1530
0.14940855569685565,0.06404960396620789,0.0,0.0,0.0,0.08468840383922593,0.9964074840421283,-0.0003761029084426987,0.0018818507956472022,0.0,0.0,0.0,-0.0013134622846475608,1477,1530
0.14940855569685565,0.06404960396620789,0.0,0.0,0.0,0.08468840383922593,0.9964074840421283,-0.0003761029084426987,0.0018818507956472022,0.0,0.0,0.0,-0.0013134622846475608,1477,1530
0.14953516459193453,0.06388350448677206,0.0,0.0,0.0,0.08478126938758064,0.9963995866925229,0.0028581690597888824,-0.005467137623244523,0.0,0.0,0.0,0.00550604013250722,1477,1530
0.14953516459193453,0.06388350448677206,0.0,0.0,0.0,0.08478126938758064,0.9963995866925229,0.0028581690597888824,-0.005467137623244523,0.0,0.0,0.0,0.00550604013250722,1477,1530
0.1494751717193545,0.0640055309713083,0.0,0.0,0.0,0.08474176153980877,0.9964029475323375,-0.00016223375811431895,0.0005493253221183842,0.0,0.0,0.0,-0.0003340441493085318,1477,1530
0.1494751717193545,0.0640055309713083,0.0,0.0,0.0,0.08474176153980877,0.9964029475323375,-0.00016223375811431895,0.0005493253221183842,0.0,0.0,0.0,-0.0003340441493085318,1477,1530
0.14950138450825162,0.0637221535825985,0.0,0.0,0.0,0.0847890054207296,0.9963989284216255,-6.0699121099505636e-05,-0.000782170970540204,0.0,0.0,0.0,0.000261415670893348,1477,1530
0.14950138450825162,0.0637221535825985,0.0,0.0,0.0,0.0847890054207296,0.9963989284216255,-6.0699121099505636e-05,-0.000782170970540204,0.0,0.0,0.0,0.000261415670893348,1477,1530
0.14939787520332845,0.06399307209306061,0.0,0.0,0.0,0.08470519045895797,0.9964060571420226,-0.00028207077018006587,0.0014268518991293793,0.0,0.0,0.0,-0.0008437111039408245,1477,1530
0.14948934273568718,0.0642296055036844,0.0,0.0,0.0,0.0846588418713281,0.9964099961827989,0.0007814433176129366,0.0013077861359202265,0.0,0.0,0.0,-0.0005588676308818354,1477,1530
0.14948934273568718,0.0642296055036844,0.0,0.0,0.0,0.0846588418713281,0.9964099961827989,0.0007814433176129366,0.0013077861359202265,0.0,0.0,0.0,-0.0005588676308818354,1477,1530
0.14948934273568718,0.0642296055036844,0.0,0.0,0.0,0.0846588418713281,0.9964099961827989,0.0007814433176129366,0.0013077861359202265,0.0,0.0,0.0,-0.0005588676308818354,1477,1530
0.1495001846078078,0.0634962468135339,0.0,0.0,0.0,0.08489040109450754,0.9963902949156087,-0.0006697537548308123,-0.004293712861032153,0.0,0.0,0.0,0.002753896420676438,1477,1530
0.1495001846078078,0.0634962468135339,0.0,0.0,0.0,0.08489040109450754,0.9963902949156087,-0.0006697537548308123,-0.004293712861032153,0.0,0.0,0.0,0.002753896420676438,1477,1530
0.14957030699384855,0.06334061739431394,0.0,0.0,0.0,0.08495208489551354,0.9963850376595914,0.00018481863419116633,-0.0007138394229393261,0.0,0.0,0.0,0.0005348535916666195,1477,1530
0.14957030699384855,0.06334061739431394,0.0,0.0,0.0,0.08495208489551354,0.9963850376595914,0.00018481863419116633,-0.0007138394229393261,0.0,0.0,0.0,0.0005348535916666195,1477,1530
0.14953240731955172,0.06346836223115142,0.0,0.0,0.0,0.08488512152964324,0.9963907447095731,-6.737694109144128e-05,0.0005668770480387144,0.0,0.0,0.0,-0.0005758533902768695,1477,1530
0.14956927859765123,0.0639740036157294,0.0,0.0,0.0,0.0846989592897995,0.996406586838538,0.0007326605824262423,0.0029584506094328237,0.0,0.0,0.0,-0.002246383603003322,1477,1530
0.14956927859765123,0.0639740036157294,0.0,0.0,0.0,0.0846989592897995,0.996406586838538,0.0007326605824262423,0.0029584506094328237,0.0,0.0,0.0,-0.002246383603003322,1477,1530
0.14956927859765123,0.0639740036157294,0.0,0.0,0.0,0.0846989592897995,0.996406586838538,0.0007326605824262423,0.0029584506094328237,0.0,0.0,0.0,-0.002246383603003322,1477,1530
0.14950524217936006,0.06391413508133384,0.0,0.0,0.0,0.08477875144875181,0.9963998009347407,-0.0005429823359608012,-0.0003574328718148298,0.0,0.0,0.0,0.0011876664478748004,1477,1530
0.14950524217936006,0.06391413508133384,0.0,0.0,0.0,0.08477875144875181,0.9963998009347407,-0.0005429823359608012,-0.0003574328718148298,0.0,0.0,0.0,0.0011876664478748004,1477,1530
0.14947484492524382,0.0639282909548299,0.0,0.0,0.0,0.0847213270310462,0.9964046852288976,-9.220764987435642e-05,6.384237131175072e-05,0.0,0.0,0.0,-0.0003855160809471793,1477,1530
0.14947484492524382,0.0639282909548299,0.0,0.0,0.0,0.0847213270310462,0.9964046852288976,-9.220764987435642e-05,6.384237131175072e-05,0.0,0.0,0.0,-0.0003855160809471793,1477,1530
0.14959399831586087,0.06350987537783301,0.0,0.0,0.0,0.0849113739146465,0.9963885078521967,0.00035104561327546033,-0.003244343405863252,0.0,0.0,0.0,0.0028613631277999967,1477,1530
0.14959399831586087,0.06350987537783301,0.0,0.0,0.0,0.0849113739146465,0.9963885078521967,0.00035104561327546033,-0.003244343405863252,0.0,0.0,0.0,0.0028613631277999967,1477,1530
0.14942832882161017,0.0637107900134016,0.0,0.0,0.0,0.08481377451906244,0.996396820374207,-0.0005549213343998044,0.0009702687881947244,0.0,0.0,0.0,-0.0008408790893337679,1477,1530
0.14942832882161017,0.0637107900134016,0.0,0.0,0.0,0.08481377451906244,0.996396820374207,-0.0005549213343998044,0.0009702687881947244,0.0,0.0,0.0,-0.0008408790893337679,1477,1530
0.14942832882161017,0.0637107900134016,0.0,0.0,0.0,0.08481377451906244,0.996396820374207,-0.0005549213343998044,0.0009702687881947244,0.0,0.0,0.0,-0.0008408790893337679,1477,1530
0.1494896250435178,0.06397797057903164,0.0,0.0,0.0,0.08470450448831915,0.9964061154566386,0.0005274551218144816,0.0012639099952047083,0.0,0.0,0.0,-0.001095802854005412,1477,1530
0.1494896250435178,0.06397797057903164,0.0,0.0,0.0,0.08470450448831915,0.9964061154566386,0.0005274551218144816,0.0012639099952047083,0.0,0.0,0.0,-0.001095802854005412,1477,1530
0.1494896250435178,0.06397797057903164,0.0,0.0,0.0,0.08470450448831915,0.9964061154566386,0.0005274551218144816,0.0012639099952047083,0.0,0.0,0.0,-0.001095802854005412,1477,1530
0.1494896250435178,0.06397797057903164,0.0,0.0,0.0,0.08470450448831915,0.9964061154566386,0.0005274551218144816,0.0012639099952047083,0.0,0.0,0.0,-0.001095802854005412,1477,1530
0.14959924228692906,0.06366041250157502,0.0,0.0,0.0,0.08486321211325239,0.9963926109871656,0.0002723286823689175,-0.0016582942166063423,0.0,0.0,0.0,0.001593552376336608,1477,1530
0.14959924228692906,0.06366041250157502,0.0,0.0,0.0,0.08486321211325239,0.9963926109871656,0.0002723286823689175,-0.0016582942166063423,0.0,0.0,0.0,0.001593552376336608,1477,1530
0.14951648438997056,0.06370041153951746,0.0,0.0,0.0,0.08479394795818243,0.996398507821878,-0.00014957455612026838,0.00010681658970918838,0.0,0.0,0.0,-0.0002780060454632589,1477,1530
0.14951648438997056,0.06370041153951746,0.0,0.0,0.0,0.08479394795818243,0.996398507821878,-0.00014957455612026838,0.00010681658970918838,0.0,0.0,0.0,-0.0002780060454632589,1477,1530
0.14955010612562866,0.06378803139123056,0.0,0.0,0.0,0.08479036580017256,0.9963988126586025,0.00017983093008160027,0.0003026134880051732,0.0,0.0,0.0,-2.6969424582878135e-05,1477,1530
0.14955010612562866,0.06378803139123056,0.0,0.0,0.0,0.08479036580017256,0.9963988126586025,0.00017983093008160027,0.0003026134880051732,0.0,0.0,0.0,-2.6969424582878135e-05,1477,1530
0.14956097293103063,0.06378920800562118,0.0,0.0,0.0,0.08478772499223011,0.9963990373794236,0.00016361267925503657,-1.0145302289771543e-05,0.0,0.0,0.0,-7.949704727019286e-05,1477,1530
0.14956097293103063,0.06378920800562118,0.0,0.0,0.0,0.08478772499223011,0.9963990373794236,0.00016361267925503657,-1.0145302289771543e-05,0.0,0.0,0.0,-7.949704727019286e-05,1477,1530
0.14956097293103063,0.06378920800562118,0.0,0.0,0.0,0.08478772499223011,0.9963990373794236,0.00016361267925503657,-1.0145302289771543e-05,0.0,0.0,0.0,-7.949704727019286e-05,1477,1530
0.14956097293103063,0.06378920800562118,0.0,0.0,0.0,0.08478772499223011,0.9963990373794236,0.00016361267925503657,-1.0145302289771543e-05,0.0,0.0,0.0,-7.949704727019286e-05,1477,1530
0.14958156533280814,0.06350412603592404,0.0,0.0,0.0,0.08485636786743304,0.9963931938910195,-9.284982582420155e-05,-0.0009476112591291369,0.0,0.0,0.0,0.00045898517842392735,1477,1530
0.14958156533280814,0.06350412603592404,0.0,0.0,0.0,0.08485636786743304,0.9963931938910195,-9.284982582420155e-05,-0.0009476112591291369,0.0,0.0,0.0,0.00045898517842392735,1477,1530
0.14935628644532548,0.06388176358844806,0.0,0.0,0.0,0.08472703225671123,0.9964042001140753,-0.00039541196475393004,0.0010256629900546662,0.0,0.0,0.0,-0.0006489699239223461,1477,1530
0.14935628644532548,0.06388176358844806,0.0,0.0,0.0,0.08472703225671123,0.9964042001140753,-0.00039541196475393004,0.0010256629900546662,0.0,0.0,0.0,-0.0006489699239223461,1477,1530
0.14933387703920142,0.06381113510554974,0.0,0.0,0.0,0.08470614928132444,0.9964059756313839,-0.00017014879668663952,-0.0003293166886097297,0.0,0.0,0.0,-0.0002096869820415657,1477,1530
0.14933387703920142,0.06381113510554974,0.0,0.0,0.0,0.08470614928132444,0.9964059756313839,-0.00017014879668663952,-0.0003293166886097297,0.0,0.0,0.0,-0.0002096869820415657,1477,1530
0.14933387703920142,0.06381113510554974,0.0,0.0,0.0,0.08470614928132444,0.9964059756313839,-0.00017014879668663952,-0.0003293166886097297,0.0,0.0,0.0,-0.0002096869820415657,1477,1530
0.14940544055760602,0.06336843163965132,0.0,0.0,0.0,0.08488282699700388,0.9963909401841211,-1.785415799847208e-05,-0.0019093208054884125,0.0,0.0,0.0,0.0015099489619885592,1477,1530
0.14940544055760602,0.06336843163965132,0.0,0.0,0.0,0.08488282699700388,0.9963909401841211,-1.785415799847208e-05,-0.0019093208054884125,0.0,0.0,0.0,0.0015099489619885592,1477,1530
0.14940544055760602,0.06336843163965132,0.0,0.0,0.0,0.08488282699700388,0.9963909401841211,-1.785415799847208e-05,-0.0019093208054884125,0.0,0.0,0.0,0.0015099489619885592,1477,1530
0.14940544055760602,0.06336843163965132,0.0,0.0,0.0,0.08488282699700388,0.9963909401841211,-1.785415799847208e-05,-0.0019093208054884125,0.0,0.0,0.0,0.0015099489619885592,1477,1530
0.14940544055760602,0.06336843163965132,0.0,0.0,0.0,0.08488282699700388,0.9963909401841211,-1.785415799847208e-05,-0.0019093208054884125,0.0,0.0,0.0,0.0015099489619885592,1477,1530
0.14946183707692798,0.06304962783518961,0.0,0.0,0.0,0.0849745992931504,0.9963831178191291,6.240126312088257e-06,-0.0012190462227573947,0.0,0.0,0.0,0.000693624942725359,1477,1530
0.14946183707692798,0.06304962783518961,0.0,0.0,0.0,0.0849745992931504,0.9963831178191291,6.240126312088257e-06,-0.0012190462227573947,0.0,0.0,0.0,0.000693624942725359,1477,1530
0.14946183707692798,0.06304962783518961,0.0,0.0,0.0,0.0849745992931504,0.9963831178191291,6.240126312088257e-06,-0.0012190462227573947,0.0,0.0,0.0,0.000693624942725359,1477,1530
0.14955674343669226,0.06334653729540576,0.0,0.0,0.0,0.08490519552019186,0.9963890343503776,0.00030846288701914527,0.0005931714372575678,0.0,0.0,0.0,-0.0002988070222077427,1477,1530
0.14947109639636993,0.06358578229601772,0.0,0.0,0.0,0.08483114982717857,0.9963953412270647,-0.00016452806425985944,0.0009373267302391732,0.0,0.0,0.0,-0.0005566118384070544,1477,1530
0.14947109639636993,0.06358578229601772,0.0,0.0,0.0,0.08483114982717857,0.9963953412270647,-0.00016452806425985944,0.0009373267302391732,0.0,0.0,0.0,-0.0005566118384070544,1477,1530
0.14947109639636993,0.06358578229601772,0.0,0.0,0.0,0.08483114982717857,0.9963953412270647,-0.00016452806425985944,0.0009373267302391732,0.0,0.0,0.0,-0.0005566118384070544,1477,1530
0.14947109639636993,0.06358578229601772,0.0,0.0,0.0,0.08483114982717857,0.9963953412270647,-0.00016452806425985944,0.0009373267302391732,0.0,0.0,0.0,-0.0005566118384070544,1477,1530
0.14947109639636993,0.06358578229601772,0.0,0.0,0.0,0.08483114982717857,0.9963953412270647,-0.00016452806425985944,0.0009373267302391732,0.0,0.0,0.0,-0.0005566118384070544,1477,1530
0.14947109639636993,0.06358578229601772,0.0,0.0,0.0,0.08483114982717857,0.9963953412270647,-0.00016452806425985944,0.0009373267302391732,0.0,0.0,0.0,-0.0005566118384070544,1477,1530
0.14940090412674656,0.06376127088969867,0.0,0.0,0.0,0.08477393229364168,0.9964002109611745,-7.41567620569945e-05,0.0003468587769829097,0.0,0.0,0.0,-0.00021553072165201854,1477,1530
0.14940090412674656,0.06376127088969867,0.0,0.0,0.0,0.08477393229364168,0.9964002109611745,-7.41567620569945e-05,0.0003468587769829097,0.0,0.0,0.0,-0.00021553072165201854,1477,1530
0.14940090412674656,0.06376127088969867,0.0,0.0,0.0,0.08477393229364168,0.9964002109611745,-7.41567620569945e-05,0.0003468587769829097,0.0,0.0,0.0,-0.00021553072165201854,1477,1530
0.1494893420061355,0.06336140250920086,0.0,0.0,0.0,0.08490791211109644,0.9963888028580683,6.532805591228012e-05,-0.001362457295040908,0.0,0.0,0.0,0.0008957202495139572,1477,1530
0.1494893420061355,0.06336140250920086,0.0,0.0,0.0,0.08490791211109644,0.9963888028580683,6.532805591228012e-05,-0.001362457295040908,0.0,0.0,0.0,0.0008957202495139572,1477,1530
0.14956060022821296,0.06340952431139148,0.0,0.0,0.0,0.08489706187024083,0.9963897274088089,0.0002939616068811112,0.0001326689643506298,0.0,0.0,0.0,-8.168906019930651e-05,1477,1530
0.14956060022821296,0.06340952431139148,0.0,0.0,0.0,0.08489706187024083,0.9963897274088089,0.0002939616068811112,0.0001326689643506298,0.0,0.0,0.0,-8.168906019930651e-05,1477,1530
0.14956060022821296,0.06340952431139148,0.0,0.0,0.0,0.08489706187024083,0.9963897274088089,0.0002939616068811112,0.0001326689643506298,0.0,0.0,0.0,-8.168906019930651e-05,1477,1530
0.1495183367109177,0.06362479077462474,0.0,0.0,0.0,0.08481534906996054,0.9963966863464274,-2.6179211021583716e-05,0.0010966885437406712,0.0,0.0,0.0,-0.0008201761009175598,1477,1530
0.1495183367109177,0.06362479077462474,0.0,0.0,0.0,0.08481534906996054,0.9963966863464274,-2.6179211021583716e-05,0.0010966885437406712,0.0,0.0,0.0,-0.0008201761009175598,1477,1530
0.1495183367109177,0.06362479077462474,0.0,0.0,0.0,0.08481534906996054,0.9963966863464274,-2.6179211021583716e-05,0.0010966885437406712,0.0,0.0,0.0,-0.0008201761009175598,1477,1530
0.1495183367109177,0.06362479077462474,0.0,0.0,0.0,0.08481534906996054,0.9963966863464274,-2.6179211021583716e-05,0.0010966885437406712,0.0,0.0,0.0,-0.0008201761009175598,1477,1530
0.1495183367109177,0.06362479077462474,0.0,0.0,0.0,0.08481534906996054,0.9963966863464274,-2.6179211021583716e-05,0.0010966885437406712,0.0,0.0,0.0,-0.0008201761009175598,1477,1530
0.1495183367109177,0.06362479077462474,0.0,0.0,0.0,0.08481534906996054,0.9963966863464274,-2.6179211021583716e-05,0.0010966885437406712,0.0,0.0,0.0,-0.0008201761009175598,1477,1530
0.14955037046686692,0.06308081170774345,0.0,0.0,0.0,0.08497925034745012,0.9963827211520608,-0.00018102544013520397,-0.0016239377861438705,0.0,0.0,0.0,0.0009865072572706353,1477,1530
0.14955037046686692,0.06308081170774345,0.0,0.0,0.0,0.08497925034745012,0.9963827211520608,-0.00018102544013520397,-0.0016239377861438705,0.0,0.0,0.0,0.0009865072572706353,1477,1530
0.14946950084181024,0.06344726512585465,0.0,0.0,0.0,0.08484960789341076,0.9963937695712145,-3.308342892586651e-05,0.0007028321248679311,0.0,0.0,0.0,-0.00048790620609271405,1477,1530
0.14946950084181024,0.06344726512585465,0.0,0.0,0.0,0.08484960789341076,0.9963937695712145,-3.308342892586651e-05,0.0007028321248679311,0.0,0.0,0.0,-0.00048790620609271405,1477,1530
0.14946950084181024,0.06344726512585465,0.0,0.0,0.0,0.08484960789341076,0.9963937695712145,-3.308342892586651e-05,0.0007028321248679311,0.0,0.0,0.0,-0.00048790620609271405,1477,1530
0.14946950084181024,0.06344726512585465,0.0,0.0,0.0,0.08484960789341076,0.9963937695712145,-3.308342892586651e-05,0.0007028321248679311,0.0,0.0,0.0,-0.00048790620609271405,1477,1530
0.14946950084181024,0.06344726512585465,0.0,0.0,0.0,0.08484960789341076,0.9963937695712145,-3.308342892586651e-05,0.0007028321248679311,0.0,0.0,0.0,-0.00048790620609271405,1477,1530
0.14946632348264646,0.06317957489109453,0.0,0.0,0.0,0.08492728846318108,0.9963871515000039,-0.00020759260978346687,-0.0011294404059336996,0.0,0.0,0.0,0.0006688484317988431,1477,1530
0.14946919133556202,0.0632903819269028,0.0,0.0,0.0,0.0848766080362025,0.9963914699596083,4.620902352804028e-05,0.00023281260617644548,0.0,0.0,0.0,-0.00021783379124375686,1477,1530
0.14946919133556202,0.0632903819269028,0.0,0.0,0.0,0.0848766080362025,0.9963914699596083,4.620902352804028e-05,0.00023281260617644548,0.0,0.0,0.0,-0.00021783379124375686,1477,1530
0.1496449932909652,0.0635369898236243,0.0,0.0,0.0,0.08484749753722377,0.9963939492799376,0.0016147186288549894,0.001602243483918045,0.0,0.0,0.0,-0.00043888129862954217,1477,1530
0.1496449932909652,0.0635369898236243,0.0,0.0,0.0,0.08484749753722377,0.9963939492799376,0.0016147186288549894,0.001602243483918045,0.0,0.0,0.0,-0.00043888129862954217,1477,1530
0.1496449932909652,0.0635369898236243,0.0,0.0,0.0,0.08484749753722377,0.9963939492799376,0.0016147186288549894,0.001602243483918045,0.0,0.0,0.0,-0.00043888129862954217,1477,1530
0.1496449932909652,0.0635369898236243,0.0,0.0,0.0,0.08484749753722377,0.9963939492799376,0.0016147186288549894,0.001602243483918045,0.0,0.0,0.0,-0.00043888129862954217,1477,1530
0.14944146725686291,0.06351890537067664,0.0,0.0,0.0,0.08482485385118077,0.9963958772341072,-0.0012214342763280839,9.949282065093816e-05,0.0,0.0,0.0,-0.00027259887184054755,1477,1530
0.14944146725686291,0.06351890537067664,0.0,0.0,0.0,0.08482485385118077,0.9963958772341072,-0.0012214342763280839,9.949282065093816e-05,0.0,0.0,0.0,-0.00027259887184054755,1477,1530
0.14944146725686291,0.06351890537067664,0.0,0.0,0.0,0.08482485385118077,0.9963958772341072,-0.0012214342763280839,9.949282065093816e-05,0.0,0.0,0.0,-0.00027259887184054755,1477,1530
0.14941822970025587,0.06321813670611774,0.0,0.0,0.0,0.0849663741202289,0.9963838192528325,-0.0002011010809890686,-0.0007976799086778348,0.0,0.0,0.0,0.0007746467402809005,1477,1530
0.14947087728003425,0.06322538856152358,0.0,0.0,0.0,0.0849961979113115,0.9963812755871224,0.0001592934787652339,-5.299396291935324e-06,0.0,0.0,0.0,0.00017953334702383437,1477,1530
0.14947087728003425,0.06322538856152358,0.0,0.0,0.0,0.0849961979113115,0.9963812755871224,0.0001592934787652339,-5.299396291935324e-06,0.0,0.0,0.0,0.00017953334702383437,1477,1530
0.14947087728003425,0.06322538856152358,0.0,0.0,0.0,0.0849961979113115,0.9963812755871224,0.0001592934787652339,-5.299396291935324e-06,0.0,0.0,0.0,0.00017953334702383437,1477,1530
0.14947087728003425,0.06322538856152358,0.0,0.0,0.0,0.0849961979113115,0.9963812755871224,0.0001592934787652339,-5.299396291935324e-06,0.0,0.0,0.0,0.00017953334702383437,1477,1530
0.14947087728003425,0.06322538856152358,0.0,0.0,0.0,0.0849961979113115,0.9963812755871224,0.0001592934787652339,-5.299396291935324e-06,0.0,0.0,0.0,0.00017953334702383437,1477,1530
0.14947087728003425,0.06322538856152358,0.0,0.0,0.0,0.0849961979113115,0.9963812755871224,0.0001592934787652339,-5.299396291935324e-06,0.0,0.0,0.0,0.00017953334702383437,1477,1530
0.14936262337169406,0.0631530056693315,0.0,0.0,0.0,0.0849735919738131,0.9963832037258898,-0.0007095295671767826,-0.0003161501302356481,0.0,0.0,0.0,-0.0002706657755600967,1477,1530
0.14936262337169406,0.0631530056693315,0.0,0.0,0.0,0.0849735919738131,0.9963832037258898,-0.0007095295671767826,-0.0003161501302356481,0.0,0.0,0.0,-0.0002706657755600967,1477,1530
0.1494497425674576,0.06311805748517717,0.0,0.0,0.0,0.08503910533827273,0.9963776144430716,0.00016028623668305105,-9.863722034657737e-05,0.0,0.0,0.0,0.0002636630051539414,1477,1530
0.1494497425674576,0.06311805748517717,0.0,0.0,0.0,0.08503910533827273,0.9963776144430716,0.00016028623668305105,-9.863722034657737e-05,0.0,0.0,0.0,0.0002636630051539414,1477,1530
0.1494497425674576,0.06311805748517717,0.0,0.0,0.0,0.08503910533827273,0.9963776144430716,0.00016028623668305105,-9.863722034657737e-05,0.0,0.0,0.0,0.0002636630051539414,1477,1530
0.1494497425674576,0.06311805748517717,0.0,0.0,0.0,0.08503910533827273,0.9963776144430716,0.00016028623668305105,-9.863722034657737e-05,0.0,0.0,0.0,0.0002636630051539414,1477,1530
0.1494796569549637,0.06325270716953223,0.0,0.0,0.0,0.08499381277457356,0.9963814790480806,0.0001960216336684425,0.0004783732380351459,0.0,0.0,0.0,-0.0003407505012859023,1477,1530
0.1494796569549637,0.06325270716953223,0.0,0.0,0.0,0.08499381277457356,0.9963814790480806,0.0001960216336684425,0.0004783732380351459,0.0,0.0,0.0,-0.0003407505012859023,1477,1530
0.14933699654960134,0.06339374336925073,0.0,0.0,0.0,0.08488408134747298,0.9963908333248533,-0.00029173452497510016,0.0004078409940626202,0.0,0.0,0.0,-0.0005505631255293598,1477,1530
0.14933595788527143,0.0631952481814518,0.0,0.0,0.0,0.08497629008166559,0.996382973622069,-0.0001730132988654444,-0.0009773636876488749,0.0,0.0,0.0,0.0009254957962309611,1477,1530
0.14933595788527143,0.0631952481814518,0.0,0.0,0.0,0.08497629008166559,0.996382973622069,-0.0001730132988654444,-0.0009773636876488749,0.0,0.0,0.0,0.0009254957962309611,1477,1530
0.1494283077348791,0.06344490505603236,0.0,0.0,0.0,0.08490281155236262,0.9963892374923086,0.001992146031471489,0.0034436775231144294,0.0,0.0,0.0,-0.0022043383096081075,1477,1530
0.1494283077348791,0.06344490505603236,0.0,0.0,0.0,0.08490281155236262,0.9963892374923086,0.001992146031471489,0.0034436775231144294,0.0,0.0,0.0,-0.0022043383096081075,1477,1530
0.14957579846543584,0.06302860134504604,0.0,0.0,0.0,0.0850662018876549,0.9963753014283366,0.00044997746015419947,-0.0026138844418798278,0.0,0.0,0.0,0.0019695716666607434,1477,1530
0.14957579846543584,0.06302860134504604,0.0,0.0,0.0,0.0850662018876549,0.9963753014283366,0.00044997746015419947,-0.0026138844418798278,0.0,0.0,0.0,0.0019695716666607434,1477,1530
0.14940470667187894,0.06331910087139091,0.0,0.0,0.0,0.08495374995555877,0.996384895694675,-0.0004479177598319879,0.0011830936850075104,0.0,0.0,0.0,-0.0008469733964404717,1477,1530
0.14940470667187894,0.06331910087139091,0.0,0.0,0.0,0.08495374995555877,0.996384895694675,-0.0004479177598319879,0.0011830936850075104,0.0,0.0,0.0,-0.0008469733964404717,1477,1530
0.14940470667187894,0.06331910087139091,0.0,0.0,0.0,0.08495374995555877,0.996384895694675,-0.0004479177598319879,0.0011830936850075104,0.0,0.0,0.0,-0.0008469733964404717,1477,1530
0.14952323218145522,0.06321111030001106,0.0,0.0,0.0,0.08499450537729371,0.9963814199671074,0.0003935544230304395,0.001135826311405791,0.0,0.0,0.0,-0.0006619401235849294,1477,1530
0.14952323218145522,0.06321111030001106,0.0,0.0,0.0,0.08499450537729371,0.9963814199671074,0.0003935544230304395,0.001135826311405791,0.0,0.0,0.0,-0.0006619401235849294,1477,1530
0.14952323218145522,0.06321111030001106,0.0,0.0,0.0,0.08499450537729371,0.9963814199671074,0.0003935544230304395,0.001135826311405791,0.0,0.0,0.0,-0.0006619401235849294,1477,1530
0.14948207687582862,0.06309988176891142,0.0,0.0,0.0,0.08500669657583804,0.9963803799439567,-0.0002193845313223964,-0.00037912538669591657,0.0,0.0,0.0,9.037978681977807e-05,1477,1530
0.14948207687582862,0.06309988176891142,0.0,0.0,0.0,0.08500669657583804,0.9963803799439567,-0.0002193845313223964,-0.00037912538669591657,0.0,0.0,0.0,9.037978681977807e-05,1477,1530
0.1494356585698957,0.06330408237482946,0.0,0.0,0.0,0.0849550733786596,0.9963847828561145,-5.679316823272802e-05,0.0010645276135931943,0.0,0.0,0.0,-0.0005275036559959389,1477,1530
0.1494203170932946,0.063433408698464,0.0,0.0,0.0,0.08487306617365781,0.996391771663276,0.00010250556573379008,0.0019679333926839915,0.0,0.0,0.0,-0.0024907537154575266,1477,1530
0.14945377401838564,0.0633260096248725,0.0,0.0,0.0,0.08493086003716578,0.9963868470696245,6.34201113744665e-05,-0.00047751186360278137,0.0,0.0,0.0,0.0004967651754409355,1477,1530
0.14945377401838564,0.0633260096248725,0.0,0.0,0.0,0.08493086003716578,0.9963868470696245,6.34201113744665e-05,-0.00047751186360278137,0.0,0.0,0.0,0.0004967651754409355,1477,1530
0.14945377401838564,0.0633260096248725,0.0,0.0,0.0,0.08493086003716578,0.9963868470696245,6.34201113744665e-05,-0.00047751186360278137,0.0,0.0,0.0,0.0004967651754409355,1477,1530
0.14945315501422024,0.06295707967244303,0.0,0.0,0.0,0.08507383708900643,0.9963746495384922,-0.00045943953157963883,-0.002648781049418076,0.0,0.0,0.0,0.002091266022942018,1477,1530
0.14945315501422024,0.06295707967244303,0.0,0.0,0.0,0.08507383708900643,0.9963746495384922,-0.00045943953157963883,-0.002648781049418076,0.0,0.0,0.0,0.002091266022942018,1477,1530
0.14945315501422024,0.06295707967244303,0.0,0.0,0.0,0.08507383708900643,0.9963746495384922,-0.00045943953157963883,-0.002648781049418076,0.0,0.0,0.0,0.002091266022942018,1477,1530
0.14945149545905562,0.06326408203470045,0.0,0.0,0.0,0.08495003375318863,0.99638521253847,0.00017021715628526816,0.0010225685563144194,0.0,0.0,0.0,-0.0008391060135633903,1477,1530
0.14945149545905562,0.06326408203470045,0.0,0.0,0.0,0.08495003375318863,0.99638521253847,0.00017021715628526816,0.0010225685563144194,0.0,0.0,0.0,-0.0008391060135633903,1477,1530
0.1493685813420058,0.06321394254117033,0.0,0.0,0.0,0.08498137852172903,0.9963825396425545,-0.00033833045006688016,-0.0001326973592789949,0.0,0.0,0.0,0.00023598113009448417,1477,1530
0.14951971833931588,0.06319040540856291,0.0,0.0,0.0,0.0850202917914603,0.9963792199678267,0.0008700571960928467,-0.0002928351910962046,0.0,0.0,0.0,0.00046878943044013,1477,1530
0.14940598898985183,0.06308485482324087,0.0,0.0,0.0,0.08502423830458362,0.9963788832069482,-0.000974631411964733,-0.0006355862868890765,0.0,0.0,0.0,5.94049564768119e-05,1477,1530
0.14940598898985183,0.06308485482324087,0.0,0.0,0.0,0.08502423830458362,0.9963788832069482,-0.000974631411964733,-0.0006355862868890765,0.0,0.0,0.0,5.94049564768119e-05,1477,1530
0.14940598898985183,0.06308485482324087,0.0,0.0,0.0,0.08502423830458362,0.9963788832069482,-0.000974631411964733,-0.0006355862868890765,0.0,0.0,0.0,5.94049564768119e-05,1477,1530
0.14940598898985183,0.06308485482324087,0.0,0.0,0.0,0.08502423830458362,0.9963788832069482,-0.000974631411964733,-0.0006355862868890765,0.0,0.0,0.0,5.94049564768119e-05,1477,1530
0.14959268827701339,0.06298149341065733,0.0,0.0,0.0,0.08510241241446267,0.9963722092678211,0.004988378705032148,-0.003999998641261385,0.0,0.0,0.0,0.004701631693648511,1477,1530
0.14959268827701339,0.06298149341065733,0.0,0.0,0.0,0.08510241241446267,0.9963722092678211,0.004988378705032148,-0.003999998641261385,0.0,0.0,0.0,0.004701631693648511,1477,1530
0.14959268827701339,0.06298149341065733,0.0,0.0,0.0,0.08510241241446267,0.9963722092678211,0.004988378705032148,-0.003999998641261385,0.0,0.0,0.0,0.004701631693648511,1477,1530
0.14959268827701339,0.06298149341065733,0.0,0.0,0.0,0.08510241241446267,0.9963722092678211,0.004988378705032148,-0.003999998641261385,0.0,0.0,0.0,0.004701631693648511,1477,1530
0.14957947998632065,0.06296494669301131,0.0,0.0,0.0,0.08506519131539371,0.9963753877060971,-3.1645346856673354e-05,-2.813343244071366e-05,0.0,0.0,0.0,-0.00014942236092152302,1477,1530
0.14957947998632065,0.06296494669301131,0.0,0.0,0.0,0.08506519131539371,0.9963753877060971,-3.1645346856673354e-05,-2.813343244071366e-05,0.0,0.0,0.0,-0.00014942236092152302,1477,1530
0.14953085195804142,0.06300746605554501,0.0,0.0,0.0,0.08507996683983866,0.996374126140644,-0.00017451143695058265,0.00021493040913873188,0.0,0.0,0.0,0.00012711650369050638,1477,1530
0.14957411586999786,0.0629186609539237,0.0,0.0,0.0,0.0851275698594653,0.9963700601934112,8.266881336804104e-05,-0.0002843054818941495,0.0,0.0,0.0,0.00028639803700976314,1477,1530
0.14957411586999786,0.0629186609539237,0.0,0.0,0.0,0.0851275698594653,0.9963700601934112,8.266881336804104e-05,-0.0002843054818941495,0.0,0.0,0.0,0.00028639803700976314,1477,1530
0.14957411586999786,0.0629186609539237,0.0,0.0,0.0,0.0851275698594653,0.9963700601934112,8.266881336804104e-05,-0.0002843054818941495,0.0,0.0,0.0,0.00028639803700976314,1477,1530
0.14957411586999786,0.0629186609539237,0.0,0.0,0.0,0.0851275698594653,0.9963700601934112,8.266881336804104e-05,-0.0002843054818941495,0.0,0.0,0.0,0.00028639803700976314,1477,1530
0.14957411586999786,0.0629186609539237,0.0,0.0,0.0,0.0851275698594653,0.9963700601934112,8.266881336804104e-05,-0.0002843054818941495,0.0,0.0,0.0,0.00028639803700976314,1477,1530
0.149467919282934,0.06300589260829184,0.0,0.0,0.0,0.08509910126298813,0.9963724920752438,-0.0005398341312982678,0.0006246756187571574,0.0,0.0,0.0,-0.00034329713652907163,1477,1530
0.149467919282934,0.06300589260829184,0.0,0.0,0.0,0.08509910126298813,0.9963724920752438,-0.0005398341312982678,0.0006246756187571574,0.0,0.0,0.0,-0.00034329713652907163,1477,1530
0.14949884440938413,0.06356735554282013,0.0,0.0,0.0,0.08488563839219511,0.9963907006765718,0.0002693609502487355,0.0011745760686133664,0.0,0.0,0.0,-0.0009182451353692457,1477,1530
0.14949884440938413,0.06356735554282013,0.0,0.0,0.0,0.08488563839219511,0.9963907006765718,0.0002693609502487355,0.0011745760686133664,0.0,0.0,0.0,-0.0009182451353692457,1477,1530
0.14949884440938413,0.06356735554282013,0.0,0.0,0.0,0.08488563839219511,0.9963907006765718,0.0002693609502487355,0.0011745760686133664,0.0,0.0,0.0,-0.0009182451353692457,1477,1530
0.14941595774147734,0.06339458123548417,0.0,0.0,0.0,0.08493062575878915,0.9963868670392141,-0.00055497504595861,-0.000781856710432603,0.0,0.0,0.0,0.0004518158977364365,1477,1530
0.14941595774147734,0.06339458123548417,0.0,0.0,0.0,0.08493062575878915,0.9963868670392141,-0.00055497504595861,-0.000781856710432603,0.0,0.0,0.0,0.0004518158977364365,1477,1530
0.1495718995928716,0.06315875792124671,0.0,0.0,0.0,0.08502029631562354,0.9963792195817833,0.0004871434385778291,-0.0011081026658406594,0.0,0.0,0.0,0.0007706297479068103,1477,1530
0.1495718995928716,0.06315875792124671,0.0,0.0,0.0,0.08502029631562354,0.9963792195817833,0.0004871434385778291,-0.0011081026658406594,0.0,0.0,0.0,0.0007706297479068103,1477,1530
0.1495718995928716,0.06315875792124671,0.0,0.0,0.0,0.08502029631562354,0.9963792195817833,0.0004871434385778291,-0.0011081026658406594,0.0,0.0,0.0,0.0007706297479068103,1477,1530
0.14952094412314207,0.06314375274404252,0.0,0.0,0.0,0.08500699652750304,0.996380354353383,-0.00015641388474713146,-1.8247295005454516e-05,0.0,0.0,0.0,-7.914283078383968e-05,1477,1530
0.14952094412314207,0.06314375274404252,0.0,0.0,0.0,0.08500699652750304,0.996380354353383,-0.00015641388474713146,-1.8247295005454516e-05,0.0,0.0,0.0,-7.914283078383968e-05,1477,1530
0.14953145447459937,0.0628892875728678,0.0,0.0,0.0,0.08512004754706681,0.9963707028539052,-0.0003410426000643604,-0.0026303137088358693,0.0,0.0,0.0,0.0023632555021882743,1477,1530
0.14953145447459937,0.0628892875728678,0.0,0.0,0.0,0.08512004754706681,0.9963707028539052,-0.0003410426000643604,-0.0026303137088358693,0.0,0.0,0.0,0.0023632555021882743,1477,1530
0.14953145447459937,0.0628892875728678,0.0,0.0,0.0,0.08512004754706681,0.9963707028539052,-0.0003410426000643604,-0.0026303137088358693,0.0,0.0,0.0,0.0023632555021882743,1477,1530
0.14942473670869613,0.06327276389212039,0.0,0.0,0.0,0.08499643121131782,0.9963812556854629,-0.00013376144029248458,0.0013201760480689064,0.0,0.0,0.0,-0.0008271725261914292,1477,1530
0.14942473670869613,0.06327276389212039,0.0,0.0,0.0,0.08499643121131782,0.9963812556854629,-0.00013376144029248458,0.0013201760480689064,0.0,0.0,0.0,-0.0008271725261914292,1477,1530
0.14942473670869613,0.06327276389212039,0.0,0.0,0.0,0.08499643121131782,0.9963812556854629,-0.00013376144029248458,0.0013201760480689064,0.0,0.0,0.0,-0.0008271725261914292,1477,1530
0.14944942447832582,0.06312917203122496,0.0,0.0,0.0,0.08499241132036672,0.9963815985946095,4.199285339798384e-08,-0.0006241937906293615,0.0,0.0,0.0,-3.456865162879347e-05,1477,1530
0.14944942447832582,0.06312917203122496,0.0,0.0,0.0,0.08499241132036672,0.9963815985946095,4.199285339798384e-08,-0.0006241937906293615,0.0,0.0,0.0,-3.456865162879347e-05,1477,1530
0.14944942447832582,0.06312917203122496,0.0,0.0,0.0,0.08499241132036672,0.9963815985946095,4.199285339798384e-08,-0.0006241937906293615,0.0,0.0,0.0,-3.456865162879347e-05,1477,1530
0.14959421649009857,0.06290131892903886,0.0,0.0,0.0,0.08511552317421058,0.9963710893611779,0.0002838234661519735,-0.0006790598881870959,0.0,0.0,0.0,0.0006737017231323337,1477,1530
0.14959421649009857,0.06290131892903886,0.0,0.0,0.0,0.08511552317421058,0.9963710893611779,0.0002838234661519735,-0.0006790598881870959,0.0,0.0,0.0,0.0006737017231323337,1477,1530
0.14952176923173296,0.06296460277031425,0.0,0.0,0.0,0.08507698700207633,0.9963743805832467,-0.0002276741124246425,0.00028018360101984385,0.0,0.0,0.0,-0.0002903093405702205,1477,1530
0.14952176923173296,0.06296460277031425,0.0,0.0,0.0,0.08507698700207633,0.9963743805832467,-0.0002276741124246425,0.00028018360101984385,0.0,0.0,0.0,-0.0002903093405702205,1477,1530
0.14953937078994992,0.06299693309910807,0.0,0.0,0.0,0.08507527984556973,0.9963745263500056,7.61299416992084e-05,9.630718999148965e-05,0.0,0.0,0.0,-1.1427979546577913e-05,1477,1530
0.14953937078994992,0.06299693309910807,0.0,0.0,0.0,0.08507527984556973,0.9963745263500056,7.61299416992084e-05,9.630718999148965e-05,0.0,0.0,0.0,-1.1427979546577913e-05,1477,1530
0.14953937078994992,0.06299693309910807,0.0,0.0,0.0,0.08507527984556973,0.9963745263500056,7.61299416992084e-05,9.630718999148965e-05,0.0,0.0,0.0,-1.1427979546577913e-05,1477,1530
0.14957518584506635,0.06323551026468627,0.0,0.0,0.0,0.0850040539848713,0.9963806053944131,0.00045383637779859785,0.0013724220964047881,0.0,0.0,0.0,-0.0008566389802202573,1477,1530
0.14954501407537538,0.06317808438423729,0.0,0.0,0.0,0.08505293301251596,0.9963764341783523,-0.00016802535776819116,-0.00021921153568814892,0.0,0.0,0.0,0.0004177436862102533,1477,1530
0.14954501407537538,0.06317808438423729,0.0,0.0,0.0,0.08505293301251596,0.9963764341783523,-0.00016802535776819116,-0.00021921153568814892,0.0,0.0,0.0,0.0004177436862102533,1477,1530
0.14954501407537538,0.06317808438423729,0.0,0.0,0.0,0.08505293301251596,0.9963764341783523,-0.00016802535776819116,-0.00021921153568814892,0.0,0.0,0.0,0.0004177436862102533,1477,1530
0.149512309918095,0.06304710932838747,0.0,0.0,0.0,0.08507062921310064,0.9963749234325838,-0.00041339991990672144,-0.000938275442669331,0.0,0.0,0.0,0.0002697862832013781,1477,1530
0.149512309918095,0.06304710932838747,0.0,0.0,0.0,0.08507062921310064,0.9963749234325838,-0.00041339991990672144,-0.000938275442669331,0.0,0.0,0.0,0.0002697862832013781,1477,1530
0.14957418617816032,0.06285571698042651,0.0,0.0,0.0,0.08514212464699285,0.9963688165587058,7.77812166289913e-05,-0.0005427426976871496,0.0,0.0,0.0,0.00039118673001537434,1477,1530
0.14957418617816032,0.06285571698042651,0.0,0.0,0.0,0.08514212464699285,0.9963688165587058,7.77812166289913e-05,-0.0005427426976871496,0.0,0.0,0.0,0.00039118673001537434,1477,1530
0.14957418617816032,0.06285571698042651,0.0,0.0,0.0,0.08514212464699285,0.9963688165587058,7.77812166289913e-05,-0.0005427426976871496,0.0,0.0,0.0,0.00039118673001537434,1477,1530
0.14957418617816032,0.06285571698042651,0.0,0.0,0.0,0.08514212464699285,0.9963688165587058,7.77812166289913e-05,-0.0005427426976871496,0.0,0.0,0.0,0.00039118673001537434,1477,1530
0.14954289335406998,0.06293672109115771,0.0,0.0,0.0,0.0851317059343933,0.9963697068080202,-8.5480455473803e-05,0.0004257099468937299,0.0,0.0,0.0,-0.00010457044057503858,1477,1530
0.14951809756782553,0.06311313646871229,0.0,0.0,0.0,0.08503485611617144,0.9963779770976986,1.6483862566423996e-05,0.000534481825473879,0.0,0.0,0.0,-0.0005835276710171064,1477,1530
0.14951809756782553,0.06311313646871229,0.0,0.0,0.0,0.08503485611617144,0.9963779770976986,1.6483862566423996e-05,0.000534481825473879,0.0,0.0,0.0,-0.0005835276710171064,1477,1530
0.14952399722731122,0.06305252509579272,0.0,0.0,0.0,0.08506094144762251,0.9963757505279041,-3.337014600784514e-05,-0.00045478025972463037,0.0,0.0,0.0,0.0003920744880116537,1477,1530
0.14952399722731122,0.06305252509579272,0.0,0.0,0.0,0.08506094144762251,0.9963757505279041,-3.337014600784514e-05,-0.00045478025972463037,0.0,0.0,0.0,0.0003920744880116537,1477,1530
0.1494297019149529,0.06368832172346942,0.0,0.0,0.0,0.08476929786330432,0.996400605248593,7.37771165924823e-05,0.003194561938958025,0.0,0.0,0.0,-0.002910302475320593,1477,1530
0.1494297019149529,0.06368832172346942,0.0,0.0,0.0,0.08476929786330432,0.996400605248593,7.37771165924823e-05,0.003194561938958025,0.0,0.0,0.0,-0.002910302475320593,1477,1530
0.14953850527638257,0.06356495112501302,0.0,0.0,0.0,0.08479736597498042,0.9963982169412514,0.0006535517127779159,-0.0010588395566674335,0.0,0.0,0.0,0.00042616870927414315,1477,1530
0.14953850527638257,0.06356495112501302,0.0,0.0,0.0,0.08479736597498042,0.9963982169412514,0.0006535517127779159,-0.0010588395566674335,0.0,0.0,0.0,0.00042616870927414315,1477,1530
0.14943261961975174,0.06340731084321705,0.0,0.0,0.0,0.08480748584346054,0.9963973556492968,-0.0004912644585822921,-0.0005155599879231043,0.0,0.0,0.0,7.617473954569731e-05,1477,1530
0.14943261961975174,0.06340731084321705,0.0,0.0,0.0,0.08480748584346054,0.9963973556492968,-0.0004912644585822921,-0.0005155599879231043,0.0,0.0,0.0,7.617473954569731e-05,1477,1530
0.14943261961975174,0.06340731084321705,0.0,0.0,0.0,0.08480748584346054,0.9963973556492968,-0.0004912644585822921,-0.0005155599879231043,0.0,0.0,0.0,7.617473954569731e-05,1477,1530
0.14943261961975174,0.06340731084321705,0.0,0.0,0.0,0.08480748584346054,0.9963973556492968,-0.0004912644585822921,-0.0005155599879231043,0.0,0.0,0.0,7.617473954569731e-05,1477,1530
0.14943261961975174,0.06340731084321705,0.0,0.0,0.0,0.08480748584346054,0.9963973556492968,-0.0004912644585822921,-0.0005155599879231043,0.0,0.0,0.0,7.617473954569731e-05,1477,1530
0.14949825770656788,0.06388436757286811,0.0,0.0,0.0,0.08471409673792854,0.9964052999727957,0.0006204962496461812,0.0019603212549132417,0.0,0.0,0.0,-0.0008004064603834678,1477,1530
0.14949825770656788,0.06388436757286811,0.0,0.0,0.0,0.08471409673792854,0.9964052999727957,0.0006204962496461812,0.0019603212549132417,0.0,0.0,0.0,-0.0008004064603834678,1477,1530
0.14949825770656788,0.06388436757286811,0.0,0.0,0.0,0.08471409673792854,0.9964052999727957,0.0006204962496461812,0.0019603212549132417,0.0,0.0,0.0,-0.0008004064603834678,1477,1530
0.14949825770656788,0.06388436757286811,0.0,0.0,0.0,0.08471409673792854,0.9964052999727957,0.0006204962496461812,0.0019603212549132417,0.0,0.0,0.0,-0.0008004064603834678,1477,1530
0.14949825770656788,0.06388436757286811,0.0,0.0,0.0,0.08471409673792854,0.9964052999727957,0.0006204962496461812,0.0019603212549132417,0.0,0.0,0.0,-0.0008004064603834678,1477,1530
0.14949825770656788,0.06388436757286811,0.0,0.0,0.0,0.08471409673792854,0.9964052999727957,0.0006204962496461812,0.0019603212549132417,0.0,0.0,0.0,-0.0008004064603834678,1477,1530
0.14949825770656788,0.06388436757286811,0.0,0.0,0.0,0.08471409673792854,0.9964052999727957,0.0006204962496461812,0.0019603212549132417,0.0,0.0,0.0,-0.0008004064603834678,1477,1530
0.1495324322402514,0.06338153636062867,0.0,0.0,0.0,0.08488882773923519,0.9963904289609864,-0.00010197667786569438,-0.0009985529336475189,0.0,0.0,0.0,0.0006985030375993438,1477,1530
0.1495324322402514,0.06338153636062867,0.0,0.0,0.0,0.08488882773923519,0.9963904289609864,-0.00010197667786569438,-0.0009985529336475189,0.0,0.0,0.0,0.0006985030375993438,1477,1530
0.1495324322402514,0.06338153636062867,0.0,0.0,0.0,0.08488882773923519,0.9963904289609864,-0.00010197667786569438,-0.0009985529336475189,0.0,0.0,0.0,0.0006985030375993438,1477,1530
0.14958560027357062,0.06349790758175526,0.0,0.0,0.0,0.08483983273255231,0.9963946019433829,0.00010861764057654235,0.00015926261694350214,0.0,0.0,0.0,-0.0001481803671617704,1477,1530
0.14958560027357062,0.06349790758175526,0.0,0.0,0.0,0.08483983273255231,0.9963946019433829,0.00010861764057654235,0.00015926261694350214,0.0,0.0,0.0,-0.0001481803671617704,1477,1530
0.14958560027357062,0.06349790758175526,0.0,0.0,0.0,0.08483983273255231,0.9963946019433829,0.00010861764057654235,0.00015926261694350214,0.0,0.0,0.0,-0.0001481803671617704,1477,1530
0.14960267675746916,0.06349280513902247,0.0,0.0,0.0,0.0848395991208205,0.9963946218346517,5.3140220142936455e-05,-2.6344064838808266e-05,0.0,0.0,0.0,-1.560508509129161e-06,1477,1530
0.14960267675746916,0.06349280513902247,0.0,0.0,0.0,0.0848395991208205,0.9963946218346517,5.3140220142936455e-05,-2.6344064838808266e-05,0.0,0.0,0.0,-1.560508509129161e-06,1477,1530
0.14960267675746916,0.06349280513902247,0.0,0.0,0.0,0.0848395991208205,0.9963946218346517,5.3140220142936455e-05,-2.6344064838808266e-05,0.0,0.0,0.0,-1.560508509129161e-06,1477,1530
0.14960267675746916,0.06349280513902247,0.0,0.0,0.0,0.0848395991208205,0.9963946218346517,5.3140220142936455e-05,-2.6344064838808266e-05,0.0,0.0,0.0,-1.560508509129161e-06,1477,1530
0.14960267675746916,0.06349280513902247,0.0,0.0,0.0,0.0848395991208205,0.9963946218346517,5.3140220142936455e-05,-2.6344064838808266e-05,0.0,0.0,0.0,-1.560508509129161e-06,1477,1530
0.1496326729275604,0.06340287171329356,0.0,0.0,0.0,0.08485812852996498,0.9963930439452053,5.392486954265788e-05,-0.0003519128291162522,0.0,0.0,0.0,0.00013967186749249498,1477,1530
0.1496326729275604,0.06340287171329356,0.0,0.0,0.0,0.08485812852996498,0.9963930439452053,5.392486954265788e-05,-0.0003519128291162522,0.0,0.0,0.0,0.00013967186749249498,1477,1530
0.1496326729275604,0.06340287171329356,0.0,0.0,0.0,0.08485812852996498,0.9963930439452053,5.392486954265788e-05,-0.0003519128291162522,0.0,0.0,0.0,0.00013967186749249498,1477,1530
0.1496326729275604,0.06340287171329356,0.0,0.0,0.0,0.08485812852996498,0.9963930439452053,5.392486954265788e-05,-0.0003519128291162522,0.0,0.0,0.0,0.00013967186749249498,1477,1530
0.1496326729275604,0.06340287171329356,0.0,0.0,0.0,0.08485812852996498,0.9963930439452053,5.392486954265788e-05,-0.0003519128291162522,0.0,0.0,0.0,0.00013967186749249498,1477,1530
0.1495855812096135,0.06362223325749207,0.0,0.0,0.0,0.08480053198077105,0.9963979474967711,-1.6443607972104215e-05,0.00039556403792725817,0.0,0.0,0.0,-0.00020400567913869466,1477,1530
0.1495855812096135,0.06362223325749207,0.0,0.0,0.0,0.08480053198077105,0.9963979474967711,-1.6443607972104215e-05,0.00039556403792725817,0.0,0.0,0.0,-0.00020400567913869466,1477,1530
0.1495855812096135,0.06362223325749207,0.0,0.0,0.0,0.08480053198077105,0.9963979474967711,-1.6443607972104215e-05,0.00039556403792725817,0.0,0.0,0.0,-0.00020400567913869466,1477,1530
0.1495366341173038,0.0634411825453021,0.0,0.0,0.0,0.08486587388080169,0.996392384279631,-0.0001970489976381445,-0.00042533383601595255,0.0,0.0,0.0,0.0003278111805062282,1477,1530
0.1495366341173038,0.0634411825453021,0.0,0.0,0.0,0.08486587388080169,0.996392384279631,-0.0001970489976381445,-0.00042533383601595255,0.0,0.0,0.0,0.0003278111805062282,1477,1530
0.14946731523414106,0.0635886927805742,0.0,0.0,0.0,0.08478370212320754,0.9963993796938471,-0.00014456785965867984,0.0005236569429257511,0.0,0.0,0.0,-0.0005497529208543851,1477,1530
0.14946731523414106,0.0635886927805742,0.0,0.0,0.0,0.08478370212320754,0.9963993796938471,-0.00014456785965867984,0.0005236569429257511,0.0,0.0,0.0,-0.0005497529208543851,1477,1530
0.14946731523414106,0.0635886927805742,0.0,0.0,0.0,0.08478370212320754,0.9963993796938471,-0.00014456785965867984,0.0005236569429257511,0.0,0.0,0.0,-0.0005497529208543851,1477,1530
0.14950609734132853,0.06379614032965274,0.0,0.0,0.0,0.08477095249284708,0.9964004644787433,0.0003140638633459743,0.0008482819665947644,0.0,0.0,0.0,-0.00010968836193908729,1477,1530
0.14950609734132853,0.06379614032965274,0.0,0.0,0.0,0.08477095249284708,0.9964004644787433,0.0003140638633459743,0.0008482819665947644,0.0,0.0,0.0,-0.00010968836193908729,1477,1530
0.14956589983383975,0.06356364349245439,0.0,0.0,0.0,0.08481051669842493,0.9963970976760953,5.9008806381105195e-05,-0.0007178712470149355,0.0,0.0,0.0,0.00023827560477324668,1477,1530
0.14956589983383975,0.06356364349245439,0.0,0.0,0.0,0.08481051669842493,0.9963970976760953,5.9008806381105195e-05,-0.0007178712470149355,0.0,0.0,0.0,0.00023827560477324668,1477,1530
0.14952938831093684,0.06341306769207808,0.0,0.0,0.0,0.0848343434250959,0.9963950693252315,-0.00026299152306542346,-0.000608896626988425,0.0,0.0,0.0,0.00020473291455844672,1477,1530
0.14952938831093684,0.06341306769207808,0.0,0.0,0.0,0.0848343434250959,0.9963950693252315,-0.00026299152306542346,-0.000608896626988425,0.0,0.0,0.0,0.00020473291455844672,1477,1530
0.14952938831093684,0.06341306769207808,0.0,0.0,0.0,0.0848343434250959,0.9963950693252315,-0.00026299152306542346,-0.000608896626988425,0.0,0.0,0.0,0.00020473291455844672,1477,1530
0.14956445034517588,0.06342377847901996,0.0,0.0,0.0,0.08489023508587484,0.9963903090591884,0.00027342170719485474,3.480264729237315e-05,0.0,0.0,0.0,0.0008434491772986909,1477,1530
0.14956445034517588,0.06342377847901996,0.0,0.0,0.0,0.08489023508587484,0.9963903090591884,0.00027342170719485474,3.480264729237315e-05,0.0,0.0,0.0,0.0008434491772986909,1477,1530
0.14956445034517588,0.06342377847901996,0.0,0.0,0.0,0.08489023508587484,0.9963903090591884,0.00027342170719485474,3.480264729237315e-05,0.0,0.0,0.0,0.0008434491772986909,1477,1530
0.14956445034517588,0.06342377847901996,0.0,0.0,0.0,0.08489023508587484,0.9963903090591884,0.00027342170719485474,3.480264729237315e-05,0.0,0.0,0.0,0.0008434491772986909,1477,1530
0.14940714180912995,0.06379275248655607,0.0,0.0,0.0,0.08470517834251913,0.9964060581720497,-0.00023144658867682992,0.0009752033510432435,0.0,0.0,0.0,-0.0009281852495377896,1477,1530
0.14940714180912995,0.06379275248655607,0.0,0.0,0.0,0.08470517834251913,0.9964060581720497,-0.00023144658867682992,0.0009752033510432435,0.0,0.0,0.0,-0.0009281852495377896,1477,1530
0.14940714180912995,0.06379275248655607,0.0,0.0,0.0,0.08470517834251913,0.9964060581720497,-0.00023144658867682992,0.0009752033510432435,0.0,0.0,0.0,-0.0009281852495377896,1477,1530
0.14948113417886366,0.06359736349909306,0.0,0.0,0.0,0.08474982182978522,0.9964022619905174,0.00011971778834193449,-0.0006145679874082586,0.0,0.0,0.0,0.00026854024635786494,1477,1530
0.14948113417886366,0.06359736349909306,0.0,0.0,0.0,0.08474982182978522,0.9964022619905174,0.00011971778834193449,-0.0006145679874082586,0.0,0.0,0.0,0.00026854024635786494,1477,1530
0.1495734137596574,0.06354610119284093,0.0,0.0,0.0,0.08479716585083101,0.9963982339725752,0.00041220283771928535,-0.00033113449772916514,0.0,0.0,0.0,0.0004759836059572705,1477,1530
0.1495734137596574,0.06354610119284093,0.0,0.0,0.0,0.08479716585083101,0.9963982339725752,0.00041220283771928535,-0.00033113449772916514,0.0,0.0,0.0,0.0004759836059572705,1477,1530
0.1495067863128538,0.06356524071628612,0.0,0.0,0.0,0.08478772803439735,0.9963990371205529,-0.0004669818477760766,0.00022530620536455098,0.0,0.0,0.0,-0.0001416903387357773,1477,1530
0.1495067863128538,0.06356524071628612,0.0,0.0,0.0,0.08478772803439735,0.9963990371205529,0.0,0.0,0.0,0.0,0.0,-9.751217602360179e-18,1477,1530
0.1495067863128538,0.06356524071628612,0.0,0.0,0.0,0.08478772803439735,0.9963990371205529,0.0,0.0,0.0,0.0,0.0,-9.751217602360179e-18,1477,1530
0.1495067863128538,0.06356524071628612,0.0,0.0,0.0,0.08478772803439735,0.9963990371205529,0.0,0.0,0.0,0.0,0.0,-5.307819758095554e-17,1477,1530
0.1495067863128538,0.06356524071628612,0.0,0.0,0.0,0.08478772803439735,0.9963990371205529,0.0,0.0,0.0,0.0,0.0,-5.307819758095554e-17,1477,1530
0.1495067863128538,0.06356524071628612,0.0,0.0,0.0,0.08478772803439735,0.9963990371205529,0.0,0.0,0.0,0.0,0.0,-5.307819758095554e-17,1477,1530
0.1495067863128538,0.06356524071628612,0.0,0.0,0.0,0.08478772803439735,0.9963990371205529,0.0,0.0,0.0,0.0,0.0,-5.307819758095554e-17,1477,1530
0.1495067863128538,0.06356524071628612,0.0,0.0,0.0,0.08478772803439735,0.9963990371205529,0.0,0.0,0.0,0.0,0.0,-5.307819758095554e-17,1477,1530
0.1495067863128538,0.06356524071628612,0.0,0.0,0.0,0.08478772803439735,0.9963990371205529,0.0,0.0,0.0,0.0,0.0,-7.139252264760271e-18,1477,1530
0.1495067863128538,0.06356524071628612,0.0,0.0,0.0,0.08478772803439735,0.9963990371205529,0.0,0.0,0.0,0.0,0.0,-7.139252264760271e-18,1477,1530
0.1495067863128538,0.06356524071628612,0.0,0.0,0.0,0.08478772803439735,0.9963990371205529,0.0,0.0,0.0,0.0,0.0,-7.139252264760271e-18,1477,1530
0.1495067863128538,0.06356524071628612,0.0,0.0,0.0,0.08478772803439738,0.9963990371205529,0.0,0.0,0.0,0.0,0.0,2.598309747600688e-16,1477,1530
0.1495067863128538,0.06356524071628612,0.0,0.0,0.0,0.08478772803439738,0.9963990371205529,0.0,0.0,0.0,0.0,0.0,2.598309747600688e-16,1477,1530
0.14953027133918695,0.06346412637575992,0.0,0.0,0.0,0.0848051946782647,0.996397550657157,1.810448355968767e-05,-0.00030946217494955065,0.0,0.0,0.0,0.00010469697512902346,1477,1530
0.1495753547264915,0.06347224793499591,0.0,0.0,0.0,0.08482668479625134,0.9963957213609849,0.00027581725219920594,2.3222422130903434e-06,0.0,0.0,0.0,0.0002597298242790788,1477,1530
0.1495753547264915,0.06347224793499591,0.0,0.0,0.0,0.08482668479625134,0.9963957213609849,0.00027581725219920594,2.3222422130903434e-06,0.0,0.0,0.0,0.0002597298242790788,1477,1530
0.1494898628569032,0.06381271211764415,0.0,0.0,0.0,0.08470549084880813,0.9964060316056214,-6.247053285667282e-05,0.002098546504587937,0.0,0.0,0.0,-0.0014528287645109764,1477,1530
0.1494898628569032,0.06381271211764415,0.0,0.0,0.0,0.08470549084880813,0.9964060316056214,-6.247053285667282e-05,0.002098546504587937,0.0,0.0,0.0,-0.0014528287645109764,1477,1530
0.1494898628569032,0.06381271211764415,0.0,0.0,0.0,0.08470549084880813,0.9964060316056214,-6.247053285667282e-05,0.002098546504587937,0.0,0.0,0.0,-0.0014528287645109764,1477,1530
0.14943266091768498,0.0638083231242501,0.0,0.0,0.0,0.08469305204318806,0.9964070889629448,-0.00042869549921823277,3.999968234926912e-05,0.0,0.0,0.0,-0.00018737770615111855,1477,1530
0.14943266091768498,0.0638083231242501,0.0,0.0,0.0,0.08469305204318806,0.9964070889629448,-0.00042869549921823277,3.999968234926912e-05,0.0,0.0,0.0,-0.00018737770615111855,1477,1530
0.14943266091768498,0.0638083231242501,0.0,0.0,0.0,0.08469305204318806,0.9964070889629448,-0.00042869549921823277,3.999968234926912e-05,0.0,0.0,0.0,-0.00018737770615111855,1477,1530
0.1494148742218986,0.0636720945427443,0.0,0.0,0.0,0.08474123676781126,0.9964029921628406,-0.00024305804398774649,-0.0007873580785660609,0.0,0.0,0.0,0.0005800998254458375,1477,1530
0.1494148742218986,0.0636720945427443,0.0,0.0,0.0,0.08474123676781126,0.9964029921628406,-0.00024305804398774649,-0.0007873580785660609,0.0,0.0,0.0,0.0005800998254458375,1477,1530
0.1494148742218986,0.0636720945427443,0.0,0.0,0.0,0.08474123676781126,0.9964029921628406,-0.00024305804398774649,-0.0007873580785660609,0.0,0.0,0.0,0.0005800998254458375,1477,1530
0.1494148742218986,0.0636720945427443,0.0,0.0,0.0,0.08474123676781126,0.9964029921628406,-0.00024305804398774649,-0.0007873580785660609,0.0,0.0,0.0,0.0005800998254458375,1477,1530
0.1495305149435644,0.06385046538732411,0.0,0.0,0.0,0.0847018519384931,0.996406340946398,0.000480193886289542,0.0005207769558077203,0.0,0.0,0.0,-0.0002634330375703404,1477,1530
0.1495305149435644,0.06385046538732411,0.0,0.0,0.0,0.0847018519384931,0.996406340946398,0.000480193886289542,0.0005207769558077203,0.0,0.0,0.0,-0.0002634330375703404,1477,1530
0.14954975139791507,0.06348518895740968,0.0,0.0,0.0,0.0848348560913706,0.99639502567604,-0.00010675187536506191,-0.0009082985121523854,0.0,0.0,0.0,0.000667491446142543,1477,1530
0.14954975139791507,0.06348518895740968,0.0,0.0,0.0,0.0848348560913706,0.99639502567604,-0.00010675187536506191,-0.0009082985121523854,0.0,0.0,0.0,0.000667491446142543,1477,1530
0.14963291574615958,0.06388487596020215,0.0,0.0,0.0,0.08472057673965176,0.9964047490236589,0.0005611187909003166,0.0014254250209327277,0.0,0.0,0.0,-0.0008607331088380712,1477,1530
0.14963291574615958,0.06388487596020215,0.0,0.0,0.0,0.08472057673965176,0.9964047490236589,0.0005611187909003166,0.0014254250209327277,0.0,0.0,0.0,-0.0008607331088380712,1477,1530
0.14947566429136258,0.06372990755862085,0.0,0.0,0.0,0.0847269247377218,0.9964042092567095,-0.0018059965381993183,-0.001258059931645561,0.0,0.0,0.0,0.00012702558675770285,1477,1530
0.14949047348907504,0.0636828310615452,0.0,0.0,0.0,0.08472635307975002,0.9964042578661563,2.4950060592488312e-05,-0.00018352739350968074,0.0,0.0,0.0,-4.306389829854808e-06,1477,1530
0.14949047348907504,0.0636828310615452,0.0,0.0,0.0,0.08472635307975002,0.9964042578661563,2.4950060592488312e-05,-0.00018352739350968074,0.0,0.0,0.0,-4.306389829854808e-06,1477,1530
0.14940666437954747,0.06403320049729735,0.0,0.0,0.0,0.0846135916916204,0.9964138397779527,-0.00035092769729118634,0.005380133468792894,0.0,0.0,0.0,-0.003387343760582086,1477,1530
0.14940666437954747,0.06403320049729735,0.0,0.0,0.0,0.0846135916916204,0.9964138397779527,-0.00035092769729118634,0.005380133468792894,0.0,0.0,0.0,-0.003387343760582086,1477,1530
0.14951250991210732,0.0638359794594793,0.0,0.0,0.0,0.08470112895171181,0.9964064024053165,0.0003044043857179137,-0.0009090217093556036,0.0,0.0,0.0,0.0007525270380176471,1477,1530
0.14951250991210732,0.0638359794594793,0.0,0.0,0.0,0.08470112895171181,0.9964064024053165,0.0003044043857179137,-0.0009090217093556036,0.0,0.0,0.0,0.0007525270380176471,1477,1530
0.14951250991210732,0.0638359794594793,0.0,0.0,0.0,0.08470112895171181,0.9964064024053165,0.0003044043857179137,-0.0009090217093556036,0.0,0.0,0.0,0.0007525270380176471,1477,1530
0.14949563930748547,0.06357312595269322,0.0,0.0,0.0,0.08476688739957414,0.9964008103171073,-0.00045797979976540127,-0.0019238830546141608,0.0,0.0,0.0,0.000991032010072802,1477,1530
0.14949563930748547,0.06357312595269322,0.0,0.0,0.0,0.08476688739957414,0.9964008103171073,-0.00045797979976540127,-0.0019238830546141608,0.0,0.0,0.0,0.000991032010072802,1477,1530
0.14966864091151694,0.06344734065222375,0.0,0.0,0.0,0.0848392973870748,0.9963946475262035,0.0004071167457975319,-0.00041784753880234427,0.0,0.0,0.0,0.0003964149017349996,1477,1530
0.14966864091151694,0.06344734065222375,0.0,0.0,0.0,0.0848392973870748,0.9963946475262035,0.0004071167457975319,-0.00041784753880234427,0.0,0.0,0.0,0.0003964149017349996,1477,1530
0.14966864091151694,0.06344734065222375,0.0,0.0,0.0,0.0848392973870748,0.9963946475262035,0.0004071167457975319,-0.00041784753880234427,0.0,0.0,0.0,0.0003964149017349996,1477,1530
0.14944734163070275,0.06372106197612282,0.0,0.0,0.0,0.08472704377551446,0.9964041991345992,-0.0008593194213888514,0.0015362226124437499,0.0,0.0,0.0,-0.0011267727783385655,1477,1530
0.14944734163070275,0.06372106197612282,0.0,0.0,0.0,0.08472704377551446,0.9964041991345992,-0.0008593194213888514,0.0015362226124437499,0.0,0.0,0.0,-0.0011267727783385655,1477,1530
0.14944734163070275,0.06372106197612282,0.0,0.0,0.0,0.08472704377551446,0.9964041991345992,-0.0008593194213888514,0.0015362226124437499,0.0,0.0,0.0,-0.0011267727783385655,1477,1530
0.14944734163070275,0.06372106197612282,0.0,0.0,0.0,0.08472704377551446,0.9964041991345992,-0.0008593194213888514,0.0015362226124437499,0.0,0.0,0.0,-0.0011267727783385655,1477,1530
0.14944734163070275,0.06372106197612282,0.0,0.0,0.0,0.08472704377551446,0.9964041991345992,-0.0008593194213888514,0.0015362226124437499,0.0,0.0,0.0,-0.0011267727783385655,1477,1530
0.1495024046236061,0.06390500881394855,0.0,0.0,0.0,0.08467188705456452,0.9964088877276331,0.00028431690380886803,0.0005731217946900697,0.0,0.0,0.0,-0.00036888266256337695,1477,1530
0.1495024046236061,0.06390500881394855,0.0,0.0,0.0,0.08467188705456452,0.9964088877276331,0.00028431690380886803,0.0005731217946900697,0.0,0.0,0.0,-0.00036888266256337695,1477,1530
0.1495024046236061,0.06390500881394855,0.0,0.0,0.0,0.08467188705456452,0.9964088877276331,0.00028431690380886803,0.0005731217946900697,0.0,0.0,0.0,-0.00036888266256337695,1477,1530
0.1495024046236061,0.06390500881394855,0.0,0.0,0.0,0.08467188705456452,0.9964088877276331,0.00028431690380886803,0.0005731217946900697,0.0,0.0,0.0,-0.00036888266256337695,1477,1530
0.1495024046236061,0.06390500881394855,0.0,0.0,0.0,0.08467188705456452,0.9964088877276331,0.00028431690380886803,0.0005731217946900697,0.0,0.0,0.0,-0.00036888266256337695,1477,1530
0.1495024046236061,0.06390500881394855,0.0,0.0,0.0,0.08467188705456452,0.9964088877276331,0.00028431690380886803,0.0005731217946900697,0.0,0.0,0.0,-0.00036888266256337695,1477,1530
0.14956085299795507,0.06345887817217921,0.0,0.0,0.0,0.08480662534605553,0.9963974288894034,-3.5320768467785676e-05,-0.0008988128040053296,0.0,0.0,0.0,0.0005406705274983337,1477,1530
0.14956085299795507,0.06345887817217921,0.0,0.0,0.0,0.08480662534605553,0.9963974288894034,-3.5320768467785676e-05,-0.0008988128040053296,0.0,0.0,0.0,0.0005406705274983337,1477,1530
0.14958928505097394,0.06364240852632687,0.0,0.0,0.0,0.08478361368802187,0.9963993872188001,9.842380828506817e-05,0.0002935459739305114,0.0,0.0,0.0,-7.700126765979373e-05,1477,1530
0.14958928505097394,0.06364240852632687,0.0,0.0,0.0,0.08478361368802187,0.9963993872188001,9.842380828506817e-05,0.0002935459739305114,0.0,0.0,0.0,-7.700126765979373e-05,1477,1530
0.1495306440997098,0.063745481887851,0.0,0.0,0.0,0.08472908457816364,0.9964040255973208,-0.00015152684624271487,0.000418372896645464,0.0,0.0,0.0,-0.0004106911273697406,1477,1530
0.14945704989954614,0.06350238353588532,0.0,0.0,0.0,0.08481700736830204,0.996396545187249,-0.0008509660653088222,-0.0017020283993574475,0.0,0.0,0.0,0.0013221818041057722,1477,1530
0.14945704989954614,0.06350238353588532,0.0,0.0,0.0,0.08481700736830204,0.996396545187249,-0.0008509660653088222,-0.0017020283993574475,0.0,0.0,0.0,0.0013221818041057722,1477,1530
0.14945704989954614,0.06350238353588532,0.0,0.0,0.0,0.08481700736830204,0.996396545187249,-0.0008509660653088222,-0.0017020283993574475,0.0,0.0,0.0,0.0013221818041057722,1477,1530
0.14945704989954614,0.06350238353588532,0.0,0.0,0.0,0.08481700736830204,0.996396545187249,-0.0008509660653088222,-0.0017020283993574475,0.0,0.0,0.0,0.0013221818041057722,1477,1530
0.14955051136874015,0.0634501036196653,0.0,0.0,0.0,0.08484267890946989,0.9963943595963721,0.0004165637830308559,-0.0003367555088713298,0.0,0.0,0.0,0.0002577446224705954,1477,1530
0.14955051136874015,0.0634501036196653,0.0,0.0,0.0,0.08484267890946989,0.9963943595963721,0.0004165637830308559,-0.0003367555088713298,0.0,0.0,0.0,0.0002577446224705954,1477,1530
0.1494839889774045,0.06368523874351589,0.0,0.0,0.0,0.08473357976814026,0.9964036433392224,-8.600037150047322e-05,0.0008096936543613467,0.0,0.0,0.0,-0.0007296886253131636,1477,1530
0.1495546027645419,0.06362745790673077,0.0,0.0,0.0,0.0847820507085583,0.9963995202114719,0.0003591180057700376,-0.00041331747544161556,0.0,0.0,0.0,0.0005838487869314354,1477,1530
0.1495546027645419,0.06362745790673077,0.0,0.0,0.0,0.0847820507085583,0.9963995202114719,0.0003591180057700376,-0.00041331747544161556,0.0,0.0,0.0,0.0005838487869314354,1477,1530
0.1495546027645419,0.06362745790673077,0.0,0.0,0.0,0.0847820507085583,0.9963995202114719,0.0003591180057700376,-0.00041331747544161556,0.0,0.0,0.0,0.0005838487869314354,1477,1530
0.14951704144780775,0.06340263931643156,0.0,0.0,0.0,0.08485036108903735,0.9963937054312717,-0.0005576888262426645,-0.0016003842631783607,0.0,0.0,0.0,0.0010194942387273722,1477,1530
0.14951704144780775,0.06340263931643156,0.0,0.0,0.0,0.08485036108903735,0.9963937054312717,-0.0005576888262426645,-0.0016003842631783607,0.0,0.0,0.0,0.0010194942387273722,1477,1530
0.14953207452234266,0.06387934934390026,0.0,0.0,0.0,0.08471967271392132,0.9964048258891796,0.000319215949470259,0.0015632604277491778,0.0,0.0,0.0,-0.0008775371356248509,1477,1530
0.14953207452234266,0.06387934934390026,0.0,0.0,0.0,0.08471967271392132,0.9964048258891796,0.000319215949470259,0.0015632604277491778,0.0,0.0,0.0,-0.0008775371356248509,1477,1530
0.14953207452234266,0.06387934934390026,0.0,0.0,0.0,0.08471967271392132,0.9964048258891796,0.000319215949470259,0.0015632604277491778,0.0,0.0,0.0,-0.0008775371356248509,1477,1530
0.1494411498973795,0.06387749152605582,0.0,0.0,0.0,0.08468336510167308,0.9964079122904719,-0.00044957544345172176,6.758484192122484e-05,0.0,0.0,0.0,-0.0003643127271346713,1477,1530
0.1494411498973795,0.06387749152605582,0.0,0.0,0.0,0.08468336510167308,0.9964079122904719,-0.00044957544345172176,6.758484192122484e-05,0.0,0.0,0.0,-0.0003643127271346713,1477,1530
0.14949276109566387,0.06376250407066314,0.0,0.0,0.0,0.08469405220407306,0.9964070039503203,0.0001039767801616373,-0.00040329935281497936,0.0,0.0,0.0,7.088423054004352e-05,1477,1530
0.14949276109566387,0.06376250407066314,0.0,0.0,0.0,0.08469405220407306,0.9964070039503203,0.0001039767801616373,-0.00040329935281497936,0.0,0.0,0.0,7.088423054004352e-05,1477,1530
0.14943520676482847,0.06390795197755661,0.0,0.0,0.0,0.08466800685095106,0.9964092174482768,-0.0009993485555703343,0.004753742990664407,0.0,0.0,0.0,-0.0016235050080800615,1477,1530
0.14943520676482847,0.06390795197755661,0.0,0.0,0.0,0.08466800685095106,0.9964092174482768,-0.0009993485555703343,0.004753742990664407,0.0,0.0,0.0,-0.0016235050080800615,1477,1530
0.14943520676482847,0.06390795197755661,0.0,0.0,0.0,0.08466800685095106,0.9964092174482768,-0.0009993485555703343,0.004753742990664407,0.0,0.0,0.0,-0.0016235050080800615,1477,1530
0.14944891035663133,0.06378386332030168,0.0,0.0,0.0,0.08470041645085202,0.9964064629723416,-1.8651320498298943e-05,-0.00031282990091826803,0.0,0.0,0.0,0.00016329804810354454,1477,1530
0.14944891035663133,0.06378386332030168,0.0,0.0,0.0,0.08470041645085202,0.9964064629723416,-1.8651320498298943e-05,-0.00031282990091826803,0.0,0.0,0.0,0.00016329804810354454,1477,1530
0.14944891035663133,0.06378386332030168,0.0,0.0,0.0,0.08470041645085202,0.9964064629723416,-1.8651320498298943e-05,-0.00031282990091826803,0.0,0.0,0.0,0.00016329804810354454,1477,1530
0.14949462968214824,0.06367966801947968,0.0,0.0,0.0,0.08473987978797409,0.9964031075691804,0.00010305337544866642,-0.00041413902781148375,0.0,0.0,0.0,0.00029709606745207973,1477,1530
0.14949462968214824,0.06367966801947968,0.0,0.0,0.0,0.08473987978797409,0.9964031075691804,0.00010305337544866642,-0.00041413902781148375,0.0,0.0,0.0,0.00029709606745207973,1477,1530
0.14949462968214824,0.06367966801947968,0.0,0.0,0.0,0.08473987978797409,0.9964031075691804,0.00010305337544866642,-0.00041413902781148375,0.0,0.0,0.0,0.00029709606745207973,1477,1530
0.14951008492700354,0.06367035509134629,0.0,0.0,0.0,0.08472411872811066,0.9964044478552597,4.550774428617713e-05,-3.9273202133690524e-05,0.0,0.0,0.0,-0.000105389028707657,1477,1530
0.14950622513105874,0.06380657508416616,0.0,0.0,0.0,0.08471806661585153,0.9964049624469321,6.401829327926415e-05,0.0004499691648510871,0.0,0.0,0.0,-4.051541786359138e-05,1477,1530
0.14950622513105874,0.06380657508416616,0.0,0.0,0.0,0.08471806661585153,0.9964049624469321,6.401829327926415e-05,0.0004499691648510871,0.0,0.0,0.0,-4.051541786359138e-05,1477,1530
0.14950622513105874,0.06380657508416616,0.0,0.0,0.0,0.08471806661585153,0.9964049624469321,6.401829327926415e-05,0.0004499691648510871,0.0,0.0,0.0,-4.051541786359138e-05,1477,1530
0.14958501428137697,0.0635363967962745,0.0,0.0,0.0,0.08481184262575392,0.9963969848160041,0.00016002954514031978,-0.0013963124975606759,0.0,0.0,0.0,0.0009400052046123825,1477,1530
0.14958501428137697,0.0635363967962745,0.0,0.0,0.0,0.08481184262575392,0.9963969848160041,0.00016002954514031978,-0.0013963124975606759,0.0,0.0,0.0,0.0009400052046123825,1477,1530
0.14958501428137697,0.0635363967962745,0.0,0.0,0.0,0.08481184262575392,0.9963969848160041,0.00016002954514031978,-0.0013963124975606759,0.0,0.0,0.0,0.0009400052046123825,1477,1530
0.14958501428137697,0.0635363967962745,0.0,0.0,0.0,0.08481184262575392,0.9963969848160041,0.00016002954514031978,-0.0013963124975606759,0.0,0.0,0.0,0.0009400052046123825,1477,1530
0.14952624252043908,0.06352233659048212,0.0,0.0,0.0,0.08480275146749305,0.9963977586002202,-0.0002586662989131377,-1.6835187304295453e-05,0.0,0.0,0.0,-7.8274506773285e-05,1477,1530
0.149451530731875,0.06375787956811126,0.0,0.0,0.0,0.08469633832259402,0.9964068096288508,-9.210098210654025e-05,0.0006663736838482826,0.0,0.0,0.0,-0.0005814744180048495,1477,1530
0.149451530731875,0.06375787956811126,0.0,0.0,0.0,0.08469633832259402,0.9964068096288508,-9.210098210654025e-05,0.0006663736838482826,0.0,0.0,0.0,-0.0005814744180048495,1477,1530
0.1494594654577888,0.06382944590375896,0.0,0.0,0.0,0.08468701557197313,0.9964076020351874,0.00014984030042471455,0.0005210514562554298,0.0,0.0,0.0,-0.00014089957937042614,1477,1530
0.1494594654577888,0.06382944590375896,0.0,0.0,0.0,0.08468701557197313,0.9964076020351874,0.00014984030042471455,0.0005210514562554298,0.0,0.0,0.0,-0.00014089957937042614,1477,1530
0.14952472398569855,0.06353553794967916,0.0,0.0,0.0,0.08478858993739155,0.9963989637772758,6.307546216608745e-05,-0.0012884474454105833,0.0,0.0,0.0,0.0008735829754749482,1477,1530
0.14952472398569855,0.06353553794967916,0.0,0.0,0.0,0.08478858993739155,0.9963989637772758,6.307546216608745e-05,-0.0012884474454105833,0.0,0.0,0.0,0.0008735829754749482,1477,1530
0.14952472398569855,0.06353553794967916,0.0,0.0,0.0,0.08478858993739155,0.9963989637772758,6.307546216608745e-05,-0.0012884474454105833,0.0,0.0,0.0,0.0008735829754749482,1477,1530
0.149515466013937,0.06379068432595032,0.0,0.0,0.0,0.08468994381624556,0.9964073531525152,9.253713668947193e-05,0.0006298524904007159,0.0,0.0,0.0,-0.000555245579377541,1477,1530
0.149515466013937,0.06379068432595032,0.0,0.0,0.0,0.08468994381624556,0.9964073531525152,9.253713668947193e-05,0.0006298524904007159,0.0,0.0,0.0,-0.000555245579377541,1477,1530
0.149515466013937,0.06379068432595032,0.0,0.0,0.0,0.08468994381624556,0.9964073531525152,9.253713668947193e-05,0.0006298524904007159,0.0,0.0,0.0,-0.000555245579377541,1477,1530
0.1494856954516104,0.06387559075641314,0.0,0.0,0.0,0.0846726893061438,0.996408819554336,-0.0001499394414664812,0.0008859593879413747,0.0,0.0,0.0,-0.0003458776460723937,1477,1530
0.1495207176080107,0.06377551883353698,0.0,0.0,0.0,0.08470900025757368,0.9964057332609856,8.816485554660766e-05,-0.0005226987262522544,0.0,0.0,0.0,0.0003643950844105479,1477,1530
0.14949391337405907,0.06384908276670766,0.0,0.0,0.0,0.08464498893315413,0.99641117308494,-8.397690438504204e-05,0.0004620279617845058,0.0,0.0,0.0,-0.0007706210437842005,1477,1530
0.14949391337405907,0.06384908276670766,0.0,0.0,0.0,0.08464498893315413,0.99641117308494,-8.397690438504204e-05,0.0004620279617845058,0.0,0.0,0.0,-0.0007706210437842005,1477,1530
0.14968837752278777,0.06324548316694424,0.0,0.0,0.0,0.08492587207784698,0.9963872722249202,0.0008980254917825666,-0.006273452000310773,0.0,0.0,0.0,0.00563430153870111,1477,1530
0.14968837752278777,0.06324548316694424,0.0,0.0,0.0,0.08492587207784698,0.9963872722249202,0.0008980254917825666,-0.006273452000310773,0.0,0.0,0.0,0.00563430153870111,1477,1530
0.14949493605787909,0.06408495965835043,0.0,0.0,0.0,0.08465619589404771,0.9964102209917101,-0.0007310273143600493,0.012942860831634886,0.0,0.0,0.0,-0.008145510012716206,1477,1530
0.14949493605787909,0.06408495965835043,0.0,0.0,0.0,0.08465619589404771,0.9964102209917101,-0.0007310273143600493,0.012942860831634886,0.0,0.0,0.0,-0.008145510012716206,1477,1530
0.1495223483936594,0.0632565787080671,0.0,0.0,0.0,0.08490285261091228,0.9963892339936887,-0.00033802672137715474,-0.002462157741845453,0.0,0.0,0.0,0.0014845409949345227,1477,1530
0.14951355639756228,0.06360140823218077,0.0,0.0,0.0,0.08478863696931588,0.9963989597750921,0.00021309594833776482,0.0014642361562277292,0.0,0.0,0.0,-0.0009834248352824158,1477,1530
0.14951355639756228,0.06360140823218077,0.0,0.0,0.0,0.08478863696931588,0.9963989597750921,0.00021309594833776482,0.0014642361562277292,0.0,0.0,0.0,-0.0009834248352824158,1477,1530
0.14951355639756228,0.06360140823218077,0.0,0.0,0.0,0.08478863696931588,0.9963989597750921,0.00021309594833776482,0.0014642361562277292,0.0,0.0,0.0,-0.0009834248352824158,1477,1530
0.14951355639756228,0.06360140823218077,0.0,0.0,0.0,0.08478863696931588,0.9963989597750921,0.00021309594833776482,0.0014642361562277292,0.0,0.0,0.0,-0.0009834248352824158,1477,1530
0.14963599777886258,0.06332739540958818,0.0,0.0,0.0,0.08487538105461563,0.9963915744780432,0.0007437889600927767,-0.002907498805969826,0.0,0.0,0.0,0.0017410884690554817,1477,1530
0.14963599777886258,0.06332739540958818,0.0,0.0,0.0,0.08487538105461563,0.9963915744780432,0.0007437889600927767,-0.002907498805969826,0.0,0.0,0.0,0.0017410884690554817,1477,1530
0.14955387645726967,0.06349544070273612,0.0,0.0,0.0,0.08486453480757156,0.9963924983318042,-0.00019684857247815498,0.0006728915529782621,0.0,0.0,0.0,-8.160672921083922e-05,1477,1530
0.1495755296854419,0.06359468294693806,0.0,0.0,0.0,0.08481809375269016,0.9963964527095427,0.0002855153410876181,0.0007050912678866425,0.0,0.0,0.0,-0.0006981068692529187,1477,1530
0.1495755296854419,0.06359468294693806,0.0,0.0,0.0,0.08481809375269016,0.9963964527095427,0.0002855153410876181,0.0007050912678866425,0.0,0.0,0.0,-0.0006981068692529187,1477,1530
0.1495755296854419,0.06359468294693806,0.0,0.0,0.0,0.08481809375269016,0.9963964527095427,0.0002855153410876181,0.0007050912678866425,0.0,0.0,0.0,-0.0006981068692529187,1477,1530
0.1495755296854419,0.06359468294693806,0.0,0.0,0.0,0.08481809375269016,0.9963964527095427,0.0002855153410876181,0.0007050912678866425,0.0,0.0,0.0,-0.0006981068692529187,1477,1530
0.14955954311814854,0.0632512452321652,0.0,0.0,0.0,0.0848980304973076,0.9963896448767812,-0.00027673818118145277,-0.001259070604343032,0.0,0.0,0.0,0.0006016206687318125,1477,1530
0.14955954311814854,0.0632512452321652,0.0,0.0,0.0,0.0848980304973076,0.9963896448767812,-0.00027673818118145277,-0.001259070604343032,0.0,0.0,0.0,0.0006016206687318125,1477,1530
0.14955954311814854,0.0632512452321652,0.0,0.0,0.0,0.0848980304973076,0.9963896448767812,-0.00027673818118145277,-0.001259070604343032,0.0,0.0,0.0,0.0006016206687318125,1477,1530
0.14955954311814854,0.0632512452321652,0.0,0.0,0.0,0.0848980304973076,0.9963896448767812,-0.00027673818118145277,-0.001259070604343032,0.0,0.0,0.0,0.0006016206687318125,1477,1530
0.14955954311814854,0.0632512452321652,0.0,0.0,0.0,0.0848980304973076,0.9963896448767812,-0.00027673818118145277,-0.001259070604343032,0.0,0.0,0.0,0.0006016206687318125,1477,1530
0.14955954311814854,0.0632512452321652,0.0,0.0,0.0,0.0848980304973076,0.9963896448767812,-0.00027673818118145277,-0.001259070604343032,0.0,0.0,0.0,0.0006016206687318125,1477,1530
0.14955954311814854,0.0632512452321652,0.0,0.0,0.0,0.0848980304973076,0.9963896448767812,-0.00027673818118145277,-0.001259070604343032,0.0,0.0,0.0,0.0006016206687318125,1477,1530
0.14955954311814854,0.0632512452321652,0.0,0.0,0.0,0.0848980304973076,0.9963896448767812,-0.00027673818118145277,-0.001259070604343032,0.0,0.0,0.0,0.0006016206687318125,1477,1530
0.14943339798192806,0.06384899373815722,0.0,0.0,0.0,0.0847139956588333,0.9964053085665067,-5.801553620305078e-05,0.001526736863632954,0.0,0.0,0.0,-0.0009238360093553216,1477,1530
0.14943339798192806,0.06384899373815722,0.0,0.0,0.0,0.0847139956588333,0.9964053085665067,-5.801553620305078e-05,0.001526736863632954,0.0,0.0,0.0,-0.0009238360093553216,1477,1530
0.14943339798192806,0.06384899373815722,0.0,0.0,0.0,0.0847139956588333,0.9964053085665067,-5.801553620305078e-05,0.001526736863632954,0.0,0.0,0.0,-0.0009238360093553216,1477,1530
0.14949023124155011,0.06371403752481773,0.0,0.0,0.0,0.08477495495782836,0.9964001239521693,4.1548000251397606e-05,-0.00017828877817982957,0.0,0.0,0.0,0.00015296699355209025,1477,1530
0.14955684579394293,0.06350411625840696,0.0,0.0,0.0,0.08484681363669241,0.9963940075169563,0.00042724009976226145,-0.0030869927497968897,0.0,0.0,0.0,0.002040993831806169,1477,1530
0.14955684579394293,0.06350411625840696,0.0,0.0,0.0,0.08484681363669241,0.9963940075169563,0.00042724009976226145,-0.0030869927497968897,0.0,0.0,0.0,0.002040993831806169,1477,1530
0.1496525328147332,0.06344388296456764,0.0,0.0,0.0,0.0848434796105431,0.9963942914165934,0.0002553055747803258,-0.00022926669991099868,0.0,0.0,0.0,-2.0309684806012835e-05,1477,1530
0.1496525328147332,0.06344388296456764,0.0,0.0,0.0,0.0848434796105431,0.9963942914165934,0.0002553055747803258,-0.00022926669991099868,0.0,0.0,0.0,-2.0309684806012835e-05,1477,1530
0.14939270231936982,0.06366588063503761,0.0,0.0,0.0,0.08474234714193983,0.9964028977280601,-0.0010929905188402519,0.0013139186082384356,0.0,0.0,0.0,-0.001015177997755718,1477,1530
0.14939270231936982,0.06366588063503761,0.0,0.0,0.0,0.08474234714193983,0.9964028977280601,-0.0010929905188402519,0.0013139186082384356,0.0,0.0,0.0,-0.001015177997755718,1477,1530
0.1494338385370027,0.06357508279450101,0.0,0.0,0.0,0.08479684456536718,0.9963982613151013,0.00012604126622549233,-0.00048213326154935757,0.0,0.0,0.0,0.0005468636161573916,1477,1530
0.1494338385370027,0.06357508279450101,0.0,0.0,0.0,0.08479684456536718,0.9963982613151013,0.00012604126622549233,-0.00048213326154935757,0.0,0.0,0.0,0.0005468636161573916,1477,1530
0.14969465093529058,0.06324168422780102,0.0,0.0,0.0,0.08497121124172274,0.9963834067567136,0.0010030232679977395,-0.00186228516614169,0.0,0.0,0.0,0.0017489508473068037,1477,1530
0.14969465093529058,0.06324168422780102,0.0,0.0,0.0,0.08497121124172274,0.9963834067567136,0.0010030232679977395,-0.00186228516614169,0.0,0.0,0.0,0.0017489508473068037,1477,1530
0.14957613869421682,0.06340168142360246,0.0,0.0,0.0,0.08489148313672318,0.9963902027272485,-0.0005387793942658542,0.001067567267821179,0.0,0.0,0.0,-0.0009611447499356397,1477,1530
0.14957613869421682,0.06340168142360246,0.0,0.0,0.0,0.08489148313672318,0.9963902027272485,-0.0005387793942658542,0.001067567267821179,0.0,0.0,0.0,-0.0009611447499356397,1477,1530
0.14953648579786344,0.06344852446986333,0.0,0.0,0.0,0.0848435695848838,0.9963942837552286,-0.00013341668562395586,0.00022641951287834212,0.0,0.0,0.0,-0.00041182573747019867,1477,1530
0.14953648579786344,0.06344852446986333,0.0,0.0,0.0,0.0848435695848838,0.9963942837552286,-0.00013341668562395586,0.00022641951287834212,0.0,0.0,0.0,-0.00041182573747019867,1477,1530
0.14959711531609582,0.06307927447799468,0.0,0.0,0.0,0.08497544949441772,0.9963830453109996,-1.6064344267641556e-05,-0.0022476132662684408,0.0,0.0,0.0,0.0015900661063632778,1477,1530
0.14959711531609582,0.06307927447799468,0.0,0.0,0.0,0.08497544949441772,0.9963830453109996,-1.6064344267641556e-05,-0.0022476132662684408,0.0,0.0,0.0,0.0015900661063632778,1477,1530
0.14944469352300027,0.06359184156210466,0.0,0.0,0.0,0.08479668811953026,0.9963982746291561,-0.00031634069324811497,0.002648335082254886,0.0,0.0,0.0,-0.0017896687307369812,1477,1530
0.14944469352300027,0.06359184156210466,0.0,0.0,0.0,0.08479668811953026,0.9963982746291561,-0.00031634069324811497,0.002648335082254886,0.0,0.0,0.0,-0.0017896687307369812,1477,1530
0.14944469352300027,0.06359184156210466,0.0,0.0,0.0,0.08479668811953026,0.9963982746291561,-0.00031634069324811497,0.002648335082254886,0.0,0.0,0.0,-0.0017896687307369812,1477,1530
0.14952997015218694,0.06355827346352405,0.0,0.0,0.0,0.08479317645280901,0.9963985734770212,0.0003925428181353216,-0.00023787415672389345,0.0,0.0,0.0,-3.5302378172973766e-05,1477,1530
0.14952997015218694,0.06355827346352405,0.0,0.0,0.0,0.08479317645280901,0.9963985734770212,0.0003925428181353216,-0.00023787415672389345,0.0,0.0,0.0,-3.5302378172973766e-05,1477,1530
0.14964718015583886,0.06374854534685846,0.0,0.0,0.0,0.08479074450403343,0.9963987804320376,0.0004924843241372259,0.000559363526041783,0.0,0.0,0.0,-1.6279242337098042e-05,1477,1530
0.14943991605776352,0.06379748166297713,0.0,0.0,0.0,0.08471472887464912,0.9964052462285085,-0.0008394001831178923,0.00035652173228194287,0.0,0.0,0.0,-0.0006533981972171458,1477,1530
0.14943991605776352,0.06379748166297713,0.0,0.0,0.0,0.08471472887464912,0.9964052462285085,-0.0008394001831178923,0.00035652173228194287,0.0,0.0,0.0,-0.0006533981972171458,1477,1530
0.14943991605776352,0.06379748166297713,0.0,0.0,0.0,0.08471472887464912,0.9964052462285085,-0.0008394001831178923,0.00035652173228194287,0.0,0.0,0.0,-0.0006533981972171458,1477,1530
0.1494515984608644,0.06339458270662146,0.0,0.0,0.0,0.08481496015660711,0.9963967194514608,-0.000564740378642818,-0.003988848755944842,0.0,0.0,0.0,0.0020108408468664804,1477,1530
0.1494515984608644,0.06339458270662146,0.0,0.0,0.0,0.08481496015660711,0.9963967194514608,-0.000564740378642818,-0.003988848755944842,0.0,0.0,0.0,0.0020108408468664804,1477,1530
0.1494515984608644,0.06339458270662146,0.0,0.0,0.0,0.08481496015660711,0.9963967194514608,-0.000564740378642818,-0.003988848755944842,0.0,0.0,0.0,0.0020108408468664804,1477,1530
0.14972130600848804,0.06268446684459174,0.0,0.0,0.0,0.08506444719250393,0.9963754512350421,0.00048629822814784466,-0.0024864001772227926,0.0,0.0,0.0,0.0016702538283425764,1477,1530
0.14972130600848804,0.06268446684459174,0.0,0.0,0.0,0.08506444719250393,0.9963754512350421,0.00048629822814784466,-0.0024864001772227926,0.0,0.0,0.0,0.0016702538283425764,1477,1530
0.149776061247955,0.06280439887106305,0.0,0.0,0.0,0.08498695634564274,0.996382063894721,0.00024729389602589963,0.00036253780729520433,0.0,0.0,0.0,-0.000517753166355193,1477,1530
0.149776061247955,0.06280439887106305,0.0,0.0,0.0,0.08498695634564274,0.996382063894721,0.00024729389602589963,0.00036253780729520433,0.0,0.0,0.0,-0.000517753166355193,1477,1530
0.149776061247955,0.06280439887106305,0.0,0.0,0.0,0.08498695634564274,0.996382063894721,0.00024729389602589963,0.00036253780729520433,0.0,0.0,0.0,-0.000517753166355193,1477,1530
0.149805199833006,0.06259965484721043,0.0,0.0,0.0,0.08511632380132321,0.9963710209668627,-2.9834704541618872e-05,-0.0010352316188702781,0.0,0.0,0.0,0.00130042083390463,1477,1530
0.149805199833006,0.06259965484721043,0.0,0.0,0.0,0.08511632380132321,0.9963710209668627,-2.9834704541618872e-05,-0.0010352316188702781,0.0,0.0,0.0,0.00130042083390463,1477,1530
0.1497534538494934,0.06285289356381954,0.0,0.0,0.0,0.08504263955769348,0.9963773127972456,-2.6819626505183922e-05,0.0008614471697357984,0.0,0.0,0.0,-0.000493183565923795,1477,1530
0.14964918274548294,0.06269980631637226,0.0,0.0,0.0,0.08503468121820443,0.9963779920241707,-0.000643471043268698,-0.0006659476611998175,0.0,0.0,0.0,-7.986513446220662e-05,1477,1530
0.14964918274548294,0.06269980631637226,0.0,0.0,0.0,0.08503468121820443,0.9963779920241707,-0.000643471043268698,-0.0006659476611998175,0.0,0.0,0.0,-7.986513446220662e-05,1477,1530
0.14982883966832478,0.0628102975689946,0.0,0.0,0.0,0.08503107590965522,0.9963782997083219,0.001958112482124174,0.0007846164914101555,0.0,0.0,0.0,-7.23791352021949e-05,1477,1530
0.14978489563790176,0.06245198858160404,0.0,0.0,0.0,0.08516530950224309,0.996366835085044,-0.0010397381693859956,-0.003455190914098997,0.0,0.0,0.0,0.002693179965389537,1477,1530
0.14975750108147515,0.062730098457536,0.0,0.0,0.0,0.08504511555498516,0.9963771014632157,0.00020133909548938892,0.0027779411045234146,0.0,0.0,0.0,-0.0024045767100258405,1477,1530
0.14975750108147515,0.062730098457536,0.0,0.0,0.0,0.08504511555498516,0.9963771014632157,0.00020133909548938892,0.0027779411045234146,0.0,0.0,0.0,-0.0024045767100258405,1477,1530
0.14975750108147515,0.062730098457536,0.0,0.0,0.0,0.08504511555498516,0.9963771014632157,0.00020133909548938892,0.0027779411045234146,0.0,0.0,0.0,-0.0024045767100258405,1477,1530
0.14976981069614073,0.06281724911855656,0.0,0.0,0.0,0.08504299985823031,0.9963772820448653,0.00020206049489178697,0.0006294651069064011,0.0,0.0,0.0,-3.18982895171101e-05,1477,1530
0.14976380282656646,0.06275641696536131,0.0,0.0,0.0,0.08503532675807698,0.9963779369311362,-5.410187046339618e-05,-0.0001964515384739576,0.0,0.0,0.0,-5.1341172418563444e-05,1477,1530
0.14976380282656646,0.06275641696536131,0.0,0.0,0.0,0.08503532675807698,0.9963779369311362,-5.410187046339618e-05,-0.0001964515384739576,0.0,0.0,0.0,-5.1341172418563444e-05,1477,1530
0.14962918675944417,0.06289509496110553,0.0,0.0,0.0,0.08495325508138299,0.9963849378885037,-0.0005460856319016707,0.000797765782133184,0.0,0.0,0.0,-0.0008240558303081961,1477,1530
0.14962918675944417,0.06289509496110553,0.0,0.0,0.0,0.08495325508138299,0.9963849378885037,-0.0005460856319016707,0.000797765782133184,0.0,0.0,0.0,-0.0008240558303081961,1477,1530
0.14962918675944417,0.06289509496110553,0.0,0.0,0.0,0.08495325508138299,0.9963849378885037,-0.0005460856319016707,0.000797765782133184,0.0,0.0,0.0,-0.0008240558303081961,1477,1530
0.14962918675944417,0.06289509496110553,0.0,0.0,0.0,0.08495325508138299,0.9963849378885037,-0.0005460856319016707,0.000797765782133184,0.0,0.0,0.0,-0.0008240558303081961,1477,1530
0.14970352710320606,0.06294914185016706,0.0,0.0,0.0,0.08495387797843311,0.9963848847791829,0.0004939499347721353,0.00024381655352758314,0.0,0.0,0.0,7.493506838656457e-06,1477,1530
0.14970352710320606,0.06294914185016706,0.0,0.0,0.0,0.08495387797843311,0.9963848847791829,0.0004939499347721353,0.00024381655352758314,0.0,0.0,0.0,7.493506838656457e-06,1477,1530
0.14970352710320606,0.06294914185016706,0.0,0.0,0.0,0.08495387797843311,0.9963848847791829,0.0004939499347721353,0.00024381655352758314,0.0,0.0,0.0,7.493506838656457e-06,1477,1530
0.14976538904255415,0.06276326636213843,0.0,0.0,0.0,0.08504484794952465,0.9963771243044685,7.942036431323615e-05,-0.0005213625335067809,0.0,0.0,0.0,0.0004915758713527428,1477,1530
0.14976538904255415,0.06276326636213843,0.0,0.0,0.0,0.08504484794952465,0.9963771243044685,7.942036431323615e-05,-0.0005213625335067809,0.0,0.0,0.0,0.0004915758713527428,1477,1530
0.14976538904255415,0.06276326636213843,0.0,0.0,0.0,0.08504484794952465,0.9963771243044685,7.942036431323615e-05,-0.0005213625335067809,0.0,0.0,0.0,0.0004915758713527428,1477,1530
0.14976538904255415,0.06276326636213843,0.0,0.0,0.0,0.08504484794952465,0.9963771243044685,7.942036431323615e-05,-0.0005213625335067809,0.0,0.0,0.0,0.0004915758713527428,1477,1530
0.14981100390841848,0.06265866713590384,0.0,0.0,0.0,0.0850861049804281,0.9963736019883604,8.215257962378985e-05,-0.00033435419369227476,0.0,0.0,0.0,0.00024986568495639477,1477,1530
0.14981100390841848,0.06265866713590384,0.0,0.0,0.0,0.0850861049804281,0.9963736019883604,8.215257962378985e-05,-0.00033435419369227476,0.0,0.0,0.0,0.00024986568495639477,1477,1530
0.14981100390841848,0.06265866713590384,0.0,0.0,0.0,0.0850861049804281,0.9963736019883604,8.215257962378985e-05,-0.00033435419369227476,0.0,0.0,0.0,0.00024986568495639477,1477,1530
0.14981097590041048,0.06245566373863003,0.0,0.0,0.0,0.08514873600597712,0.9963682515799991,-0.00010421661261326306,-0.0006052480727271599,0.0,0.0,0.0,0.00038034099207073633,1477,1530
0.14981097590041048,0.06245566373863003,0.0,0.0,0.0,0.08514873600597712,0.9963682515799991,-0.00010421661261326306,-0.0006052480727271599,0.0,0.0,0.0,0.00038034099207073633,1477,1530
0.14973911300038098,0.06261652949177808,0.0,0.0,0.0,0.0850859101704566,0.9963736186242914,-0.00011869199632063688,0.00046556586028081184,0.0,0.0,0.0,-0.0003438957695453875,1477,1530
0.14973911300038098,0.06261652949177808,0.0,0.0,0.0,0.0850859101704566,0.9963736186242914,-0.00011869199632063688,0.00046556586028081184,0.0,0.0,0.0,-0.0003438957695453875,1477,1530
0.14966567044477203,0.06292384747415995,0.0,0.0,0.0,0.08498267400997572,0.9963824291496284,-0.00010142467306337868,0.0015776136117322532,0.0,0.0,0.0,-0.001036777921455531,1477,1530
0.14966567044477203,0.06292384747415995,0.0,0.0,0.0,0.08498267400997572,0.9963824291496284,-0.00010142467306337868,0.0015776136117322532,0.0,0.0,0.0,-0.001036777921455531,1477,1530
0.14987777285274242,0.06254942610234356,0.0,0.0,0.0,0.08513824177834713,0.9963691483515995,0.0007265242661365781,-0.002020139060333967,0.0,0.0,0.0,0.001557846710136887,1477,1530
0.14987777285274242,0.06254942610234356,0.0,0.0,0.0,0.08513824177834713,0.9963691483515995,0.0007265242661365781,-0.002020139060333967,0.0,0.0,0.0,0.001557846710136887,1477,1530
0.14987777285274242,0.06254942610234356,0.0,0.0,0.0,0.08513824177834713,0.9963691483515995,0.0007265242661365781,-0.002020139060333967,0.0,0.0,0.0,0.001557846710136887,1477,1530
0.14970338538266523,0.06303316866355478,0.0,0.0,0.0,0.08498933585476705,0.996381860930319,-0.000385427668463024,0.0021734218018202027,0.0,0.0,0.0,-0.0012830432512524598,1477,1530
0.14970338538266523,0.06303316866355478,0.0,0.0,0.0,0.08498933585476705,0.996381860930319,-0.000385427668463024,0.0021734218018202027,0.0,0.0,0.0,-0.0012830432512524598,1477,1530
0.14982101063039716,0.06266073260937816,0.0,0.0,0.0,0.08505321418197247,0.9963764101770552,0.00031700689908726237,-0.002321231504459317,0.0,0.0,0.0,0.0007691163495589951,1477,1530
0.14982101063039716,0.06266073260937816,0.0,0.0,0.0,0.08505321418197247,0.9963764101770552,0.00031700689908726237,-0.002321231504459317,0.0,0.0,0.0,0.0007691163495589951,1477,1530
0.14983328688940012,0.06253911746943874,0.0,0.0,0.0,0.08515180607309604,0.9963679892100558,-2.8400713644792362e-05,-0.00040675534446866536,0.0,0.0,0.0,0.0006601609515048047,1477,1530
0.14983328688940012,0.06253911746943874,0.0,0.0,0.0,0.08515180607309604,0.9963679892100558,-2.8400713644792362e-05,-0.00040675534446866536,0.0,0.0,0.0,0.0006601609515048047,1477,1530
0.14983328688940012,0.06253911746943874,0.0,0.0,0.0,0.08515180607309604,0.9963679892100558,-2.8400713644792362e-05,-0.00040675534446866536,0.0,0.0,0.0,0.0006601609515048047,1477,1530
0.14983328688940012,0.06253911746943874,0.0,0.0,0.0,0.08515180607309604,0.9963679892100558,-2.8400713644792362e-05,-0.00040675534446866536,0.0,0.0,0.0,0.0006601609515048047,1477,1530
0.14983328688940012,0.06253911746943874,0.0,0.0,0.0,0.08515180607309604,0.9963679892100558,-2.8400713644792362e-05,-0.00040675534446866536,0.0,0.0,0.0,0.0006601609515048047,1477,1530
0.14994888648928054,0.06248810402645902,0.0,0.0,0.0,0.08519744413371266,0.9963640878278798,0.0007884223182908185,-0.0005234517906865188,0.0,0.0,0.0,0.0006861276914601229,1477,1530
0.14994888648928054,0.06248810402645902,0.0,0.0,0.0,0.08519744413371266,0.9963640878278798,0.0007884223182908185,-0.0005234517906865188,0.0,0.0,0.0,0.0006861276914601229,1477,1530
0.14994888648928054,0.06248810402645902,0.0,0.0,0.0,0.08519744413371266,0.9963640878278798,0.0007884223182908185,-0.0005234517906865188,0.0,0.0,0.0,0.0006861276914601229,1477,1530
0.14994888648928054,0.06248810402645902,0.0,0.0,0.0,0.08519744413371266,0.9963640878278798,0.0007884223182908185,-0.0005234517906865188,0.0,0.0,0.0,0.0006861276914601229,1477,1530
0.14970706019374055,0.06272762865592678,0.0,0.0,0.0,0.08511450142251226,0.9963711766443253,-0.00037063341469618596,0.0005196240297402155,0.0,0.0,0.0,-0.00031220205570558736,1477,1530
0.14970706019374055,0.06272762865592678,0.0,0.0,0.0,0.08511450142251226,0.9963711766443253,-0.00037063341469618596,0.0005196240297402155,0.0,0.0,0.0,-0.00031220205570558736,1477,1530
0.14970706019374055,0.06272762865592678,0.0,0.0,0.0,0.08511450142251226,0.9963711766443253,-0.00037063341469618596,0.0005196240297402155,0.0,0.0,0.0,-0.00031220205570558736,1477,1530
0.1497860297552417,0.06255490895238927,0.0,0.0,0.0,0.08515806038567952,0.9963674546829342,0.00013232023500361895,-0.0005006265708253319,0.0,0.0,0.0,0.00023839748432907473,1477,1530
0.1497860297552417,0.06255490895238927,0.0,0.0,0.0,0.08515806038567952,0.9963674546829342,0.00013232023500361895,-0.0005006265708253319,0.0,0.0,0.0,0.00023839748432907473,1477,1530
0.14976777405765607,0.0625044186697893,0.0,0.0,0.0,0.0851675707748704,0.9963666417982425,-7.966916980629964e-05,-0.00013996639422725506,0.0,0.0,0.0,5.726478378008771e-05,1477,1530
0.14976777405765607,0.0625044186697893,0.0,0.0,0.0,0.0851675707748704,0.9963666417982425,-7.966916980629964e-05,-0.00013996639422725506,0.0,0.0,0.0,5.726478378008771e-05,1477,1530
0.14976777405765607,0.0625044186697893,0.0,0.0,0.0,0.0851675707748704,0.9963666417982425,-7.966916980629964e-05,-0.00013996639422725506,0.0,0.0,0.0,5.726478378008771e-05,1477,1530
0.14976777405765607,0.0625044186697893,0.0,0.0,0.0,0.0851675707748704,0.9963666417982425,-7.966916980629964e-05,-0.00013996639422725506,0.0,0.0,0.0,5.726478378008771e-05,1477,1530
0.14968422414148813,0.06285077417227326,0.0,0.0,0.0,0.08505218101003982,0.996376498370689,-0.00010091809802814616,0.0015230906948557094,0.0,0.0,0.0,-0.0009923138527557073,1477,1530
0.1498162260472277,0.06256036267642462,0.0,0.0,0.0,0.08515433237260303,0.9963677733037014,0.00040071389065968313,-0.001529022001602638,0.0,0.0,0.0,0.0010160026450821795,1477,1530
0.1498162260472277,0.06256036267642462,0.0,0.0,0.0,0.08515433237260303,0.9963677733037014,0.00040071389065968313,-0.001529022001602638,0.0,0.0,0.0,0.0010160026450821795,1477,1530
0.14976876179983095,0.06275911056612753,0.0,0.0,0.0,0.0850735149767718,0.9963746770414718,-3.93840972036998e-05,0.0006154005919788247,0.0,0.0,0.0,-0.0004895671603433829,1477,1530
0.14976876179983095,0.06275911056612753,0.0,0.0,0.0,0.0850735149767718,0.9963746770414718,-3.93840972036998e-05,0.0006154005919788247,0.0,0.0,0.0,-0.0004895671603433829,1477,1530
0.14976876179983095,0.06275911056612753,0.0,0.0,0.0,0.0850735149767718,0.9963746770414718,0.0,0.0,0.0,0.0,0.0,-1.5519986647788425e-16,1477,1530
0.14976876179983095,0.06275911056612753,0.0,0.0,0.0,0.0850735149767718,0.9963746770414718,0.0,0.0,0.0,0.0,0.0,-1.5519986647788425e-16,1477,1530
0.14976876179983095,0.06275911056612753,0.0,0.0,0.0,0.0850735149767718,0.9963746770414718,0.0,0.0,0.0,0.0,0.0,-1.5519986647788425e-16,1477,1530
0.14976876179983095,0.06275911056612753,0.0,0.0,0.0,0.0850735149767718,0.9963746770414718,0.0,0.0,0.0,0.0,0.0,-3.430541394470446e-17,1477,1530
0.14976876179983095,0.06275911056612753,0.0,0.0,0.0,0.0850735149767718,0.9963746770414718,0.0,0.0,0.0,0.0,0.0,-3.8575743079705276e-17,1477,1530
0.14976876179983095,0.06275911056612753,0.0,0.0,0.0,0.0850735149767718,0.9963746770414718,0.0,0.0,0.0,0.0,0.0,-3.8575743079705276e-17,1477,1530
0.14976876179983095,0.06275911056612753,0.0,0.0,0.0,0.08507351497677179,0.9963746770414718,0.0,0.0,0.0,0.0,0.0,-2.8684106552438123e-16,1477,1530
0.14976876179983095,0.06275911056612753,0.0,0.0,0.0,0.08507351497677179,0.9963746770414718,0.0,0.0,0.0,0.0,0.0,-2.8684106552438123e-16,1477,1530
0.14979185803200057,0.06255910238156058,0.0,0.0,0.0,0.08513215987623769,0.9963696680222691,-4.773320254925436e-05,-0.0008609508239530154,0.0,0.0,0.0,0.0005041493441911226,1477,1530
0.14979185803200057,0.06255910238156058,0.0,0.0,0.0,0.08513215987623769,0.9963696680222691,-4.773320254925436e-05,-0.0008609508239530154,0.0,0.0,0.0,0.0005041493441911226,1477,1530
0.14979185803200057,0.06255910238156058,0.0,0.0,0.0,0.08513215987623769,0.9963696680222691,-4.773320254925436e-05,-0.0008609508239530154,0.0,0.0,0.0,0.0005041493441911226,1477,1530
0.14979185803200057,0.06255910238156058,0.0,0.0,0.0,0.08513215987623769,0.9963696680222691,-4.773320254925436e-05,-0.0008609508239530154,0.0,0.0,0.0,0.0005041493441911226,1477,1530
0.14982132519147306,0.06269283227091085,0.0,0.0,0.0,0.08507982763435196,0.9963741380273321,0.0002586585823491029,0.0006340226670093347,0.0,0.0,0.0,-0.0005252778980024588,1477,1530
0.14982132519147306,0.06269283227091085,0.0,0.0,0.0,0.08507982763435196,0.9963741380273321,0.0002586585823491029,0.0006340226670093347,0.0,0.0,0.0,-0.0005252778980024588,1477,1530
0.14982132519147306,0.06269283227091085,0.0,0.0,0.0,0.08507982763435196,0.9963741380273321,0.0002586585823491029,0.0006340226670093347,0.0,0.0,0.0,-0.0005252778980024588,1477,1530
0.14982132519147306,0.06269283227091085,0.0,0.0,0.0,0.08507982763435196,0.9963741380273321,0.0002586585823491029,0.0006340226670093347,0.0,0.0,0.0,-0.0005252778980024588,1477,1530
0.1498489639487081,0.06273799133292238,0.0,0.0,0.0,0.08510248083407818,0.9963722034239441,0.00014958553776627282,0.00017069478622378778,0.0,0.0,0.0,0.0001949232938687911,1477,1530
0.1498489639487081,0.06273799133292238,0.0,0.0,0.0,0.08510248083407818,0.9963722034239441,0.00014958553776627282,0.00017069478622378778,0.0,0.0,0.0,0.0001949232938687911,1477,1530
0.14986610582180604,0.06279909163731437,0.0,0.0,0.0,0.0850220897368872,0.9963790665488576,5.449733028913206e-05,0.00011458803713475124,0.0,0.0,0.0,-0.00032265407619009575,1477,1530
0.14986610582180604,0.06279909163731437,0.0,0.0,0.0,0.0850220897368872,0.9963790665488576,5.449733028913206e-05,0.00011458803713475124,0.0,0.0,0.0,-0.00032265407619009575,1477,1530
0.14970546561484177,0.0627533353746456,0.0,0.0,0.0,0.08505381007171384,0.9963763593102181,-0.0007123133647457999,-7.668167024609691e-05,0.0,0.0,0.0,0.0002731009658639523,1477,1530
0.14982671261731198,0.06269264586198119,0.0,0.0,0.0,0.0850817806343418,0.9963739712598326,0.0008181666152623533,-0.0006020643243675396,0.0,0.0,0.0,0.0004206315716269465,1477,1530
0.14982671261731198,0.06269264586198119,0.0,0.0,0.0,0.0850817806343418,0.9963739712598326,0.0008181666152623533,-0.0006020643243675396,0.0,0.0,0.0,0.0004206315716269465,1477,1530
0.14982671261731198,0.06269264586198119,0.0,0.0,0.0,0.0850817806343418,0.9963739712598326,0.0008181666152623533,-0.0006020643243675396,0.0,0.0,0.0,0.0004206315716269465,1477,1530
0.14982671261731198,0.06269264586198119,0.0,0.0,0.0,0.0850817806343418,0.9963739712598326,0.0008181666152623533,-0.0006020643243675396,0.0,0.0,0.0,0.0004206315716269465,1477,1530
0.14979518594221253,0.06279413382407839,0.0,0.0,0.0,0.085062932101359,0.996375580583105,-0.0001962473379803049,0.0014915188776849766,0.0,0.0,0.0,-0.0005355769018468415,1477,1530
0.14976301595249591,0.06278471197598987,0.0,0.0,0.0,0.08505496513405833,0.9963762607098003,-7.192773699045432e-05,-8.27754978568827e-06,0.0,0.0,0.0,-3.4540764690924275e-05,1477,1530
0.14976301595249591,0.06278471197598987,0.0,0.0,0.0,0.08505496513405833,0.9963762607098003,-7.192773699045432e-05,-8.27754978568827e-06,0.0,0.0,0.0,-3.4540764690924275e-05,1477,1530
0.14971841233923372,0.06266845877263102,0.0,0.0,0.0,0.08506944680990565,0.9963750243856259,-0.00038270394837043315,-0.0006432930102060681,0.0,0.0,0.0,0.000174745307024661,1477,1530
0.14971841233923372,0.06266845877263102,0.0,0.0,0.0,0.08506944680990565,0.9963750243856259,-0.00038270394837043315,-0.0006432930102060681,0.0,0.0,0.0,0.000174745307024661,1477,1530
0.14974624850495202,0.06297687762116169,0.0,0.0,0.0,0.0850071005203515,0.9963803454811435,0.000477837187354009,0.0017936693520529707,0.0,0.0,0.0,-0.0007501447401468826,1477,1530
0.14974624850495202,0.06297687762116169,0.0,0.0,0.0,0.0850071005203515,0.9963803454811435,0.000477837187354009,0.0017936693520529707,0.0,0.0,0.0,-0.0007501447401468826,1477,1530
0.14974624850495202,0.06297687762116169,0.0,0.0,0.0,0.0850071005203515,0.9963803454811435,0.000477837187354009,0.0017936693520529707,0.0,0.0,0.0,-0.0007501447401468826,1477,1530
0.1498334986779159,0.0625607954974259,0.0,0.0,0.0,0.08513515763844802,0.9963694118818966,7.75839310575527e-05,-0.0021258065069832592,0.0,0.0,0.0,0.00128617563049396,1477,1530
0.1498334986779159,0.0625607954974259,0.0,0.0,0.0,0.08513515763844802,0.9963694118818966,7.75839310575527e-05,-0.0021258065069832592,0.0,0.0,0.0,0.00128617563049396,1477,1530
0.1498334986779159,0.0625607954974259,0.0,0.0,0.0,0.08513515763844802,0.9963694118818966,7.75839310575527e-05,-0.0021258065069832592,0.0,0.0,0.0,0.00128617563049396,1477,1530
0.14982436592721723,0.06271339458693345,0.0,0.0,0.0,0.08506896699280421,0.9963750653517867,6.329960806176934e-05,0.0005694746468574361,0.0,0.0,0.0,-0.0004979864672358746,1477,1530
0.14982436592721723,0.06271339458693345,0.0,0.0,0.0,0.08506896699280421,0.9963750653517867,6.329960806176934e-05,0.0005694746468574361,0.0,0.0,0.0,-0.0004979864672358746,1477,1530
0.14975729469925989,0.06255073582643185,0.0,0.0,0.0,0.08511583219242533,0.9963710629630865,-0.00028102908798181917,-0.00044681208241808477,0.0,0.0,0.0,0.00028222013462718306,1477,1530
0.14975729469925989,0.06255073582643185,0.0,0.0,0.0,0.08511583219242533,0.9963710629630865,-0.00028102908798181917,-0.00044681208241808477,0.0,0.0,0.0,0.00028222013462718306,1477,1530
0.14975729469925989,0.06255073582643185,0.0,0.0,0.0,0.08511583219242533,0.9963710629630865,-0.00028102908798181917,-0.00044681208241808477,0.0,0.0,0.0,0.00028222013462718306,1477,1530
0.14988316853188263,0.06284750895336297,0.0,0.0,0.0,0.08503530356558923,0.996377938910486,0.0012808058805402985,0.00199129740787172,0.0,0.0,0.0,-0.0011872092704534132,1477,1530
0.14985399577665007,0.06272485014121093,0.0,0.0,0.0,0.08505322681272227,0.9963764090988624,-0.00016666204193685626,-0.0003900810907357654,0.0,0.0,0.0,0.00012104282314221373,1477,1530
0.14985399577665007,0.06272485014121093,0.0,0.0,0.0,0.08505322681272227,0.9963764090988624,-0.00016666204193685626,-0.0003900810907357654,0.0,0.0,0.0,0.00012104282314221373,1477,1530
0.1497108187167794,0.06285011711629959,0.0,0.0,0.0,0.08503070249492191,0.9963783315755216,-0.0017965657432222255,0.0022139213434094872,0.0,0.0,0.0,-0.0006776036128130189,1477,1530
0.1497108187167794,0.06285011711629959,0.0,0.0,0.0,0.08503070249492191,0.9963783315755216,-0.0017965657432222255,0.0022139213434094872,0.0,0.0,0.0,-0.0006776036128130189,1477,1530
0.14972147004209105,0.06301709441294119,0.0,0.0,0.0,0.08498361717112246,0.9963823487058129,0.0001293403547001801,0.0005426837523133354,0.0,0.0,0.0,-0.00031513389402702645,1477,1530
0.14972147004209105,0.06301709441294119,0.0,0.0,0.0,0.08498361717112246,0.9963823487058129,0.0001293403547001801,0.0005426837523133354,0.0,0.0,0.0,-0.00031513389402702645,1477,1530
0.14988354812557378,0.062448415315470934,0.0,0.0,0.0,0.08520866432680618,0.9963631283441,0.0003171205347092328,-0.0029393012454480873,0.0,0.0,0.0,0.0022584610326210953,1477,1530
0.14988802464588658,0.06262162971776719,0.0,0.0,0.0,0.08512148924543812,0.9963705796884204,0.00020298934417736534,0.001019895381839724,0.0,0.0,0.0,-0.0010501843177753553,1477,1530
0.14988802464588658,0.06262162971776719,0.0,0.0,0.0,0.08512148924543812,0.9963705796884204,0.00020298934417736534,0.001019895381839724,0.0,0.0,0.0,-0.0010501843177753553,1477,1530
0.14988802464588658,0.06262162971776719,0.0,0.0,0.0,0.08512148924543812,0.9963705796884204,0.00020298934417736534,0.001019895381839724,0.0,0.0,0.0,-0.0010501843177753553,1477,1530
0.149792328947053,0.06296774722374293,0.0,0.0,0.0,0.08499473559364508,0.9963814003288933,-0.0003558840479373207,0.00357230596097513,0.0,0.0,0.0,-0.0025435559397035215,1477,1530
0.14965164797822375,0.06281860665470915,0.0,0.0,0.0,0.08501306469318462,0.9963798366243029,-0.000445645789894251,-0.0003348495721066815,0.0,0.0,0.0,0.00010003061723158143,1477,1530
0.14965164797822375,0.06281860665470915,0.0,0.0,0.0,0.08501306469318462,0.9963798366243029,-0.000445645789894251,-0.0003348495721066815,0.0,0.0,0.0,0.00010003061723158143,1477,1530
0.14965164797822375,0.06281860665470915,0.0,0.0,0.0,0.08501306469318462,0.9963798366243029,-0.000445645789894251,-0.0003348495721066815,0.0,0.0,0.0,0.00010003061723158143,1477,1530
0.14971089270233157,0.06277450215301861,0.0,0.0,0.0,0.0850331955663242,0.9963781188142277,0.0005152824451815221,-0.0005414639813372507,0.0,0.0,0.0,0.0004089347027005995,1477,1530
0.14971089270233157,0.06277450215301861,0.0,0.0,0.0,0.0850331955663242,0.9963781188142277,0.0005152824451815221,-0.0005414639813372507,0.0,0.0,0.0,0.0004089347027005995,1477,1530
0.14971089270233157,0.06277450215301861,0.0,0.0,0.0,0.0850331955663242,0.9963781188142277,0.0005152824451815221,-0.0005414639813372507,0.0,0.0,0.0,0.0004089347027005995,1477,1530
0.14988119855157359,0.06240807728515692,0.0,0.0,0.0,0.08517722875036952,0.9963658162052768,0.00039659685747440255,-0.0014625379866257664,0.0,0.0,0.0,0.0010842541552288161,1477,1530
0.14988119855157359,0.06240807728515692,0.0,0.0,0.0,0.08517722875036952,0.9963658162052768,0.00039659685747440255,-0.0014625379866257664,0.0,0.0,0.0,0.0010842541552288161,1477,1530
0.14988119855157359,0.06240807728515692,0.0,0.0,0.0,0.08517722875036952,0.9963658162052768,0.00039659685747440255,-0.0014625379866257664,0.0,0.0,0.0,0.0010842541552288161,1477,1530
0.14977231538979158,0.06275570256932791,0.0,0.0,0.0,0.08505108019698446,0.9963765923371174,-0.0001448317608590566,0.0010827012240681945,0.0,0.0,0.0,-0.0007593069955797658,1477,1530
0.14977231538979158,0.06275570256932791,0.0,0.0,0.0,0.08505108019698446,0.9963765923371174,-0.0001448317608590566,0.0010827012240681945,0.0,0.0,0.0,-0.0007593069955797658,1477,1530
0.14977231538979158,0.06275570256932791,0.0,0.0,0.0,0.08505108019698446,0.9963765923371174,-0.0001448317608590566,0.0010827012240681945,0.0,0.0,0.0,-0.0007593069955797658,1477,1530
0.14977231538979158,0.06275570256932791,0.0,0.0,0.0,0.08505108019698446,0.9963765923371174,-0.0001448317608590566,0.0010827012240681945,0.0,0.0,0.0,-0.0007593069955797658,1477,1530
0.14977231538979158,0.06275570256932791,0.0,0.0,0.0,0.08505108019698446,0.9963765923371174,-0.0001448317608590566,0.0010827012240681945,0.0,0.0,0.0,-0.0007593069955797658,1477,1530
0.14977231538979158,0.06275570256932791,0.0,0.0,0.0,0.08505108019698446,0.9963765923371174,-0.0001448317608590566,0.0010827012240681945,0.0,0.0,0.0,-0.0007593069955797658,1477,1530
0.14977231538979158,0.06275570256932791,0.0,0.0,0.0,0.08505108019698446,0.9963765923371174,-0.0001448317608590566,0.0010827012240681945,0.0,0.0,0.0,-0.0007593069955797658,1477,1530
0.14977231538979158,0.06275570256932791,0.0,0.0,0.0,0.08505108019698446,0.9963765923371174,-0.0001448317608590566,0.0010827012240681945,0.0,0.0,0.0,-0.0007593069955797658,1477,1530
0.14977231538979158,0.06275570256932791,0.0,0.0,0.0,0.08505108019698446,0.9963765923371174,-0.0001448317608590566,0.0010827012240681945,0.0,0.0,0.0,-0.0007593069955797658,1477,1530
0.14977231538979158,0.06275570256932791,0.0,0.0,0.0,0.08505108019698446,0.9963765923371174,-0.0001448317608590566,0.0010827012240681945,0.0,0.0,0.0,-0.0007593069955797658,1477,1530
0.14977231538979158,0.06275570256932791,0.0,0.0,0.0,0.08505108019698446,0.9963765923371174,-0.0001448317608590566,0.0010827012240681945,0.0,0.0,0.0,-0.0007593069955797658,1477,1530
0.14977231538979158,0.06275570256932791,0.0,0.0,0.0,0.08505108019698446,0.9963765923371174,-0.0001448317608590566,0.0010827012240681945,0.0,0.0,0.0,-0.0007593069955797658,1477,1530
0.14977231538979158,0.06275570256932791,0.0,0.0,0.0,0.08505108019698446,0.9963765923371174,-0.0001448317608590566,0.0010827012240681945,0.0,0.0,0.0,-0.0007593069955797658,1477,1530
0.14977231538979158,0.06275570256932791,0.0,0.0,0.0,0.08505108019698446,0.9963765923371174,-0.0001448317608590566,0.0010827012240681945,0.0,0.0,0.0,-0.0007593069955797658,1477,1530
0.1498024909448576,0.06254709189513175,0.0,0.0,0.0,0.08509448032034118,0.996372886734184,-0.000132739662689106,-0.0003842335628826082,0.0,0.0,0.0,0.00017971122537504316,1477,1530
0.1498024909448576,0.06254709189513175,0.0,0.0,0.0,0.08509448032034118,0.996372886734184,-0.000132739662689106,-0.0003842335628826082,0.0,0.0,0.0,0.00017971122537504316,1477,1530
0.1498024909448576,0.06254709189513175,0.0,0.0,0.0,0.08509448032034118,0.996372886734184,-0.000132739662689106,-0.0003842335628826082,0.0,0.0,0.0,0.00017971122537504316,1477,1530
0.1498934163766253,0.06259589163873222,0.0,0.0,0.0,0.08512090097389909,0.9963706299451985,0.0005886466127786837,0.0001964966496158255,0.0,0.0,0.0,0.00031893079562689996,1477,1530
0.14978446307674056,0.062494230681562554,0.0,0.0,0.0,0.08511372905879308,0.9963712426228019,-0.00037388974619453674,-0.0002451423701159682,0.0,0.0,0.0,-4.3192153936131294e-05,1477,1530
0.14978446307674056,0.062494230681562554,0.0,0.0,0.0,0.08511372905879308,0.9963712426228019,-0.00037388974619453674,-0.0002451423701159682,0.0,0.0,0.0,-4.3192153936131294e-05,1477,1530
0.14978446307674056,0.062494230681562554,0.0,0.0,0.0,0.08511372905879308,0.9963712426228019,-0.00037388974619453674,-0.0002451423701159682,0.0,0.0,0.0,-4.3192153936131294e-05,1477,1530
0.14978446307674056,0.062494230681562554,0.0,0.0,0.0,0.08511372905879308,0.9963712426228019,-0.00037388974619453674,-0.0002451423701159682,0.0,0.0,0.0,-4.3192153936131294e-05,1477,1530
0.14979307287128166,0.06285321813131269,0.0,0.0,0.0,0.08501932566226264,0.996379302406435,0.0004161736574426997,0.0021136340405258744,0.0,0.0,0.0,-0.001136789141041864,1477,1530
0.14976974704283932,0.06289639887126218,0.0,0.0,0.0,0.08500124838654713,0.9963808447439807,-5.8778462294871253e-05,0.00017442273220338351,0.0,0.0,0.0,-0.00013608472682398277,1477,1530
0.14976974704283932,0.06289639887126218,0.0,0.0,0.0,0.08500124838654713,0.9963808447439807,-5.8778462294871253e-05,0.00017442273220338351,0.0,0.0,0.0,-0.00013608472682398277,1477,1530
0.14976974704283932,0.06289639887126218,0.0,0.0,0.0,0.08500124838654713,0.9963808447439807,-5.8778462294871253e-05,0.00017442273220338351,0.0,0.0,0.0,-0.00013608472682398277,1477,1530
0.14976974704283932,0.06289639887126218,0.0,0.0,0.0,0.08500124838654713,0.9963808447439807,-5.8778462294871253e-05,0.00017442273220338351,0.0,0.0,0.0,-0.00013608472682398277,1477,1530
0.14976974704283932,0.06289639887126218,0.0,0.0,0.0,0.08500124838654713,0.9963808447439807,-5.8778462294871253e-05,0.00017442273220338351,0.0,0.0,0.0,-0.00013608472682398277,1477,1530
0.14984336255817243,0.06243639563314057,0.0,0.0,0.0,0.08515900292676756,0.9963673741248852,-3.218146454896022e-05,-0.0027932046003590247,0.0,0.0,0.0,0.0018987548373122225,1477,1530
0.14984336255817243,0.06243639563314057,0.0,0.0,0.0,0.08515900292676756,0.9963673741248852,-3.218146454896022e-05,-0.0027932046003590247,0.0,0.0,0.0,0.0018987548373122225,1477,1530
0.14984336255817243,0.06243639563314057,0.0,0.0,0.0,0.08515900292676756,0.9963673741248852,-3.218146454896022e-05,-0.0027932046003590247,0.0,0.0,0.0,0.0018987548373122225,1477,1530
0.14984336255817243,0.06243639563314057,0.0,0.0,0.0,0.08515900292676756,0.9963673741248852,-3.218146454896022e-05,-0.0027932046003590247,0.0,0.0,0.0,0.0018987548373122225,1477,1530
0.14984336255817243,0.06243639563314057,0.0,0.0,0.0,0.08515900292676756,0.9963673741248852,-3.218146454896022e-05,-0.0027932046003590247,0.0,0.0,0.0,0.0018987548373122225,1477,1530
0.14984336255817243,0.06243639563314057,0.0,0.0,0.0,0.08515900292676756,0.9963673741248852,-3.218146454896022e-05,-0.0027932046003590247,0.0,0.0,0.0,0.0018987548373122225,1477,1530
0.149823693079231,0.06263580377277962,0.0,0.0,0.0,0.08510769170585891,0.9963717583374694,7.225628919874242e-05,0.0009989942697130685,0.0,0.0,0.0,-0.0005148402350572293,1477,1530
0.1497472465050655,0.06265171000076751,0.0,0.0,0.0,0.08509232399476206,0.9963730708912051,-8.381162032591511e-05,3.3045126386778375e-05,0.0,0.0,0.0,-3.5590752168504784e-05,1477,1530
0.1497472465050655,0.06265171000076751,0.0,0.0,0.0,0.08509232399476206,0.9963730708912051,-8.381162032591511e-05,3.3045126386778375e-05,0.0,0.0,0.0,-3.5590752168504784e-05,1477,1530
0.1497472465050655,0.06265171000076751,0.0,0.0,0.0,0.08509232399476206,0.9963730708912051,-8.381162032591511e-05,3.3045126386778375e-05,0.0,0.0,0.0,-3.5590752168504784e-05,1477,1530
0.14976391609714398,0.06254138717876133,0.0,0.0,0.0,0.08511544158302763,0.9963710963311442,-6.83264735159414e-05,-0.003344480772622232,0.0,0.0,0.0,0.001391243168208424,1477,1530
0.14976391609714398,0.06254138717876133,0.0,0.0,0.0,0.08511544158302763,0.9963710963311442,-6.83264735159414e-05,-0.003344480772622232,0.0,0.0,0.0,0.001391243168208424,1477,1530
0.14976391609714398,0.06254138717876133,0.0,0.0,0.0,0.08511544158302763,0.9963710963311442,-6.83264735159414e-05,-0.003344480772622232,0.0,0.0,0.0,0.001391243168208424,1477,1530
0.14976391609714398,0.06254138717876133,0.0,0.0,0.0,0.08511544158302763,0.9963710963311442,-6.83264735159414e-05,-0.003344480772622232,0.0,0.0,0.0,0.001391243168208424,1477,1530
0.14976391609714398,0.06254138717876133,0.0,0.0,0.0,0.08511544158302763,0.9963710963311442,-6.83264735159414e-05,-0.003344480772622232,0.0,0.0,0.0,0.001391243168208424,1477,1530
0.14976391609714398,0.06254138717876133,0.0,0.0,0.0,0.08511544158302763,0.9963710963311442,-6.83264735159414e-05,-0.003344480772622232,0.0,0.0,0.0,0.001391243168208424,1477,1530
0.14976391609714398,0.06254138717876133,0.0,0.0,0.0,0.08511544158302763,0.9963710963311442,-6.83264735159414e-05,-0.003344480772622232,0.0,0.0,0.0,0.001391243168208424,1477,1530
0.14980930103372828,0.06226973573079654,0.0,0.0,0.0,0.08521410874711846,0.9963626627239873,-3.66099400031768e-06,-0.0007478143537853003,0.0,0.0,0.0,0.0005377646516171212,1477,1530
0.14980930103372828,0.06226973573079654,0.0,0.0,0.0,0.08521410874711846,0.9963626627239873,-3.66099400031768e-06,-0.0007478143537853003,0.0,0.0,0.0,0.0005377646516171212,1477,1530
0.14980930103372828,0.06226973573079654,0.0,0.0,0.0,0.08521410874711846,0.9963626627239873,-3.66099400031768e-06,-0.0007478143537853003,0.0,0.0,0.0,0.0005377646516171212,1477,1530
0.14980930103372828,0.06226973573079654,0.0,0.0,0.0,0.08521410874711846,0.9963626627239873,-3.66099400031768e-06,-0.0007478143537853003,0.0,0.0,0.0,0.0005377646516171212,1477,1530
0.14992834256010762,0.06260130135488945,0.0,0.0,0.0,0.08509253199513932,0.9963730531275202,0.00021714235164032775,0.0003833876884242933,0.0,0.0,0.0,-0.00030522307735602114,1477,1530
0.15011530197573286,0.06222264858502723,0.0,0.0,0.0,0.08519715820325949,0.9963641122772783,0.0004019011066287263,-0.0013554819583673368,0.0,0.0,0.0,0.0007031158116529482,1477,1530
0.15011530197573286,0.06222264858502723,0.0,0.0,0.0,0.08519715820325949,0.9963641122772783,0.0004019011066287263,-0.0013554819583673368,0.0,0.0,0.0,0.0007031158116529482,1477,1530
0.15011530197573286,0.06222264858502723,0.0,0.0,0.0,0.08519715820325949,0.9963641122772783,0.0004019011066287263,-0.0013554819583673368,0.0,0.0,0.0,0.0007031158116529482,1477,1530
0.15011530197573286,0.06222264858502723,0.0,0.0,0.0,0.08519715820325949,0.9963641122772783,0.0004019011066287263,-0.0013554819583673368,0.0,0.0,0.0,0.0007031158116529482,1477,1530
0.15028321031586525,0.06214522627259074,0.0,0.0,0.0,0.08529135450629907,0.9963560532492793,0.0015211044300187492,-0.0010465635387825463,0.0,0.0,0.0,0.0018881273020556384,1477,1530
0.1502129036560669,0.062041707156978626,0.0,0.0,0.0,0.08528713603770867,0.9963564143550667,-0.0002171916828634243,-0.00022515560738445035,0.0,0.0,0.0,-2.1169162048639125e-05,1477,1530
0.1502129036560669,0.062041707156978626,0.0,0.0,0.0,0.08528713603770867,0.9963564143550667,-0.0002171916828634243,-0.00022515560738445035,0.0,0.0,0.0,-2.1169162048639125e-05,1477,1530
0.1502129036560669,0.062041707156978626,0.0,0.0,0.0,0.08528713603770867,0.9963564143550667,-0.0002171916828634243,-0.00022515560738445035,0.0,0.0,0.0,-2.1169162048639125e-05,1477,1530
0.1502129036560669,0.062041707156978626,0.0,0.0,0.0,0.08528713603770867,0.9963564143550667,-0.0002171916828634243,-0.00022515560738445035,0.0,0.0,0.0,-2.1169162048639125e-05,1477,1530
0.15024441136349095,0.062230350083293265,0.0,0.0,0.0,0.08524183911551898,0.996360290690172,0.0003783806352040752,0.001082468066028535,0.0,0.0,0.0,-0.0005451496260986233,1477,1530
0.15024441136349095,0.062230350083293265,0.0,0.0,0.0,0.08524183911551898,0.996360290690172,0.0003783806352040752,0.001082468066028535,0.0,0.0,0.0,-0.0005451496260986233,1477,1530
0.150265979056317,0.06203801867344095,0.0,0.0,0.0,0.08531932388496957,0.9963536585830413,-2.85481039159579e-05,-0.00048314721136796085,0.0,0.0,0.0,0.0003889590346199585,1477,1530
0.150265979056317,0.06203801867344095,0.0,0.0,0.0,0.08531932388496957,0.9963536585830413,-2.85481039159579e-05,-0.00048314721136796085,0.0,0.0,0.0,0.0003889590346199585,1477,1530
0.150265979056317,0.06203801867344095,0.0,0.0,0.0,0.08531932388496957,0.9963536585830413,-2.85481039159579e-05,-0.00048314721136796085,0.0,0.0,0.0,0.0003889590346199585,1477,1530
0.15022340040493448,0.06192450204994958,0.0,0.0,0.0,0.08531837054662496,0.996353740218437,-0.0006120825996472522,-0.0010453916773008986,0.0,0.0,0.0,-1.9120865376309907e-05,1477,1530
0.15022340040493448,0.06192450204994958,0.0,0.0,0.0,0.08531837054662496,0.996353740218437,-0.0006120825996472522,-0.0010453916773008986,0.0,0.0,0.0,-1.9120865376309907e-05,1477,1530
0.15022340040493448,0.06192450204994958,0.0,0.0,0.0,0.08531837054662496,0.996353740218437,-0.0006120825996472522,-0.0010453916773008986,0.0,0.0,0.0,-1.9120865376309907e-05,1477,1530
0.15022340040493448,0.06192450204994958,0.0,0.0,0.0,0.08531837054662496,0.996353740218437,-0.0006120825996472522,-0.0010453916773008986,0.0,0.0,0.0,-1.9120865376309907e-05,1477,1530
0.15022340040493448,0.06192450204994958,0.0,0.0,0.0,0.08531837054662496,0.996353740218437,-0.0006120825996472522,-0.0010453916773008986,0.0,0.0,0.0,-1.9120865376309907e-05,1477,1530
0.15022340040493448,0.06192450204994958,0.0,0.0,0.0,0.08531837054662496,0.996353740218437,0.0,0.0,0.0,0.0,0.0,4.006573620264461e-17,1477,1530
0.15022340040493448,0.06192450204994958,0.0,0.0,0.0,0.08531837054662496,0.996353740218437,0.0,0.0,0.0,0.0,0.0,4.006573620264461e-17,1477,1530
0.15022340040493448,0.06192450204994958,0.0,0.0,0.0,0.08531837054662496,0.996353740218437,0.0,0.0,0.0,0.0,0.0,4.006573620264461e-17,1477,1530
0.15022340040493448,0.06192450204994958,0.0,0.0,0.0,0.08531837054662496,0.996353740218437,0.0,0.0,0.0,0.0,0.0,4.006573620264461e-17,1477,1530
0.15022340040493448,0.06192450204994958,0.0,0.0,0.0,0.08531837054662496,0.996353740218437,0.0,0.0,0.0,0.0,0.0,2.35189276609649e-17,1477,1530
0.15022340040493448,0.06192450204994958,0.0,0.0,0.0,0.08531837054662496,0.996353740218437,0.0,0.0,0.0,0.0,0.0,3.0772215737645067e-17,1477,1530
0.15022340040493448,0.06192450204994958,0.0,0.0,0.0,0.08531837054662496,0.996353740218437,0.0,0.0,0.0,0.0,0.0,3.0772215737645067e-17,1477,1530
0.15022340040493448,0.06192450204994958,0.0,0.0,0.0,0.08531837054662496,0.996353740218437,0.0,0.0,0.0,0.0,0.0,3.0772215737645067e-17,1477,1530
0.15022340040493448,0.06192450204994958,0.0,0.0,0.0,0.085318370546625,0.996353740218437,0.0,0.0,0.0,0.0,0.0,1.4499197256487718e-15,1477,1530
0.15022340040493448,0.06192450204994958,0.0,0.0,0.0,0.085318370546625,0.996353740218437,0.0,0.0,0.0,0.0,0.0,1.4499197256487718e-15,1477,1530
0.15042319850942537,0.06151898656533282,0.0,0.0,0.0,0.08546906348478608,0.9963408248119885,0.0005484975062313545,-0.0018587380677034112,0.0,0.0,0.0,0.00129676330021902,1477,1530
0.15042319850942537,0.06151898656533282,0.0,0.0,0.0,0.08546906348478608,0.9963408248119885,0.0005484975062313545,-0.0018587380677034112,0.0,0.0,0.0,0.00129676330021902,1477,1530
0.15042319850942537,0.06151898656533282,0.0,0.0,0.0,0.08546906348478608,0.9963408248119885,0.0005484975062313545,-0.0018587380677034112,0.0,0.0,0.0,0.00129676330021902,1477,1530
0.1501462021287685,0.06182465019015597,0.0,0.0,0.0,0.08533605558635238,0.9963522256797357,-0.0009461260726512838,0.0014921633558808288,0.0,0.0,0.0,-0.001143583265625922,1477,1530
0.15033079594995424,0.06149070360145969,0.0,0.0,0.0,0.08546175290970377,0.9963414519077286,0.00041716516258119443,-0.0012018808853947733,0.0,0.0,0.0,0.0008412677817715217,1477,1530
0.15033079594995424,0.06149070360145969,0.0,0.0,0.0,0.08546175290970377,0.9963414519077286,0.00041716516258119443,-0.0012018808853947733,0.0,0.0,0.0,0.0008412677817715217,1477,1530
0.15033079594995424,0.06149070360145969,0.0,0.0,0.0,0.08546175290970377,0.9963414519077286,0.00041716516258119443,-0.0012018808853947733,0.0,0.0,0.0,0.0008412677817715217,1477,1530
0.15026880638743703,0.061785377313455195,0.0,0.0,0.0,0.08537677722650075,0.9963487370948068,-6.532046931889223e-05,0.0018030857599624108,0.0,0.0,0.0,-0.0010220485986677937,1477,1530
0.15026880638743703,0.061785377313455195,0.0,0.0,0.0,0.08537677722650075,0.9963487370948068,-6.532046931889223e-05,0.0018030857599624108,0.0,0.0,0.0,-0.0010220485986677937,1477,1530
0.1502014238545765,0.06183198519869124,0.0,0.0,0.0,0.08534654521837562,0.9963513272030543,-0.0002194125082845984,0.00021536509584138382,0.0,0.0,0.0,-0.0002277232611611839,1477,1530
0.1502014238545765,0.06183198519869124,0.0,0.0,0.0,0.08534654521837562,0.9963513272030543,-0.0002194125082845984,0.00021536509584138382,0.0,0.0,0.0,-0.0002277232611611839,1477,1530
0.15044637468382224,0.06180946454460228,0.0,0.0,0.0,0.08536520851773609,0.996349728345787,0.0011876960537025797,-0.00031923958984089344,0.0,0.0,0.0,0.00018730629847222264,1477,1530
0.15044637468382224,0.06180946454460228,0.0,0.0,0.0,0.08536520851773609,0.996349728345787,0.0011876960537025797,-0.00031923958984089344,0.0,0.0,0.0,0.00018730629847222264,1477,1530
0.150272722192611,0.061968980177128895,0.0,0.0,0.0,0.08527470855455108,0.996357478057417,-0.0007065035939821088,0.0009162340003713373,0.0,0.0,0.0,-0.0008913668117481397,1477,1530
0.150272722192611,0.061968980177128895,0.0,0.0,0.0,0.08527470855455108,0.996357478057417,-0.0007065035939821088,0.0009162340003713373,0.0,0.0,0.0,-0.0008913668117481397,1477,1530
0.150272722192611,0.061968980177128895,0.0,0.0,0.0,0.08527470855455108,0.996357478057417,-0.0007065035939821088,0.0009162340003713373,0.0,0.0,0.0,-0.0008913668117481397,1477,1530
0.15035999610624173,0.06155408837707819,0.0,0.0,0.0,0.08543362863260383,0.9963438638836827,9.528182607928623e-05,-0.002604026290373096,0.0,0.0,0.0,0.001960630009879734,1477,1530
0.15035999610624173,0.06155408837707819,0.0,0.0,0.0,0.08543362863260383,0.9963438638836827,9.528182607928623e-05,-0.002604026290373096,0.0,0.0,0.0,0.001960630009879734,1477,1530
0.15035999610624173,0.06155408837707819,0.0,0.0,0.0,0.08543362863260383,0.9963438638836827,9.528182607928623e-05,-0.002604026290373096,0.0,0.0,0.0,0.001960630009879734,1477,1530
0.15031273513413593,0.061560512527528186,0.0,0.0,0.0,0.08541566603798616,0.9963454039615415,-0.00013621045451805923,4.305850080391581e-05,0.0,0.0,0.0,-0.00010799515608546423,1477,1530
0.15031273513413593,0.061560512527528186,0.0,0.0,0.0,0.08541566603798616,0.9963454039615415,-0.00013621045451805923,4.305850080391581e-05,0.0,0.0,0.0,-0.00010799515608546423,1477,1530
0.15031273513413593,0.061560512527528186,0.0,0.0,0.0,0.08541566603798616,0.9963454039615415,-0.00013621045451805923,4.305850080391581e-05,0.0,0.0,0.0,-0.00010799515608546423,1477,1530
0.1501646877423262,0.06196240615990886,0.0,0.0,0.0,0.0852838015386907,0.9963566997793055,-0.00025829922422100204,0.0014042338786962067,0.0,0.0,0.0,-0.0008824044245523373,1477,1530
0.15027175944862878,0.06179543058548147,0.0,0.0,0.0,0.08533373587604764,0.9963524243566816,0.00028957512449813216,-0.0006860213957619808,0.0,0.0,0.0,0.0003762808598900974,1477,1530
0.15027175944862878,0.06179543058548147,0.0,0.0,0.0,0.08533373587604764,0.9963524243566816,0.00028957512449813216,-0.0006860213957619808,0.0,0.0,0.0,0.0003762808598900974,1477,1530
0.15028183459014882,0.06152194797990741,0.0,0.0,0.0,0.0854023756940566,0.9963465432397561,-0.0002741556334851188,-0.0020328822214155384,0.0,0.0,0.0,0.0010327525317473493,1477,1530
0.1502395105317248,0.062288685959421705,0.0,0.0,0.0,0.08517982521258083,0.9963655942357476,0.0004441776981938547,0.0038162807170340697,0.0,0.0,0.0,-0.0022351080280757487,1477,1530
0.1502395105317248,0.062288685959421705,0.0,0.0,0.0,0.08517982521258083,0.9963655942357476,0.0004441776981938547,0.0038162807170340697,0.0,0.0,0.0,-0.0022351080280757487,1477,1530
0.15035321274681043,0.06169280587947937,0.0,0.0,0.0,0.08539808990017579,0.9963469105895805,6.539685330266745e-05,-0.0036365942704724135,0.0,0.0,0.0,0.0026268738967428706,1477,1530
0.15035321274681043,0.06169280587947937,0.0,0.0,0.0,0.08539808990017579,0.9963469105895805,6.539685330266745e-05,-0.0036365942704724135,0.0,0.0,0.0,0.0026268738967428706,1477,1530
0.15032266147546947,0.06181078507981556,0.0,0.0,0.0,0.08535160808660308,0.9963508935094256,-0.00030306957004889323,0.003670405047021027,0.0,0.0,0.0,-0.0028196273971033583,1477,1530
0.15032266147546947,0.06181078507981556,0.0,0.0,0.0,0.08535160808660308,0.9963508935094256,-0.00030306957004889323,0.003670405047021027,0.0,0.0,0.0,-0.0028196273971033583,1477,1530
0.1502832937436628,0.06184551218022988,0.0,0.0,0.0,0.08534807678896456,0.9963511960089299,-0.00012323004012694612,0.00015331480857753781,0.0,0.0,0.0,-2.6560379918597416e-05,1477,1530
0.1502832937436628,0.06184551218022988,0.0,0.0,0.0,0.08534807678896456,0.9963511960089299,-0.00012323004012694612,0.00015331480857753781,0.0,0.0,0.0,-2.6560379918597416e-05,1477,1530
0.1502832937436628,0.06184551218022988,0.0,0.0,0.0,0.08534807678896456,0.9963511960089299,-0.00012323004012694612,0.00015331480857753781,0.0,0.0,0.0,-2.6560379918597416e-05,1477,1530
0.1501080055096756,0.06177611204665449,0.0,0.0,0.0,0.08534067170124553,0.996351830305731,-0.0009227435783766279,-0.00019289767509848773,0.0,0.0,0.0,-7.432649976498544e-05,1477,1530
0.1501080055096756,0.06177611204665449,0.0,0.0,0.0,0.08534067170124553,0.996351830305731,-0.0009227435783766279,-0.00019289767509848773,0.0,0.0,0.0,-7.432649976498544e-05,1477,1530
0.15024967410879222,0.06189920620115458,0.0,0.0,0.0,0.08531268449465881,0.996354227102146,0.00048162686205770433,0.0002916348434977663,0.0,0.0,0.0,-0.00016854210589544922,1477,1530
0.15024967410879222,0.06189920620115458,0.0,0.0,0.0,0.08531268449465881,0.996354227102146,0.00048162686205770433,0.0002916348434977663,0.0,0.0,0.0,-0.00016854210589544922,1477,1530
0.15024967410879222,0.06189920620115458,0.0,0.0,0.0,0.08531268449465881,0.996354227102146,0.00048162686205770433,0.0002916348434977663,0.0,0.0,0.0,-0.00016854210589544922,1477,1530
0.15020416370474018,0.06196956131763252,0.0,0.0,0.0,0.08529246698643721,0.9963559580166957,-0.00016426252656253975,0.00038493152690162566,0.0,0.0,0.0,-0.0002026998256342479,1477,1530
0.15020416370474018,0.06196956131763252,0.0,0.0,0.0,0.08529246698643721,0.9963559580166957,-0.00016426252656253975,0.00038493152690162566,0.0,0.0,0.0,-0.0002026998256342479,1477,1530
0.15021107393178984,0.06193341816379079,0.0,0.0,0.0,0.08529317395985073,0.996355897496399,2.22286729111939e-06,-0.00012267317342305986,0.0,0.0,0.0,4.731703092124411e-06,1477,1530
0.15034130676681506,0.061601218298526855,0.0,0.0,0.0,0.08543499343053791,0.9963437468552326,0.0004314527381952739,-0.002097973427193619,0.0,0.0,0.0,0.001708854466051005,1477,1530
0.15034130676681506,0.061601218298526855,0.0,0.0,0.0,0.08543499343053791,0.9963437468552326,0.0004314527381952739,-0.002097973427193619,0.0,0.0,0.0,0.001708854466051005,1477,1530
0.1502721362215702,0.06177004001603376,0.0,0.0,0.0,0.08534943557860798,0.9963510796132119,-0.00039398405071842236,0.0017803702772947985,0.0,0.0,0.0,-0.0017165031861702102,1477,1530
0.1502721362215702,0.06177004001603376,0.0,0.0,0.0,0.08534943557860798,0.9963510796132119,-0.00039398405071842236,0.0017803702772947985,0.0,0.0,0.0,-0.0017165031861702102,1477,1530
0.1503786444189517,0.06176105928114061,0.0,0.0,0.0,0.08539757431137684,0.9963469547811811,0.0004432889584951923,-0.0001155672536706208,0.0,0.0,0.0,0.00041414980542902637,1477,1530
0.1503786444189517,0.06176105928114061,0.0,0.0,0.0,0.08539757431137684,0.9963469547811811,0.0004432889584951923,-0.0001155672536706208,0.0,0.0,0.0,0.00041414980542902637,1477,1530
0.15024337636063054,0.0620776754198756,0.0,0.0,0.0,0.08528014497153949,0.9963570127587967,-0.0003970370791722882,0.0016749001015918476,0.0,0.0,0.0,-0.0011784632894358568,1477,1530
0.15024337636063054,0.0620776754198756,0.0,0.0,0.0,0.08528014497153949,0.9963570127587967,-0.0003970370791722882,0.0016749001015918476,0.0,0.0,0.0,-0.0011784632894358568,1477,1530
0.1502537710899973,0.06179336798230605,0.0,0.0,0.0,0.08535360746296372,0.9963507222324166,-0.00022865001680980412,-0.0016932737136411292,0.0,0.0,0.0,0.0008856349720058034,1477,1530
0.1502537710899973,0.06179336798230605,0.0,0.0,0.0,0.08535360746296372,0.9963507222324166,-0.00022865001680980412,-0.0016932737136411292,0.0,0.0,0.0,0.0008856349720058034,1477,1530
0.1502537710899973,0.06179336798230605,0.0,0.0,0.0,0.08535360746296372,0.9963507222324166,-0.00022865001680980412,-0.0016932737136411292,0.0,0.0,0.0,0.0008856349720058034,1477,1530
0.1502537710899973,0.06179336798230605,0.0,0.0,0.0,0.08535360746296372,0.9963507222324166,-0.00022865001680980412,-0.0016932737136411292,0.0,0.0,0.0,0.0008856349720058034,1477,1530
0.15031168352172408,0.061716315477056256,0.0,0.0,0.0,0.08536277008208043,0.9963499372629647,0.00018646885229218333,-0.00036383296406399424,0.0,0.0,0.0,7.801076612870995e-05,1477,1530
0.15031168352172408,0.061716315477056256,0.0,0.0,0.0,0.08536277008208043,0.9963499372629647,0.00018646885229218333,-0.00036383296406399424,0.0,0.0,0.0,7.801076612870995e-05,1477,1530
0.15047526529261332,0.061868846784639456,0.0,0.0,0.0,0.08537239336598268,0.9963491127365769,0.0006288241733352439,0.0004115558595239917,0.0,0.0,0.0,6.490759465429535e-05,1477,1530
0.15047526529261332,0.061868846784639456,0.0,0.0,0.0,0.08537239336598268,0.9963491127365769,0.0006288241733352439,0.0004115558595239917,0.0,0.0,0.0,6.490759465429535e-05,1477,1530
0.15047526529261332,0.061868846784639456,0.0,0.0,0.0,0.08537239336598268,0.9963491127365769,0.0006288241733352439,0.0004115558595239917,0.0,0.0,0.0,6.490759465429535e-05,1477,1530
0.15018425831751908,0.061845735522672564,0.0,0.0,0.0,0.08534960529067472,0.9963510650753208,-0.0012449325011072174,0.00011448260960585744,0.0,0.0,0.0,-0.00019589860940538424,1477,1530
0.15021334766148872,0.0618913077888439,0.0,0.0,0.0,0.08531051377756185,0.9963544129670969,9.930463975531064e-05,0.00010897052910063643,0.0,0.0,0.0,-0.00021397993508308767,1477,1530
0.15021334766148872,0.0618913077888439,0.0,0.0,0.0,0.08531051377756185,0.9963544129670969,9.930463975531064e-05,0.00010897052910063643,0.0,0.0,0.0,-0.00021397993508308767,1477,1530
0.15015742530158127,0.06203946123348864,0.0,0.0,0.0,0.08528495541134562,0.9963566010121501,-0.00044940041097811566,0.002335486589335501,0.0,0.0,0.0,-0.0007705226323664778,1477,1530
0.15015742530158127,0.06203946123348864,0.0,0.0,0.0,0.08528495541134562,0.9963566010121501,-0.00044940041097811566,0.002335486589335501,0.0,0.0,0.0,-0.0007705226323664778,1477,1530
0.1503307316525959,0.06150019893357252,0.0,0.0,0.0,0.08546216006136681,0.9963414169839802,0.0003391129917677535,-0.002403364511292639,0.0,0.0,0.0,0.0015242297986801845,1477,1530
0.1503307316525959,0.06150019893357252,0.0,0.0,0.0,0.08546216006136681,0.9963414169839802,0.0003391129917677535,-0.002403364511292639,0.0,0.0,0.0,0.0015242297986801845,1477,1530
0.15033126186001589,0.06183404924803702,0.0,0.0,0.0,0.08535382407526555,0.9963507036760343,0.00028694440921313817,0.0016447618082135297,0.0,0.0,0.0,-0.0010875612945244134,1477,1530
0.1502141801757831,0.06191143241105814,0.0,0.0,0.0,0.08534015891741571,0.9963518742271479,-0.0006128014046785944,0.0005765623637876229,0.0,0.0,0.0,-0.00016445281901890745,1477,1530
0.1502141801757831,0.06191143241105814,0.0,0.0,0.0,0.08534015891741571,0.9963518742271479,-0.0006128014046785944,0.0005765623637876229,0.0,0.0,0.0,-0.00016445281901890745,1477,1530
0.15038858449806775,0.061618327791758715,0.0,0.0,0.0,0.08542479253022042,0.9963446215146489,0.0012213164591759532,-0.003187873653608537,0.0,0.0,0.0,0.0017004405328470429,1477,1530
0.15038858449806775,0.061618327791758715,0.0,0.0,0.0,0.08542479253022042,0.9963446215146489,0.0012213164591759532,-0.003187873653608537,0.0,0.0,0.0,0.0017004405328470429,1477,1530
0.15038858449806775,0.061618327791758715,0.0,0.0,0.0,0.08542479253022042,0.9963446215146489,0.0012213164591759532,-0.003187873653608537,0.0,0.0,0.0,0.0017004405328470429,1477,1530
0.1502712164047858,0.0618746347712018,0.0,0.0,0.0,0.08531409763851976,0.9963541061009008,-0.0003087833413576977,0.0011684432236731606,0.0,0.0,0.0,-0.0009526096228412037,1477,1530
0.1502712164047858,0.0618746347712018,0.0,0.0,0.0,0.08531409763851976,0.9963541061009008,-0.0003087833413576977,0.0011684432236731606,0.0,0.0,0.0,-0.0009526096228412037,1477,1530
0.15025617271760025,0.06151059261497384,0.0,0.0,0.0,0.0854371464324073,0.9963435622361834,-0.00032858078594341964,-0.0015256082313477777,0.0,0.0,0.0,0.0010579447669698525,1477,1530
0.15025617271760025,0.06151059261497384,0.0,0.0,0.0,0.0854371464324073,0.9963435622361834,-0.00032858078594341964,-0.0015256082313477777,0.0,0.0,0.0,0.0010579447669698525,1477,1530
0.15021996830211126,0.06180021736067426,0.0,0.0,0.0,0.08534854274237906,0.9963511560949544,6.798658394858871e-05,0.0014540282679565452,0.0,0.0,0.0,-0.0008869834157741968,1477,1530
0.15021996830211126,0.06180021736067426,0.0,0.0,0.0,0.08534854274237906,0.9963511560949544,6.798658394858871e-05,0.0014540282679565452,0.0,0.0,0.0,-0.0008869834157741968,1477,1530
0.15021996830211126,0.06180021736067426,0.0,0.0,0.0,0.08534854274237906,0.9963511560949544,6.798658394858871e-05,0.0014540282679565452,0.0,0.0,0.0,-0.0008869834157741968,1477,1530
0.1503322360931517,0.06146999484851074,0.0,0.0,0.0,0.08547805325700861,0.9963400536018774,0.0002339287761141746,-0.0014795293188323401,0.0,0.0,0.0,0.001116483994558938,1477,1530
0.1503322360931517,0.06146999484851074,0.0,0.0,0.0,0.08547805325700861,0.9963400536018774,0.0002339287761141746,-0.0014795293188323401,0.0,0.0,0.0,0.001116483994558938,1477,1530
0.1503322360931517,0.06146999484851074,0.0,0.0,0.0,0.08547805325700861,0.9963400536018774,0.0002339287761141746,-0.0014795293188323401,0.0,0.0,0.0,0.001116483994558938,1477,1530
0.1502468713847083,0.06170658379201185,0.0,0.0,0.0,0.0853833125177548,0.9963481770663785,-0.00011955380762771951,0.0006757372067073962,0.0,0.0,0.0,-0.0005188699755684775,1477,1530
0.1502468713847083,0.06170658379201185,0.0,0.0,0.0,0.0853833125177548,0.9963481770663785,-0.00011955380762771951,0.0006757372067073962,0.0,0.0,0.0,-0.0005188699755684775,1477,1530
0.1502468713847083,0.06170658379201185,0.0,0.0,0.0,0.0853833125177548,0.9963481770663785,-0.00011955380762771951,0.0006757372067073962,0.0,0.0,0.0,-0.0005188699755684775,1477,1530
0.1502468713847083,0.06170658379201185,0.0,0.0,0.0,0.0853833125177548,0.9963481770663785,-0.00011955380762771951,0.0006757372067073962,0.0,0.0,0.0,-0.0005188699755684775,1477,1530
0.15033868976184633,0.06176879043559662,0.0,0.0,0.0,0.08536685623596668,0.9963495871712839,0.0004313336641934347,0.00019494836463693587,0.0,0.0,0.0,-0.00014098363917716943,1477,1530
0.15033868976184633,0.06176879043559662,0.0,0.0,0.0,0.08536685623596668,0.9963495871712839,0.0004313336641934347,0.00019494836463693587,0.0,0.0,0.0,-0.00014098363917716943,1477,1530
0.15018109492033174,0.06195410227616984,0.0,0.0,0.0,0.08527661876184185,0.9963573145676944,-0.00046552910715477193,0.0007876494647861113,0.0,0.0,0.0,-0.0006812703043873909,1477,1530
0.15018109492033174,0.06195410227616984,0.0,0.0,0.0,0.08527661876184185,0.9963573145676944,-0.00046552910715477193,0.0007876494647861113,0.0,0.0,0.0,-0.0006812703043873909,1477,1530
0.15031218601706234,0.061835840357368076,0.0,0.0,0.0,0.08533450900002218,0.9963523581412979,0.0003637406414706149,-0.00046287323746639647,0.0,0.0,0.0,0.0003874682703065027,1477,1530
0.15031218601706234,0.061835840357368076,0.0,0.0,0.0,0.08533450900002218,0.9963523581412979,0.0003637406414706149,-0.00046287323746639647,0.0,0.0,0.0,0.0003874682703065027,1477,1530
0.15031218601706234,0.061835840357368076,0.0,0.0,0.0,0.08533450900002218,0.9963523581412979,0.0003637406414706149,-0.00046287323746639647,0.0,0.0,0.0,0.0003874682703065027,1477,1530
0.15028898333502583,0.06177684165961385,0.0,0.0,0.0,0.08535851479039283,0.9963503018280159,-0.0001410109044663162,-0.00023229677702423779,0.0,0.0,0.0,0.000206550479469158,1477,1530
0.15028898333502583,0.06177684165961385,0.0,0.0,0.0,0.08535851479039283,0.9963503018280159,-0.0001410109044663162,-0.00023229677702423779,0.0,0.0,0.0,0.000206550479469158,1477,1530
0.15034171248482484,0.06165131684278938,0.0,0.0,0.0,0.08540333770490037,0.9963464607800153,0.00013115282977228828,-0.0005684243549728104,0.0,0.0,0.0,0.0003855108663692412,1477,1530
0.15034171248482484,0.06165131684278938,0.0,0.0,0.0,0.08540333770490037,0.9963464607800153,0.00013115282977228828,-0.0005684243549728104,0.0,0.0,0.0,0.0003855108663692412,1477,1530
0.15051209878170813,0.061516077451710324,0.0,0.0,0.0,0.08551093031915247,0.9963372324649686,0.0006205048428187626,-0.0006949300175317555,0.0,0.0,0.0,0.0009249635910039312,1477,1530
0.15051209878170813,0.061516077451710324,0.0,0.0,0.0,0.08551093031915247,0.9963372324649686,0.0006205048428187626,-0.0006949300175317555,0.0,0.0,0.0,0.0009249635910039312,1477,1530
0.15051209878170813,0.061516077451710324,0.0,0.0,0.0,0.08551093031915247,0.9963372324649686,0.0006205048428187626,-0.0006949300175317555,0.0,0.0,0.0,0.0009249635910039312,1477,1530
0.15072984116043528,0.06046203122018265,0.0,0.0,0.0,0.08585746286024912,0.9963074305008475,0.00017451735594419587,-0.0053709890764619605,0.0,0.0,0.0,0.0034731500617379944,1477,1530
0.15071047754232006,0.06044048765408266,0.0,0.0,0.0,0.08586148224594925,0.9963070841194137,-7.594829939142528e-05,-5.97648693652077e-05,0.0,0.0,0.0,2.6919628931368053e-05,1477,1530
0.15071047754232006,0.06044048765408266,0.0,0.0,0.0,0.08586148224594925,0.9963070841194137,-7.594829939142528e-05,-5.97648693652077e-05,0.0,0.0,0.0,2.6919628931368053e-05,1477,1530
0.15081962822378844,0.060153105714297044,0.0,0.0,0.0,0.08592720370361222,0.9963014180777211,0.00043844019024416575,-0.0022669475409475347,0.0,0.0,0.0,0.000990922999068137,1477,1530
0.15081962822378844,0.060153105714297044,0.0,0.0,0.0,0.08592720370361222,0.9963014180777211,0.00043844019024416575,-0.0022669475409475347,0.0,0.0,0.0,0.000990922999068137,1477,1530
0.15075421001014902,0.0603208366916572,0.0,0.0,0.0,0.08589618983038111,0.9963040924198913,-0.00021424496949394147,0.00105795936543663,0.0,0.0,0.0,-0.0003732758306913088,1477,1530
0.15098615798100037,0.060258297809749804,0.0,0.0,0.0,0.08591844689944933,0.9963021732799675,0.0010885784338684507,-0.0005063327394133948,0.0,0.0,0.0,0.00022328826324374034,1477,1530
0.15098615798100037,0.060258297809749804,0.0,0.0,0.0,0.08591844689944933,0.9963021732799675,0.0010885784338684507,-0.0005063327394133948,0.0,0.0,0.0,0.00022328826324374034,1477,1530
0.15078547739135656,0.060204036623753725,0.0,0.0,0.0,0.08592808699798589,0.9963013418965502,-0.001551907162403618,-0.00014321468766190416,0.0,0.0,0.0,0.00014507766449406632,1477,1530
0.15078547739135656,0.060204036623753725,0.0,0.0,0.0,0.08592808699798589,0.9963013418965502,-0.001551907162403618,-0.00014321468766190416,0.0,0.0,0.0,0.00014507766449406632,1477,1530
0.15078547739135656,0.060204036623753725,0.0,0.0,0.0,0.08592808699798589,0.9963013418965502,-0.001551907162403618,-0.00014321468766190416,0.0,0.0,0.0,0.00014507766449406632,1477,1530
0.15101115763136336,0.060033514196608,0.0,0.0,0.0,0.08603275373557945,0.9962923091566416,0.0008285601029108653,-0.0008864486687622771,0.0,0.0,0.0,0.0009013176030567729,1477,1530
0.15101115763136336,0.060033514196608,0.0,0.0,0.0,0.08603275373557945,0.9962923091566416,0.0008285601029108653,-0.0008864486687622771,0.0,0.0,0.0,0.0009013176030567729,1477,1530
0.15101115763136336,0.060033514196608,0.0,0.0,0.0,0.08603275373557945,0.9962923091566416,0.0008285601029108653,-0.0008864486687622771,0.0,0.0,0.0,0.0009013176030567729,1477,1530
0.1509156248366643,0.059855325811789005,0.0,0.0,0.0,0.08605331853416323,0.9962905331123336,-0.0005337828892323081,-0.0006815399785739048,0.0,0.0,0.0,0.00017676170970626576,1477,1530
0.1509156248366643,0.059855325811789005,0.0,0.0,0.0,0.08605331853416323,0.9962905331123336,-0.0005337828892323081,-0.0006815399785739048,0.0,0.0,0.0,0.00017676170970626576,1477,1530
0.1509156248366643,0.059855325811789005,0.0,0.0,0.0,0.08605331853416323,0.9962905331123336,-0.0005337828892323081,-0.0006815399785739048,0.0,0.0,0.0,0.00017676170970626576,1477,1530
0.1507314298295859,0.06050809203527591,0.0,0.0,0.0,0.08585765215687573,0.9963074141880652,-0.00020864657688238956,0.002024352030496691,0.0,0.0,0.0,-0.0011785373507023046,1477,1530
0.1507314298295859,0.06050809203527591,0.0,0.0,0.0,0.08585765215687573,0.9963074141880652,-0.00020864657688238956,0.002024352030496691,0.0,0.0,0.0,-0.0011785373507023046,1477,1530
0.15099891139556185,0.05985577043864621,0.0,0.0,0.0,0.08608341757991833,0.9962879328877577,0.0004555782628133451,-0.0020643270205797557,0.0,0.0,0.0,0.0013589223795074706,1477,1530
0.15099891139556185,0.05985577043864621,0.0,0.0,0.0,0.08608341757991833,0.9962879328877577,0.0004555782628133451,-0.0020643270205797557,0.0,0.0,0.0,0.0013589223795074706,1477,1530
0.15099891139556185,0.05985577043864621,0.0,0.0,0.0,0.08608341757991833,0.9962879328877577,0.0004555782628133451,-0.0020643270205797557,0.0,0.0,0.0,0.0013589223795074706,1477,1530
0.15092990133346842,0.06002654921372056,0.0,0.0,0.0,0.08605948474336605,0.9962900004946885,-0.00019364808936294406,0.000901253415436972,0.0,0.0,0.0,-0.00024044103502849525,1477,1530
0.15092990133346842,0.06002654921372056,0.0,0.0,0.0,0.08605948474336605,0.9962900004946885,-0.00019364808936294406,0.000901253415436972,0.0,0.0,0.0,-0.00024044103502849525,1477,1530
0.15092990133346842,0.06002654921372056,0.0,0.0,0.0,0.08605948474336605,0.9962900004946885,-0.00019364808936294406,0.000901253415436972,0.0,0.0,0.0,-0.00024044103502849525,1477,1530
0.15084479486312802,0.060284179965455625,0.0,0.0,0.0,0.0859254845646155,0.9963015663454193,-0.00014659199265745792,0.0009919167181779793,0.0,0.0,0.0,-0.0009940900036082628,1477,1530
0.15084479486312802,0.060284179965455625,0.0,0.0,0.0,0.0859254845646155,0.9963015663454193,-0.00014659199265745792,0.0009919167181779793,0.0,0.0,0.0,-0.0009940900036082628,1477,1530
0.15084479486312802,0.060284179965455625,0.0,0.0,0.0,0.0859254845646155,0.9963015663454193,-0.00014659199265745792,0.0009919167181779793,0.0,0.0,0.0,-0.0009940900036082628,1477,1530
0.15084479486312802,0.060284179965455625,0.0,0.0,0.0,0.0859254845646155,0.9963015663454193,-0.00014659199265745792,0.0009919167181779793,0.0,0.0,0.0,-0.0009940900036082628,1477,1530
0.15084479486312802,0.060284179965455625,0.0,0.0,0.0,0.0859254845646155,0.9963015663454193,-0.00014659199265745792,0.0009919167181779793,0.0,0.0,0.0,-0.0009940900036082628,1477,1530
0.15084531649796473,0.05993494563064482,0.0,0.0,0.0,0.08603273081678324,0.9962923111357465,-0.0002257181607550283,-0.0013104623256891895,0.0,0.0,0.0,0.0008197454014794507,1477,1530
0.1507680763735643,0.06043823708243094,0.0,0.0,0.0,0.08586132525155812,0.9963070976491366,2.348914264021616e-05,0.001174499656112125,0.0,0.0,0.0,-0.0007938343915776363,1477,1530
0.1507680763735643,0.06043823708243094,0.0,0.0,0.0,0.08586132525155812,0.9963070976491366,2.348914264021616e-05,0.001174499656112125,0.0,0.0,0.0,-0.0007938343915776363,1477,1530
0.15092063729649965,0.060016490410356955,0.0,0.0,0.0,0.08599648425011555,0.9962954404676455,0.00033481491186634584,-0.0018919230982931865,0.0,0.0,0.0,0.0011623300500404313,1477,1530
0.15080768091921104,0.06030175625427107,0.0,0.0,0.0,0.08589583544558325,0.9963041229730535,-0.00037471599730375566,0.0018038278096592225,0.0,0.0,0.0,-0.0012132224862326487,1477,1530
0.15080768091921104,0.06030175625427107,0.0,0.0,0.0,0.08589583544558325,0.9963041229730535,-0.00037471599730375566,0.0018038278096592225,0.0,0.0,0.0,-0.0012132224862326487,1477,1530
0.15071688151134288,0.06055201437905928,0.0,0.0,0.0,0.08581297013743434,0.9963112636903148,-0.0006945448867288638,0.003904340703827313,0.0,0.0,0.0,-0.002477876602366336,1477,1530
0.1506244369232322,0.06034396550431232,0.0,0.0,0.0,0.08588726092574411,0.9963048621835955,-0.0005438578226469289,-0.0008123107350576985,0.0,0.0,0.0,0.0006403600141389101,1477,1530
0.1506244369232322,0.06034396550431232,0.0,0.0,0.0,0.08588726092574411,0.9963048621835955,-0.0005438578226469289,-0.0008123107350576985,0.0,0.0,0.0,0.0006403600141389101,1477,1530
0.1506244369232322,0.06034396550431232,0.0,0.0,0.0,0.08588726092574411,0.9963048621835955,-0.0005438578226469289,-0.0008123107350576985,0.0,0.0,0.0,0.0006403600141389101,1477,1530
0.1506244369232322,0.06034396550431232,0.0,0.0,0.0,0.08588726092574411,0.9963048621835955,-0.0005438578226469289,-0.0008123107350576985,0.0,0.0,0.0,0.0006403600141389101,1477,1530
0.1508774368384175,0.060334069471181896,0.0,0.0,0.0,0.08590643735664827,0.9963032088780445,0.001854540517075788,-0.0003973781029836885,0.0,0.0,0.0,0.0002883617371964174,1477,1530
0.1508774368384175,0.060334069471181896,0.0,0.0,0.0,0.08590643735664827,0.9963032088780445,0.001854540517075788,-0.0003973781029836885,0.0,0.0,0.0,0.0002883617371964174,1477,1530
0.1508774368384175,0.060334069471181896,0.0,0.0,0.0,0.08590643735664827,0.9963032088780445,0.001854540517075788,-0.0003973781029836885,0.0,0.0,0.0,0.0002883617371964174,1477,1530
0.15082431052165046,0.05998597324581347,0.0,0.0,0.0,0.0859943565774282,0.9962956241180797,-0.00033584124635406684,-0.001001759317702325,0.0,0.0,0.0,0.0005295625963422935,1477,1530
0.1508293230263645,0.06014616269562874,0.0,0.0,0.0,0.08597525169655862,0.9962972729540684,9.692960337169818e-05,0.0004697612837243051,0.0,0.0,0.0,-0.00011478107203553267,1477,1530
0.1508293230263645,0.06014616269562874,0.0,0.0,0.0,0.08597525169655862,0.9962972729540684,9.692960337169818e-05,0.0004697612837243051,0.0,0.0,0.0,-0.00011478107203553267,1477,1530
0.1508293230263645,0.06014616269562874,0.0,0.0,0.0,0.08597525169655862,0.9962972729540684,9.692960337169818e-05,0.0004697612837243051,0.0,0.0,0.0,-0.00011478107203553267,1477,1530
0.15085069257030806,0.059837708997405224,0.0,0.0,0.0,0.08610544331530726,0.9962860295274015,-0.0009737709618174451,-0.009421184710980222,0.0,0.0,0.0,0.008005894388626589,1477,1530
0.15085069257030806,0.059837708997405224,0.0,0.0,0.0,0.08610544331530726,0.9962860295274015,-0.0009737709618174451,-0.009421184710980222,0.0,0.0,0.0,0.008005894388626589,1477,1530
0.15092793873279098,0.06002445106900845,0.0,0.0,0.0,0.086014642166788,0.996293872977707,0.00032435120558509383,0.0005120492511246127,0.0,0.0,0.0,-0.0005467181326042041,1477,1530
0.15092793873279098,0.06002445106900845,0.0,0.0,0.0,0.086014642166788,0.996293872977707,0.00032435120558509383,0.0005120492511246127,0.0,0.0,0.0,-0.0005467181326042041,1477,1530
0.15096303493178936,0.06072645916451432,0.0,0.0,0.0,0.08577595395715151,0.9963144512264893,0.0006639117366650651,0.002938639893048232,0.0,0.0,0.0,-0.002053720047133414,1477,1530
0.15096303493178936,0.06072645916451432,0.0,0.0,0.0,0.08577595395715151,0.9963144512264893,0.0,0.0,0.0,0.0,0.0,3.61362049028177e-17,1477,1530
0.15096303493178936,0.06072645916451432,0.0,0.0,0.0,0.08577595395715151,0.9963144512264893,0.0,0.0,0.0,0.0,0.0,7.136333187957587e-17,1477,1530
0.15096303493178936,0.06072645916451432,0.0,0.0,0.0,0.08577595395715151,0.9963144512264893,0.0,0.0,0.0,0.0,0.0,7.136333187957587e-17,1477,1530
0.15096303493178936,0.06072645916451432,0.0,0.0,0.0,0.08577595395715151,0.9963144512264893,0.0,0.0,0.0,0.0,0.0,5.40493632840428e-17,1477,1530
0.15096303493178936,0.06072645916451432,0.0,0.0,0.0,0.08577595395715151,0.9963144512264893,0.0,0.0,0.0,0.0,0.0,5.40493632840428e-17,1477,1530
0.15096303493178936,0.06072645916451432,0.0,0.0,0.0,0.08577595395715154,0.9963144512264893,0.0,0.0,0.0,0.0,0.0,3.782176059690924e-16,1477,1530
0.15096303493178936,0.06072645916451432,0.0,0.0,0.0,0.08577595395715154,0.9963144512264893,0.0,0.0,0.0,0.0,0.0,3.782176059690924e-16,1477,1530
0.15096303493178936,0.06072645916451432,0.0,0.0,0.0,0.08577595395715154,0.9963144512264893,0.0,0.0,0.0,0.0,0.0,3.782176059690924e-16,1477,1530
0.1509367716433714,0.06100555091859689,0.0,0.0,0.0,0.08570392066476838,0.9963206501838087,9.359549613668992e-05,0.0011984863046052491,0.0,0.0,0.0,-0.0006200938436064066,1477,1530
0.1509367716433714,0.06100555091859689,0.0,0.0,0.0,0.08570392066476838,0.9963206501838087,9.359549613668992e-05,0.0011984863046052491,0.0,0.0,0.0,-0.0006200938436064066,1477,1530
0.15100192010156607,0.06094340782742147,0.0,0.0,0.0,0.08573817351310518,0.9963177031462588,0.00026786713762683563,-0.00036174411796309296,0.0,0.0,0.0,0.00034375955202426594,1477,1530
0.15114184226148497,0.060471577619828694,0.0,0.0,0.0,0.08585718880518532,0.996307454117689,0.000245466131024357,-0.002095589376545869,0.0,0.0,0.0,0.0010242680668844375,1477,1530
0.15092387936558466,0.06106445595464621,0.0,0.0,0.0,0.08564715347372649,0.9963255316922517,-0.0005654589792104995,0.0031008854230028977,0.0,0.0,0.0,-0.002103879244251687,1477,1530
0.15092387936558466,0.06106445595464621,0.0,0.0,0.0,0.08564715347372649,0.9963255316922517,-0.0005654589792104995,0.0031008854230028977,0.0,0.0,0.0,-0.002103879244251687,1477,1530
0.15092387936558466,0.06106445595464621,0.0,0.0,0.0,0.08564715347372649,0.9963255316922517,-0.0005654589792104995,0.0031008854230028977,0.0,0.0,0.0,-0.002103879244251687,1477,1530
0.15104091118814075,0.06087178098305986,0.0,0.0,0.0,0.08574679776831363,0.9963169609479103,0.000828795604417307,-0.0021096067309207623,0.0,0.0,0.0,0.002011104255793792,1477,1530
0.15104091118814075,0.06087178098305986,0.0,0.0,0.0,0.08574679776831363,0.9963169609479103,0.000828795604417307,-0.0021096067309207623,0.0,0.0,0.0,0.002011104255793792,1477,1530
0.15102480319229228,0.060887471293339865,0.0,0.0,0.0,0.08573198308191586,0.9963182358447737,-6.444422134110134e-05,8.897837998514802e-05,0.0,0.0,0.0,-0.00014529665426741336,1477,1530
0.15093200882956612,0.06088546189881113,0.0,0.0,0.0,0.08571220125108758,0.9963199378496312,-0.0009578103955945597,0.00014478221581118997,0.0,0.0,0.0,-0.0004144384036958438,1477,1530
0.15093200882956612,0.06088546189881113,0.0,0.0,0.0,0.08571220125108758,0.9963199378496312,-0.0009578103955945597,0.00014478221581118997,0.0,0.0,0.0,-0.0004144384036958438,1477,1530
0.15095994321318665,0.06087190983023377,0.0,0.0,0.0,0.08573789366561056,0.9963177272285104,0.00010815232363777214,-7.775486129118367e-05,0.0,0.0,0.0,0.0002212641590034514,1477,1530
0.15096252781052202,0.06101182144435333,0.0,0.0,0.0,0.08567705045307565,0.9963229612056831,0.0001315539440008157,0.0006834567159226931,0.0,0.0,0.0,-0.0006074717631738225,1477,1530
0.15096252781052202,0.06101182144435333,0.0,0.0,0.0,0.08567705045307565,0.9963229612056831,0.0001315539440008157,0.0006834567159226931,0.0,0.0,0.0,-0.0006074717631738225,1477,1530
0.15096252781052202,0.06101182144435333,0.0,0.0,0.0,0.08567705045307565,0.9963229612056831,0.0001315539440008157,0.0006834567159226931,0.0,0.0,0.0,-0.0006074717631738225,1477,1530
0.15096252781052202,0.06101182144435333,0.0,0.0,0.0,0.08567705045307565,0.9963229612056831,0.0001315539440008157,0.0006834567159226931,0.0,0.0,0.0,-0.0006074717631738225,1477,1530
0.15099293430073846,0.06077036320706687,0.0,0.0,0.0,0.08576568649321893,0.9963153351325809,-6.782022283664742e-05,-0.0014639027843981578,0.0,0.0,0.0,0.0010714234272523034,1477,1530
0.15099293430073846,0.06077036320706687,0.0,0.0,0.0,0.08576568649321893,0.9963153351325809,-6.782022283664742e-05,-0.0014639027843981578,0.0,0.0,0.0,0.0010714234272523034,1477,1530
0.15099293430073846,0.06077036320706687,0.0,0.0,0.0,0.08576568649321893,0.9963153351325809,-6.782022283664742e-05,-0.0014639027843981578,0.0,0.0,0.0,0.0010714234272523034,1477,1530
0.1509878051186339,0.061171470660640014,0.0,0.0,0.0,0.08563989963425178,0.9963261552276118,0.0002384100579565608,0.0014872004922593884,0.0,0.0,0.0,-0.0009480893441574581,1477,1530
0.1509878051186339,0.061171470660640014,0.0,0.0,0.0,0.08563989963425178,0.9963261552276118,0.0002384100579565608,0.0014872004922593884,0.0,0.0,0.0,-0.0009480893441574581,1477,1530
0.15102032584522695,0.060788473326260584,0.0,0.0,0.0,0.0857752069015905,0.996314515542652,-9.996670283381137e-05,-0.0011490365262495884,0.0,0.0,0.0,0.0008150188044426097,1477,1530
0.15102032584522695,0.060788473326260584,0.0,0.0,0.0,0.0857752069015905,0.996314515542652,-9.996670283381137e-05,-0.0011490365262495884,0.0,0.0,0.0,0.0008150188044426097,1477,1530
0.15102032584522695,0.060788473326260584,0.0,0.0,0.0,0.0857752069015905,0.996314515542652,-9.996670283381137e-05,-0.0011490365262495884,0.0,0.0,0.0,0.0008150188044426097,1477,1530
0.15093866803960293,0.06095739126056117,0.0,0.0,0.0,0.08570279825371897,0.9963207467334414,-0.00019351276892499606,0.0006766995328211078,0.0,0.0,0.0,-0.0005452655838154474,1477,1530
0.15093866803960293,0.06095739126056117,0.0,0.0,0.0,0.08570279825371897,0.9963207467334414,-0.00019351276892499606,0.0006766995328211078,0.0,0.0,0.0,-0.0005452655838154474,1477,1530
0.15088975718847564,0.061125718988527644,0.0,0.0,0.0,0.08562995898343387,0.9963270096331301,-7.28867842848733e-05,0.0006529525941392272,0.0,0.0,0.0,-0.0005480361633469134,1477,1530
0.15088975718847564,0.061125718988527644,0.0,0.0,0.0,0.08562995898343387,0.9963270096331301,-7.28867842848733e-05,0.0006529525941392272,0.0,0.0,0.0,-0.0005480361633469134,1477,1530
0.15103513422254597,0.06119613475349829,0.0,0.0,0.0,0.08563303484501134,0.9963267452714663,0.0009316319253585588,0.0002674841747948258,0.0,0.0,0.0,3.7049230693048734e-05,1477,1530
0.15103513422254597,0.06119613475349829,0.0,0.0,0.0,0.08563303484501134,0.9963267452714663,0.0009316319253585588,0.0002674841747948258,0.0,0.0,0.0,3.7049230693048734e-05,1477,1530
0.15103513422254597,0.06119613475349829,0.0,0.0,0.0,0.08563303484501134,0.9963267452714663,0.0009316319253585588,0.0002674841747948258,0.0,0.0,0.0,3.7049230693048734e-05,1477,1530
0.1509493280489629,0.061111940935429945,0.0,0.0,0.0,0.08565953597714053,0.9963244671773253,-0.00042386278533199036,-0.0002927500540851392,0.0,0.0,0.0,0.00022796032665916413,1477,1530
0.1509493280489629,0.061111940935429945,0.0,0.0,0.0,0.08565953597714053,0.9963244671773253,-0.00042386278533199036,-0.0002927500540851392,0.0,0.0,0.0,0.00022796032665916413,1477,1530
0.1509493280489629,0.061111940935429945,0.0,0.0,0.0,0.08565953597714053,0.9963244671773253,-0.00042386278533199036,-0.0002927500540851392,0.0,0.0,0.0,0.00022796032665916413,1477,1530
0.15094385745494096,0.060904379594438354,0.0,0.0,0.0,0.08571799271844123,0.9963194395997306,-0.00013605233494231027,-0.0006785532532634899,0.0,0.0,0.0,0.0003911202913989848,1477,1530
0.15094385745494096,0.060904379594438354,0.0,0.0,0.0,0.08571799271844123,0.9963194395997306,-0.00013605233494231027,-0.0006785532532634899,0.0,0.0,0.0,0.0003911202913989848,1477,1530
0.15094385745494096,0.060904379594438354,0.0,0.0,0.0,0.08571799271844123,0.9963194395997306,-0.00013605233494231027,-0.0006785532532634899,0.0,0.0,0.0,0.0003911202913989848,1477,1530
0.1509996870021062,0.060919920767731325,0.0,0.0,0.0,0.08570217378754776,0.9963208004493779,0.0002881812831761537,2.8870423366603446e-05,0.0,0.0,0.0,-0.00015869819498748978,1477,1530
0.15098227726544808,0.06062106785524024,0.0,0.0,0.0,0.08580999354494362,0.996311520061781,-0.00018609596792435105,-0.0007954962677191744,0.0,0.0,0.0,0.0005906715774499163,1477,1530
0.15101105394297315,0.06098230331183577,0.0,0.0,0.0,0.08568459066052647,0.9963223127699882,0.000540478877274352,0.00210504503950724,0.0,0.0,0.0,-0.001509733244756643,1477,1530
0.15101105394297315,0.06098230331183577,0.0,0.0,0.0,0.08568459066052647,0.9963223127699882,0.000540478877274352,0.00210504503950724,0.0,0.0,0.0,-0.001509733244756643,1477,1530
0.15101105394297315,0.06098230331183577,0.0,0.0,0.0,0.08568459066052647,0.9963223127699882,0.000540478877274352,0.00210504503950724,0.0,0.0,0.0,-0.001509733244756643,1477,1530
0.15100794723833177,0.060834221470763235,0.0,0.0,0.0,0.08574728860669624,0.9963169187043849,-0.0001699897036656508,-0.0008718680150277582,0.0,0.0,0.0,0.0007548134367707137,1477,1530
0.15100794723833177,0.060834221470763235,0.0,0.0,0.0,0.08574728860669624,0.9963169187043849,-0.0001699897036656508,-0.0008718680150277582,0.0,0.0,0.0,0.0007548134367707137,1477,1530
0.15100794723833177,0.060834221470763235,0.0,0.0,0.0,0.08574728860669624,0.9963169187043849,-0.0001699897036656508,-0.0008718680150277582,0.0,0.0,0.0,0.0007548134367707137,1477,1530
0.1510328052346432,0.060704594100791834,0.0,0.0,0.0,0.08580600362032505,0.9963118636966584,1.1725855859273789e-05,-0.0006601890230740481,0.0,0.0,0.0,0.0005896317033119798,1477,1530
0.1510328052346432,0.060704594100791834,0.0,0.0,0.0,0.08580600362032505,0.9963118636966584,1.1725855859273789e-05,-0.0006601890230740481,0.0,0.0,0.0,0.0005896317033119798,1477,1530
0.1510328052346432,0.060704594100791834,0.0,0.0,0.0,0.08580600362032505,0.9963118636966584,1.1725855859273789e-05,-0.0006601890230740481,0.0,0.0,0.0,0.0005896317033119798,1477,1530
0.15099457873594077,0.060818854147136156,0.0,0.0,0.0,0.08576289273122069,0.9963155756236942,-5.436044438487944e-05,0.00035719500099651996,0.0,0.0,0.0,-0.0002595167520450477,1477,1530
0.15099457873594077,0.060818854147136156,0.0,0.0,0.0,0.08576289273122069,0.9963155756236942,-5.436044438487944e-05,0.00035719500099651996,0.0,0.0,0.0,-0.0002595167520450477,1477,1530
0.15099457873594077,0.060818854147136156,0.0,0.0,0.0,0.08576289273122069,0.9963155756236942,-5.436044438487944e-05,0.00035719500099651996,0.0,0.0,0.0,-0.0002595167520450477,1477,1530
0.15106979290319886,0.06071367719957257,0.0,0.0,0.0,0.08579515924945338,0.9963127975938887,0.0002767371300934417,-0.0005742595077488801,0.0,0.0,0.0,0.0003193228840185396,1477,1530
0.15106979290319886,0.06071367719957257,0.0,0.0,0.0,0.08579515924945338,0.9963127975938887,0.0002767371300934417,-0.0005742595077488801,0.0,0.0,0.0,0.0003193228840185396,1477,1530
0.15104147376408888,0.06097625973851262,0.0,0.0,0.0,0.08571327792239691,0.9963198452243125,4.670990704834616e-05,0.0007246644097628215,0.0,0.0,0.0,-0.0004519370058311026,1477,1530
0.15108690517400725,0.0607127065010806,0.0,0.0,0.0,0.08577523155793379,0.9963145134199255,-1.0695473549109606e-06,-0.0011446531590043804,0.0,0.0,0.0,0.0005322876610935258,1477,1530
0.15108690517400725,0.0607127065010806,0.0,0.0,0.0,0.08577523155793379,0.9963145134199255,-1.0695473549109606e-06,-0.0011446531590043804,0.0,0.0,0.0,0.0005322876610935258,1477,1530
0.15108690517400725,0.0607127065010806,0.0,0.0,0.0,0.08577523155793379,0.9963145134199255,-1.0695473549109606e-06,-0.0011446531590043804,0.0,0.0,0.0,0.0005322876610935258,1477,1530
0.15108690517400725,0.0607127065010806,0.0,0.0,0.0,0.08577523155793379,0.9963145134199255,-1.0695473549109606e-06,-0.0011446531590043804,0.0,0.0,0.0,0.0005322876610935258,1477,1530
0.15105863177500295,0.0607255962296969,0.0,0.0,0.0,0.08578918380022732,0.9963133121377487,-0.000761910032851687,0.000520700246793885,0.0,0.0,0.0,0.0008318055150534407,1477,1530
0.1509695422885164,0.06077225657782541,0.0,0.0,0.0,0.08575529700439538,0.9963162294350564,-0.00019972203861263425,0.00015317446651533535,0.0,0.0,0.0,-0.00017024626016349072,1477,1530
0.1509695422885164,0.06077225657782541,0.0,0.0,0.0,0.08575529700439538,0.9963162294350564,-0.00019972203861263425,0.00015317446651533535,0.0,0.0,0.0,-0.00017024626016349072,1477,1530
0.1509695422885164,0.06077225657782541,0.0,0.0,0.0,0.08575529700439538,0.9963162294350564,-0.00019972203861263425,0.00015317446651533535,0.0,0.0,0.0,-0.00017024626016349072,1477,1530
0.1510150789128467,0.060666960637289075,0.0,0.0,0.0,0.08581795850886963,0.9963108340258927,0.00013443266903622166,-0.0005579019101274893,0.0,0.0,0.0,0.0006292261780108107,1477,1530
0.1510150789128467,0.060666960637289075,0.0,0.0,0.0,0.08581795850886963,0.9963108340258927,0.00013443266903622166,-0.0005579019101274893,0.0,0.0,0.0,0.0006292261780108107,1477,1530
0.1510150789128467,0.060666960637289075,0.0,0.0,0.0,0.08581795850886963,0.9963108340258927,0.00013443266903622166,-0.0005579019101274893,0.0,0.0,0.0,0.0006292261780108107,1477,1530
0.1510565968307105,0.06088753560162593,0.0,0.0,0.0,0.0857575240892128,0.9963160377420852,0.000294632377713263,0.0007877805909353871,0.0,0.0,0.0,-0.000454607409549327,1477,1530
0.1510565968307105,0.06088753560162593,0.0,0.0,0.0,0.0857575240892128,0.9963160377420852,0.000294632377713263,0.0007877805909353871,0.0,0.0,0.0,-0.000454607409549327,1477,1530
0.1510565968307105,0.06088753560162593,0.0,0.0,0.0,0.0857575240892128,0.9963160377420852,0.000294632377713263,0.0007877805909353871,0.0,0.0,0.0,-0.000454607409549327,1477,1530
0.1510565968307105,0.06088753560162593,0.0,0.0,0.0,0.0857575240892128,0.9963160377420852,0.000294632377713263,0.0007877805909353871,0.0,0.0,0.0,-0.000454607409549327,1477,1530
0.15094730306571139,0.06101002618767984,0.0,0.0,0.0,0.08570712672045316,0.9963203743923559,-0.000325325730948698,0.0005226136258767098,0.0,0.0,0.0,-0.0003793723114357004,1477,1530
0.15094730306571139,0.06101002618767984,0.0,0.0,0.0,0.08570712672045316,0.9963203743923559,-0.000325325730948698,0.0005226136258767098,0.0,0.0,0.0,-0.0003793723114357004,1477,1530
0.15098483011352226,0.06089148889386619,0.0,0.0,0.0,0.08573778780445379,0.9963177363383623,4.1694406260179744e-05,-0.0003070226528413008,0.0,0.0,0.0,0.00015337755442436696,1477,1530
0.15101562230261692,0.06072833654543151,0.0,0.0,0.0,0.08580810587956507,0.9963116826402074,1.0627693929974169e-05,-0.000715511281532978,0.0,0.0,0.0,0.0006083748619214787,1477,1530
0.15101562230261692,0.06072833654543151,0.0,0.0,0.0,0.08580810587956507,0.9963116826402074,1.0627693929974169e-05,-0.000715511281532978,0.0,0.0,0.0,0.0006083748619214787,1477,1530
0.15101562230261692,0.06072833654543151,0.0,0.0,0.0,0.08580810587956507,0.9963116826402074,1.0627693929974169e-05,-0.000715511281532978,0.0,0.0,0.0,0.0006083748619214787,1477,1530
0.15098408738567845,0.06075113842434207,0.0,0.0,0.0,0.08577703410449745,0.9963143582324987,-0.000271180988993559,0.0002780298927505743,0.0,0.0,0.0,-0.0006225026449002254,1477,1530
0.15098408738567845,0.06075113842434207,0.0,0.0,0.0,0.08577703410449745,0.9963143582324987,-0.000271180988993559,0.0002780298927505743,0.0,0.0,0.0,-0.0006225026449002254,1477,1530
0.15098492745314143,0.06071090128022956,0.0,0.0,0.0,0.08580754454431803,0.9963117309854757,-2.59678275392941e-05,-0.00017078935095699715,0.0,0.0,0.0,0.00026289632291617203,1477,1530
0.15098492745314143,0.06071090128022956,0.0,0.0,0.0,0.08580754454431803,0.9963117309854757,-2.59678275392941e-05,-0.00017078935095699715,0.0,0.0,0.0,0.00026289632291617203,1477,1530
0.15101187074272512,0.06083413477020601,0.0,0.0,0.0,0.08577977474200617,0.9963141222753047,0.00023791851938840497,0.0005836482717182872,0.0,0.0,0.0,-0.000278529342003739,1477,1530
0.15101187074272512,0.06083413477020601,0.0,0.0,0.0,0.08577977474200617,0.9963141222753047,0.00023791851938840497,0.0005836482717182872,0.0,0.0,0.0,-0.000278529342003739,1477,1530
0.15096841289750132,0.06078798090482742,0.0,0.0,0.0,0.08579391761707363,0.9963129045133937,-0.0002536719939569378,-0.00019033443661654165,0.0,0.0,0.0,0.00014202804001833122,1477,1530
0.1510042682552586,0.060755646649735144,0.0,0.0,0.0,0.08580934325617813,0.9963115760694259,0.00012739972941629737,-0.00016240536979359273,0.0,0.0,0.0,0.00013238312253125903,1477,1530
0.1510042682552586,0.060755646649735144,0.0,0.0,0.0,0.08580934325617813,0.9963115760694259,0.00012739972941629737,-0.00016240536979359273,0.0,0.0,0.0,0.00013238312253125903,1477,1530
0.15096307107580578,0.06087122975405273,0.0,0.0,0.0,0.08574007229108464,0.9963175397449949,-0.00015646313369567668,0.0009084326154212952,0.0,0.0,0.0,-0.0010446264629132452,1477,1530
0.15096307107580578,0.06087122975405273,0.0,0.0,0.0,0.08574007229108464,0.9963175397449949,-0.00015646313369567668,0.0009084326154212952,0.0,0.0,0.0,-0.0010446264629132452,1477,1530
0.15096307107580578,0.06087122975405273,0.0,0.0,0.0,0.08574007229108464,0.9963175397449949,-0.00015646313369567668,0.0009084326154212952,0.0,0.0,0.0,-0.0010446264629132452,1477,1530
0.15103281992465747,0.060855744402557935,0.0,0.0,0.0,0.08575559265686244,0.9963162039875043,0.00039684399104276903,-0.0001632004058077322,0.0,0.0,0.0,0.00018711101678586266,1477,1530
0.15082219766201146,0.06101704503361676,0.0,0.0,0.0,0.08566833482787507,0.9963237106522252,-0.0006746649217707218,0.0007307406204731012,0.0,0.0,0.0,-0.000656665447712821,1477,1530
0.15082219766201146,0.06101704503361676,0.0,0.0,0.0,0.08566833482787507,0.9963237106522252,-0.0006746649217707218,0.0007307406204731012,0.0,0.0,0.0,-0.000656665447712821,1477,1530
0.15082219766201146,0.06101704503361676,0.0,0.0,0.0,0.08566833482787507,0.9963237106522252,-0.0006746649217707218,0.0007307406204731012,0.0,0.0,0.0,-0.000656665447712821,1477,1530
0.15093690069535132,0.06105309772202588,0.0,0.0,0.0,0.08566157039438843,0.9963242922651074,0.001183313271610361,0.00015830205181210558,0.0,0.0,0.0,-0.0001348278512788108,1477,1530
0.15093690069535132,0.06105309772202588,0.0,0.0,0.0,0.08566157039438843,0.9963242922651074,0.001183313271610361,0.00015830205181210558,0.0,0.0,0.0,-0.0001348278512788108,1477,1530
0.1509523190711636,0.06104326368559383,0.0,0.0,0.0,0.0856556642699338,0.9963248000418721,4.5172364355097526e-05,-4.118791353816701e-05,0.0,0.0,0.0,-3.9631174728416815e-05,1477,1530
0.1509523190711636,0.06104326368559383,0.0,0.0,0.0,0.0856556642699338,0.9963248000418721,4.5172364355097526e-05,-4.118791353816701e-05,0.0,0.0,0.0,-3.9631174728416815e-05,1477,1530
0.15094970190153645,0.06083864028219553,0.0,0.0,0.0,0.08574105121192928,0.996317455501545,-0.00018739752433209774,-0.001005207065398362,0.0,0.0,0.0,0.0008564570322616798,1477,1530
0.15094970190153645,0.06083864028219553,0.0,0.0,0.0,0.08574105121192928,0.996317455501545,-0.00018739752433209774,-0.001005207065398362,0.0,0.0,0.0,0.0008564570322616798,1477,1530
0.1509332713321595,0.060833934979270685,0.0,0.0,0.0,0.085758519154034,0.9963159520917585,-0.00010201408193303959,-1.0979791329859776e-05,0.0,0.0,0.0,0.00021050727683940814,1477,1530
0.15105911009363024,0.060913626490581685,0.0,0.0,0.0,0.0857331665272836,0.9963181340100185,0.0005157332766893727,0.00021368788998419555,0.0,0.0,0.0,-0.00019074076920221048,1477,1530
0.1511890137607244,0.06059230394988754,0.0,0.0,0.0,0.08585747194758685,0.9963074297177399,0.002207485906762799,-0.010230743817518142,0.0,0.0,0.0,0.007535283543792023,1477,1530
0.15108397328597056,0.06061025532577603,0.0,0.0,0.0,0.08585452837806895,0.9963076833774691,-0.0006018298371544131,0.00021369620352865046,0.0,0.0,0.0,-3.541287870179023e-05,1477,1530
0.15108397328597056,0.06061025532577603,0.0,0.0,0.0,0.08585452837806895,0.9963076833774691,-0.0006018298371544131,0.00021369620352865046,0.0,0.0,0.0,-3.541287870179023e-05,1477,1530
0.15108272898024433,0.06063241682366907,0.0,0.0,0.0,0.08583027830459287,0.9963097727745905,7.735013555146682e-05,0.0006647870573405311,0.0,0.0,0.0,-0.0014678075520062,1477,1530
0.15106917528259742,0.06063796680673191,0.0,0.0,0.0,0.08584423284422037,0.9963085705178829,-5.311003407791997e-05,3.333616289314683e-05,0.0,0.0,0.0,0.00011993281813645149,1477,1530
0.15106917528259742,0.06063796680673191,0.0,0.0,0.0,0.08584423284422037,0.9963085705178829,-5.311003407791997e-05,3.333616289314683e-05,0.0,0.0,0.0,0.00011993281813645149,1477,1530
0.15106917528259742,0.06063796680673191,0.0,0.0,0.0,0.08584423284422037,0.9963085705178829,-5.311003407791997e-05,3.333616289314683e-05,0.0,0.0,0.0,0.00011993281813645149,1477,1530
0.15106917528259742,0.06063796680673191,0.0,0.0,0.0,0.08584423284422037,0.9963085705178829,-5.311003407791997e-05,3.333616289314683e-05,0.0,0.0,0.0,0.00011993281813645149,1477,1530
0.15106917528259742,0.06063796680673191,0.0,0.0,0.0,0.08584423284422037,0.9963085705178829,-5.311003407791997e-05,3.333616289314683e-05,0.0,0.0,0.0,0.00011993281813645149,1477,1530
0.151090741542823,0.06050059348513246,0.0,0.0,0.0,0.08590785229601514,0.9963030868736109,-1.6798150322468368e-05,-0.0010380592781258065,0.0,0.0,0.0,0.0009534917770717075,1477,1530
0.151090741542823,0.06050059348513246,0.0,0.0,0.0,0.08590785229601514,0.9963030868736109,-1.6798150322468368e-05,-0.0010380592781258065,0.0,0.0,0.0,0.0009534917770717075,1477,1530
0.151090741542823,0.06050059348513246,0.0,0.0,0.0,0.08590785229601514,0.9963030868736109,-1.6798150322468368e-05,-0.0010380592781258065,0.0,0.0,0.0,0.0009534917770717075,1477,1530
0.15119808011277,0.06066251088438472,0.0,0.0,0.0,0.08584172538565431,0.9963087865630885,0.000286411771788692,0.0003028960091999988,0.0,0.0,0.0,-0.0002848514330089469,1477,1530
0.15119808011277,0.06066251088438472,0.0,0.0,0.0,0.08584172538565431,0.9963087865630885,0.000286411771788692,0.0003028960091999988,0.0,0.0,0.0,-0.0002848514330089469,1477,1530
0.15115845719831034,0.06068169730717973,0.0,0.0,0.0,0.08583672073090477,0.9963092177502749,-0.00015322013104868736,0.00011004430602380038,0.0,0.0,0.0,-4.304901082585145e-05,1477,1530
0.15115845719831034,0.06068169730717973,0.0,0.0,0.0,0.08583672073090477,0.9963092177502749,-0.00015322013104868736,0.00011004430602380038,0.0,0.0,0.0,-4.304901082585145e-05,1477,1530
0.1510144385451962,0.06082608719962455,0.0,0.0,0.0,0.08578041720796006,0.9963140669606289,-0.0005022261123184968,0.0007151799393061726,0.0,0.0,0.0,-0.00048433079406192363,1477,1530
0.1510144385451962,0.06082608719962455,0.0,0.0,0.0,0.08578041720796006,0.9963140669606289,-0.0005022261123184968,0.0007151799393061726,0.0,0.0,0.0,-0.00048433079406192363,1477,1530
0.15103227372845116,0.06080051103408818,0.0,0.0,0.0,0.08578316586512219,0.996313830303563,4.390781332460741e-05,-9.395653127165622e-05,0.0,0.0,0.0,1.8352228899874674e-05,1477,1530
0.15103227372845116,0.06080051103408818,0.0,0.0,0.0,0.08578316586512219,0.996313830303563,4.390781332460741e-05,-9.395653127165622e-05,0.0,0.0,0.0,1.8352228899874674e-05,1477,1530
0.15103227372845116,0.06080051103408818,0.0,0.0,0.0,0.08578316586512219,0.996313830303563,4.390781332460741e-05,-9.395653127165622e-05,0.0,0.0,0.0,1.8352228899874674e-05,1477,1530
0.15105844587550957,0.06083981096750315,0.0,0.0,0.0,0.08578043316519628,0.9963140655867463,0.00012225354258829697,0.00012880983122678003,0.0,0.0,0.0,-2.06320173206226e-05,1477,1530
0.15105844587550957,0.06083981096750315,0.0,0.0,0.0,0.08578043316519628,0.9963140655867463,0.00012225354258829697,0.00012880983122678003,0.0,0.0,0.0,-2.06320173206226e-05,1477,1530
0.15105844587550957,0.06083981096750315,0.0,0.0,0.0,0.08578043316519628,0.9963140655867463,0.00012225354258829697,0.00012880983122678003,0.0,0.0,0.0,-2.06320173206226e-05,1477,1530
0.1511761303036314,0.06070099936220848,0.0,0.0,0.0,0.08582194789045275,0.9963104903895614,0.00046085177629839224,-0.0007839516214926945,0.0,0.0,0.0,0.0004164340062478696,1477,1530
0.1511761303036314,0.06070099936220848,0.0,0.0,0.0,0.08582194789045275,0.9963104903895614,0.00046085177629839224,-0.0007839516214926945,0.0,0.0,0.0,0.0004164340062478696,1477,1530
0.1511761303036314,0.06070099936220848,0.0,0.0,0.0,0.08582194789045275,0.9963104903895614,0.00046085177629839224,-0.0007839516214926945,0.0,0.0,0.0,0.0004164340062478696,1477,1530
0.15108850777557015,0.06064500697895276,0.0,0.0,0.0,0.08587410752741628,0.9963059959953918,-0.00031975418011075704,-0.00013397075274942922,0.0,0.0,0.0,0.0003490892254711541,1477,1530
0.15108850777557015,0.06064500697895276,0.0,0.0,0.0,0.08587410752741628,0.9963059959953918,-0.00031975418011075704,-0.00013397075274942922,0.0,0.0,0.0,0.0003490892254711541,1477,1530
0.15114183915043322,0.06061851183998772,0.0,0.0,0.0,0.08585507205839027,0.9963076365269156,0.00020473476704818905,-0.00015023241570103147,0.0,0.0,0.0,-0.00016294844529447973,1477,1530
0.15098647539273777,0.06093031959829245,0.0,0.0,0.0,0.08573917500522453,0.9963176169622936,-0.0004292751567125624,0.001436749956579612,0.0,0.0,0.0,-0.001001416046784376,1477,1530
0.15098647539273777,0.06093031959829245,0.0,0.0,0.0,0.08573917500522453,0.9963176169622936,-0.0004292751567125624,0.001436749956579612,0.0,0.0,0.0,-0.001001416046784376,1477,1530
0.15098647539273777,0.06093031959829245,0.0,0.0,0.0,0.08573917500522453,0.9963176169622936,-0.0004292751567125624,0.001436749956579612,0.0,0.0,0.0,-0.001001416046784376,1477,1530
0.15116944187534875,0.060609961599398805,0.0,0.0,0.0,0.08587028709898185,0.9963063252803017,0.0007520232333285724,-0.0020780104471707595,0.0,0.0,0.0,0.0015765646548579041,1477,1530
0.15116944187534875,0.060609961599398805,0.0,0.0,0.0,0.08587028709898185,0.9963063252803017,0.0007520232333285724,-0.0020780104471707595,0.0,0.0,0.0,0.0015765646548579041,1477,1530
0.15112406670107037,0.06069214803067644,0.0,0.0,0.0,0.0858442487963458,0.996308569143411,-0.0001151202476745485,0.0003333697814713351,0.0,0.0,0.0,-0.0001963649987997854,1477,1530
0.15112406670107037,0.06069214803067644,0.0,0.0,0.0,0.0858442487963458,0.996308569143411,-0.0001151202476745485,0.0003333697814713351,0.0,0.0,0.0,-0.0001963649987997854,1477,1530
0.15112406670107037,0.06069214803067644,0.0,0.0,0.0,0.0858442487963458,0.996308569143411,-0.0001151202476745485,0.0003333697814713351,0.0,0.0,0.0,-0.0001963649987997854,1477,1530
0.15135115708607755,0.05989315787265396,0.0,0.0,0.0,0.08611282922160665,0.9962853911623166,0.00043503345621677663,-0.0041271797193137075,0.0,0.0,0.0,0.0026937529721783007,1477,1530
0.15135115708607755,0.05989315787265396,0.0,0.0,0.0,0.08611282922160665,0.9962853911623166,0.00043503345621677663,-0.0041271797193137075,0.0,0.0,0.0,0.0026937529721783007,1477,1530
0.15124707077779523,0.060292309802111754,0.0,0.0,0.0,0.08595065518133971,0.9962993951990027,-0.0001134562333688559,0.0013696261364652897,0.0,0.0,0.0,-0.0010846449887441847,1477,1530
0.15124707077779523,0.060292309802111754,0.0,0.0,0.0,0.08595065518133971,0.9962993951990027,-0.0001134562333688559,0.0013696261364652897,0.0,0.0,0.0,-0.0010846449887441847,1477,1530
0.15124707077779523,0.060292309802111754,0.0,0.0,0.0,0.08595065518133971,0.9962993951990027,-0.0001134562333688559,0.0013696261364652897,0.0,0.0,0.0,-0.0010846449887441847,1477,1530
0.15124707077779523,0.060292309802111754,0.0,0.0,0.0,0.08595065518133971,0.9962993951990027,-0.0001134562333688559,0.0013696261364652897,0.0,0.0,0.0,-0.0010846449887441847,1477,1530
0.1511788812912578,0.06051508229910481,0.0,0.0,0.0,0.08589677980183413,0.9963040415554256,-0.00012450489760929264,0.0009914456141444747,0.0,0.0,0.0,-0.0004638596412352439,1477,1530
0.1511788812912578,0.06051508229910481,0.0,0.0,0.0,0.08589677980183413,0.9963040415554256,-0.00012450489760929264,0.0009914456141444747,0.0,0.0,0.0,-0.0004638596412352439,1477,1530
0.151131998573787,0.060655903119181495,0.0,0.0,0.0,0.08586541446337109,0.996306745234134,-6.620347948979603e-05,0.00043989550700932373,0.0,0.0,0.0,-0.0001887157200113576,1477,1530
0.15107009960341072,0.06075424195609169,0.0,0.0,0.0,0.0858242832148412,0.9963102892225186,-0.0002165752940507303,0.0005271055660406653,0.0,0.0,0.0,-0.0004049302016305523,1477,1530
0.15107009960341072,0.06075424195609169,0.0,0.0,0.0,0.0858242832148412,0.9963102892225186,-0.0002165752940507303,0.0005271055660406653,0.0,0.0,0.0,-0.0004049302016305523,1477,1530
0.15107009960341072,0.06075424195609169,0.0,0.0,0.0,0.0858242832148412,0.9963102892225186,-0.0002165752940507303,0.0005271055660406653,0.0,0.0,0.0,-0.0004049302016305523,1477,1530
0.15095598073037336,0.06089670130876619,0.0,0.0,0.0,0.08575447047812156,0.9963163005757845,-0.0005417366224656255,0.000983378923224871,0.0,0.0,0.0,-0.0008619940828491259,1477,1530
0.15095598073037336,0.06089670130876619,0.0,0.0,0.0,0.08575447047812156,0.9963163005757845,-0.0005417366224656255,0.000983378923224871,0.0,0.0,0.0,-0.0008619940828491259,1477,1530
0.15103369359049815,0.06063721466457764,0.0,0.0,0.0,0.0858252981278062,0.9963102017952407,0.0001208153436352116,-0.0010081815051962407,0.0,0.0,0.0,0.0005329725161536793,1477,1530
0.15103369359049815,0.06063721466457764,0.0,0.0,0.0,0.0858252981278062,0.9963102017952407,0.0001208153436352116,-0.0010081815051962407,0.0,0.0,0.0,0.0005329725161536793,1477,1530
0.15133213111389043,0.060485299939476767,0.0,0.0,0.0,0.0859265347656495,0.996301475770847,0.0013406196237616894,-0.0010038093177974843,0.0,0.0,0.0,0.0010163589315866858,1477,1530
0.15120690383973143,0.06039032827999724,0.0,0.0,0.0,0.08593828462292412,0.9963004623285434,-0.0006985611579557933,-0.0003608301415267758,0.0,0.0,0.0,0.00011799676558328661,1477,1530
0.15120690383973143,0.06039032827999724,0.0,0.0,0.0,0.08593828462292412,0.9963004623285434,-0.0006985611579557933,-0.0003608301415267758,0.0,0.0,0.0,0.00011799676558328661,1477,1530
0.15120690383973143,0.06039032827999724,0.0,0.0,0.0,0.08593828462292412,0.9963004623285434,-0.0006985611579557933,-0.0003608301415267758,0.0,0.0,0.0,0.00011799676558328661,1477,1530
0.15135093996544632,0.060107722634065976,0.0,0.0,0.0,0.08606301053411927,0.9962896959307589,0.0005613112165342559,-0.0018192939332779684,0.0,0.0,0.0,0.001502868875279846,1477,1530
0.15135093996544632,0.060107722634065976,0.0,0.0,0.0,0.08606301053411927,0.9962896959307589,0.0005613112165342559,-0.0018192939332779684,0.0,0.0,0.0,0.001502868875279846,1477,1530
0.15135093996544632,0.060107722634065976,0.0,0.0,0.0,0.08606301053411927,0.9962896959307589,0.0005613112165342559,-0.0018192939332779684,0.0,0.0,0.0,0.001502868875279846,1477,1530
0.15135093996544632,0.060107722634065976,0.0,0.0,0.0,0.08606301053411927,0.9962896959307589,0.0005613112165342559,-0.0018192939332779684,0.0,0.0,0.0,0.001502868875279846,1477,1530
0.15135093996544632,0.060107722634065976,0.0,0.0,0.0,0.08606301053411927,0.9962896959307589,0.0005613112165342559,-0.0018192939332779684,0.0,0.0,0.0,0.001502868875279846,1477,1530
0.15135093996544632,0.060107722634065976,0.0,0.0,0.0,0.08606301053411927,0.9962896959307589,0.0005613112165342559,-0.0018192939332779684,0.0,0.0,0.0,0.001502868875279846,1477,1530
0.15135093996544632,0.060107722634065976,0.0,0.0,0.0,0.08606301053411927,0.9962896959307589,0.0005613112165342559,-0.0018192939332779684,0.0,0.0,0.0,0.001502868875279846,1477,1530
0.1512779880644906,0.060460029016449215,0.0,0.0,0.0,0.08591788732418622,0.9963022215360902,-2.1470424694882163e-05,0.0006739972589446917,0.0,0.0,0.0,-0.0005460339624773657,1477,1530
0.1512779880644906,0.060460029016449215,0.0,0.0,0.0,0.08591788732418622,0.9963022215360902,-2.1470424694882163e-05,0.0006739972589446917,0.0,0.0,0.0,-0.0005460339624773657,1477,1530
0.15122434802036994,0.0601998178140545,0.0,0.0,0.0,0.08597636382037124,0.9962971769829658,-0.0002654654884573902,-0.0006737359523557974,0.0,0.0,0.0,0.00031995333958624193,1477,1530
0.15122434802036994,0.0601998178140545,0.0,0.0,0.0,0.08597636382037124,0.9962971769829658,-0.0002654654884573902,-0.0006737359523557974,0.0,0.0,0.0,0.00031995333958624193,1477,1530
0.15122434802036994,0.0601998178140545,0.0,0.0,0.0,0.08597636382037124,0.9962971769829658,-0.0002654654884573902,-0.0006737359523557974,0.0,0.0,0.0,0.00031995333958624193,1477,1530
0.151209849319634,0.06028842314960178,0.0,0.0,0.0,0.08597902750343658,0.996296947114445,3.842083526403936e-06,0.00038533858149228774,0.0,0.0,0.0,2.2950393822452946e-05,1477,1530
0.151209849319634,0.06028842314960178,0.0,0.0,0.0,0.08597902750343658,0.996296947114445,3.842083526403936e-06,0.00038533858149228774,0.0,0.0,0.0,2.2950393822452946e-05,1477,1530
0.15119700715439338,0.06023568831497331,0.0,0.0,0.0,0.08600429738880996,0.9962947660359645,-7.228001671972229e-05,-0.00016582797330872513,0.0,0.0,0.0,0.00016906970176045426,1477,1530
0.15119700715439338,0.06023568831497331,0.0,0.0,0.0,0.08600429738880996,0.9962947660359645,-7.228001671972229e-05,-0.00016582797330872513,0.0,0.0,0.0,0.00016906970176045426,1477,1530
0.15121772246710838,0.06027961104601032,0.0,0.0,0.0,0.08599337912567107,0.996295708485462,0.00013961345892541502,0.00019852046162996723,0.0,0.0,0.0,-0.00010953660137790333,1477,1530
0.15121772246710838,0.06027961104601032,0.0,0.0,0.0,0.08599337912567107,0.996295708485462,0.00013961345892541502,0.00019852046162996723,0.0,0.0,0.0,-0.00010953660137790333,1477,1530
0.15121772246710838,0.06027961104601032,0.0,0.0,0.0,0.08599337912567107,0.996295708485462,0.00013961345892541502,0.00019852046162996723,0.0,0.0,0.0,-0.00010953660137790333,1477,1530
0.1512201800982335,0.06008863633905424,0.0,0.0,0.0,0.08604687889734772,0.9962910893067474,-0.0001816861995078491,-0.0011306389638906411,0.0,0.0,0.0,0.0006439362730357869,1477,1530
0.1512201800982335,0.06008863633905424,0.0,0.0,0.0,0.08604687889734772,0.9962910893067474,-0.0001816861995078491,-0.0011306389638906411,0.0,0.0,0.0,0.0006439362730357869,1477,1530
0.1512201800982335,0.06008863633905424,0.0,0.0,0.0,0.08604687889734772,0.9962910893067474,-0.0001816861995078491,-0.0011306389638906411,0.0,0.0,0.0,0.0006439362730357869,1477,1530
0.15125806969693073,0.060318161619459194,0.0,0.0,0.0,0.08599475223733459,0.9962955899669733,0.00023004452306872773,0.0006588868880008772,0.0,0.0,0.0,-0.0003139219983009417,1477,1530
0.15117740894854373,0.060391524122522036,0.0,0.0,0.0,0.08593346658189173,0.9963008779084854,-0.00025086501920697435,0.00032287277650945963,0.0,0.0,0.0,-0.0004613531094529803,1477,1530
0.15117740894854373,0.060391524122522036,0.0,0.0,0.0,0.08593346658189173,0.9963008779084854,-0.00025086501920697435,0.00032287277650945963,0.0,0.0,0.0,-0.0004613531094529803,1477,1530
0.1512278889000948,0.060159935935224944,0.0,0.0,0.0,0.08603926573187928,0.9962917468052814,0.00030179319930964704,-0.007090591494770747,0.0,0.0,0.0,0.006359210333948318,1477,1530
0.1512278889000948,0.060159935935224944,0.0,0.0,0.0,0.08603926573187928,0.9962917468052814,0.00030179319930964704,-0.007090591494770747,0.0,0.0,0.0,0.006359210333948318,1477,1530
0.15122025171638825,0.060611093952932946,0.0,0.0,0.0,0.08587716818841647,0.9963057321846234,0.00023286311900480662,0.0014867321504828247,0.0,0.0,0.0,-0.0010852292291923845,1477,1530
0.15122025171638825,0.060611093952932946,0.0,0.0,0.0,0.08587716818841647,0.9963057321846234,0.00023286311900480662,0.0014867321504828247,0.0,0.0,0.0,-0.0010852292291923845,1477,1530
0.15124760965503128,0.0601390609325566,0.0,0.0,0.0,0.08604455320053367,0.9962912901679511,-0.00023055975838541043,-0.0020123810670045358,0.0,0.0,0.0,0.0014394565121933923,1477,1530
0.15124760965503128,0.0601390609325566,0.0,0.0,0.0,0.08604455320053367,0.9962912901679511,-0.00023055975838541043,-0.0020123810670045358,0.0,0.0,0.0,0.0014394565121933923,1477,1530
0.15124760965503128,0.0601390609325566,0.0,0.0,0.0,0.08604455320053367,0.9962912901679511,-0.00023055975838541043,-0.0020123810670045358,0.0,0.0,0.0,0.0014394565121933923,1477,1530
0.15129167333089072,0.06001735109449002,0.0,0.0,0.0,0.08609798844463014,0.9962866737971497,0.00011263021837504527,-0.0006368057204725936,0.0,0.0,0.0,0.000535916764615441,1477,1530
0.15129167333089072,0.06001735109449002,0.0,0.0,0.0,0.08609798844463014,0.9962866737971497,0.00011263021837504527,-0.0006368057204725936,0.0,0.0,0.0,0.000535916764615441,1477,1530
0.15132358181150116,0.06021109206285357,0.0,0.0,0.0,0.08603271851320939,0.9962923121981956,0.0002775055574695206,0.0007955104613977298,0.0,0.0,0.0,-0.0005622204398371545,1477,1530
0.15128861643191988,0.05986324485581116,0.0,0.0,0.0,0.08610344279578364,0.9962862024231356,-0.0004698490516068173,-0.001681577321690259,0.0,0.0,0.0,0.0007090580336948271,1477,1530
0.15128861643191988,0.05986324485581116,0.0,0.0,0.0,0.08610344279578364,0.9962862024231356,-0.0004698490516068173,-0.001681577321690259,0.0,0.0,0.0,0.0007090580336948271,1477,1530
0.15128861643191988,0.05986324485581116,0.0,0.0,0.0,0.08610344279578364,0.9962862024231356,-0.0004698490516068173,-0.001681577321690259,0.0,0.0,0.0,0.0007090580336948271,1477,1530
0.1509567025033597,0.060504911691506756,0.0,0.0,0.0,0.08591569538347595,0.9963024105595518,-0.0010850919232741722,0.0034473172983477515,0.0,0.0,0.0,-0.0018854566197038332,1477,1530
0.1509567025033597,0.060504911691506756,0.0,0.0,0.0,0.08591569538347595,0.9963024105595518,-0.0010850919232741722,0.0034473172983477515,0.0,0.0,0.0,-0.0018854566197038332,1477,1530
0.15101165225098293,0.06054240445824729,0.0,0.0,0.0,0.08590848213257105,0.9963030325647302,0.0002594842486861625,0.00011797357019128899,0.0,0.0,0.0,-6.204622836167879e-05,1477,1530
0.15115350247194928,0.06042015866796319,0.0,0.0,0.0,0.08595274177838093,0.9962992151862707,0.000712996802090202,-0.0008683603913797895,0.0,0.0,0.0,0.0005330993025422974,1477,1530
0.15115350247194928,0.06042015866796319,0.0,0.0,0.0,0.08595274177838093,0.9962992151862707,0.000712996802090202,-0.0008683603913797895,0.0,0.0,0.0,0.0005330993025422974,1477,1530
0.15100389428673275,0.060608585011202906,0.0,0.0,0.0,0.08586063584357245,0.9963071570617855,-0.0017251212231825272,0.0031657374998665163,0.0,0.0,0.0,-0.002770591040354939,1477,1530
0.1508869763443689,0.06079013876135244,0.0,0.0,0.0,0.08585739917669825,0.9963074359888182,-0.00031570752412349924,0.0007462974433496348,0.0,0.0,0.0,-2.438121816792819e-05,1477,1530
0.1508869763443689,0.06079013876135244,0.0,0.0,0.0,0.08585739917669825,0.9963074359888182,-0.00031570752412349924,0.0007462974433496348,0.0,0.0,0.0,-2.438121816792819e-05,1477,1530
0.1506370295267419,0.06047622257668472,0.0,0.0,0.0,0.08586707092363084,0.9963066024728513,-0.00179714501192967,-0.0015968021581192877,0.0,0.0,0.0,0.00011631924297126944,1477,1530
0.15069467766794734,0.06044030539151049,0.0,0.0,0.0,0.08589492420096077,0.996304201535109,0.0003041669537534488,-0.00027173121896515747,0.0,0.0,0.0,0.0003357561217051841,1477,1530
0.15069467766794734,0.06044030539151049,0.0,0.0,0.0,0.08589492420096077,0.996304201535109,0.0003041669537534488,-0.00027173121896515747,0.0,0.0,0.0,0.0003357561217051841,1477,1530
0.15071840283054952,0.060287575915921376,0.0,0.0,0.0,0.08596193976558104,0.9962984216145977,-2.073674857019246e-05,-0.0011588441092888323,0.0,0.0,0.0,0.0010088089511171203,1477,1530
0.15071840283054952,0.060287575915921376,0.0,0.0,0.0,0.08596193976558104,0.9962984216145977,-2.073674857019246e-05,-0.0011588441092888323,0.0,0.0,0.0,0.0010088089511171203,1477,1530
0.15071840283054952,0.060287575915921376,0.0,0.0,0.0,0.08596193976558104,0.9962984216145977,-2.073674857019246e-05,-0.0011588441092888323,0.0,0.0,0.0,0.0010088089511171203,1477,1530
0.15080312900129295,0.06029621401492651,0.0,0.0,0.0,0.0859992314935124,0.9962952033320873,0.0006370915405919172,-4.501144235608835e-05,0.0,0.0,0.0,0.0005614017591019564,1477,1530
0.15080312900129295,0.06029621401492651,0.0,0.0,0.0,0.0859992314935124,0.9962952033320873,0.0006370915405919172,-4.501144235608835e-05,0.0,0.0,0.0,0.0005614017591019564,1477,1530
0.15067616803019346,0.060480220997483465,0.0,0.0,0.0,0.08591937509489384,0.9963020932344281,-0.0003506947541121721,0.0007611388132372637,0.0,0.0,0.0,-0.0006009377208383907,1477,1530
0.15067616803019346,0.060480220997483465,0.0,0.0,0.0,0.08591937509489384,0.9963020932344281,-0.0003506947541121721,0.0007611388132372637,0.0,0.0,0.0,-0.0006009377208383907,1477,1530
0.15083238911306043,0.06033696786324987,0.0,0.0,0.0,0.08600497622557178,0.996294707435726,0.0005549539620580726,-0.0007200579493485406,0.0,0.0,0.0,0.000737019629914482,1477,1530
0.15083238911306043,0.06033696786324987,0.0,0.0,0.0,0.08600497622557178,0.996294707435726,0.0005549539620580726,-0.0007200579493485406,0.0,0.0,0.0,0.000737019629914482,1477,1530
0.15052687997465836,0.0605410979678115,0.0,0.0,0.0,0.08590430359333642,0.9963033928598978,-0.0013280572766837312,0.001265445284462096,0.0,0.0,0.0,-0.0010089626494434716,1477,1530
0.15052687997465836,0.0605410979678115,0.0,0.0,0.0,0.08590430359333642,0.9963033928598978,-0.0013280572766837312,0.001265445284462096,0.0,0.0,0.0,-0.0010089626494434716,1477,1530
0.1504832824985682,0.060705920670751264,0.0,0.0,0.0,0.08581098428782175,0.9963114347309054,-6.326008282581904e-05,0.0007289256662074296,0.0,0.0,0.0,-0.0008039307867383607,1477,1530
0.1504832824985682,0.060705920670751264,0.0,0.0,0.0,0.08581098428782175,0.9963114347309054,-6.326008282581904e-05,0.0007289256662074296,0.0,0.0,0.0,-0.0008039307867383607,1477,1530
0.1504832824985682,0.060705920670751264,0.0,0.0,0.0,0.08581098428782175,0.9963114347309054,-6.326008282581904e-05,0.0007289256662074296,0.0,0.0,0.0,-0.0008039307867383607,1477,1530
0.15067880905308062,0.06035028852076156,0.0,0.0,0.0,0.08596755381175318,0.9962979372113662,0.0006587315038513123,-0.0019178051944409237,0.0,0.0,0.0,0.0015704109889663304,1477,1530
0.15050463378498918,0.060687754797392905,0.0,0.0,0.0,0.08585732281574665,0.9963074425692667,-0.0006822018358327779,0.0021721085337359277,0.0,0.0,0.0,-0.0013265956404247099,1477,1530
0.15048686510618445,0.06073688690922675,0.0,0.0,0.0,0.0858031591030844,0.9963121086727446,-3.4135217129955215e-05,0.00019296167575645845,0.0,0.0,0.0,-0.0004078023051084751,1477,1530
0.15048686510618445,0.06073688690922675,0.0,0.0,0.0,0.0858031591030844,0.9963121086727446,-3.4135217129955215e-05,0.00019296167575645845,0.0,0.0,0.0,-0.0004078023051084751,1477,1530
0.15048686510618445,0.06073688690922675,0.0,0.0,0.0,0.0858031591030844,0.9963121086727446,-3.4135217129955215e-05,0.00019296167575645845,0.0,0.0,0.0,-0.0004078023051084751,1477,1530
0.1505867769752363,0.06022263284167003,0.0,0.0,0.0,0.08602184935703198,0.9962932507214911,0.0003152558986472588,-0.015700368123055357,0.0,0.0,0.0,0.013159581525686397,1477,1530
0.1505867769752363,0.06022263284167003,0.0,0.0,0.0,0.08602184935703198,0.9962932507214911,0.0003152558986472588,-0.015700368123055357,0.0,0.0,0.0,0.013159581525686397,1477,1530
0.15050500811815054,0.06045733817569427,0.0,0.0,0.0,0.08594272096093408,0.9963000796516233,-0.00013443029842469142,0.0008174970471655607,0.0,0.0,0.0,-0.0005294870243925415,1477,1530
0.15050500811815054,0.06045733817569427,0.0,0.0,0.0,0.08594272096093408,0.9963000796516233,-0.00013443029842469142,0.0008174970471655607,0.0,0.0,0.0,-0.0005294870243925415,1477,1530
0.15048965938646688,0.060758093643782825,0.0,0.0,0.0,0.08583483760773922,0.9963093799883914,0.0001558832779982198,0.0012808430363468375,0.0,0.0,0.0,-0.0009279029420536242,1477,1530
0.15048965938646688,0.060758093643782825,0.0,0.0,0.0,0.08583483760773922,0.9963093799883914,0.0001558832779982198,0.0012808430363468375,0.0,0.0,0.0,-0.0009279029420536242,1477,1530
0.15048965938646688,0.060758093643782825,0.0,0.0,0.0,0.08583483760773922,0.9963093799883914,0.0001558832779982198,0.0012808430363468375,0.0,0.0,0.0,-0.0009279029420536242,1477,1530
0.15048965938646688,0.060758093643782825,0.0,0.0,0.0,0.08583483760773922,0.9963093799883914,0.0001558832779982198,0.0012808430363468375,0.0,0.0,0.0,-0.0009279029420536242,1477,1530
0.15097121811355035,0.05615654462108002,0.0,0.0,0.0,0.0878154494628803,0.9961367611104573,-0.0007216198385591717,-0.01065711495790793,0.0,0.0,0.0,0.009179859460271148,1477,1530
0.15114609626598968,0.06161873384122361,0.0,0.0,0.0,0.08828104113655788,0.9960956067445762,0.008386282722236649,0.03976257003498597,0.0,0.0,0.0,0.006951219805690008,1477,1530
0.15114609626598968,0.06161873384122361,0.0,0.0,0.0,0.08828104113655788,0.9960956067445762,0.008386282722236649,0.03976257003498597,0.0,0.0,0.0,0.006951219805690008,1477,1530
0.15114609626598968,0.06161873384122361,0.0,0.0,0.0,0.08828104113655788,0.9960956067445762,0.008386282722236649,0.03976257003498597,0.0,0.0,0.0,0.006951219805690008,1477,1530
0.15115377095125881,0.05902441494245416,0.0,0.0,0.0,0.08820695518124486,0.9961021699894312,-0.0022545879000189974,-0.01283887188284503,0.0,0.0,0.0,-0.0007474121553570191,1477,1530
0.1516118845956043,0.05944457472830106,0.0,0.0,0.0,0.08811008164782813,0.9961107435983275,0.003934758464060339,0.0024975191269393476,0.0,0.0,0.0,-0.0014582724364462748,1477,1530
0.1516118845956043,0.05944457472830106,0.0,0.0,0.0,0.08811008164782813,0.9961107435983275,0.003934758464060339,0.0024975191269393476,0.0,0.0,0.0,-0.0014582724364462748,1477,1530
0.1516118845956043,0.05944457472830106,0.0,0.0,0.0,0.08811008164782813,0.9961107435983275,0.003934758464060339,0.0024975191269393476,0.0,0.0,0.0,-0.0014582724364462748,1477,1530
0.15131671594476434,0.058861843898927325,0.0,0.0,0.0,0.08801298775114376,0.9961193271828015,-0.0013100598970008032,-0.001740200708287648,0.0,0.0,0.0,-0.0006500533457419967,1477,1530
0.15131671594476434,0.058861843898927325,0.0,0.0,0.0,0.08801298775114376,0.9961193271828015,-0.0013100598970008032,-0.001740200708287648,0.0,0.0,0.0,-0.0006500533457419967,1477,1530
0.15104074870908432,0.05991937483842656,0.0,0.0,0.0,0.08807275631780984,0.9961140444721095,-0.0005173214152863703,0.006534105490469679,0.0,0.0,0.0,0.000719676292870805,1477,1530
0.15104074870908432,0.05991937483842656,0.0,0.0,0.0,0.08807275631780984,0.9961140444721095,-0.0005173214152863703,0.006534105490469679,0.0,0.0,0.0,0.000719676292870805,1477,1530
0.1509036248380381,0.059534372304019346,0.0,0.0,0.0,0.08812310007894433,0.996109591978953,-0.0012144858453399005,-0.002128397372154878,0.0,0.0,0.0,0.0006060783899843867,1477,1530
0.15161915688419797,0.05970737259811878,0.0,0.0,0.0,0.08816436240495262,0.9961059407521512,0.00367496502875538,0.0002235323631654928,0.0,0.0,0.0,0.0004143495076054406,1477,1530
0.15161915688419797,0.05970737259811878,0.0,0.0,0.0,0.08816436240495262,0.9961059407521512,0.00367496502875538,0.0002235323631654928,0.0,0.0,0.0,0.0004143495076054406,1477,1530
0.15161915688419797,0.05970737259811878,0.0,0.0,0.0,0.08816436240495262,0.9961059407521512,0.00367496502875538,0.0002235323631654928,0.0,0.0,0.0,0.0004143495076054406,1477,1530
0.15133748647704343,0.06041128335527106,0.0,0.0,0.0,0.08798705588118234,0.9961216180755047,-0.0009220014382619331,0.004454984598318661,0.0,0.0,0.0,-0.0021361415013064896,1477,1530
0.15133748647704343,0.06041128335527106,0.0,0.0,0.0,0.08798705588118234,0.9961216180755047,-0.0009220014382619331,0.004454984598318661,0.0,0.0,0.0,-0.0021361415013064896,1477,1530
0.15133748647704343,0.06041128335527106,0.0,0.0,0.0,0.08798705588118234,0.9961216180755047,-0.0009220014382619331,0.004454984598318661,0.0,0.0,0.0,-0.0021361415013064896,1477,1530
0.15139653143395893,0.05986155410029278,0.0,0.0,0.0,0.08800083798585456,0.9961204006111849,-0.0001434060350768653,-0.0020688881092385705,0.0,0.0,0.0,0.00010379386054606018,1477,1530
0.15139653143395893,0.05986155410029278,0.0,0.0,0.0,0.08800083798585456,0.9961204006111849,-0.0001434060350768653,-0.0020688881092385705,0.0,0.0,0.0,0.00010379386054606018,1477,1530
0.1512753702235783,0.060760003428726235,0.0,0.0,0.0,0.08811409140466667,0.9961103889107522,0.00010422761899783764,0.002469412934351579,0.0,0.0,0.0,0.0006199329273629262,1477,1530
0.1512753702235783,0.060760003428726235,0.0,0.0,0.0,0.08811409140466667,0.9961103889107522,0.00010422761899783764,0.002469412934351579,0.0,0.0,0.0,0.0006199329273629262,1477,1530
0.15124801094539855,0.06070482809624266,0.0,0.0,0.0,0.0879780359885696,0.996122414758143,-0.0002745749895756091,-0.00037126668243322054,0.0,0.0,0.0,-0.002048224639095345,1477,1530
0.15124801094539855,0.06070482809624266,0.0,0.0,0.0,0.0879780359885696,0.996122414758143,-0.0002745749895756091,-0.00037126668243322054,0.0,0.0,0.0,-0.002048224639095345,1477,1530
0.15124801094539855,0.06070482809624266,0.0,0.0,0.0,0.0879780359885696,0.996122414758143,-0.0002745749895756091,-0.00037126668243322054,0.0,0.0,0.0,-0.002048224639095345,1477,1530
0.15156677128829496,0.0595030069891814,0.0,0.0,0.0,0.08822326847348451,0.9961007252782499,0.0005159318232325062,-0.006195930298508826,0.0,0.0,0.0,0.002462094696507617,1477,1530
0.15156677128829496,0.0595030069891814,0.0,0.0,0.0,0.08822326847348451,0.9961007252782499,0.0005159318232325062,-0.006195930298508826,0.0,0.0,0.0,0.002462094696507617,1477,1530
0.15156677128829496,0.0595030069891814,0.0,0.0,0.0,0.08822326847348451,0.9961007252782499,0.0005159318232325062,-0.006195930298508826,0.0,0.0,0.0,0.002462094696507617,1477,1530
0.15156677128829496,0.0595030069891814,0.0,0.0,0.0,0.08822326847348451,0.9961007252782499,0.0005159318232325062,-0.006195930298508826,0.0,0.0,0.0,0.002462094696507617,1477,1530
0.1514706249236192,0.059854820707037536,0.0,0.0,0.0,0.08806570426884514,0.9961146679632985,-0.00012303231241389022,0.001361851237581516,0.0,0.0,0.0,-0.001186103041859748,1477,1530
0.1514448842829877,0.06006680895255692,0.0,0.0,0.0,0.08808857613266116,0.9961126456154045,2.735186555868553e-05,0.0004920842921703395,0.0,0.0,0.0,0.00010598441015464664,1477,1530
0.1514448842829877,0.06006680895255692,0.0,0.0,0.0,0.08808857613266116,0.9961126456154045,2.735186555868553e-05,0.0004920842921703395,0.0,0.0,0.0,0.00010598441015464664,1477,1530
0.1514448842829877,0.06006680895255692,0.0,0.0,0.0,0.08808857613266116,0.9961126456154045,2.735186555868553e-05,0.0004920842921703395,0.0,0.0,0.0,0.00010598441015464664,1477,1530
0.15116255871569761,0.06081214762517407,0.0,0.0,0.0,0.08786510555000931,0.9961323823803169,-0.0011026318462391206,0.005869877756041586,0.0,0.0,0.0,-0.00336224054225496,1477,1530
0.15107337349861183,0.060978494764045384,0.0,0.0,0.0,0.08780870755206198,0.9961373554274714,-0.00022015113069679526,0.000672920714261435,0.0,0.0,0.0,-0.0004247563018916508,1477,1530
0.15107337349861183,0.060978494764045384,0.0,0.0,0.0,0.08780870755206198,0.9961373554274714,-0.00022015113069679526,0.000672920714261435,0.0,0.0,0.0,-0.0004247563018916508,1477,1530
0.15105534080586366,0.06089045880432165,0.0,0.0,0.0,0.08783939681004158,0.9961346497176213,-0.0002487642200275753,-0.0006266741529537091,0.0,0.0,0.0,0.0004623059726258475,1477,1530
0.15091648834645094,0.06071463142454733,0.0,0.0,0.0,0.08790580058470489,0.9961287919860373,-0.0010051282797958064,-0.000893112994909758,0.0,0.0,0.0,0.000800139720008125,1477,1530
0.15091648834645094,0.06071463142454733,0.0,0.0,0.0,0.08790580058470489,0.9961287919860373,-0.0010051282797958064,-0.000893112994909758,0.0,0.0,0.0,0.000800139720008125,1477,1530
0.15099632661881277,0.060796877205318026,0.0,0.0,0.0,0.08788708106839334,0.9961304437578834,0.0006968156727362586,0.0005019069156366961,0.0,0.0,0.0,-0.00028158244922692183,1477,1530
0.15099632661881277,0.060796877205318026,0.0,0.0,0.0,0.08788708106839334,0.9961304437578834,0.0006968156727362586,0.0005019069156366961,0.0,0.0,0.0,-0.00028158244922692183,1477,1530
0.14891673113072768,0.059837471600078795,0.0,0.0,0.0,0.08861565492991648,0.9960658942566711,-0.013299249501409193,-0.003484465951401704,0.0,0.0,0.0,0.008781434957954228,1477,1530
0.14891673113072768,0.059837471600078795,0.0,0.0,0.0,0.08861565492991648,0.9960658942566711,0.0,0.0,0.0,0.0,0.0,-4.042117737384262e-17,1477,1530
0.14891673113072768,0.059837471600078795,0.0,0.0,0.0,0.08861565492991648,0.9960658942566711,0.0,0.0,0.0,0.0,0.0,-4.042117737384262e-17,1477,1530
0.14891673113072768,0.059837471600078795,0.0,0.0,0.0,0.08861565492991648,0.9960658942566711,0.0,0.0,0.0,0.0,0.0,-2.425210046416145e-16,1477,1530
0.14891673113072768,0.059837471600078795,0.0,0.0,0.0,0.08861565492991648,0.9960658942566711,0.0,0.0,0.0,0.0,0.0,-2.4265341528408056e-17,1477,1530
0.14891673113072768,0.059837471600078795,0.0,0.0,0.0,0.08861565492991648,0.9960658942566711,0.0,0.0,0.0,0.0,0.0,-2.4265341528408056e-17,1477,1530
0.14891673113072768,0.059837471600078795,0.0,0.0,0.0,0.08861565492991648,0.9960658942566711,0.0,0.0,0.0,0.0,0.0,-8.089854748929128e-17,1477,1530
0.14891673113072768,0.059837471600078795,0.0,0.0,0.0,0.08861565492991648,0.9960658942566711,0.0,0.0,0.0,0.0,0.0,-8.089854748929128e-17,1477,1530
0.14891673113072768,0.059837471600078795,0.0,0.0,0.0,0.08861565492991648,0.9960658942566711,0.0,0.0,0.0,0.0,0.0,-6.069394222201038e-17,1477,1530
0.14891673113072768,0.059837471600078795,0.0,0.0,0.0,0.08861565492991648,0.9960658942566711,0.0,0.0,0.0,0.0,0.0,-4.7382466876053775e-17,1477,1530
0.14891673113072768,0.059837471600078795,0.0,0.0,0.0,0.08861565492991648,0.9960658942566711,0.0,0.0,0.0,0.0,0.0,-8.425748760754333e-17,1477,1530
0.14891673113072768,0.059837471600078795,0.0,0.0,0.0,0.08861565492991648,0.9960658942566711,0.0,0.0,0.0,0.0,0.0,-8.425748760754333e-17,1477,1530
0.14891673113072768,0.059837471600078795,0.0,0.0,0.0,0.08861565492991648,0.9960658942566711,0.0,0.0,0.0,0.0,0.0,-4.821939235655302e-17,1477,1530
0.14891673113072768,0.059837471600078795,0.0,0.0,0.0,0.08861565492991648,0.9960658942566711,0.0,0.0,0.0,0.0,0.0,-4.821939235655302e-17,1477,1530
0.14891673113072768,0.059837471600078795,0.0,0.0,0.0,0.08861565492991648,0.9960658942566711,0.0,0.0,0.0,0.0,0.0,-4.821939235655302e-17,1477,1530
0.14908064331408782,0.06044137397490352,0.0,0.0,0.0,0.08849815001904382,0.9960763411723054,0.0013470572847570754,0.0028428595482115292,0.0,0.0,0.0,-0.0011861305636017517,1477,1530
0.14890725835479188,0.061167476691604925,0.0,0.0,0.0,0.08826854910396487,0.996096713797953,-0.00018274055532571857,0.0031929040467252555,0.0,0.0,0.0,-0.001974980863946541,1477,1530
0.14890725835479188,0.061167476691604925,0.0,0.0,0.0,0.08826854910396487,0.996096713797953,-0.00018274055532571857,0.0031929040467252555,0.0,0.0,0.0,-0.001974980863946541,1477,1530
0.14890725835479188,0.061167476691604925,0.0,0.0,0.0,0.08826854910396487,0.996096713797953,-0.00018274055532571857,0.0031929040467252555,0.0,0.0,0.0,-0.001974980863946541,1477,1530
0.1493983439376138,0.05976244670912191,0.0,0.0,0.0,0.08871936973626489,0.9960566617585568,0.0011827473405984594,-0.00735330731947567,0.0,0.0,0.0,0.004529563860794585,1477,1530
0.1493983439376138,0.05976244670912191,0.0,0.0,0.0,0.08871936973626489,0.9960566617585568,0.0011827473405984594,-0.00735330731947567,0.0,0.0,0.0,0.004529563860794585,1477,1530
0.14899103690349677,0.06090768181724852,0.0,0.0,0.0,0.08835966479499677,0.9960886354322671,-0.0007144581444127038,0.000724060698781846,0.0,0.0,0.0,-0.0003994067022611525,1477,1530
0.14899103690349677,0.06090768181724852,0.0,0.0,0.0,0.08835966479499677,0.9960886354322671,-0.0007144581444127038,0.000724060698781846,0.0,0.0,0.0,-0.0003994067022611525,1477,1530
0.1491443585312398,0.06079376787598096,0.0,0.0,0.0,0.08840332768032433,0.9960847612804069,0.001962062807182077,-0.0020857249028240253,0.0,0.0,0.0,0.00131431637631578,1477,1530
0.14901492165358984,0.06094787176489031,0.0,0.0,0.0,0.088323883351428,0.9960918088357735,-0.0006017067284539817,0.001047056384400898,0.0,0.0,0.0,-0.0009571772135470142,1477,1530
0.14901492165358984,0.06094787176489031,0.0,0.0,0.0,0.088323883351428,0.9960918088357735,-0.0006017067284539817,0.001047056384400898,0.0,0.0,0.0,-0.0009571772135470142,1477,1530
0.14931597371267136,0.06056198357566944,0.0,0.0,0.0,0.08852578950551049,0.996073885107137,0.0017146263456083999,-0.003248596984871777,0.0,0.0,0.0,0.0030426550717493734,1477,1530
0.1490094714219706,0.06078872132229904,0.0,0.0,0.0,0.088421685073182,0.9960831318764609,-0.0026123617209703803,0.0027673394430136194,0.0,0.0,0.0,-0.0020864882697707635,1477,1530
0.1489745918555889,0.0602170163149395,0.0,0.0,0.0,0.08856077689534285,0.9960707749932699,-0.0006754316370486399,-0.002784053162825435,0.0,0.0,0.0,0.0013968712789386298,1477,1530
0.1489745918555889,0.0602170163149395,0.0,0.0,0.0,0.08856077689534285,0.9960707749932699,-0.0006754316370486399,-0.002784053162825435,0.0,0.0,0.0,0.0013968712789386298,1477,1530
0.14935544689067523,0.06045665770412729,0.0,0.0,0.0,0.08856994115470335,0.9960699601553359,0.004169930139416003,0.0016862234069580742,0.0,0.0,0.0,0.00018393469819930874,1477,1530
0.14935544689067523,0.06045665770412729,0.0,0.0,0.0,0.08856994115470335,0.9960699601553359,0.004169930139416003,0.0016862234069580742,0.0,0.0,0.0,0.00018393469819930874,1477,1530
0.14935544689067523,0.06045665770412729,0.0,0.0,0.0,0.08856994115470335,0.9960699601553359,0.004169930139416003,0.0016862234069580742,0.0,0.0,0.0,0.00018393469819930874,1477,1530
0.14887900368219972,0.06031983019314949,0.0,0.0,0.0,0.08854607073545048,0.9960720824103608,-0.0018495297218401002,-0.0001898451597561936,0.0,0.0,0.0,-0.00017976982121538877,1477,1530
0.14887900368219972,0.06031983019314949,0.0,0.0,0.0,0.08854607073545048,0.9960720824103608,-0.0018495297218401002,-0.0001898451597561936,0.0,0.0,0.0,-0.00017976982121538877,1477,1530
0.14918217846562437,0.06091212678765147,0.0,0.0,0.0,0.08838378641379667,0.9960864953904155,0.011962939073942273,0.015722851627084297,0.0,0.0,0.0,-0.009675055373597585,1477,1530
0.14918217846562437,0.06091212678765147,0.0,0.0,0.0,0.08838378641379667,0.9960864953904155,0.011962939073942273,0.015722851627084297,0.0,0.0,0.0,-0.009675055373597585,1477,1530
0.14896417242803292,0.06080933158151032,0.0,0.0,0.0,0.08834800327181158,0.9960896698178754,-0.0006350144963469214,-0.0001713847832638578,0.0,0.0,0.0,-0.0001960642296456276,1477,1530
0.14896417242803292,0.06080933158151032,0.0,0.0,0.0,0.08834800327181158,0.9960896698178754,-0.0006350144963469214,-0.0001713847832638578,0.0,0.0,0.0,-0.0001960642296456276,1477,1530
0.14889612130811808,0.06079440381758416,0.0,0.0,0.0,0.08834455052225938,0.9960899760528764,-0.00034804596393184293,-1.3585584375032396e-05,0.0,0.0,0.0,-3.465956816602326e-05,1477,1530
0.14889612130811808,0.06079440381758416,0.0,0.0,0.0,0.08834455052225938,0.9960899760528764,-0.00034804596393184293,-1.3585584375032396e-05,0.0,0.0,0.0,-3.465956816602326e-05,1477,1530
0.14889612130811808,0.06079440381758416,0.0,0.0,0.0,0.08834455052225938,0.9960899760528764,-0.00034804596393184293,-1.3585584375032396e-05,0.0,0.0,0.0,-3.465956816602326e-05,1477,1530
0.14907268364003737,0.06106530576740732,0.0,0.0,0.0,0.08832874143644633,0.9960913780553737,0.001108181833786106,0.001178800681143941,0.0,0.0,0.0,-0.00015882010366501093,1477,1530
0.14904146436742854,0.060420128521351535,0.0,0.0,0.0,0.08849923145801081,0.9960762450893714,-0.00048062671414669984,-0.002097644481994069,0.0,0.0,0.0,0.0011404833276653845,1477,1530
0.1495247976100425,0.06021153995256939,0.0,0.0,0.0,0.08867297301386143,0.9960607932535459,0.0032915482645175763,-0.002178444279437037,0.0,0.0,0.0,0.0026157295927485657,1477,1530
0.1495247976100425,0.06021153995256939,0.0,0.0,0.0,0.08867297301386143,0.9960607932535459,0.0032915482645175763,-0.002178444279437037,0.0,0.0,0.0,0.0026157295927485657,1477,1530
0.1495247976100425,0.06021153995256939,0.0,0.0,0.0,0.08867297301386143,0.9960607932535459,0.0032915482645175763,-0.002178444279437037,0.0,0.0,0.0,0.0026157295927485657,1477,1530
0.14885104795056098,0.06048929682563179,0.0,0.0,0.0,0.08829375913760341,0.9960944795035012,-0.009235260301201255,0.0059013597290539675,0.0,0.0,0.0,-0.011450871787876347,1477,1530
0.14885104795056098,0.06048929682563179,0.0,0.0,0.0,0.08829375913760341,0.9960944795035012,-0.009235260301201255,0.0059013597290539675,0.0,0.0,0.0,-0.011450871787876347,1477,1530
0.14905281664688205,0.05978119072380544,0.0,0.0,0.0,0.08740340235556028,0.9961729996625446,0.00024675422350877997,-0.002440463243171607,0.0,0.0,0.0,-0.005955354217374086,1477,1530
0.14905281664688205,0.05978119072380544,0.0,0.0,0.0,0.08740340235556028,0.9961729996625446,0.00024675422350877997,-0.002440463243171607,0.0,0.0,0.0,-0.005955354217374086,1477,1530
0.14299840869190505,0.05181420278383461,0.0,0.0,0.0,0.10328848696774108,0.9946514406865928,-0.04397725110653558,-0.040636455429331864,0.0,0.0,0.0,0.19097366268009813,1477,1530
0.14299840869190505,0.05181420278383461,0.0,0.0,0.0,0.10328848696774108,0.9946514406865928,-0.04397725110653558,-0.040636455429331864,0.0,0.0,0.0,0.19097366268009813,1477,1530
0.14299840869190505,0.05181420278383461,0.0,0.0,0.0,0.10328848696774108,0.9946514406865928,-0.04397725110653558,-0.040636455429331864,0.0,0.0,0.0,0.19097366268009813,1477,1530
0.14299840869190505,0.05181420278383461,0.0,0.0,0.0,0.10328848696774108,0.9946514406865928,-0.04397725110653558,-0.040636455429331864,0.0,0.0,0.0,0.19097366268009813,1477,1530
0.12236022397054856,0.06856329948001594,0.0,0.0,0.0,0.1239503293857639,0.9922884237182054,-0.07196078006814569,0.0886061294772681,0.0,0.0,0.0,0.17861324070593246,1477,1530
0.12236022397054856,0.06856329948001594,0.0,0.0,0.0,0.1239503293857639,0.9922884237182054,-0.07196078006814569,0.0886061294772681,0.0,0.0,0.0,0.17861324070593246,1477,1530
0.12236022397054856,0.06856329948001594,0.0,0.0,0.0,0.1239503293857639,0.9922884237182054,0.0,0.0,0.0,0.0,0.0,2.0110677317569115e-17,1477,1530
0.12236022397054856,0.06856329948001594,0.0,0.0,0.0,0.1239503293857639,0.9922884237182054,0.0,0.0,0.0,0.0,0.0,2.0110677317569115e-17,1477,1530
0.12236022397054856,0.06856329948001594,0.0,0.0,0.0,0.1239503293857639,0.9922884237182054,0.0,0.0,0.0,0.0,0.0,2.0110677317569115e-17,1477,1530
0.12236022397054856,0.06856329948001594,0.0,0.0,0.0,0.1239503293857639,0.9922884237182054,0.0,0.0,0.0,0.0,0.0,4.0201561551412826e-17,1477,1530
0.12236022397054856,0.06856329948001594,0.0,0.0,0.0,0.1239503293857639,0.9922884237182054,0.0,0.0,0.0,0.0,0.0,4.0201561551412826e-17,1477,1530
0.12236022397054856,0.06856329948001594,0.0,0.0,0.0,0.1239503293857639,0.9922884237182054,0.0,0.0,0.0,0.0,0.0,2.4156829242620495e-17,1477,1530
0.12236022397054856,0.06856329948001594,0.0,0.0,0.0,0.12395032938576389,0.9922884237182054,0.0,0.0,0.0,0.0,0.0,-9.680770802623239e-17,1477,1530
0.12236022397054856,0.06856329948001594,0.0,0.0,0.0,0.12395032938576389,0.9922884237182054,0.0,0.0,0.0,0.0,0.0,-9.680770802623239e-17,1477,1530
0.12320451292841737,0.02417553477083976,0.0,0.0,0.0,0.0918499493760185,0.9957728590394613,-0.1040929326632896,-0.4455297243448244,0.0,0.0,0.0,-0.6654313413116787,1477,1530
0.12320451292841737,0.02417553477083976,0.0,0.0,0.0,0.0918499493760185,0.9957728590394613,-0.1040929326632896,-0.4455297243448244,0.0,0.0,0.0,-0.6654313413116787,1477,1530
0.09338019553617995,-0.030926335105082498,0.0,0.0,0.0,0.056336889953999,0.9984118162513458,-0.19734596588020117,-0.24400747723458174,0.0,0.0,0.0,-0.35667390058922227,1477,1530
0.09338019553617995,-0.030926335105082498,0.0,0.0,0.0,0.056336889953999,0.9984118162513458,-0.19734596588020117,-0.24400747723458174,0.0,0.0,0.0,-0.35667390058922227,1477,1530
0.08153874838308844,-0.05950367188166049,0.0,0.0,0.0,0.04668818287131306,0.9989095122082755,-0.112416586989516,-0.20308436688953477,0.0,0.0,0.0,-0.1449967253760625,1477,1530
0.08153874838308844,-0.05950367188166049,0.0,0.0,0.0,0.04668818287131306,0.9989095122082755,-0.112416586989516,-0.20308436688953477,0.0,0.0,0.0,-0.1449967253760625,1477,1530
0.04198494318799804,-0.026439580314316355,0.0,0.0,0.0,0.04291034881518492,0.9990789267943545,-0.15541899663986944,0.15675484054400982,0.0,0.0,0.0,-0.032384542879416785,1477,1530
0.04198494318799804,-0.026439580314316355,0.0,0.0,0.0,0.04291034881518492,0.9990789267943545,-0.15541899663986944,0.15675484054400982,0.0,0.0,0.0,-0.032384542879416785,1477,1530
0.04198494318799804,-0.026439580314316355,0.0,0.0,0.0,0.04291034881518492,0.9990789267943545,-0.15541899663986944,0.15675484054400982,0.0,0.0,0.0,-0.032384542879416785,1477,1530
0.045573004059034264,-0.031654792627113994,0.0,0.0,0.0,0.0420391613244596,0.9991159636974759,0.015662317939056928,-0.02756029471719402,0.0,0.0,0.0,-0.008733061215378438,1477,1530
0.045573004059034264,-0.031654792627113994,0.0,0.0,0.0,0.0420391613244596,0.9991159636974759,0.015662317939056928,-0.02756029471719402,0.0,0.0,0.0,-0.008733061215378438,1477,1530
0.045573004059034264,-0.031654792627113994,0.0,0.0,0.0,0.0420391613244596,0.9991159636974759,0.015662317939056928,-0.02756029471719402,0.0,0.0,0.0,-0.008733061215378438,1477,1530
0.06297207420948134,-0.029783287177298886,0.0,0.0,0.0,0.042811059124260115,0.9990831863346811,0.058342789818561176,0.0013449489073105204,0.0,0.0,0.0,0.005152992689743801,1477,1530
0.06297207420948134,-0.029783287177298886,0.0,0.0,0.0,0.042811059124260115,0.9990831863346811,0.058342789818561176,0.0013449489073105204,0.0,0.0,0.0,0.005152992689743801,1477,1530
0.06297207420948134,-0.029783287177298886,0.0,0.0,0.0,0.042811059124260115,0.9990831863346811,0.058342789818561176,0.0013449489073105204,0.0,0.0,0.0,0.005152992689743801,1477,1530
0.06462240057034811,-0.029271710163752976,0.0,0.0,0.0,0.04286193075089232,0.9990810051704044,0.003893725704394881,0.0008500648202409726,0.0,0.0,0.0,0.00023490231211151575,1477,1530
0.06462240057034811,-0.029271710163752976,0.0,0.0,0.0,0.04286193075089232,0.9990810051704044,0.003893725704394881,0.0008500648202409726,0.0,0.0,0.0,0.00023490231211151575,1477,1530
0.06505437370896289,-0.029650913678076183,0.0,0.0,0.0,0.04297309738433553,0.9990762297748838,0.002980234788092331,-0.003106793083351761,0.0,0.0,0.0,0.0016667538655137197,1477,1530
0.06505437370896289,-0.029650913678076183,0.0,0.0,0.0,0.04297309738433553,0.9990762297748838,0.002980234788092331,-0.003106793083351761,0.0,0.0,0.0,0.0016667538655137197,1477,1530
0.06500411508941123,-0.0287129326557299,0.0,0.0,0.0,0.042776145402719165,0.9990846817885286,0.00013061165322104023,0.0040245729473176745,0.0,0.0,0.0,-0.0016901361264209645,1477,1530
0.06500411508941123,-0.0287129326557299,0.0,0.0,0.0,0.042776145402719165,0.9990846817885286,0.00013061165322104023,0.0040245729473176745,0.0,0.0,0.0,-0.0016901361264209645,1477,1530
0.06495763554603351,-0.029727520116833665,0.0,0.0,0.0,0.04291685569525194,0.9990786473032205,-0.0006661072569684487,-0.005041743341339844,0.0,0.0,0.0,0.001410420251665644,1477,1530
0.06495763554603351,-0.029727520116833665,0.0,0.0,0.0,0.04291685569525194,0.9990786473032205,-0.0006661072569684487,-0.005041743341339844,0.0,0.0,0.0,0.001410420251665644,1477,1530
0.06545559874705953,-0.029004011626259135,0.0,0.0,0.0,0.042851048037635904,0.9990814719941894,0.0041800382614397575,0.005078449849419535,0.0,0.0,0.0,-0.0009865464328356359,1477,1530
0.06523412688203488,-0.029877741292564715,0.0,0.0,0.0,0.042987271498695974,0.9990756200053614,-0.0017734561590679195,-0.0051111765478949215,0.0,0.0,0.0,0.0016367751637136863,1477,1530
0.06523412688203488,-0.029877741292564715,0.0,0.0,0.0,0.042987271498695974,0.9990756200053614,-0.0017734561590679195,-0.0051111765478949215,0.0,0.0,0.0,0.0016367751637136863,1477,1530
0.06523412688203488,-0.029877741292564715,0.0,0.0,0.0,0.042987271498695974,0.9990756200053614,-0.0017734561590679195,-0.0051111765478949215,0.0,0.0,0.0,0.0016367751637136863,1477,1530
0.06553126971845748,-0.028895219552171707,0.0,0.0,0.0,0.04279622273080255,0.9990838219688954,0.001425936477170823,0.0035733545516505455,0.0,0.0,0.0,-0.0014334742354179524,1477,1530
0.06553126971845748,-0.028895219552171707,0.0,0.0,0.0,0.04279622273080255,0.9990838219688954,0.001425936477170823,0.0035733545516505455,0.0,0.0,0.0,-0.0014334742354179524,1477,1530
0.06560863867645547,-0.028940446449339897,0.0,0.0,0.0,0.042832388430084814,0.9990822721384732,0.00024410155991075392,-0.00017228715795131468,0.0,0.0,0.0,0.0002413669787266552,1477,1530
0.06560863867645547,-0.028940446449339897,0.0,0.0,0.0,0.042832388430084814,0.9990822721384732,0.00024410155991075392,-0.00017228715795131468,0.0,0.0,0.0,0.0002413669787266552,1477,1530
0.06557660761150848,-0.028599991019286657,0.0,0.0,0.0,0.042759854953364415,0.9990853791365216,-1.666774463686179e-05,0.0020536778934235876,0.0,0.0,0.0,-0.0008720457749038341,1477,1530
0.06557660761150848,-0.028599991019286657,0.0,0.0,0.0,0.042759854953364415,0.9990853791365216,-1.666774463686179e-05,0.0020536778934235876,0.0,0.0,0.0,-0.0008720457749038341,1477,1530
0.06582788593497586,-0.028779807092682352,0.0,0.0,0.0,0.04286876770935834,0.9990807118321727,0.001759753275996055,-0.001502393420071953,0.0,0.0,0.0,0.001632672333505129,1477,1530
0.06582788593497586,-0.028779807092682352,0.0,0.0,0.0,0.04286876770935834,0.9990807118321727,0.001759753275996055,-0.001502393420071953,0.0,0.0,0.0,0.001632672333505129,1477,1530
0.06543508017178096,-0.02905404020792538,0.0,0.0,0.0,0.04286892276472712,0.999080705179012,-0.002074252015782709,-0.001197883728825604,0.0,0.0,0.0,1.5519726503122693e-06,1477,1530
0.06543508017178096,-0.02905404020792538,0.0,0.0,0.0,0.04286892276472712,0.999080705179012,-0.002074252015782709,-0.001197883728825604,0.0,0.0,0.0,1.5519726503122693e-06,1477,1530
0.06543508017178096,-0.02905404020792538,0.0,0.0,0.0,0.04286892276472712,0.999080705179012,-0.002074252015782709,-0.001197883728825604,0.0,0.0,0.0,1.5519726503122693e-06,1477,1530
0.06541314239759247,-0.02844575928903754,0.0,0.0,0.0,0.04275486810486823,0.999085592556181,0.0001296261313515021,0.002605259840191173,0.0,0.0,0.0,-0.000978459590693205,1477,1530
0.06541314239759247,-0.02844575928903754,0.0,0.0,0.0,0.04275486810486823,0.999085592556181,0.0001296261313515021,0.002605259840191173,0.0,0.0,0.0,-0.000978459590693205,1477,1530
0.0655196508239217,-0.02896249805356776,0.0,0.0,0.0,0.042818028376085455,0.9990828876754845,0.00018597348071069586,-0.0015723007020194953,0.0,0.0,0.0,0.00037941863486045573,1477,1530
0.0655196508239217,-0.02896249805356776,0.0,0.0,0.0,0.042818028376085455,0.9990828876754845,0.00018597348071069586,-0.0015723007020194953,0.0,0.0,0.0,0.00037941863486045573,1477,1530
0.06553315897392595,-0.02823675385642685,0.0,0.0,0.0,0.04296226863148608,0.9990766954914102,0.00037767436966443523,0.0036088427465513374,0.0,0.0,0.0,0.0014434135290046647,1477,1530
0.06553315897392595,-0.02823675385642685,0.0,0.0,0.0,0.04296226863148608,0.9990766954914102,0.00037767436966443523,0.0036088427465513374,0.0,0.0,0.0,0.0014434135290046647,1477,1530
0.07998121527483268,-0.026665676525949974,0.0,0.0,0.0,0.04526383464077463,0.9989750673933823,0.08720091323155503,0.001950410843144803,0.0,0.0,0.0,0.027653096669867674,1477,1530
0.10007572936064467,0.013243201789477525,0.0,0.0,0.0,0.08115907934945243,0.9967011607493739,0.14165034969772433,0.2274439694608289,0.0,0.0,0.0,0.43130021032006033,1477,1530
0.10007572936064467,0.013243201789477525,0.0,0.0,0.0,0.08115907934945243,0.9967011607493739,0.14165034969772433,0.2274439694608289,0.0,0.0,0.0,0.43130021032006033,1477,1530
0.11720187117034911,0.09644979585713473,0.0,0.0,0.0,0.11273103549012284,0.9936255399481863,0.3025692468272853,0.79065393987434,0.0,0.0,0.0,0.6321548204766844,1477,1530
0.11720187117034911,0.09644979585713473,0.0,0.0,0.0,0.11273103549012284,0.9936255399481863,0.3025692468272853,0.79065393987434,0.0,0.0,0.0,0.6321548204766844,1477,1530
0.11720187117034911,0.09644979585713473,0.0,0.0,0.0,0.11273103549012284,0.9936255399481863,0.0,0.0,0.0,0.0,0.0,1.638254625808474e-17,1477,1530
0.11720187117034911,0.09644979585713473,0.0,0.0,0.0,0.11273103549012284,0.9936255399481863,0.0,0.0,0.0,0.0,0.0,2.6844893285103012e-17,1477,1530
0.11720187117034911,0.09644979585713473,0.0,0.0,0.0,0.11273103549012284,0.9936255399481863,0.0,0.0,0.0,0.0,0.0,6.596792973060488e-17,1477,1530
0.11720187117034911,0.09644979585713473,0.0,0.0,0.0,0.11273103549012285,0.9936255399481863,0.0,0.0,0.0,0.0,0.0,2.4114808125269927e-16,1477,1530
0.11720187117034911,0.09644979585713473,0.0,0.0,0.0,0.11273103549012285,0.9936255399481863,0.0,0.0,0.0,0.0,0.0,2.4114808125269927e-16,1477,1530
0.13265904008069948,0.1022623056934931,0.0,0.0,0.0,0.11232432703972585,0.993671598444412,0.12271092885263934,0.016509855522974924,0.0,0.0,0.0,-0.006137749870287386,1477,1530
0.13265904008069948,0.1022623056934931,0.0,0.0,0.0,0.11232432703972585,0.993671598444412,0.12271092885263934,0.016509855522974924,0.0,0.0,0.0,-0.006137749870287386,1477,1530
0.13265904008069948,0.1022623056934931,0.0,0.0,0.0,0.11232432703972585,0.993671598444412,0.12271092885263934,0.016509855522974924,0.0,0.0,0.0,-0.006137749870287386,1477,1530
0.09280815030322453,0.06932330087616664,0.0,0.0,0.0,0.06623469938230037,0.9978040712473247,-0.231120361414058,-0.1161252505637058,0.0,0.0,0.0,-0.4628805252207126,1477,1530
0.09280815030322453,0.06932330087616664,0.0,0.0,0.0,0.06623469938230037,0.9978040712473247,-0.231120361414058,-0.1161252505637058,0.0,0.0,0.0,-0.4628805252207126,1477,1530
0.09280815030322453,0.06932330087616664,0.0,0.0,0.0,0.06623469938230037,0.9978040712473247,-0.231120361414058,-0.1161252505637058,0.0,0.0,0.0,-0.4628805252207126,1477,1530
0.07030972725127548,0.017511666092096596,0.0,0.0,0.0,0.03542143925901304,0.999372463919644,-0.17480273419454603,-0.2901438502905154,0.0,0.0,0.0,-0.36999542345203057,1477,1530
0.07030972725127548,0.017511666092096596,0.0,0.0,0.0,0.03542143925901304,0.999372463919644,-0.17480273419454603,-0.2901438502905154,0.0,0.0,0.0,-0.36999542345203057,1477,1530
0.05847084875365957,0.023698722870545808,0.0,0.0,0.0,0.02167138791655038,0.9997651478951296,-0.03788989594227689,0.02335711959780058,0.0,0.0,0.0,-0.09166860231731143,1477,1530
0.05847084875365957,0.023698722870545808,0.0,0.0,0.0,0.02167138791655038,0.9997651478951296,-0.03788989594227689,0.02335711959780058,0.0,0.0,0.0,-0.09166860231731143,1477,1530
0.04985307586951325,0.028330126113111007,0.0,0.0,0.0,0.021455491708362855,0.9997698044427789,-0.02805109014642299,0.01668084440619599,0.0,0.0,0.0,-0.0014407281375907184,1477,1530
0.04985307586951325,0.028330126113111007,0.0,0.0,0.0,0.021455491708362855,0.9997698044427789,-0.02805109014642299,0.01668084440619599,0.0,0.0,0.0,-0.0014407281375907184,1477,1530
0.04985307586951325,0.028330126113111007,0.0,0.0,0.0,0.021455491708362855,0.9997698044427789,-0.02805109014642299,0.01668084440619599,0.0,0.0,0.0,-0.0014407281375907184,1477,1530
0.04538310384207664,0.03207761150627454,0.0,0.0,0.0,0.020163589101648245,0.9997966941706399,-0.018428041590257953,0.016847313171595896,0.0,0.0,0.0,-0.011062445627074717,1477,1530
0.04538310384207664,0.03207761150627454,0.0,0.0,0.0,0.020163589101648245,0.9997966941706399,-0.018428041590257953,0.016847313171595896,0.0,0.0,0.0,-0.011062445627074717,1477,1530
-0.04641568524603867,0.011013805797214091,0.0,0.0,0.0,-0.05489527639037462,0.9984921174601352,-0.5466541283813728,-0.14035436562421155,0.0,0.0,0.0,-0.9101074567142894,1477,1530
-0.04641568524603867,0.011013805797214091,0.0,0.0,0.0,-0.05489527639037462,0.9984921174601352,-0.5466541283813728,-0.14035436562421155,0.0,0.0,0.0,-0.9101074567142894,1477,1530
-0.04641568524603867,0.011013805797214091,0.0,0.0,0.0,-0.05489527639037462,0.9984921174601352,0.0,0.0,0.0,0.0,0.0,-8.728077459131042e-18,1477,1530
-0.04641568524603867,0.011013805797214091,0.0,0.0,0.0,-0.05489527639037462,0.9984921174601352,0.0,0.0,0.0,0.0,0.0,-8.728077459131042e-18,1477,1530
-0.04641568524603867,0.011013805797214091,0.0,0.0,0.0,-0.05489527639037462,0.9984921174601352,0.0,0.0,0.0,0.0,0.0,-1.7604807024212676e-17,1477,1530
-0.04641568524603867,0.011013805797214091,0.0,0.0,0.0,-0.05489527639037462,0.9984921174601352,0.0,0.0,0.0,0.0,0.0,-5.00576949036612e-18,1477,1530
-0.04641568524603867,0.011013805797214091,0.0,0.0,0.0,-0.05489527639037463,0.9984921174601352,0.0,0.0,0.0,0.0,0.0,-2.2495204636128127e-16,1477,1530
-0.04641568524603867,0.011013805797214091,0.0,0.0,0.0,-0.05489527639037463,0.9984921174601352,0.0,0.0,0.0,0.0,0.0,-2.2495204636128127e-16,1477,1530
-0.14534590003171535,-0.012353024652737146,0.0,0.0,0.0,-0.07715876583811317,0.9970188187062164,-0.41018641567996317,-0.14592468001246017,0.0,0.0,0.0,-0.19111117085059678,1477,1530
-0.14534590003171535,-0.012353024652737146,0.0,0.0,0.0,-0.07715876583811317,0.9970188187062164,-0.41018641567996317,-0.14592468001246017,0.0,0.0,0.0,-0.19111117085059678,1477,1530
-0.2126906412023965,-0.02088809356028196,0.0,0.0,0.0,-0.08948481321971789,0.9959881867788555,-0.3919841262471383,-0.11294421963593555,0.0,0.0,0.0,-0.1486557035649865,1477,1530
-0.2574753979321308,-0.011378773903069905,0.0,0.0,0.0,-0.10347751796776947,0.994631792813416,-0.27467050259702996,0.008247281029683163,0.0,0.0,0.0,-0.16875373228089097,1477,1530
-0.2574753979321308,-0.011378773903069905,0.0,0.0,0.0,-0.10347751796776947,0.994631792813416,-0.27467050259702996,0.008247281029683163,0.0,0.0,0.0,-0.16875373228089097,1477,1530
-0.3022335910291751,-0.011996891257303927,0.0,0.0,0.0,-0.11369699584559707,0.9935154720162572,-0.2579452477342678,-0.0579891698985524,0.0,0.0,0.0,-0.12143632894396057,1477,1530
-0.3022335910291751,-0.011996891257303927,0.0,0.0,0.0,-0.11369699584559707,0.9935154720162572,-0.2579452477342678,-0.0579891698985524,0.0,0.0,0.0,-0.12143632894396057,1477,1530
-0.34571012103921794,-0.007548249417037046,0.0,0.0,0.0,-0.12676569833138007,0.9919326881026542,-0.21944508963341808,-0.02777924217653952,0.0,0.0,0.0,-0.13325285097381417,1477,1530
-0.34571012103921794,-0.007548249417037046,0.0,0.0,0.0,-0.12676569833138007,0.9919326881026542,-0.21944508963341808,-0.02777924217653952,0.0,0.0,0.0,-0.13325285097381417,1477,1530
-0.36798178484019056,0.003850930697549957,0.0,0.0,0.0,-0.13913873459171228,0.9902728980115618,-0.12211059796374188,0.027158494234934,0.0,0.0,0.0,-0.12483373900205753,1477,1530
-0.36798178484019056,0.003850930697549957,0.0,0.0,0.0,-0.13913873459171228,0.9902728980115618,-0.12211059796374188,0.027158494234934,0.0,0.0,0.0,-0.12483373900205753,1477,1530
-0.36798178484019056,0.003850930697549957,0.0,0.0,0.0,-0.13913873459171228,0.9902728980115618,-0.12211059796374188,0.027158494234934,0.0,0.0,0.0,-0.12483373900205753,1477,1530
-0.37833392478639544,-0.01566320412607608,0.0,0.0,0.0,-0.13543499222290573,0.9907862347053382,-0.02286872674851588,-0.1080554665019006,0.0,0.0,0.0,0.03739103316004641,1477,1530
-0.37833392478639544,-0.01566320412607608,0.0,0.0,0.0,-0.13543499222290573,0.9907862347053382,-0.02286872674851588,-0.1080554665019006,0.0,0.0,0.0,0.03739103316004641,1477,1530
-0.35939397960874775,-0.0360745201908519,0.0,0.0,0.0,-0.1361735682685262,0.9906849949933717,0.10163965234235772,-0.06246503994267494,0.0,0.0,0.0,-0.0063879417050054016,1477,1530
-0.35939397960874775,-0.0360745201908519,0.0,0.0,0.0,-0.1361735682685262,0.9906849949933717,0.10163965234235772,-0.06246503994267494,0.0,0.0,0.0,-0.0063879417050054016,1477,1530
-0.35025349657747973,-0.03898018593192952,0.0,0.0,0.0,-0.13703350124988237,0.990566413490382,0.0318285064248891,-0.0011014380079647516,0.0,0.0,0.0,-0.005764845050619206,1477,1530
-0.33785414776584405,-0.0335636705882916,0.0,0.0,0.0,-0.13879184918386206,0.9903215753481917,0.0791981948566495,0.0649385030544031,0.0,0.0,0.0,-0.026875447484662498,1477,1530
-0.33785414776584405,-0.0335636705882916,0.0,0.0,0.0,-0.13879184918386206,0.9903215753481917,0.0791981948566495,0.0649385030544031,0.0,0.0,0.0,-0.026875447484662498,1477,1530
-0.3466773469722855,-0.050533968473051895,0.0,0.0,0.0,-0.13618972347492153,0.9906827742621875,-0.11458458065692716,-0.562450221072956,0.0,0.0,0.0,0.15767797230230457,1477,1530
-0.37819806697184255,-0.06305769842055779,0.0,0.0,0.0,-0.13249790389659805,0.9911832855042542,-0.11556435196111076,-0.08811178094215928,0.0,0.0,0.0,0.03192529841882922,1477,1530
-0.37819806697184255,-0.06305769842055779,0.0,0.0,0.0,-0.13249790389659805,0.9911832855042542,-0.11556435196111076,-0.08811178094215928,0.0,0.0,0.0,0.03192529841882922,1477,1530
-0.37819806697184255,-0.06305769842055779,0.0,0.0,0.0,-0.13249790389659805,0.9911832855042542,-0.11556435196111076,-0.08811178094215928,0.0,0.0,0.0,0.03192529841882922,1477,1530
-0.4479517627298396,-0.03566287055979936,0.0,0.0,0.0,-0.1278240552490819,0.9917968596944032,-0.4473618048071534,0.04870831101776748,0.0,0.0,0.0,0.0566129987326696,1477,1530
-1.1476123809896075,0.02207657461463681,0.0,0.0,0.0,-0.034328622154929656,0.9994105991537933,-2.584328228361071,-0.4542964223666948,0.0,0.0,0.0,0.700442504143955,1477,1530
-1.1476123809896075,0.02207657461463681,0.0,0.0,0.0,-0.034328622154929656,0.9994105991537933,-2.584328228361071,-0.4542964223666948,0.0,0.0,0.0,0.700442504143955,1477,1530
-1.231543279957362,0.021265420948057865,0.0,0.0,0.0,-0.04191583985274377,0.9991211449916567,-0.8447912970038941,-0.06631240154876124,0.0,0.0,0.0,-0.15330854504943553,1477,1530
-1.231543279957362,0.021265420948057865,0.0,0.0,0.0,-0.04191583985274377,0.9991211449916567,-0.8447912970038941,-0.06631240154876124,0.0,0.0,0.0,-0.15330854504943553,1477,1530
-1.231543279957362,0.021265420948057865,0.0,0.0,0.0,-0.04191583985274377,0.9991211449916567,0.0,0.0,0.0,0.0,0.0,-6.556585063755015e-18,1477,1530
-1.231543279957362,0.021265420948057865,0.0,0.0,0.0,-0.04191583985274377,0.9991211449916567,0.0,0.0,0.0,0.0,0.0,-6.556585063755015e-18,1477,1530
-1.231543279957362,0.021265420948057865,0.0,0.0,0.0,-0.04191583985274377,0.9991211449916567,0.0,0.0,0.0,0.0,0.0,-9.42024679432436e-18,1477,1530
-1.231543279957362,0.021265420948057865,0.0,0.0,0.0,-0.04191583985274377,0.9991211449916567,0.0,0.0,0.0,0.0,0.0,-9.42024679432436e-18,1477,1530
-1.231543279957362,0.021265420948057865,0.0,0.0,0.0,-0.04191583985274377,0.9991211449916567,0.0,0.0,0.0,0.0,0.0,-7.884182491068522e-18,1477,1530
-1.231543279957362,0.021265420948057865,0.0,0.0,0.0,-0.04191583985274377,0.9991211449916567,0.0,0.0,0.0,0.0,0.0,-7.884182491068522e-18,1477,1530
-1.231543279957362,0.021265420948057865,0.0,0.0,0.0,-0.04191583985274377,0.9991211449916567,0.0,0.0,0.0,0.0,0.0,-7.78481181098321e-18,1477,1530
-1.231543279957362,0.021265420948057865,0.0,0.0,0.0,-0.04191583985274377,0.9991211449916567,0.0,0.0,0.0,0.0,0.0,-7.78481181098321e-18,1477,1530
-1.2320525187190738,0.020583617810688303,0.0,0.0,0.0,-0.04164716228816842,0.9991323805549207,-0.0027031223728843255,-0.004334068753115883,0.0,0.0,0.0,0.0032282205271578937,1477,1530
-1.2278767648677582,0.0237122320689007,0.0,0.0,0.0,-0.04277068117327251,0.9990849157263733,0.023330872574383897,0.02072545892235684,0.0,0.0,0.0,-0.013451287073367119,1477,1530
-1.2278767648677582,0.0237122320689007,0.0,0.0,0.0,-0.04277068117327251,0.9990849157263733,0.023330872574383897,0.02072545892235684,0.0,0.0,0.0,-0.013451287073367119,1477,1530
-1.2277003068364667,0.02406853055420481,0.0,0.0,0.0,-0.042839674457105834,0.9990819597472518,0.0006243672584586195,0.0015895692165276156,0.0,0.0,0.0,-0.0005932313502554531,1477,1530
-1.2277003068364667,0.02406853055420481,0.0,0.0,0.0,-0.042839674457105834,0.9990819597472518,0.0006243672584586195,0.0015895692165276156,0.0,0.0,0.0,-0.0005932313502554531,1477,1530
-1.2280472109342506,0.024500808546290467,0.0,0.0,0.0,-0.0428239067198372,0.9990826357280216,-0.011454738654173475,0.012004433468345559,0.0,0.0,0.0,0.0009449299872617778,1477,1530
-1.2280323364152859,0.023739873468694845,0.0,0.0,0.0,-0.042737697352940696,0.9990863272135039,0.00023980883511275344,-0.00227071846822488,0.0,0.0,0.0,0.0005177540086845279,1477,1530
-1.2280323364152859,0.023739873468694845,0.0,0.0,0.0,-0.042737697352940696,0.9990863272135039,0.00023980883511275344,-0.00227071846822488,0.0,0.0,0.0,0.0005177540086845279,1477,1530
-1.227616266565762,0.02420777291043172,0.0,0.0,0.0,-0.0429174753670971,0.9990786206841354,0.005629246652749787,0.007539694577869036,0.0,0.0,0.0,-0.0054082446260234115,1477,1530
-1.2266586924000287,0.024659605430420502,0.0,0.0,0.0,-0.0430571931561707,0.9990726090317521,0.004573569651628808,0.002659726028831975,0.0,0.0,0.0,-0.0013975761606149044,1477,1530
-1.2266586924000287,0.024659605430420502,0.0,0.0,0.0,-0.0430571931561707,0.9990726090317521,0.004573569651628808,0.002659726028831975,0.0,0.0,0.0,-0.0013975761606149044,1477,1530
-1.2256695385992729,0.024526697233679087,0.0,0.0,0.0,-0.0432092652911569,0.9990660435591825,0.009966119168320492,-0.0004729935410058341,0.0,0.0,0.0,-0.0030433324765778737,1477,1530
-1.2256695385992729,0.024526697233679087,0.0,0.0,0.0,-0.0432092652911569,0.9990660435591825,0.009966119168320492,-0.0004729935410058341,0.0,0.0,0.0,-0.0030433324765778737,1477,1530
-1.2280358813605352,0.024529508224941963,0.0,0.0,0.0,-0.04287047526437847,0.9990806385625769,-0.011764922731806736,-0.001005485787578212,0.0,0.0,0.0,0.0033841895264532444,1477,1530
-1.2265700183943402,0.024447212508659888,0.0,0.0,0.0,-0.043093285474028346,0.9990710529021717,0.0073369985473737045,0.000217860068052443,0.0,0.0,0.0,-0.002229973535775039,1477,1530
-1.2265700183943402,0.024447212508659888,0.0,0.0,0.0,-0.043093285474028346,0.9990710529021717,0.0073369985473737045,0.000217860068052443,0.0,0.0,0.0,-0.002229973535775039,1477,1530
-1.2265700183943402,0.024447212508659888,0.0,0.0,0.0,-0.043093285474028346,0.9990710529021717,0.0073369985473737045,0.000217860068052443,0.0,0.0,0.0,-0.002229973535775039,1477,1530
-1.226978585392858,0.023843711311045734,0.0,0.0,0.0,-0.04294575563850538,0.9990774054459632,-0.0017792462511232298,-0.003189056642005608,0.0,0.0,0.0,0.001479847072140171,1477,1530
-1.226978585392858,0.023843711311045734,0.0,0.0,0.0,-0.04294575563850538,0.9990774054459632,-0.0017792462511232298,-0.003189056642005608,0.0,0.0,0.0,0.001479847072140171,1477,1530
-1.227525091062482,0.02456590954174926,0.0,0.0,0.0,-0.04292931266170264,0.9990781121185639,-0.003017830690928091,0.00334712074250144,0.0,0.0,0.0,0.00016379533430249245,1477,1530
-1.227525091062482,0.02456590954174926,0.0,0.0,0.0,-0.04292931266170264,0.9990781121185639,-0.003017830690928091,0.00334712074250144,0.0,0.0,0.0,0.00016379533430249245,1477,1530
-1.2282966472334862,0.02450879518347639,0.0,0.0,0.0,-0.04290383708296693,0.9990792064513996,-0.023562115240595274,-0.003797005434871111,0.0,0.0,0.0,0.0015731913542190374,1477,1530
-1.2282966472334862,0.02450879518347639,0.0,0.0,0.0,-0.04290383708296693,0.9990792064513996,-0.023562115240595274,-0.003797005434871111,0.0,0.0,0.0,0.0015731913542190374,1477,1530
-1.2289145652502207,0.025522819300098247,0.0,0.0,0.0,-0.042842960358923834,0.9990818188455256,-0.0017568876401647332,0.0023939107401134497,0.0,0.0,0.0,0.00030474222552467694,1477,1530
-1.2289145652502207,0.025522819300098247,0.0,0.0,0.0,-0.042842960358923834,0.9990818188455256,-0.0017568876401647332,0.0023939107401134497,0.0,0.0,0.0,0.00030474222552467694,1477,1530
-1.2271374517028029,0.024771146820295468,0.0,0.0,0.0,-0.0430474466984229,0.9990730290287825,0.007859518928531397,-0.002556161108059838,0.0,0.0,0.0,-0.0017533541422648565,1477,1530
-1.2282120994430477,0.025347041603686383,0.0,0.0,0.0,-0.042953915972733236,0.9990770546372324,-0.0056009747817412974,0.002406610488881869,0.0,0.0,0.0,0.0009361684950295767,1477,1530
-1.2282120994430477,0.025347041603686383,0.0,0.0,0.0,-0.042953915972733236,0.9990770546372324,-0.0056009747817412974,0.002406610488881869,0.0,0.0,0.0,0.0009361684950295767,1477,1530
-1.2282120994430477,0.025347041603686383,0.0,0.0,0.0,-0.042953915972733236,0.9990770546372324,0.0,0.0,0.0,0.0,0.0,3.2780211946403146e-17,1477,1530
-1.2282120994430477,0.025347041603686383,0.0,0.0,0.0,-0.042953915972733236,0.9990770546372324,0.0,0.0,0.0,0.0,0.0,3.2780211946403146e-17,1477,1530
-1.2282120994430477,0.025347041603686383,0.0,0.0,0.0,-0.042953915972733236,0.9990770546372324,0.0,0.0,0.0,0.0,0.0,1.1062086204747004e-16,1477,1530
-1.2282120994430477,0.025347041603686383,0.0,0.0,0.0,-0.042953915972733236,0.9990770546372324,0.0,0.0,0.0,0.0,0.0,1.1062086204747004e-16,1477,1530
-1.2282120994430477,0.025347041603686383,0.0,0.0,0.0,-0.042953915972733236,0.9990770546372324,0.0,0.0,0.0,0.0,0.0,1.012475960973272e-17,1477,1530
-1.2282120994430477,0.025347041603686383,0.0,0.0,0.0,-0.042953915972733236,0.9990770546372324,0.0,0.0,0.0,0.0,0.0,1.012475960973272e-17,1477,1530
-1.2275699220576177,0.025268036789044213,0.0,0.0,0.0,-0.04303673712410909,0.9990734904188532,0.0195485720494161,-0.000713391308949354,0.0,0.0,0.0,-0.0050125655529703935,1477,1530
-1.2282081336911177,0.02521635083383271,0.0,0.0,0.0,-0.0429400935346029,0.9990776488177681,-0.003780696764481213,-0.0006369594710492278,0.0,0.0,0.0,0.0011584306312371485,1477,1530
-1.2282081336911177,0.02521635083383271,0.0,0.0,0.0,-0.0429400935346029,0.9990776488177681,-0.003780696764481213,-0.0006369594710492278,0.0,0.0,0.0,0.0011584306312371485,1477,1530
-1.2278926789344833,0.025601165572101476,0.0,0.0,0.0,-0.04306615302996248,0.9990722228463765,0.0042289842765150685,0.006171339801061788,0.0,0.0,0.0,-0.003794145809086225,1477,1530
-1.2279937084218888,0.02528027349710312,0.0,0.0,0.0,-0.04298367072383675,0.9990757749295619,-0.00036375098859315746,-0.001635436212087049,0.0,0.0,0.0,0.0008222983614000565,1477,1530
-1.22800062886611,0.02525139396206217,0.0,0.0,0.0,-0.04299804427050804,0.9990751564266381,-2.6386706273059426e-05,-0.0001755372235168557,0.0,0.0,0.0,-0.00017198964494852703,1477,1530
-1.22800062886611,0.02525139396206217,0.0,0.0,0.0,-0.04299804427050804,0.9990751564266381,-2.6386706273059426e-05,-0.0001755372235168557,0.0,0.0,0.0,-0.00017198964494852703,1477,1530
-1.2280215718441578,0.02529178601412018,0.0,0.0,0.0,-0.04296307927684564,0.9990766606317313,-0.00023905818275820698,0.00037763973416619977,0.0,0.0,0.0,0.0006875771744302032,1477,1530
-1.2280215718441578,0.02529178601412018,0.0,0.0,0.0,-0.04296307927684564,0.9990766606317313,-0.00023905818275820698,0.00037763973416619977,0.0,0.0,0.0,0.0006875771744302032,1477,1530
-1.2278950906032653,0.025647144827718963,0.0,0.0,0.0,-0.04304479278708786,0.999073143375357,0.00048579802733873903,0.001856078151874065,0.0,0.0,0.0,-0.000832036348990213,1477,1530
-1.2278950906032653,0.025647144827718963,0.0,0.0,0.0,-0.04304479278708786,0.999073143375357,0.00048579802733873903,0.001856078151874065,0.0,0.0,0.0,-0.000832036348990213,1477,1530
-1.227924627080954,0.02552777707357065,0.0,0.0,0.0,-0.0430295856872502,0.9990737984531392,-0.00011480752775054952,-0.0007278197518758593,0.0,0.0,0.0,0.00018241000328143514,1477,1530
-1.228537527367997,0.025382000894967987,0.0,0.0,0.0,-0.04289674741614501,0.9990795108804481,-0.002559897039605395,-0.0008471680651933924,0.0,0.0,0.0,0.00113816530038294,1477,1530
-1.228537527367997,0.025382000894967987,0.0,0.0,0.0,-0.04289674741614501,0.9990795108804481,-0.002559897039605395,-0.0008471680651933924,0.0,0.0,0.0,0.00113816530038294,1477,1530
-1.228305191854926,0.02532259488904605,0.0,0.0,0.0,-0.04295963441829376,0.9990768087642945,0.001781485861604376,-0.0002957404165680707,0.0,0.0,0.0,-0.0009480029721244426,1477,1530
-1.228305191854926,0.02532259488904605,0.0,0.0,0.0,-0.04295963441829376,0.9990768087642945,0.001781485861604376,-0.0002957404165680707,0.0,0.0,0.0,-0.0009480029721244426,1477,1530
-1.227808506099029,0.02551754532164804,0.0,0.0,0.0,-0.04306686748767394,0.9990721920486022,0.003578941280960995,0.0017730578081037874,0.0,0.0,0.0,-0.0016068687521514193,1477,1530
-1.2279106164799027,0.025484041127236977,0.0,0.0,0.0,-0.043007355549656325,0.9990747556457552,-0.0004235242292428816,-0.0001806675315989413,0.0,0.0,0.0,0.0005104404847335902,1477,1530
-1.2279106164799027,0.025484041127236977,0.0,0.0,0.0,-0.043007355549656325,0.9990747556457552,-0.0004235242292428816,-0.0001806675315989413,0.0,0.0,0.0,0.0005104404847335902,1477,1530
-1.2282948538596545,0.025535248659474763,0.0,0.0,0.0,-0.042981391634980166,0.9990758729811867,-0.0038734045846618792,0.0001800437556795814,0.0,0.0,0.0,0.0005199252831478946,1477,1530
-1.228311903153796,0.02540493217433791,0.0,0.0,0.0,-0.0429712586228579,0.9990763088635259,-8.710983734783829e-05,-0.0019739200828776124,0.0,0.0,0.0,0.0003049561093106991,1477,1530
-1.228311903153796,0.02540493217433791,0.0,0.0,0.0,-0.0429712586228579,0.9990763088635259,-8.710983734783829e-05,-0.0019739200828776124,0.0,0.0,0.0,0.0003049561093106991,1477,1530
-1.2281796209820948,0.0253019544702901,0.0,0.0,0.0,-0.04290742095290563,0.9990790525414744,0.000843483160038992,-0.0005472209276592544,0.0,0.0,0.0,0.0007664587836416421,1477,1530
-1.2281796209820948,0.0253019544702901,0.0,0.0,0.0,-0.04290742095290563,0.9990790525414744,0.000843483160038992,-0.0005472209276592544,0.0,0.0,0.0,0.0007664587836416421,1477,1530
-1.2281402839581423,0.025365849510171377,0.0,0.0,0.0,-0.042939942849674,0.9990776552941552,0.00011232263534992862,0.0002233265724130417,0.0,0.0,0.0,-0.00021690131125421387,1477,1530
-1.2281402839581423,0.025365849510171377,0.0,0.0,0.0,-0.042939942849674,0.9990776552941552,0.00011232263534992862,0.0002233265724130417,0.0,0.0,0.0,-0.00021690131125421387,1477,1530
-1.2281402839581423,0.025365849510171377,0.0,0.0,0.0,-0.042939942849674,0.9990776552941552,0.00011232263534992862,0.0002233265724130417,0.0,0.0,0.0,-0.00021690131125421387,1477,1530
-1.2281402839581423,0.025365849510171377,0.0,0.0,0.0,-0.042939942849674,0.9990776552941552,0.00011232263534992862,0.0002233265724130417,0.0,0.0,0.0,-0.00021690131125421387,1477,1530
-1.2280336531646856,0.02547222815800847,0.0,0.0,0.0,-0.043021845206374476,0.999074131801559,0.0005795583270259733,0.0006871331992957978,0.0,0.0,0.0,-0.000978498475952788,1477,1530
-1.2283854315848879,0.02548537058591943,0.0,0.0,0.0,-0.0429579012297936,0.9990768832887343,-0.0010576652273231724,-5.1578382587722774e-05,0.0,0.0,0.0,0.00038505545092483326,1477,1530
-1.2283854315848879,0.02548537058591943,0.0,0.0,0.0,-0.0429579012297936,0.9990768832887343,-0.0010576652273231724,-5.1578382587722774e-05,0.0,0.0,0.0,0.00038505545092483326,1477,1530
-1.2283854315848879,0.02548537058591943,0.0,0.0,0.0,-0.0429579012297936,0.9990768832887343,-0.0010576652273231724,-5.1578382587722774e-05,0.0,0.0,0.0,0.00038505545092483326,1477,1530
-1.2283854315848879,0.02548537058591943,0.0,0.0,0.0,-0.0429579012297936,0.9990768832887343,-0.0010576652273231724,-5.1578382587722774e-05,0.0,0.0,0.0,0.00038505545092483326,1477,1530
-1.2283559125143637,0.025339914052402428,0.0,0.0,0.0,-0.04293446926486138,0.9990778905315364,0.00041701688389880206,-0.0014172684469649218,0.0,0.0,0.0,0.00046690098105049813,1477,1530
-1.2283559125143637,0.025339914052402428,0.0,0.0,0.0,-0.04293446926486138,0.9990778905315364,0.00041701688389880206,-0.0014172684469649218,0.0,0.0,0.0,0.00046690098105049813,1477,1530
-1.2282180952680262,0.025462874088254078,0.0,0.0,0.0,-0.042986107844840485,0.9990756700732691,0.00031726118804616555,0.0003362066513192075,0.0,0.0,0.0,-0.0002587251417999322,1477,1530
-1.2282180952680262,0.025462874088254078,0.0,0.0,0.0,-0.042986107844840485,0.9990756700732691,0.00031726118804616555,0.0003362066513192075,0.0,0.0,0.0,-0.0002587251417999322,1477,1530
-1.2279913983459187,0.02535294735205962,0.0,0.0,0.0,-0.04300247097065918,0.9990749659011668,0.001175676388362114,-0.0004499271409503116,0.0,0.0,0.0,-0.00016366731963704154,1477,1530
-1.2279913983459187,0.02535294735205962,0.0,0.0,0.0,-0.04300247097065918,0.9990749659011668,0.001175676388362114,-0.0004499271409503116,0.0,0.0,0.0,-0.00016366731963704154,1477,1530
-1.2279913983459187,0.02535294735205962,0.0,0.0,0.0,-0.04300247097065918,0.9990749659011668,0.001175676388362114,-0.0004499271409503116,0.0,0.0,0.0,-0.00016366731963704154,1477,1530
-1.2279913983459187,0.02535294735205962,0.0,0.0,0.0,-0.04300247097065918,0.9990749659011668,0.001175676388362114,-0.0004499271409503116,0.0,0.0,0.0,-0.00016366731963704154,1477,1530
-1.2279913983459187,0.02535294735205962,0.0,0.0,0.0,-0.04300247097065918,0.9990749659011668,0.001175676388362114,-0.0004499271409503116,0.0,0.0,0.0,-0.00016366731963704154,1477,1530
-1.2279913983459187,0.02535294735205962,0.0,0.0,0.0,-0.04300247097065918,0.9990749659011668,0.001175676388362114,-0.0004499271409503116,0.0,0.0,0.0,-0.00016366731963704154,1477,1530
-1.227910316138265,0.02553328748943933,0.0,0.0,0.0,-0.04304747575662958,0.9990730277767399,0.0002449739424344865,0.0007003278853876348,0.0,0.0,0.0,-0.0003380549571351689,1477,1530
-1.227910316138265,0.02553328748943933,0.0,0.0,0.0,-0.04304747575662958,0.9990730277767399,0.0002449739424344865,0.0007003278853876348,0.0,0.0,0.0,-0.0003380549571351689,1477,1530
-1.228065842728839,0.025489745400333445,0.0,0.0,0.0,-0.042990978238889976,0.9990754605083959,-0.00028317115845028444,-0.00010629502925799503,0.0,0.0,0.0,0.00021180916181417616,1477,1530
-1.2280252678897474,0.025270811170182046,0.0,0.0,0.0,-0.04296394277650559,0.9990766234984668,0.0002226434689833347,-0.0008067970202042195,0.0,0.0,0.0,0.00020343231716081633,1477,1530
-1.2280252678897474,0.025270811170182046,0.0,0.0,0.0,-0.04296394277650559,0.9990766234984668,0.0002226434689833347,-0.0008067970202042195,0.0,0.0,0.0,0.00020343231716081633,1477,1530
-1.2280252678897474,0.025270811170182046,0.0,0.0,0.0,-0.04296394277650559,0.9990766234984668,0.0002226434689833347,-0.0008067970202042195,0.0,0.0,0.0,0.00020343231716081633,1477,1530
-1.2280078710475988,0.025354367757589643,0.0,0.0,0.0,-0.043014108649637506,0.9990744649209473,0.00010170185686824908,0.0008483152808439049,0.0,0.0,0.0,-0.0010053114730517651,1477,1530
-1.2281890147880143,0.025351120901470642,0.0,0.0,0.0,-0.04297276714030572,0.9990762439795599,-0.00077206084342338,-8.056715843840776e-05,0.0,0.0,0.0,0.0003545915570677075,1477,1530
-1.2281890147880143,0.025351120901470642,0.0,0.0,0.0,-0.04297276714030572,0.9990762439795599,-0.00077206084342338,-8.056715843840776e-05,0.0,0.0,0.0,0.0003545915570677075,1477,1530
-1.2281890147880143,0.025351120901470642,0.0,0.0,0.0,-0.04297276714030572,0.9990762439795599,-0.00077206084342338,-8.056715843840776e-05,0.0,0.0,0.0,0.0003545915570677075,1477,1530
-1.2280652891317592,0.02536923188344599,0.0,0.0,0.0,-0.04297615768698478,0.9990760981379063,0.0007296364693002348,0.0001718557020783302,0.0,0.0,0.0,-4.0688213945688565e-05,1477,1530
-1.2280652891317592,0.02536923188344599,0.0,0.0,0.0,-0.04297615768698478,0.9990760981379063,0.0007296364693002348,0.0001718557020783302,0.0,0.0,0.0,-4.0688213945688565e-05,1477,1530
-1.2283635873002223,0.025324656817163903,0.0,0.0,0.0,-0.04295173243419324,0.9990771485130172,-0.004394704432620273,-0.0010490021777867708,0.0,0.0,0.0,0.0007324643050378327,1477,1530
-1.2283635873002223,0.025324656817163903,0.0,0.0,0.0,-0.04295173243419324,0.9990771485130172,-0.004394704432620273,-0.0010490021777867708,0.0,0.0,0.0,0.0007324643050378327,1477,1530
-1.2280753839142649,0.025425180816176285,0.0,0.0,0.0,-0.04296767574892248,0.9990764629600357,0.0006963233056509114,0.0003122385271529139,0.0,0.0,0.0,-7.979502323023279e-05,1477,1530
-1.2280753839142649,0.025425180816176285,0.0,0.0,0.0,-0.04296767574892248,0.9990764629600357,0.0006963233056509114,0.0003122385271529139,0.0,0.0,0.0,-7.979502323023279e-05,1477,1530
-1.2281331865896048,0.025455464207975873,0.0,0.0,0.0,-0.04299473057922587,0.9990752990352728,-0.00030108928135161257,0.00012610423140283871,0.0,0.0,0.0,-0.00027092724351366736,1477,1530
-1.2281331865896048,0.025455464207975873,0.0,0.0,0.0,-0.04299473057922587,0.9990752990352728,-0.00030108928135161257,0.00012610423140283871,0.0,0.0,0.0,-0.00027092724351366736,1477,1530
-1.2281331865896048,0.025455464207975873,0.0,0.0,0.0,-0.04299473057922587,0.9990752990352728,-0.00030108928135161257,0.00012610423140283871,0.0,0.0,0.0,-0.00027092724351366736,1477,1530
-1.228175316340678,0.02528157431574487,0.0,0.0,0.0,-0.0429638345244863,0.999076628153693,-0.00013513506985766865,-0.0008840666283572064,0.0,0.0,0.0,0.0003091535560965,1477,1530
-1.228175316340678,0.02528157431574487,0.0,0.0,0.0,-0.0429638345244863,0.999076628153693,-0.00013513506985766865,-0.0008840666283572064,0.0,0.0,0.0,0.0003091535560965,1477,1530
