Position_X,Position_Y,Position_Z,Orientation_X,Orientation_Y,Orientation_Z,Orientation_W,Twist_Linear_X,Twist_Linear_Y,Twist_Linear_Z,Twist_Angular_X,Twist_Angular_Y,Twist_Angular_Z,Steer_PWM,Throttle_PWM
-0.006047880341864227,0.0022679468935308347,0.0,0.0,0.0,2.165405269355542e-05,0.999999999765551,0.001320043176642391,0.0016199782598919903,0.0,0.0,0.0,-0.0007719162725025832,1477,1530
-0.006203743833624064,0.0020527096191194855,0.0,0.0,0.0,5.094577924361829e-05,0.9999999987022637,-0.0015583852865592566,-0.002151831837565485,0.0,0.0,0.0,0.000585705676075662,1477,1530
-0.006025749813553612,0.0021312867736417943,0.0,0.0,0.0,2.197989706311745e-05,0.999999999758442,0.0013338780601678596,0.0005886907763107173,0.0,0.0,0.0,-0.000434118147230265,1477,1530
-0.0060422999658312606,0.002033249873372711,0.0,0.0,0.0,7.040077476185983e-05,0.9999999975218654,-0.00012406758507100171,-0.0007347331027502627,0.0,0.0,0.0,0.0007257815310715747,1477,1530
-0.0060422999658312606,0.002033249873372711,0.0,0.0,0.0,7.040077476185983e-05,0.9999999975218654,-0.00012406758507100171,-0.0007347331027502627,0.0,0.0,0.0,0.0007257815310715747,1477,1530
-0.00626088384069639,0.001841288871331378,0.0,0.0,0.0,9.746303094326779e-05,0.9999999952504788,-0.0016421599494071482,-0.0014417402060507983,0.0,0.0,0.0,0.0004065721624087531,1477,1530
-0.005977940353624884,0.0014596923104084798,0.0,0.0,0.0,0.0001495355250891606,0.9999999888195633,0.0021188855240984955,-0.0028588356971415802,0.0,0.0,0.0,0.0007801181211147638,1477,1530
-0.006121237034194542,0.0017537476553012585,0.0,0.0,0.0,0.00010723821945279484,0.9999999942499821,-0.0010735448111767489,0.0022046671436631434,0.0,0.0,0.0,-0.0006341520258999979,1477,1530
-0.006121237034194542,0.0017537476553012585,0.0,0.0,0.0,0.00010723821945279484,0.9999999942499821,-0.0010735448111767489,0.0022046671436631434,0.0,0.0,0.0,-0.0006341520258999979,1477,1530
-0.006158198427848099,0.0021623783149127317,0.0,0.0,0.0,3.29872721410385e-05,0.9999999994559199,-0.0002764957607939744,0.0030641535198519883,0.0,0.0,0.0,-0.0011135331535169586,1477,1530
-0.006316325026135483,0.00279855682676491,0.0,0.0,0.0,-3.5432841985116695e-05,0.9999999993722568,-0.00118744555213604,0.004778704595492415,0.0,0.0,0.0,-0.0010278692118405974,1477,1530
-0.006150923323570483,0.003132087596253627,0.0,0.0,0.0,-0.0001021028032373771,0.9999999947875088,0.001238731339891771,0.0024983333330038013,0.0,0.0,0.0,-0.0009987560315320573,1477,1530
-0.006150923323570483,0.003132087596253627,0.0,0.0,0.0,-0.0001021028032373771,0.9999999947875088,0.001238731339891771,0.0024983333330038013,0.0,0.0,0.0,-0.0009987560315320573,1477,1530
-0.0054557038636907414,0.002084356538623025,0.0,0.0,0.0,-2.2414873672494847e-06,0.9999999999974879,0.005213925610581577,-0.007854169051392629,0.0,0.0,0.0,0.0014973956497459117,1477,1530
-0.006021449001631011,0.00257301493198789,0.0,0.0,0.0,-5.102835067822679e-05,0.9999999986980537,-0.004248755809560336,0.003669799762224722,0.0,0.0,0.0,-0.0007327775438398182,1477,1530
-0.006021449001631011,0.00257301493198789,0.0,0.0,0.0,-5.102835067822679e-05,0.9999999986980537,-0.004248755809560336,0.003669799762224722,0.0,0.0,0.0,-0.0007327775438398182,1477,1530
-0.006612850631732157,0.0018869761909691002,0.0,0.0,0.0,6.844684535441353e-05,0.9999999976575147,-0.004429052161381997,-0.0051388571360290744,0.0,0.0,0.0,0.0017897296995624823,1477,1530
-0.006468350383010993,0.002423106699632298,0.0,0.0,0.0,4.960731479706267e-05,0.9999999987695571,0.0008664160049565258,0.003212860308199353,0.0,0.0,0.0,-0.00022580701157032476,1477,1530
-0.006593951872056148,0.0025485703821253695,0.0,0.0,0.0,4.493422910112151e-05,0.9999999989904576,-0.0009434202011268095,0.0009425721214591608,0.0,0.0,0.0,-7.020809190359853e-05,1477,1530
-0.006593951872056148,0.0025485703821253695,0.0,0.0,0.0,4.493422910112151e-05,0.9999999989904576,-0.0009434202011268095,0.0009425721214591608,0.0,0.0,0.0,-7.020809190359853e-05,1477,1530
-0.006443728890725283,0.0027632785207050868,0.0,0.0,0.0,-3.367066079793268e-05,0.9999999994331433,0.0015042278355386172,0.002149525805015861,0.0,0.0,0.0,-0.0015739865806886457,1477,1530
-0.006262908250502307,0.002951974472864199,0.0,0.0,0.0,-8.806405288070948e-05,0.9999999961223612,0.0010836036197136942,0.0011309504394882816,0.0,0.0,0.0,-0.0006519722418274194,1477,1530
-0.006356584431155705,0.0027135717957866,0.0,0.0,0.0,7.1333633819732606e-06,0.9999999999745576,-0.0007032656095647478,-0.0017907134667349966,0.0,0.0,0.0,0.0014300133125952977,1477,1530
-0.006356584431155705,0.0027135717957866,0.0,0.0,0.0,7.1333633819732606e-06,0.9999999999745576,-0.0007032656095647478,-0.0017907134667349966,0.0,0.0,0.0,0.0014300133125952977,1477,1530
-0.006588467680589865,0.002690707296523516,0.0,0.0,0.0,-6.921451768944789e-06,0.9999999999760467,-0.0017362013178703214,-0.0001711705105332245,0.0,0.0,0.0,-0.000210467589370477,1477,1530
-0.00657518736800896,0.002762001102394192,0.0,0.0,0.0,-1.938379718385921e-05,0.9999999998121342,9.95922037120595e-05,0.0005346902187834685,0.0,0.0,0.0,-0.0001869300406601381,1477,1530
-0.006603446232821674,0.0027947515591477457,0.0,0.0,0.0,-7.393930951027702e-06,0.9999999999726649,-0.00016763037528561857,0.00019425907964323662,0.0,0.0,0.0,0.00014224035487751907,1477,1530
-0.006603446232821674,0.0027947515591477457,0.0,0.0,0.0,-7.393930951027702e-06,0.9999999999726649,-0.00016763037528561857,0.00019425907964323662,0.0,0.0,0.0,0.00014224035487751907,1477,1530
-0.006635703597726335,0.00267629137933483,0.0,0.0,0.0,6.558675437811991e-06,0.9999999999784919,-0.00032898448818263027,-0.0012082150910533915,0.0,0.0,0.0,0.00028461347507295317,1477,1530
-0.006822910644630022,0.00253663509475183,0.0,0.0,0.0,-2.8310135904849967e-06,0.9999999999959926,-0.0014038174134696163,-0.0010472178356626541,0.0,0.0,0.0,-0.00014082033981283043,1477,1530
-0.006822910644630022,0.00253663509475183,0.0,0.0,0.0,-2.8310135904849967e-06,0.9999999999959926,-0.0014038174134696163,-0.0010472178356626541,0.0,0.0,0.0,-0.00014082033981283043,1477,1530
-0.006561729729047139,0.0025099562619615664,0.0,0.0,0.0,2.4800252577356897e-05,0.9999999996924738,0.001961643533579978,-0.00020036467265811911,0.0,0.0,0.0,0.000415058375396141,1477,1530
-0.00615228722863835,0.0025487603028290125,0.0,0.0,0.0,-2.5568945001190666e-05,0.9999999996731145,0.0030670224091952788,0.0002905170245834589,0.0,0.0,0.0,-0.0007546003724758626,1477,1530
-0.006443793496950903,0.0027029143918717038,0.0,0.0,0.0,-2.5554007506717395e-05,0.9999999996734963,-0.001747351533556169,0.0009239185637386668,0.0,0.0,0.0,1.7907229402214002e-07,1477,1530
-0.006443793496950903,0.0027029143918717038,0.0,0.0,0.0,-2.5554007506717395e-05,0.9999999996734963,-0.001747351533556169,0.0009239185637386668,0.0,0.0,0.0,1.7907229402214002e-07,1477,1530
-0.006703658286465986,0.002702577972918898,0.0,0.0,0.0,1.5310780052488068e-05,0.99999999988279,-0.0019452120784327718,-2.617672659485516e-06,0.0,0.0,0.0,0.0006117849504642681,1477,1530
-0.006647558663540349,0.002629985901855332,0.0,0.0,0.0,2.4434110913060434e-05,0.9999999997014871,0.00042193724063472644,-0.0005460150196123929,0.0,0.0,0.0,0.00013724247641673547,1477,1530
-0.006647558663540349,0.002629985901855332,0.0,0.0,0.0,2.4434110913060434e-05,0.9999999997014871,0.00042193724063472644,-0.0005460150196123929,0.0,0.0,0.0,0.00013724247641673547,1477,1530
-0.006600923855987818,0.0026173550838679517,0.0,0.0,0.0,4.277594253144057e-05,0.9999999990851094,0.00046629527298501896,-0.00012631833749043403,0.0,0.0,0.0,0.00036679995256405374,1477,1530
-0.006723215276265078,0.0027587687458221124,0.0,0.0,0.0,-2.345550058448274e-05,0.9999999997249197,-0.0006113538133549865,0.0007070711235122078,0.0,0.0,0.0,-0.0006622680720619284,1477,1530
-0.006664924090662161,0.0028522534185682438,0.0,0.0,0.0,-1.0456296123991699e-05,0.999999999945333,0.00043698494631430065,0.0007008892156566262,0.0,0.0,0.0,0.00019491399961142446,1477,1530
-0.006630297971604648,0.002934538447853389,0.0,0.0,0.0,-1.653205083047273e-05,0.9999999998633456,0.00025877726649234796,0.0006149906830273614,0.0,0.0,0.0,-9.081845600906084e-05,1477,1530
-0.006630297971604648,0.002934538447853389,0.0,0.0,0.0,-1.653205083047273e-05,0.9999999998633456,0.00025877726649234796,0.0006149906830273614,0.0,0.0,0.0,-9.081845600906084e-05,1477,1530
-0.006886818914968804,0.0027835228239152525,0.0,0.0,0.0,1.1991978636552319e-05,0.9999999999280962,-0.0019313196909176852,-0.0011370670272335813,0.0,0.0,0.0,0.00042951730496687334,1477,1530
-0.006886818914968804,0.0027835228239152525,0.0,0.0,0.0,1.1991978636552319e-05,0.9999999999280962,-0.0019313196909176852,-0.0011370670272335813,0.0,0.0,0.0,0.00042951730496687334,1477,1530
-0.006470495694813095,0.002416365399141182,0.0,0.0,0.0,1.669543018338691e-05,0.9999999998606313,0.0031214294808393065,-0.002752936574470048,0.0,0.0,0.0,7.05307902994674e-05,1477,1530
-0.006409827335439853,0.0024621705420273987,0.0,0.0,0.0,4.0569167582873696e-05,0.9999999991770713,0.000364097249686738,0.00027487752634242844,0.0,0.0,0.0,0.00028654616977119335,1477,1530
-0.006409827335439853,0.0024621705420273987,0.0,0.0,0.0,4.0569167582873696e-05,0.9999999991770713,0.000364097249686738,0.00027487752634242844,0.0,0.0,0.0,0.00028654616977119335,1477,1530
-0.0064534447350518285,0.0023448508752235654,0.0,0.0,0.0,3.6885318656143806e-05,0.9999999993197366,-0.00026158990856501164,-0.0007034353106829796,0.0,0.0,0.0,-4.417720690610348e-05,1477,1530
-0.006334859036063206,0.002547787460295748,0.0,0.0,0.0,-8.631689038841716e-06,0.9999999999627469,0.0008910041351610242,0.001524523784097218,0.0,0.0,0.0,-0.0006839057868023891,1477,1530
-0.006334859036063206,0.002547787460295748,0.0,0.0,0.0,-8.631689038841716e-06,0.9999999999627469,0.0008910041351610242,0.001524523784097218,0.0,0.0,0.0,-0.0006839057868023891,1477,1530
-0.006463344102049402,0.0027794648862052734,0.0,0.0,0.0,-3.709814955097054e-05,0.9999999993118637,-0.0012844411006352322,0.002315941498362887,0.0,0.0,0.0,-0.0005691300148285417,1477,1530
-0.006234452375321805,0.002721177347326318,0.0,0.0,0.0,-2.624762686694475e-05,0.999999999655531,0.0011445260351275464,-0.00029136443357489236,0.0,0.0,0.0,0.00010850956727577675,1477,1530
-0.006541147001626692,0.0024314450497274083,0.0,0.0,0.0,1.037463739865217e-05,0.9999999999461834,-0.0022968455858347523,-0.0021700423691370374,0.0,0.0,0.0,0.0005485577546862783,1477,1530
-0.006541147001626692,0.0024314450497274083,0.0,0.0,0.0,1.037463739865217e-05,0.9999999999461834,-0.0022968455858347523,-0.0021700423691370374,0.0,0.0,0.0,0.0005485577546862783,1477,1530
-0.006753369509606138,0.0027124172442378526,0.0,0.0,0.0,-1.3830073716282859e-05,0.9999999999043645,-0.001591354554459403,0.0021069663000772097,0.0,0.0,0.0,-0.00036300895517559856,1477,1530
-0.006455182354392941,0.0029088793579011758,0.0,0.0,0.0,-4.515904004668134e-05,0.9999999989803305,0.002240148758362383,0.0014760221886651677,0.0,0.0,0.0,-0.0004707300288514858,1477,1530
-0.006455182354392941,0.0029088793579011758,0.0,0.0,0.0,-4.515904004668134e-05,0.9999999989803305,0.002240148758362383,0.0014760221886651677,0.0,0.0,0.0,-0.0004707300288514858,1477,1530
-0.006159544261807716,0.00273248405534371,0.0,0.0,0.0,-2.7560408713264927e-05,0.9999999996202119,0.0017718581517817866,-0.0010569791645328066,0.0,0.0,0.0,0.00021093762286415705,1477,1530
-0.00618194177818304,0.002730764494165576,0.0,0.0,0.0,-5.2597338476705334e-05,0.99999999861676,-0.0001344802793049564,-1.0332130946825842e-05,0.0,0.0,0.0,-0.000300657225323477,1477,1530
-0.00618194177818304,0.002730764494165576,0.0,0.0,0.0,-5.2597338476705334e-05,0.99999999861676,-0.0001344802793049564,-1.0332130946825842e-05,0.0,0.0,0.0,-0.000300657225323477,1477,1530
-0.006640660416845722,0.002662692569082617,0.0,0.0,0.0,-8.377800803552687e-06,0.9999999999649062,-0.0034356035210531288,-0.0005101985474902817,0.0,0.0,0.0,0.0006623806359174535,1477,1530
-0.006353989747893948,0.002768412768018948,0.0,0.0,0.0,-4.019076058444927e-05,0.9999999991923514,0.0017218902454034714,0.0006350422095745072,0.0,0.0,0.0,-0.0003821720850076878,1477,1530
-0.006353989747893948,0.002768412768018948,0.0,0.0,0.0,-4.019076058444927e-05,0.9999999991923514,0.0017218902454034714,0.0006350422095745072,0.0,0.0,0.0,-0.0003821720850076878,1477,1530
-0.0063992654097541,0.002884788399252494,0.0,0.0,0.0,-5.512004683786874e-05,0.9999999984808902,-0.0003392059816194575,0.0008716807227628912,0.0,0.0,0.0,-0.0002236546934519227,1477,1530
-0.006605763533987172,0.003218156638134976,0.0,0.0,0.0,-6.5114893842355e-05,0.9999999978800252,-0.001548411541958435,0.002499122633611467,0.0,0.0,0.0,-0.00014986463279113393,1477,1530
-0.006906077533756846,0.0038510131375146424,0.0,0.0,0.0,-0.0002354742961353952,0.9999999722759276,-0.002251965350433802,0.00474400743805718,0.0,0.0,0.0,-0.002554248027993833,1477,1530
-0.006906077533756846,0.0038510131375146424,0.0,0.0,0.0,-0.0002354742961353952,0.9999999722759276,-0.002251965350433802,0.00474400743805718,0.0,0.0,0.0,-0.002554248027993833,1477,1530
-0.0066164350716891255,0.0028569403320726347,0.0,0.0,0.0,-4.558862065946763e-05,0.9999999989608388,0.002177092116848809,-0.007458848295739271,0.0,0.0,0.0,0.0028499381115316986,1477,1530
-0.0063162140347989715,0.002490177707695756,0.0,0.0,0.0,2.277598816991087e-05,0.9999999997406271,0.002251660887651233,-0.0027502118481452726,0.0,0.0,0.0,0.0010253563427105937,1477,1530
-0.006402407104562724,0.0024050272370886587,0.0,0.0,0.0,2.921300096555207e-05,0.9999999995733003,-0.0006386520293593912,-0.0006308693551318524,0.0,0.0,0.0,9.538646925222682e-05,1477,1530
-0.006402407104562724,0.0024050272370886587,0.0,0.0,0.0,2.921300096555207e-05,0.9999999995733003,-0.0006386520293593912,-0.0006308693551318524,0.0,0.0,0.0,9.538646925222682e-05,1477,1530
-0.0062331404571267365,0.002568252268548714,0.0,0.0,0.0,1.9302202107764717e-05,0.9999999998137125,0.0012867527440125444,0.0012406797382651658,0.0,0.0,0.0,-0.00015067385556515744,1477,1530
-0.0063450506175171,0.0022832922529004798,0.0,0.0,0.0,6.70506560539837e-05,0.9999999977521048,-0.0008383356380228347,-0.002134435636466545,0.0,0.0,0.0,0.000715311211306292,1477,1530
-0.0063450506175171,0.0022832922529004798,0.0,0.0,0.0,6.70506560539837e-05,0.9999999977521048,-0.0008383356380228347,-0.002134435636466545,0.0,0.0,0.0,0.000715311211306292,1477,1530
-0.0059629662929083765,0.002715001705689855,0.0,0.0,0.0,-3.2368378554807814e-05,0.999999999476144,0.00229487277190199,0.002592230428167631,0.0,0.0,0.0,-0.0011940792037101358,1477,1530
-0.005986766292790749,0.002890282388779396,0.0,0.0,0.0,-5.501450216333469e-05,0.9999999984867023,-0.0001783234124085623,0.0013126672257520304,0.0,0.0,0.0,-0.00033919408710752266,1477,1530
-0.005986766292790749,0.002890282388779396,0.0,0.0,0.0,-5.501450216333469e-05,0.9999999984867023,-0.0001783234124085623,0.0013126672257520304,0.0,0.0,0.0,-0.00033919408710752266,1477,1530
-0.00597813205290144,0.0028554816992132416,0.0,0.0,0.0,-6.486846551303166e-05,0.9999999978960411,8.640401830756009e-05,-0.00034809137805890045,0.0,0.0,0.0,-0.00019713249311874046,1477,1530
-0.006126884043562168,0.002734658272117554,0.0,0.0,0.0,-3.7192559677724534e-05,0.9999999993083567,-0.0007436927261321975,-0.00060422268686815,0.0,0.0,0.0,0.000276763210135081,1477,1530
-0.006081217245558013,0.0025649242968779993,0.0,0.0,0.0,-3.253621820301493e-05,0.9999999994706973,0.00034246810732861243,-0.001272505325564392,0.0,0.0,0.0,6.981911454273688e-05,1477,1530
-0.006081217245558013,0.0025649242968779993,0.0,0.0,0.0,-3.253621820301493e-05,0.9999999994706973,0.00034246810732861243,-0.001272505325564392,0.0,0.0,0.0,6.981911454273688e-05,1477,1530
-0.006094544992800636,0.0025255712965196226,0.0,0.0,0.0,-4.381331335500008e-06,0.9999999999904019,-0.00010009604893778572,-0.00029561812703977165,0.0,0.0,0.0,0.00042298739325022817,1477,1530
-0.006094544992800636,0.0025255712965196226,0.0,0.0,0.0,-4.381331335500008e-06,0.9999999999904019,-0.00010009604893778572,-0.00029561812703977165,0.0,0.0,0.0,0.00042298739325022817,1477,1530
-0.006094544992800636,0.0025255712965196226,0.0,0.0,0.0,-4.381331335500008e-06,0.9999999999904019,-0.00010009604893778572,-0.00029561812703977165,0.0,0.0,0.0,0.00042298739325022817,1477,1530
-0.006094544992800636,0.0025255712965196226,0.0,0.0,0.0,-4.381331335500008e-06,0.9999999999904019,-0.00010009604893778572,-0.00029561812703977165,0.0,0.0,0.0,0.00042298739325022817,1477,1530
-0.006094544992800636,0.0025255712965196226,0.0,0.0,0.0,-4.381331335500008e-06,0.9999999999904019,-0.00010009604893778572,-0.00029561812703977165,0.0,0.0,0.0,0.00042298739325022817,1477,1530
-0.006094544992800636,0.0025255712965196226,0.0,0.0,0.0,-4.381331335500008e-06,0.9999999999904019,-0.00010009604893778572,-0.00029561812703977165,0.0,0.0,0.0,0.00042298739325022817,1477,1530
-0.006275682212164721,0.0026906580530913636,0.0,0.0,0.0,-2.777522071915953e-05,0.9999999996142686,-0.0013567016639205603,0.0012364633620523136,0.0,0.0,0.0,-0.0003504335033791655,1477,1530
-0.006275682212164721,0.0026906580530913636,0.0,0.0,0.0,-2.777522071915953e-05,0.9999999996142686,-0.0013567016639205603,0.0012364633620523136,0.0,0.0,0.0,-0.0003504335033791655,1477,1530
-0.006275682212164721,0.0026906580530913636,0.0,0.0,0.0,-2.777522071915953e-05,0.9999999996142686,-0.0013567016639205603,0.0012364633620523136,0.0,0.0,0.0,-0.0003504335033791655,1477,1530
-0.006275682212164721,0.0026906580530913636,0.0,0.0,0.0,-2.777522071915953e-05,0.9999999996142686,-0.0013567016639205603,0.0012364633620523136,0.0,0.0,0.0,-0.0003504335033791655,1477,1530
-0.006275682212164721,0.0026906580530913636,0.0,0.0,0.0,-2.777522071915953e-05,0.9999999996142686,-0.0013567016639205603,0.0012364633620523136,0.0,0.0,0.0,-0.0003504335033791655,1477,1530
-0.006275682212164721,0.0026906580530913636,0.0,0.0,0.0,-2.777522071915953e-05,0.9999999996142686,-0.0013567016639205603,0.0012364633620523136,0.0,0.0,0.0,-0.0003504335033791655,1477,1530
-0.006275682212164721,0.0026906580530913636,0.0,0.0,0.0,-2.777522071915953e-05,0.9999999996142686,-0.0013567016639205603,0.0012364633620523136,0.0,0.0,0.0,-0.0003504335033791655,1477,1530
-0.006368750536822757,0.002239306010557406,0.0,0.0,0.0,9.057139909263042e-06,0.9999999999589841,-0.0001468965582335785,-0.0007126021472041396,0.0,0.0,0.0,0.00011630176090922926,1477,1530
-0.006368750536822757,0.002239306010557406,0.0,0.0,0.0,9.057139909263042e-06,0.9999999999589841,-0.0001468965582335785,-0.0007126021472041396,0.0,0.0,0.0,0.00011630176090922926,1477,1530
-0.006368750536822757,0.002239306010557406,0.0,0.0,0.0,9.057139909263042e-06,0.9999999999589841,-0.0001468965582335785,-0.0007126021472041396,0.0,0.0,0.0,0.00011630176090922926,1477,1530
-0.006368750536822757,0.002239306010557406,0.0,0.0,0.0,9.057139909263042e-06,0.9999999999589841,-0.0001468965582335785,-0.0007126021472041396,0.0,0.0,0.0,0.00011630176090922926,1477,1530
-0.006368750536822757,0.002239306010557406,0.0,0.0,0.0,9.057139909263042e-06,0.9999999999589841,-0.0001468965582335785,-0.0007126021472041396,0.0,0.0,0.0,0.00011630176090922926,1477,1530
-0.006368750536822757,0.002239306010557406,0.0,0.0,0.0,9.057139909263042e-06,0.9999999999589841,-0.0001468965582335785,-0.0007126021472041396,0.0,0.0,0.0,0.00011630176090922926,1477,1530
-0.006028280680302417,0.0028557939163820455,0.0,0.0,0.0,-4.059893922390176e-05,0.999999999175863,0.0004864647028383848,0.0008808027020044689,0.0,0.0,0.0,-0.0001418929578674807,1477,1530
-0.005844819671958791,0.002444891412912684,0.0,0.0,0.0,3.800417520183833e-06,0.9999999999927784,0.0003235781472252393,-0.0007245685441890085,0.0,0.0,0.0,0.0001565896700130329,1477,1530
-0.005844819671958791,0.002444891412912684,0.0,0.0,0.0,3.800417520183833e-06,0.9999999999927784,0.0003235781472252393,-0.0007245685441890085,0.0,0.0,0.0,0.0001565896700130329,1477,1530
-0.0059495642039228734,0.002075923109331933,0.0,0.0,0.0,6.713155918264269e-05,0.9999999977466769,-0.0006294685073150455,-0.002217272859297043,0.0,0.0,0.0,0.0007611641607939332,1477,1530
-0.005832635139331492,0.0022085178480458195,0.0,0.0,0.0,5.499306561982109e-05,0.9999999984878813,0.0008767683239408348,0.000993965080204274,0.0,0.0,0.0,-0.00018200824064697207,1477,1530
-0.005832635139331492,0.0022085178480458195,0.0,0.0,0.0,5.499306561982109e-05,0.9999999984878813,0.0008767683239408348,0.000993965080204274,0.0,0.0,0.0,-0.00018200824064697207,1477,1530
-0.005883934044016548,0.002352316021230802,0.0,0.0,0.0,-2.52588951431417e-06,0.9999999999968099,-0.00030070826704459256,0.0008432213630932006,0.0,0.0,0.0,-0.0006745469433173299,1477,1530
-0.006171204233818522,0.0021774770711356314,0.0,0.0,0.0,5.5788371942661256e-05,0.9999999984438288,-0.0022185185119013295,-0.0013502544758814399,0.0,0.0,0.0,0.000900696771920992,1477,1530
-0.006171204233818522,0.0021774770711356314,0.0,0.0,0.0,5.5788371942661256e-05,0.9999999984438288,-0.0022185185119013295,-0.0013502544758814399,0.0,0.0,0.0,0.000900696771920992,1477,1530
-0.006019636399203739,0.002393528172949435,0.0,0.0,0.0,2.4752703674364135e-05,0.9999999996936518,0.001121341686760195,0.0015980278502789878,0.0,0.0,0.0,-0.0004591482718839822,1477,1530
-0.006019636399203739,0.002393528172949435,0.0,0.0,0.0,2.4752703674364135e-05,0.9999999996936518,0.001121341686760195,0.0015980278502789878,0.0,0.0,0.0,-0.0004591482718839822,1477,1530
-0.005795476170497239,0.0026493452126083086,0.0,0.0,0.0,-3.697724090856904e-05,0.9999999993163418,0.0009691490290415287,0.001105905702769746,0.0,0.0,0.0,-0.0005337444245981167,1477,1530
-0.005795476170497239,0.0026493452126083086,0.0,0.0,0.0,-3.697724090856904e-05,0.9999999993163418,0.0009691490290415287,0.001105905702769746,0.0,0.0,0.0,-0.0005337444245981167,1477,1530
-0.005539994143692262,0.0025977025436223103,0.0,0.0,0.0,-5.154555598774748e-05,0.9999999986715278,0.001913278704987895,-0.0003865993784598677,0.0,0.0,0.0,-0.00021819797492847654,1477,1530
-0.005539994143692262,0.0025977025436223103,0.0,0.0,0.0,-5.154555598774748e-05,0.9999999986715278,0.001913278704987895,-0.0003865993784598677,0.0,0.0,0.0,-0.00021819797492847654,1477,1530
-0.0058130862054110635,0.002498308745337069,0.0,0.0,0.0,-3.0624135485313816e-07,0.9999999999999531,-0.0010246741673750127,-0.00037305708359793293,0.0,0.0,0.0,0.0003845265369882761,1477,1530
-0.0058130862054110635,0.002498308745337069,0.0,0.0,0.0,-3.0624135485313816e-07,0.9999999999999531,-0.0010246741673750127,-0.00037305708359793293,0.0,0.0,0.0,0.0003845265369882761,1477,1530
-0.0058130862054110635,0.002498308745337069,0.0,0.0,0.0,-3.0624135485313816e-07,0.9999999999999531,-0.0010246741673750127,-0.00037305708359793293,0.0,0.0,0.0,0.0003845265369882761,1477,1530
-0.006901598236675547,0.001334986460627019,0.0,0.0,0.0,0.00018949219099537336,0.9999999820463547,-0.005443835895182841,-0.005817981982789107,0.0,0.0,0.0,0.0018984304546040265,1477,1530
-0.006901598236675547,0.001334986460627019,0.0,0.0,0.0,0.00018949219099537336,0.9999999820463547,-0.005443835895182841,-0.005817981982789107,0.0,0.0,0.0,0.0018984304546040265,1477,1530
-0.006579386834205745,0.0019492924149388199,0.0,0.0,0.0,0.00010436776607298701,0.9999999945536847,0.001380674878023961,0.0026298756839639855,0.0,0.0,0.0,-0.0007289891347911844,1477,1530
-0.006579386834205745,0.0019492924149388199,0.0,0.0,0.0,0.00010436776607298701,0.9999999945536847,0.001380674878023961,0.0026298756839639855,0.0,0.0,0.0,-0.0007289891347911844,1477,1530
-0.005919924729276524,0.002314009045546968,0.0,0.0,0.0,2.8240211672628155e-06,0.9999999999960124,0.003298086869835505,0.0018231136210847708,0.0,0.0,0.0,-0.0010155593163248442,1477,1530
-0.005919924729276524,0.002314009045546968,0.0,0.0,0.0,2.8240211672628155e-06,0.9999999999960124,0.003298086869835505,0.0018231136210847708,0.0,0.0,0.0,-0.0010155593163248442,1477,1530
-0.006520699182765012,0.0027115499902615743,0.0,0.0,0.0,8.498248767268552e-06,0.9999999999638899,-0.003005033003625515,0.0019884972034484075,0.0,0.0,0.0,5.6764414122245916e-05,1477,1530
-0.006520699182765012,0.0027115499902615743,0.0,0.0,0.0,8.498248767268552e-06,0.9999999999638899,-0.003005033003625515,0.0019884972034484075,0.0,0.0,0.0,5.6764414122245916e-05,1477,1530
-0.006135845679249038,0.0021698202176003633,0.0,0.0,0.0,4.034041414907571e-05,0.9999999991863254,0.0014419044434306493,-0.0020297351582787056,0.0,0.0,0.0,0.0002386074588779712,1477,1530
-0.006135845679249038,0.0021698202176003633,0.0,0.0,0.0,4.034041414907571e-05,0.9999999991863254,0.0014419044434306493,-0.0020297351582787056,0.0,0.0,0.0,0.0002386074588779712,1477,1530
-0.005877679149643419,0.002427290732542716,0.0,0.0,0.0,1.824788052509946e-05,0.9999999998335074,0.0012909429632135937,0.0012872548613489737,0.0,0.0,0.0,-0.0002209264409532818,1477,1530
-0.0057112819008966476,0.0025380187058050992,0.0,0.0,0.0,-1.0995402559550804e-05,0.9999999999395506,0.0012491557734542144,0.0008311768577250598,0.0,0.0,0.0,-0.00043905207650594226,1477,1530
-0.0057112819008966476,0.0025380187058050992,0.0,0.0,0.0,-1.0995402559550804e-05,0.9999999999395506,0.0012491557734542144,0.0008311768577250598,0.0,0.0,0.0,-0.00043905207650594226,1477,1530
-0.006026687279564388,0.002422704922415777,0.0,0.0,0.0,-1.7355921334288586e-06,0.9999999999984939,-0.001890620966572987,-0.0006912676120464862,0.0,0.0,0.0,0.00011101226346423258,1477,1530
-0.006026687279564388,0.002422704922415777,0.0,0.0,0.0,-1.7355921334288586e-06,0.9999999999984939,-0.001890620966572987,-0.0006912676120464862,0.0,0.0,0.0,0.00011101226346423258,1477,1530
-0.006026687279564388,0.002422704922415777,0.0,0.0,0.0,-1.7355921334288586e-06,0.9999999999984939,-0.001890620966572987,-0.0006912676120464862,0.0,0.0,0.0,0.00011101226346423258,1477,1530
-0.005783353445798931,0.002869342237747784,0.0,0.0,0.0,-9.570606176698478e-05,0.9999999954201748,0.0012168500287723046,0.0022335369981641745,0.0,0.0,0.0,-0.0009398503732214541,1477,1530
-0.005783353445798931,0.002869342237747784,0.0,0.0,0.0,-9.570606176698478e-05,0.9999999954201748,0.0012168500287723046,0.0022335369981641745,0.0,0.0,0.0,-0.0009398503732214541,1477,1530
-0.006074712836037767,0.0025730762216408737,0.0,0.0,0.0,-2.988787368504245e-05,0.9999999995533575,-0.0012489663900972037,-0.001270485906484301,0.0,0.0,0.0,0.0005643937503040038,1477,1530
-0.006074712836037767,0.0025730762216408737,0.0,0.0,0.0,-2.988787368504245e-05,0.9999999995533575,-0.0012489663900972037,-0.001270485906484301,0.0,0.0,0.0,0.0005643937503040038,1477,1530
-0.00632478942804779,0.0022813500199618635,0.0,0.0,0.0,6.0112077934970736e-05,0.999999998193269,-0.0012494086868899,-0.0014576708020955197,0.0,0.0,0.0,0.0008993609691035888,1477,1530
-0.00632478942804779,0.0022813500199618635,0.0,0.0,0.0,6.0112077934970736e-05,0.999999998193269,-0.0012494086868899,-0.0014576708020955197,0.0,0.0,0.0,0.0008993609691035888,1477,1530
-0.006200641921992071,0.0023674374812938355,0.0,0.0,0.0,9.310700518355194e-06,0.9999999999566554,0.0005325463453326979,0.00036918819241971607,0.0,0.0,0.0,-0.00043580147062564933,1477,1530
-0.006200641921992071,0.0023674374812938355,0.0,0.0,0.0,9.310700518355194e-06,0.9999999999566554,0.0005325463453326979,0.00036918819241971607,0.0,0.0,0.0,-0.00043580147062564933,1477,1530
-0.006200641921992071,0.0023674374812938355,0.0,0.0,0.0,9.310700518355194e-06,0.9999999999566554,0.0005325463453326979,0.00036918819241971607,0.0,0.0,0.0,-0.00043580147062564933,1477,1530
-0.0056836574027424374,0.0026604299539797083,0.0,0.0,0.0,-4.309832984154646e-05,0.999999999071267,0.0025845363496357285,0.0014646798795143376,0.0,0.0,0.0,-0.0005240064624598707,1477,1530
-0.0056836574027424374,0.0026604299539797083,0.0,0.0,0.0,-4.309832984154646e-05,0.999999999071267,0.0025845363496357285,0.0014646798795143376,0.0,0.0,0.0,-0.0005240064624598707,1477,1530
-0.0056836574027424374,0.0026604299539797083,0.0,0.0,0.0,-4.309832984154646e-05,0.999999999071267,0.0025845363496357285,0.0014646798795143376,0.0,0.0,0.0,-0.0005240064624598707,1477,1530
-0.0056836574027424374,0.0026604299539797083,0.0,0.0,0.0,-4.309832984154646e-05,0.999999999071267,0.0025845363496357285,0.0014646798795143376,0.0,0.0,0.0,-0.0005240064624598707,1477,1530
-0.006001168019811067,0.0023083057869593433,0.0,0.0,0.0,1.7000728800666318e-05,0.9999999998554876,-0.0010582040542971977,-0.0011737680208081765,0.0,0.0,0.0,0.00040063635262014544,1477,1530
-0.006248781670667383,0.003202996444581417,0.0,0.0,0.0,-0.00010454198884737398,0.9999999945354863,-0.000742777172535561,0.0026841965442619816,0.0,0.0,0.0,-0.0007292832887218746,1477,1530
-0.006248781670667383,0.003202996444581417,0.0,0.0,0.0,-0.00010454198884737398,0.9999999945354863,-0.000742777172535561,0.0026841965442619816,0.0,0.0,0.0,-0.0007292832887218746,1477,1530
-0.006140488718255891,0.0027766185649003156,0.0,0.0,0.0,-2.988268398293549e-05,0.9999999995535126,0.0005418563085042311,-0.0021315629839025467,0.0,0.0,0.0,0.0007465183979707644,1477,1530
-0.006140488718255891,0.0027766185649003156,0.0,0.0,0.0,-2.988268398293549e-05,0.9999999995535126,0.0005418563085042311,-0.0021315629839025467,0.0,0.0,0.0,0.0007465183979707644,1477,1530
-0.006742951095140203,0.0026012181074117425,0.0,0.0,0.0,6.552682633946354e-05,0.9999999978531176,-0.003609484823588239,-0.0010510967932090777,0.0,0.0,0.0,0.0011432586841731676,1477,1530
-0.006742951095140203,0.0026012181074117425,0.0,0.0,0.0,6.552682633946354e-05,0.9999999978531176,-0.003609484823588239,-0.0010510967932090777,0.0,0.0,0.0,0.0011432586841731676,1477,1530
-0.006742951095140203,0.0026012181074117425,0.0,0.0,0.0,6.552682633946354e-05,0.9999999978531176,-0.003609484823588239,-0.0010510967932090777,0.0,0.0,0.0,0.0011432586841731676,1477,1530
-0.006742951095140203,0.0026012181074117425,0.0,0.0,0.0,6.552682633946354e-05,0.9999999978531176,-0.003609484823588239,-0.0010510967932090777,0.0,0.0,0.0,0.0011432586841731676,1477,1530
-0.006742951095140203,0.0026012181074117425,0.0,0.0,0.0,6.552682633946354e-05,0.9999999978531176,-0.003609484823588239,-0.0010510967932090777,0.0,0.0,0.0,0.0011432586841731676,1477,1530
-0.006500263497725851,0.00268218783811436,0.0,0.0,0.0,-2.2921705793508967e-05,0.9999999997372977,0.0012136670152632474,0.00040474831306166787,0.0,0.0,0.0,-0.0008846135896359797,1477,1530
-0.006500263497725851,0.00268218783811436,0.0,0.0,0.0,-2.2921705793508967e-05,0.9999999997372977,0.0012136670152632474,0.00040474831306166787,0.0,0.0,0.0,-0.0008846135896359797,1477,1530
-0.006086016624616117,0.0024973891129632564,0.0,0.0,0.0,3.801079768666357e-05,0.9999999992775896,0.0008876855854544765,-0.00039595459408492477,0.0,0.0,0.0,0.000261137994825575,1477,1530
-0.006086016624616117,0.0024973891129632564,0.0,0.0,0.0,3.801079768666357e-05,0.9999999992775896,0.0008876855854544765,-0.00039595459408492477,0.0,0.0,0.0,0.000261137994825575,1477,1530
-0.006086016624616117,0.0024973891129632564,0.0,0.0,0.0,3.801079768666357e-05,0.9999999992775896,0.0008876855854544765,-0.00039595459408492477,0.0,0.0,0.0,0.000261137994825575,1477,1530
-0.0059762957228088505,0.0030292127894850094,0.0,0.0,0.0,-6.911417500427916e-05,0.9999999976116154,0.0005486228692114636,0.002658186176765673,0.0,0.0,0.0,-0.001070890977024992,1477,1530
-0.006243120541729114,0.0025507950709825686,0.0,0.0,0.0,7.098694046223363e-06,0.9999999999748043,-0.0008897086836057364,-0.0015957688823429223,0.0,0.0,0.0,0.0005083789587449211,1477,1530
-0.006243120541729114,0.0025507950709825686,0.0,0.0,0.0,7.098694046223363e-06,0.9999999999748043,-0.0008897086836057364,-0.0015957688823429223,0.0,0.0,0.0,0.0005083789587449211,1477,1530
-0.006395329456767549,0.002690468502274462,0.0,0.0,0.0,1.1579838139843321e-06,0.9999999999993295,-0.0009122545327466754,0.0008371477596052356,0.0,0.0,0.0,-7.121147197448497e-05,1477,1530
-0.006395329456767549,0.002690468502274462,0.0,0.0,0.0,1.1579838139843321e-06,0.9999999999993295,-0.0009122545327466754,0.0008371477596052356,0.0,0.0,0.0,-7.121147197448497e-05,1477,1530
-0.006988258495410329,0.002317185523085513,0.0,0.0,0.0,8.234866764042555e-05,0.9999999966093485,-0.0035576149950648636,-0.002239712033021263,0.0,0.0,0.0,0.0009742979489432373,1477,1530
-0.006988258495410329,0.002317185523085513,0.0,0.0,0.0,8.234866764042555e-05,0.9999999966093485,-0.0035576149950648636,-0.002239712033021263,0.0,0.0,0.0,0.0009742979489432373,1477,1530
-0.006988258495410329,0.002317185523085513,0.0,0.0,0.0,8.234866764042555e-05,0.9999999966093485,-0.0035576149950648636,-0.002239712033021263,0.0,0.0,0.0,0.0009742979489432373,1477,1530
-0.006967987670853079,0.0019249084087873494,0.0,0.0,0.0,0.00012246114025496168,0.9999999925016345,0.00012138417857884361,-0.0023565340914224664,0.0,0.0,0.0,0.00048193281250465234,1477,1530
-0.006967987670853079,0.0019249084087873494,0.0,0.0,0.0,0.00012246114025496168,0.9999999925016345,0.00012138417857884361,-0.0023565340914224664,0.0,0.0,0.0,0.00048193281250465234,1477,1530
-0.007613851716904383,0.0008700151851402228,0.0,0.0,0.0,0.00033740518570725,0.9999999430788686,-0.0024209042332758745,-0.003951902093772991,0.0,0.0,0.0,0.0016107132812994544,1477,1530
-0.007613851716904383,0.0008700151851402228,0.0,0.0,0.0,0.00033740518570725,0.9999999430788686,-0.0024209042332758745,-0.003951902093772991,0.0,0.0,0.0,0.0016107132812994544,1477,1530
-0.00777260486417955,0.001236334134618162,0.0,0.0,0.0,0.00016901422405918531,0.9999999857170959,-0.0005947108924354488,0.0013748226977366696,0.0,0.0,0.0,-0.0012635987967359258,1477,1530
-0.00777260486417955,0.001236334134618162,0.0,0.0,0.0,0.00016901422405918531,0.9999999857170959,-0.0005947108924354488,0.0013748226977366696,0.0,0.0,0.0,-0.0012635987967359258,1477,1530
-0.0073617465332679235,0.0016844231370860337,0.0,0.0,0.0,0.00010865125350019847,0.9999999940974525,0.002044265371498275,0.002227997787002621,0.0,0.0,0.0,-0.0006004622726440804,1477,1530
-0.0073617465332679235,0.0016844231370860337,0.0,0.0,0.0,0.00010865125350019847,0.9999999940974525,0.002044265371498275,0.002227997787002621,0.0,0.0,0.0,-0.0006004622726440804,1477,1530
-0.005773054560524886,0.002108155695409384,0.0,0.0,0.0,5.455341358948356e-05,0.9999999985119625,0.00797854696071147,0.0021261641603180486,0.0,0.0,0.0,-0.0005433364810381243,1477,1530
-0.005773054560524886,0.002108155695409384,0.0,0.0,0.0,5.455341358948356e-05,0.9999999985119625,0.00797854696071147,0.0021261641603180486,0.0,0.0,0.0,-0.0005433364810381243,1477,1530
-0.005773054560524886,0.002108155695409384,0.0,0.0,0.0,5.455341358948356e-05,0.9999999985119625,0.00797854696071147,0.0021261641603180486,0.0,0.0,0.0,-0.0005433364810381243,1477,1530
-0.005641827556430861,0.002088818136986977,0.0,0.0,0.0,1.9898493718911953e-05,0.9999999998020249,0.0005624221285409387,-8.294099574981564e-05,0.0,0.0,0.0,-0.0002970578721107924,1477,1530
-0.005641827556430861,0.002088818136986977,0.0,0.0,0.0,1.9898493718911953e-05,0.9999999998020249,0.0005624221285409387,-8.294099574981564e-05,0.0,0.0,0.0,-0.0002970578721107924,1477,1530
-0.005587470771677222,0.002017328652384261,0.0,0.0,0.0,5.184294129087793e-05,0.9999999986561547,0.00023290586162269736,-0.00030634069829150404,0.0,0.0,0.0,0.0002737630110462037,1477,1530
-0.005587470771677222,0.002017328652384261,0.0,0.0,0.0,5.184294129087793e-05,0.9999999986561547,0.00023290586162269736,-0.00030634069829150404,0.0,0.0,0.0,0.0002737630110462037,1477,1530
-0.005587470771677222,0.002017328652384261,0.0,0.0,0.0,5.184294129087793e-05,0.9999999986561547,0.00023290586162269736,-0.00030634069829150404,0.0,0.0,0.0,0.0002737630110462037,1477,1530
-0.005712083254274041,0.002220934661130645,0.0,0.0,0.0,8.55298011514255e-05,0.9999999963423265,-0.0005344195649638915,0.000873398681475656,0.0,0.0,0.0,0.00028899139495082915,1477,1530
-0.005712083254274041,0.002220934661130645,0.0,0.0,0.0,8.55298011514255e-05,0.9999999963423265,-0.0005344195649638915,0.000873398681475656,0.0,0.0,0.0,0.00028899139495082915,1477,1530
-0.005509332763598603,0.0022606407254174687,0.0,0.0,0.0,6.038227409902602e-05,0.9999999981769905,0.0008686669057829003,0.00016996290373983198,0.0,0.0,0.0,-0.00021547758570541773,1477,1530
-0.005509332763598603,0.0022606407254174687,0.0,0.0,0.0,6.038227409902602e-05,0.9999999981769905,0.0008686669057829003,0.00016996290373983198,0.0,0.0,0.0,-0.00021547758570541773,1477,1530
-0.0060200764439945305,0.002134674133159922,0.0,0.0,0.0,6.476075005536871e-05,0.9999999979030226,-0.0019076745971641756,-0.0004702524160069993,0.0,0.0,0.0,3.2707046525933724e-05,1477,1530
-0.0060200764439945305,0.002134674133159922,0.0,0.0,0.0,6.476075005536871e-05,0.9999999979030226,-0.0019076745971641756,-0.0004702524160069993,0.0,0.0,0.0,3.2707046525933724e-05,1477,1530
-0.006053673769379116,0.0020455495580037116,0.0,0.0,0.0,9.794791508203441e-05,0.9999999952031029,-0.00016836929599838097,-0.000446462787342907,0.0,0.0,0.0,0.0003325134021854358,1477,1530
-0.006053673769379116,0.0020455495580037116,0.0,0.0,0.0,9.794791508203441e-05,0.9999999952031029,-0.00016836929599838097,-0.000446462787342907,0.0,0.0,0.0,0.0003325134021854358,1477,1530
-0.006264528999745273,0.0019905746119332603,0.0,0.0,0.0,9.558242593042199e-05,0.9999999954319999,-0.0009062722765887064,-0.00023609702569008922,0.0,0.0,0.0,-2.0333076860202668e-05,1477,1530
-0.006264528999745273,0.0019905746119332603,0.0,0.0,0.0,9.558242593042199e-05,0.9999999954319999,-0.0009062722765887064,-0.00023609702569008922,0.0,0.0,0.0,-2.0333076860202668e-05,1477,1530
-0.006264528999745273,0.0019905746119332603,0.0,0.0,0.0,9.558242593042199e-05,0.9999999954319999,-0.0009062722765887064,-0.00023609702569008922,0.0,0.0,0.0,-2.0333076860202668e-05,1477,1530
-0.006143863628227334,0.002008558622914772,0.0,0.0,0.0,9.495936115934377e-05,0.9999999954913599,0.0006020406181812396,8.961071118599348e-05,0.0,0.0,0.0,-6.217187528059962e-06,1477,1530
-0.006143863628227334,0.002008558622914772,0.0,0.0,0.0,9.495936115934377e-05,0.9999999954913599,0.0006020406181812396,8.961071118599348e-05,0.0,0.0,0.0,-6.217187528059962e-06,1477,1530
-0.005973052974497326,0.0021558936408377777,0.0,0.0,0.0,0.00010693589413157698,0.9999999942823573,0.0007330368337555932,0.0006320479847114635,0.0,0.0,0.0,0.00010277815660649322,1477,1530
-0.005973052974497326,0.0021558936408377777,0.0,0.0,0.0,0.00010693589413157698,0.9999999942823573,0.0007330368337555932,0.0006320479847114635,0.0,0.0,0.0,0.00010277815660649322,1477,1530
-0.006550016991559347,0.0019672311695752504,0.0,0.0,0.0,0.00013312726834547144,0.9999999911385652,-0.0028845169767610724,-0.0009425304102898087,0.0,0.0,0.0,0.0002618679171177619,1477,1530
-0.006550016991559347,0.0019672311695752504,0.0,0.0,0.0,0.00013312726834547144,0.9999999911385652,-0.0028845169767610724,-0.0009425304102898087,0.0,0.0,0.0,0.0002618679171177619,1477,1530
-0.006550016991559347,0.0019672311695752504,0.0,0.0,0.0,0.00013312726834547144,0.9999999911385652,-0.0028845169767610724,-0.0009425304102898087,0.0,0.0,0.0,0.0002618679171177619,1477,1530
-0.0072777523004218855,0.0011253906333974066,0.0,0.0,0.0,0.00028417575570966695,0.9999999596220691,-0.0031193894008868634,-0.0036065525548383483,0.0,0.0,0.0,0.0012945201119391359,1477,1530
-0.0072777523004218855,0.0011253906333974066,0.0,0.0,0.0,0.00028417575570966695,0.9999999596220691,-0.0031193894008868634,-0.0036065525548383483,0.0,0.0,0.0,0.0012945201119391359,1477,1530
-0.007314313187734043,0.0011688268050419857,0.0,0.0,0.0,0.0003317818129329974,0.9999999449604128,-0.00013705372958642536,0.0001630146860972082,0.0,0.0,0.0,0.0003571575041738118,1477,1530
-0.007314313187734043,0.0011688268050419857,0.0,0.0,0.0,0.0003317818129329974,0.9999999449604128,-0.00013705372958642536,0.0001630146860972082,0.0,0.0,0.0,0.0003571575041738118,1477,1530
-0.00665576176799563,0.0018039784463050133,0.0,0.0,0.0,0.00020488206863157902,0.9999999790116688,0.0032961491894622783,0.0031748107296107773,0.0,0.0,0.0,-0.0012694925882543822,1477,1530
-0.00665576176799563,0.0018039784463050133,0.0,0.0,0.0,0.00020488206863157902,0.9999999790116688,0.0032961491894622783,0.0031748107296107773,0.0,0.0,0.0,-0.0012694925882543822,1477,1530
-0.00665576176799563,0.0018039784463050133,0.0,0.0,0.0,0.00020488206863157902,0.9999999790116688,0.0032961491894622783,0.0031748107296107773,0.0,0.0,0.0,-0.0012694925882543822,1477,1530
-0.006754656871621764,0.0017588133105757805,0.0,0.0,0.0,0.0002250118342579888,0.9999999746848369,-0.0004235765774925015,-0.00019323658903521368,0.0,0.0,0.0,0.00017240292985962544,1477,1530
-0.007057060092662034,0.0017873114058617554,0.0,0.0,0.0,0.00022260854356881212,0.9999999752227179,-0.001133707369713832,0.00010735388994626612,0.0,0.0,0.0,-1.802060345871687e-05,1477,1530
-0.007057060092662034,0.0017873114058617554,0.0,0.0,0.0,0.00022260854356881212,0.9999999752227179,-0.001133707369713832,0.00010735388994626612,0.0,0.0,0.0,-1.802060345871687e-05,1477,1530
-0.006887344153974506,0.0016120949590550562,0.0,0.0,0.0,0.0002084225239785542,0.9999999782800255,0.0010179659184428858,-0.0010518949969704353,0.0,0.0,0.0,-0.00017025539376574857,1477,1530
-0.006887344153974506,0.0016120949590550562,0.0,0.0,0.0,0.0002084225239785542,0.9999999782800255,0.0010179659184428858,-0.0010518949969704353,0.0,0.0,0.0,-0.00017025539376574857,1477,1530
-0.006797313223641093,0.002053216673486018,0.0,0.0,0.0,0.00016763019923816808,0.999999985950058,0.00045083731995576473,0.0022042634974623085,0.0,0.0,0.0,-0.000407709207196076,1477,1530
-0.006797313223641093,0.002053216673486018,0.0,0.0,0.0,0.00016763019923816808,0.999999985950058,0.00045083731995576473,0.0022042634974623085,0.0,0.0,0.0,-0.000407709207196076,1477,1530
-0.006797313223641093,0.002053216673486018,0.0,0.0,0.0,0.00016763019923816808,0.999999985950058,0.00045083731995576473,0.0022042634974623085,0.0,0.0,0.0,-0.000407709207196076,1477,1530
-0.006339480017760906,0.002342367826732492,0.0,0.0,0.0,0.00011088942169213298,0.9999999938517681,0.00229066995352713,0.0014456315243051364,0.0,0.0,0.0,-0.0005676603896073323,1477,1530
-0.006339480017760906,0.002342367826732492,0.0,0.0,0.0,0.00011088942169213298,0.9999999938517681,0.00229066995352713,0.0014456315243051364,0.0,0.0,0.0,-0.0005676603896073323,1477,1530
-0.006580893578812178,0.0018016778052479042,0.0,0.0,0.0,0.0001928002933635271,0.9999999814140232,-0.0010349453192720068,-0.0023165699756078945,0.0,0.0,0.0,0.0007019588182862258,1477,1530
-0.006580893578812178,0.0018016778052479042,0.0,0.0,0.0,0.0001928002933635271,0.9999999814140232,-0.0010349453192720068,-0.0023165699756078945,0.0,0.0,0.0,0.0007019588182862258,1477,1530
-0.006580893578812178,0.0018016778052479042,0.0,0.0,0.0,0.0001928002933635271,0.9999999814140232,-0.0010349453192720068,-0.0023165699756078945,0.0,0.0,0.0,0.0007019588182862258,1477,1530
-0.006404447986362191,0.0015586030818173012,0.0,0.0,0.0,0.000226003017588274,0.9999999744613177,0.0006617032237876742,-0.0009123144281765476,0.0,0.0,0.0,0.00024916495278355573,1477,1530
-0.006404447986362191,0.0015586030818173012,0.0,0.0,0.0,0.000226003017588274,0.9999999744613177,0.0006617032237876742,-0.0009123144281765476,0.0,0.0,0.0,0.00024916495278355573,1477,1530
-0.006686647622911819,0.001601967981592648,0.0,0.0,0.0,0.0002658156565011139,0.9999999646710177,-0.001208407232652808,0.0001862520075070649,0.0,0.0,0.0,0.00034098717943005513,1477,1530
-0.006686647622911819,0.001601967981592648,0.0,0.0,0.0,0.0002658156565011139,0.9999999646710177,-0.001208407232652808,0.0001862520075070649,0.0,0.0,0.0,0.00034098717943005513,1477,1530
-0.006686647622911819,0.001601967981592648,0.0,0.0,0.0,0.0002658156565011139,0.9999999646710177,-0.001208407232652808,0.0001862520075070649,0.0,0.0,0.0,0.00034098717943005513,1477,1530
-0.0066554906845373496,0.0015687369856719096,0.0,0.0,0.0,0.000279862479157573,0.9999999608384956,0.00011684221177728224,-0.00012475302798103396,0.0,0.0,0.0,0.00010541429064860211,1477,1530
-0.0066554906845373496,0.0015687369856719096,0.0,0.0,0.0,0.000279862479157573,0.9999999608384956,0.00011684221177728224,-0.00012475302798103396,0.0,0.0,0.0,0.00010541429064860211,1477,1530
-0.006712236530922495,0.0018428867473267029,0.0,0.0,0.0,0.0001725189977605345,0.9999999851185976,-0.0002423428586524173,0.0011741141338956686,0.0,0.0,0.0,-0.0009193436506059029,1477,1530
-0.006712236530922495,0.0018428867473267029,0.0,0.0,0.0,0.0001725189977605345,0.9999999851185976,-0.0002423428586524173,0.0011741141338956686,0.0,0.0,0.0,-0.0009193436506059029,1477,1530
-0.00664884507395146,0.0016656378578948632,0.0,0.0,0.0,0.0002693335786221985,0.999999963729711,0.00027138686309024,-0.000759651485451163,0.0,0.0,0.0,0.000829751567213608,1477,1530
-0.00664884507395146,0.0016656378578948632,0.0,0.0,0.0,0.0002693335786221985,0.999999963729711,0.00027138686309024,-0.000759651485451163,0.0,0.0,0.0,0.000829751567213608,1477,1530
-0.006846816669931744,0.0010728557101832078,0.0,0.0,0.0,0.0003665781329907929,0.999999932810234,-0.0008499576909969276,-0.0025404548786608543,0.0,0.0,0.0,0.0008336617515948451,1477,1530
-0.006846816669931744,0.0010728557101832078,0.0,0.0,0.0,0.0003665781329907929,0.999999932810234,-0.0008499576909969276,-0.0025404548786608543,0.0,0.0,0.0,0.0008336617515948451,1477,1530
-0.006805359556152606,0.0010806479131632173,0.0,0.0,0.0,0.0003155977514146118,0.9999999501990284,0.0002072850577880096,3.880359922155846e-05,0.0,0.0,0.0,-0.0005097324827041517,1477,1530
-0.006805359556152606,0.0010806479131632173,0.0,0.0,0.0,0.0003155977514146118,0.9999999501990284,0.0002072850577880096,3.880359922155846e-05,0.0,0.0,0.0,-0.0005097324827041517,1477,1530
-0.006805359556152606,0.0010806479131632173,0.0,0.0,0.0,0.0003155977514146118,0.9999999501990284,0.0002072850577880096,3.880359922155846e-05,0.0,0.0,0.0,-0.0005097324827041517,1477,1530
-0.0072080338667872175,0.0007307314273594543,0.0,0.0,0.0,0.00042518490407289765,0.9999999096088946,-0.0024171046952127157,-0.0020977427476840814,0.0,0.0,0.0,0.0013149012809898215,1477,1530
-0.0072080338667872175,0.0007307314273594543,0.0,0.0,0.0,0.00042518490407289765,0.9999999096088946,-0.0024171046952127157,-0.0020977427476840814,0.0,0.0,0.0,0.0013149012809898215,1477,1530
-0.0067349425588456285,0.0009615587762119334,0.0,0.0,0.0,0.0003554093784143657,0.9999999368420849,0.0014195996505023392,0.0006911470263954793,0.0,0.0,0.0,-0.00041857574906994076,1477,1530
-0.0067349425588456285,0.0009615587762119334,0.0,0.0,0.0,0.0003554093784143657,0.9999999368420849,0.0014195996505023392,0.0006911470263954793,0.0,0.0,0.0,-0.00041857574906994076,1477,1530
-0.0067349425588456285,0.0009615587762119334,0.0,0.0,0.0,0.0003554093784143657,0.9999999368420849,0.0014195996505023392,0.0006911470263954793,0.0,0.0,0.0,-0.00041857574906994076,1477,1530
-0.00685931288972393,0.0008789560529702917,0.0,0.0,0.0,0.00032650635056153066,0.9999999466968001,-0.0006221419643889603,-0.00041256942522878074,0.0,0.0,0.0,-0.00028902885015413214,1477,1530
-0.00685931288972393,0.0008789560529702917,0.0,0.0,0.0,0.00032650635056153066,0.9999999466968001,-0.0006221419643889603,-0.00041256942522878074,0.0,0.0,0.0,-0.00028902885015413214,1477,1530
-0.007038699866636052,0.0011440083021721768,0.0,0.0,0.0,0.0002884324718843051,0.9999999584033538,-0.000768660036579551,0.001137328746852684,0.0,0.0,0.0,-0.0003266027636169701,1477,1530
-0.007038699866636052,0.0011440083021721768,0.0,0.0,0.0,0.0002884324718843051,0.9999999584033538,-0.000768660036579551,0.001137328746852684,0.0,0.0,0.0,-0.0003266027636169701,1477,1530
-0.007038699866636052,0.0011440083021721768,0.0,0.0,0.0,0.0002884324718843051,0.9999999584033538,-0.000768660036579551,0.001137328746852684,0.0,0.0,0.0,-0.0003266027636169701,1477,1530
-0.0065946181914452225,0.0015348014867778573,0.0,0.0,0.0,0.0002919772071482759,0.9999999573746543,0.0016647883402240021,0.0014633154521348402,0.0,0.0,0.0,2.6563766515406e-05,1477,1530
-0.0065946181914452225,0.0015348014867778573,0.0,0.0,0.0,0.0002919772071482759,0.9999999573746543,0.0016647883402240021,0.0014633154521348402,0.0,0.0,0.0,2.6563766515406e-05,1477,1530
-0.006802816354584169,0.0015794085159871881,0.0,0.0,0.0,0.00028059286296352255,0.9999999606338219,-0.0008920985089858945,0.0001916794864174652,0.0,0.0,0.0,-9.757270936138642e-05,1477,1530
-0.006802816354584169,0.0015794085159871881,0.0,0.0,0.0,0.00028059286296352255,0.9999999606338219,-0.0008920985089858945,0.0001916794864174652,0.0,0.0,0.0,-9.757270936138642e-05,1477,1530
-0.007034427791295224,0.0011512697565693255,0.0,0.0,0.0,0.0003019589044258487,0.999999954410409,-0.000993417251921566,-0.001833893409146958,0.0,0.0,0.0,0.00018309460955552088,1477,1530
-0.007034427791295224,0.0011512697565693255,0.0,0.0,0.0,0.0003019589044258487,0.999999954410409,-0.000993417251921566,-0.001833893409146958,0.0,0.0,0.0,0.00018309460955552088,1477,1530
-0.007034427791295224,0.0011512697565693255,0.0,0.0,0.0,0.0003019589044258487,0.999999954410409,-0.000993417251921566,-0.001833893409146958,0.0,0.0,0.0,0.00018309460955552088,1477,1530
-0.00683362639757364,0.0012872331338117972,0.0,0.0,0.0,0.00030715844369851817,0.9999999528268441,0.00120545028266443,0.0008151535885423652,0.0,0.0,0.0,6.240221203984669e-05,1477,1530
-0.00683362639757364,0.0012872331338117972,0.0,0.0,0.0,0.00030715844369851817,0.9999999528268441,0.00120545028266443,0.0008151535885423652,0.0,0.0,0.0,6.240221203984669e-05,1477,1530
-0.006647098559898645,0.0010014579057445877,0.0,0.0,0.0,0.0003435960909556784,0.9999999409708614,0.0006211617298928958,-0.0009529468121930268,0.0,0.0,0.0,0.00024291280294358529,1477,1530
-0.006647098559898645,0.0010014579057445877,0.0,0.0,0.0,0.0003435960909556784,0.9999999409708614,0.0006211617298928958,-0.0009529468121930268,0.0,0.0,0.0,0.00024291280294358529,1477,1530
-0.006647098559898645,0.0010014579057445877,0.0,0.0,0.0,0.0003435960909556784,0.9999999409708614,0.0006211617298928958,-0.0009529468121930268,0.0,0.0,0.0,0.00024291280294358529,1477,1530
-0.00681134443854856,0.0009617562613980732,0.0,0.0,0.0,0.0003531565902499402,0.9999999376402094,-0.0007044422825723347,-0.00016976606157585218,0.0,0.0,0.0,8.199540193067417e-05,1477,1530
-0.00681134443854856,0.0009617562613980732,0.0,0.0,0.0,0.0003531565902499402,0.9999999376402094,-0.0007044422825723347,-0.00016976606157585218,0.0,0.0,0.0,8.199540193067417e-05,1477,1530
-0.00681134443854856,0.0009617562613980732,0.0,0.0,0.0,0.0003531565902499402,0.9999999376402094,-0.0007044422825723347,-0.00016976606157585218,0.0,0.0,0.0,8.199540193067417e-05,1477,1530
-0.006589597842465836,0.0014453498006367217,0.0,0.0,0.0,0.00025247612353592467,0.9999999681279029,0.0006662709904296324,0.0014503248914820377,0.0,0.0,0.0,-0.0006040888681038767,1477,1530
-0.006589597842465836,0.0014453498006367217,0.0,0.0,0.0,0.00025247612353592467,0.9999999681279029,0.0006662709904296324,0.0014503248914820377,0.0,0.0,0.0,-0.0006040888681038767,1477,1530
-0.006080740880000159,0.0011699304430542962,0.0,0.0,0.0,0.00032003905518695694,0.9999999487875003,0.0018979600497446526,-0.0010285123190643794,0.0,0.0,0.0,0.0005041370451558371,1477,1530
-0.006080740880000159,0.0011699304430542962,0.0,0.0,0.0,0.00032003905518695694,0.9999999487875003,0.0018979600497446526,-0.0010285123190643794,0.0,0.0,0.0,0.0005041370451558371,1477,1530
-0.006080740880000159,0.0011699304430542962,0.0,0.0,0.0,0.00032003905518695694,0.9999999487875003,0.0018979600497446526,-0.0010285123190643794,0.0,0.0,0.0,0.0005041370451558371,1477,1530
-0.0073800609387377515,-0.00034751640618857407,0.0,0.0,0.0,0.0007228777992312832,0.9999997387238095,-0.006539285149761376,-0.007627197699232645,0.0,0.0,0.0,0.004051827729842462,1477,1530
-0.0073800609387377515,-0.00034751640618857407,0.0,0.0,0.0,0.0007228777992312832,0.9999997387238095,-0.006539285149761376,-0.007627197699232645,0.0,0.0,0.0,0.004051827729842462,1477,1530
-0.007286653398152138,-0.00011351097192099458,0.0,0.0,0.0,0.0006545249175933592,0.9999997857985432,0.0003124869001004355,0.0007795697494590363,0.0,0.0,0.0,-0.0004556875043465029,1477,1530
-0.007286653398152138,-0.00011351097192099458,0.0,0.0,0.0,0.0006545249175933592,0.9999997857985432,0.0003124869001004355,0.0007795697494590363,0.0,0.0,0.0,-0.0004556875043465029,1477,1530
-0.007286653398152138,-0.00011351097192099458,0.0,0.0,0.0,0.0006545249175933592,0.9999997857985432,0.0003124869001004355,0.0007795697494590363,0.0,0.0,0.0,-0.0004556875043465029,1477,1530
-0.006566258389355867,0.00024355565401138114,0.0,0.0,0.0,0.0005722338663402386,0.9999998362741876,0.003092089037774474,0.0015275672786120575,0.0,0.0,0.0,-0.0007059641717645837,1477,1530
-0.006566258389355867,0.00024355565401138114,0.0,0.0,0.0,0.0005722338663402386,0.9999998362741876,0.003092089037774474,0.0015275672786120575,0.0,0.0,0.0,-0.0007059641717645837,1477,1530
-0.0063166258423753875,0.0009463674453834346,0.0,0.0,0.0,0.00043604729005250784,0.9999999049313759,0.001073053463907619,0.003010131818610699,0.0,0.0,0.0,-0.0011670452362680115,1477,1530
-0.0063166258423753875,0.0009463674453834346,0.0,0.0,0.0,0.00043604729005250784,0.9999999049313759,0.001073053463907619,0.003010131818610699,0.0,0.0,0.0,-0.0011670452362680115,1477,1530
-0.006631659708711785,0.0007512687530340724,0.0,0.0,0.0,0.0004696226741490268,0.9999998897272658,-0.0015740990543190638,-0.0009729324167368127,0.0,0.0,0.0,0.00033534475474185864,1477,1530
-0.006631659708711785,0.0007512687530340724,0.0,0.0,0.0,0.0004696226741490268,0.9999998897272658,-0.0015740990543190638,-0.0009729324167368127,0.0,0.0,0.0,0.00033534475474185864,1477,1530
-0.006631659708711785,0.0007512687530340724,0.0,0.0,0.0,0.0004696226741490268,0.9999998897272658,-0.0015740990543190638,-0.0009729324167368127,0.0,0.0,0.0,0.00033534475474185864,1477,1530
-0.005986154520495201,0.0007068072677526828,0.0,0.0,0.0,0.0004938034054025129,0.999999878079091,0.002420256862791114,-0.00016898802119414975,0.0,0.0,0.0,0.0001813382782929955,1477,1530
-0.005986154520495201,0.0007068072677526828,0.0,0.0,0.0,0.0004938034054025129,0.999999878079091,0.002420256862791114,-0.00016898802119414975,0.0,0.0,0.0,0.0001813382782929955,1477,1530
-0.006223300975861495,0.0003982339100427378,0.0,0.0,0.0,0.00048383685437642315,0.9999998829509423,-0.0008881424044495087,-0.0011532856809354304,0.0,0.0,0.0,-7.45561344322057e-05,1477,1530
-0.006223300975861495,0.0003982339100427378,0.0,0.0,0.0,0.00048383685437642315,0.9999998829509423,-0.0008881424044495087,-0.0011532856809354304,0.0,0.0,0.0,-7.45561344322057e-05,1477,1530
-0.007781108034662988,0.0022695754925881042,0.0,0.0,0.0,0.0005313706157926972,0.9999998588226243,-0.006691072301652026,0.008053598204018133,0.0,0.0,0.0,0.00040880822476788907,1477,1530
-0.007781108034662988,0.0022695754925881042,0.0,0.0,0.0,0.0005313706157926972,0.9999998588226243,-0.006691072301652026,0.008053598204018133,0.0,0.0,0.0,0.00040880822476788907,1477,1530
-0.005927429129689675,0.0006491645649776927,0.0,0.0,0.0,0.0004868075826391694,0.9999998815091817,0.01107715181755477,-0.009703984121213646,0.0,0.0,0.0,-0.000533092153303854,1477,1530
-0.005927429129689675,0.0006491645649776927,0.0,0.0,0.0,0.0004868075826391694,0.9999998815091817,0.01107715181755477,-0.009703984121213646,0.0,0.0,0.0,-0.000533092153303854,1477,1530
-0.00628249250912044,0.0005651316612075303,0.0,0.0,0.0,0.0004395069963868353,0.9999999034167953,-0.002137277719664986,-0.0005036329047991932,0.0,0.0,0.0,-0.0005693138988179525,1477,1530
-0.00628249250912044,0.0005651316612075303,0.0,0.0,0.0,0.0004395069963868353,0.9999999034167953,-0.002137277719664986,-0.0005036329047991932,0.0,0.0,0.0,-0.0005693138988179525,1477,1530
-0.006025257374881156,0.000578485123245005,0.0,0.0,0.0,0.0004707331394838878,0.9999998892051496,0.0012854947042438797,6.559899866578583e-05,0.0,0.0,0.0,0.0003120820161132278,1477,1530
-0.006025257374881156,0.000578485123245005,0.0,0.0,0.0,0.0004707331394838878,0.9999998892051496,0.0012854947042438797,6.559899866578583e-05,0.0,0.0,0.0,0.0003120820161132278,1477,1530
-0.006203125596079024,0.000547159752765763,0.0,0.0,0.0,0.00046696106272934126,0.9999998909736769,-0.0008893636598229039,-0.00015576769093666608,0.0,0.0,0.0,-3.771549152242989e-05,1477,1530
-0.006203125596079024,0.000547159752765763,0.0,0.0,0.0,0.00046696106272934126,0.9999998909736769,-0.0008893636598229039,-0.00015576769093666608,0.0,0.0,0.0,-3.771549152242989e-05,1477,1530
-0.00642751811389788,0.00023175130332078303,0.0,0.0,0.0,0.000516745886902739,0.9999998664868353,-0.0011234630208628936,-0.0015760331347251843,0.0,0.0,0.0,0.0004978607483181376,1477,1530
-0.00642751811389788,0.00023175130332078303,0.0,0.0,0.0,0.000516745886902739,0.9999998664868353,-0.0011234630208628936,-0.0015760331347251843,0.0,0.0,0.0,0.0004978607483181376,1477,1530
-0.006827129745044962,0.0005648949119760069,0.0,0.0,0.0,0.0004787360877232607,0.9999998854058726,-0.0019965352365255012,0.0016679489249793627,0.0,0.0,0.0,-0.00038013605241528554,1477,1530
-0.006827129745044962,0.0005648949119760069,0.0,0.0,0.0,0.0004787360877232607,0.9999998854058726,-0.0019965352365255012,0.0016679489249793627,0.0,0.0,0.0,-0.00038013605241528554,1477,1530
-0.0060491939346825245,0.00042662351106777143,0.0,0.0,0.0,0.0005257596570527002,0.999999861788382,0.003336721217873129,-0.0005963698149119139,0.0,0.0,0.0,0.000403455755777333,1477,1530
-0.0060491939346825245,0.00042662351106777143,0.0,0.0,0.0,0.0005257596570527002,0.999999861788382,0.003336721217873129,-0.0005963698149119139,0.0,0.0,0.0,0.000403455755777333,1477,1530
-0.006155014339359017,0.00038522137817738014,0.0,0.0,0.0,0.000493953090163445,0.9999998780051649,-0.0005288857202614923,-0.0002062850353580319,0.0,0.0,0.0,-0.0003178051100032816,1477,1530
-0.006155014339359017,0.00038522137817738014,0.0,0.0,0.0,0.000493953090163445,0.9999998780051649,-0.0005288857202614923,-0.0002062850353580319,0.0,0.0,0.0,-0.0003178051100032816,1477,1530
-0.006261677497344043,0.0005916250983795796,0.0,0.0,0.0,0.000502086066945193,0.9999998739547827,-0.0005318279836226978,0.0010316371226400066,0.0,0.0,0.0,8.125827062450673e-05,1477,1530
-0.006261677497344043,0.0005916250983795796,0.0,0.0,0.0,0.000502086066945193,0.9999998739547827,-0.0005318279836226978,0.0010316371226400066,0.0,0.0,0.0,8.125827062450673e-05,1477,1530
-0.006261677497344043,0.0005916250983795796,0.0,0.0,0.0,0.000502086066945193,0.9999998739547827,-0.0005318279836226978,0.0010316371226400066,0.0,0.0,0.0,8.125827062450673e-05,1477,1530
-0.006046420362447608,0.00048586100073490885,0.0,0.0,0.0,0.00047892150579128986,0.999999885317089,0.0009230652643979975,-0.0004546886710299686,0.0,0.0,0.0,-0.00019876665341510665,1477,1530
-0.006046420362447608,0.00048586100073490885,0.0,0.0,0.0,0.00047892150579128986,0.999999885317089,0.0009230652643979975,-0.0004546886710299686,0.0,0.0,0.0,-0.00019876665341510665,1477,1530
-0.006277943770382213,0.00037036680713618846,0.0,0.0,0.0,0.0004722349909195698,0.9999998884970505,-0.0009919020534033957,-0.0004936190025265245,0.0,0.0,0.0,-5.726595120730541e-05,1477,1530
-0.006277943770382213,0.00037036680713618846,0.0,0.0,0.0,0.0004722349909195698,0.9999998884970505,-0.0009919020534033957,-0.0004936190025265245,0.0,0.0,0.0,-5.726595120730541e-05,1477,1530
-0.006867379640561122,0.0003482478342037001,0.0,0.0,0.0,0.0005216132983633423,0.9999998639597742,-0.002947621466404666,-0.00010782369294287353,0.0,0.0,0.0,0.0004938399268446464,1477,1530
-0.006867379640561122,0.0003482478342037001,0.0,0.0,0.0,0.0005216132983633423,0.9999998639597742,-0.002947621466404666,-0.00010782369294287353,0.0,0.0,0.0,0.0004938399268446464,1477,1530
-0.006810441845112705,0.00044558031165869977,0.0,0.0,0.0,0.0005478987017754562,0.9999998499034951,0.0002851508972588883,0.0004862873214084964,0.0,0.0,0.0,0.00026281202175835696,1477,1530
-0.006810441845112705,0.00044558031165869977,0.0,0.0,0.0,0.0005478987017754562,0.9999998499034951,0.0002851508972588883,0.0004862873214084964,0.0,0.0,0.0,0.00026281202175835696,1477,1530
-0.006857534468226872,0.0003796515410112427,0.0,0.0,0.0,0.0005523631429064723,0.9999998474474675,-0.00023582183880795212,-0.00032938234166837585,0.0,0.0,0.0,4.4643971626017435e-05,1477,1530
-0.006857534468226872,0.0003796515410112427,0.0,0.0,0.0,0.0005523631429064723,0.9999998474474675,-0.00023582183880795212,-0.00032938234166837585,0.0,0.0,0.0,4.4643971626017435e-05,1477,1530
-0.007310408280662829,-0.0002150209057362706,0.0,0.0,0.0,0.0006349492258029988,0.99999979841972,-0.0022692749629532162,-0.0029729845957057197,0.0,0.0,0.0,0.0008264518868884368,1477,1530
-0.007310408280662829,-0.0002150209057362706,0.0,0.0,0.0,0.0006349492258029988,0.99999979841972,-0.0022692749629532162,-0.0029729845957057197,0.0,0.0,0.0,0.0008264518868884368,1477,1530
-0.006912025710410217,0.0006839350845310888,0.0,0.0,0.0,0.000531114934650709,0.9999998589584531,0.0017104661078978394,0.003846496900850693,0.0,0.0,0.0,-0.0008890837128845951,1477,1530
-0.006912025710410217,0.0006839350845310888,0.0,0.0,0.0,0.000531114934650709,0.9999998589584531,0.0017104661078978394,0.003846496900850693,0.0,0.0,0.0,-0.0008890837128845951,1477,1530
-0.006912025710410217,0.0006839350845310888,0.0,0.0,0.0,0.000531114934650709,0.9999998589584531,0.0017104661078978394,0.003846496900850693,0.0,0.0,0.0,-0.0008890837128845951,1477,1530
-0.006912025710410217,0.0006839350845310888,0.0,0.0,0.0,0.000531114934650709,0.9999998589584531,0.0017104661078978394,0.003846496900850693,0.0,0.0,0.0,-0.0008890837128845951,1477,1530
-0.0071783393989818586,0.0010482253704275732,0.0,0.0,0.0,0.0004772908874428029,0.9999998860966979,-0.0011395844012027881,0.0015623171948667823,0.0,0.0,0.0,-0.0004613081758187675,1477,1530
-0.0071783393989818586,0.0010482253704275732,0.0,0.0,0.0,0.0004772908874428029,0.9999998860966979,-0.0011395844012027881,0.0015623171948667823,0.0,0.0,0.0,-0.0004613081758187675,1477,1530
-0.0071783393989818586,0.0010482253704275732,0.0,0.0,0.0,0.0004772908874428029,0.9999998860966979,-0.0011395844012027881,0.0015623171948667823,0.0,0.0,0.0,-0.0004613081758187675,1477,1530
-0.009651528406377556,0.001369501754892536,0.0,0.0,0.0,0.0006769170367772375,0.9999997708916365,-0.00742326085634806,0.0009715155796023255,0.0,0.0,0.0,0.001198502558087228,1477,1530
-0.009651528406377556,0.001369501754892536,0.0,0.0,0.0,0.0006769170367772375,0.9999997708916365,-0.00742326085634806,0.0009715155796023255,0.0,0.0,0.0,0.001198502558087228,1477,1530
-0.009651528406377556,0.001369501754892536,0.0,0.0,0.0,0.0006769170367772375,0.9999997708916365,-0.00742326085634806,0.0009715155796023255,0.0,0.0,0.0,0.001198502558087228,1477,1530
-0.008360996891203523,0.0012945414961802798,0.0,0.0,0.0,0.0005441994627500865,0.9999998519234614,0.0035175542552589247,-0.00020909504913159882,0.0,0.0,0.0,-0.0007235445080182719,1477,1530
-0.008360996891203523,0.0012945414961802798,0.0,0.0,0.0,0.0005441994627500865,0.9999998519234614,0.0035175542552589247,-0.00020909504913159882,0.0,0.0,0.0,-0.0007235445080182719,1477,1530
-0.008476654078708595,0.001716100285379009,0.0,0.0,0.0,0.0004951638917439071,0.9999998774063527,-0.000493322891186242,0.0018058129912290398,0.0,0.0,0.0,-0.00041997796812142676,1477,1530
-0.008476654078708595,0.001716100285379009,0.0,0.0,0.0,0.0004951638917439071,0.9999998774063527,-0.000493322891186242,0.0018058129912290398,0.0,0.0,0.0,-0.00041997796812142676,1477,1530
-0.009218510026352104,0.0018031843339645767,0.0,0.0,0.0,0.0005805485873235196,0.9999998314816547,-0.0031577418195184634,0.0003738476675592075,0.0,0.0,0.0,0.0007269722470977074,1477,1530
-0.009218510026352104,0.0018031843339645767,0.0,0.0,0.0,0.0005805485873235196,0.9999998314816547,-0.0031577418195184634,0.0003738476675592075,0.0,0.0,0.0,0.0007269722470977074,1477,1530
-0.008286412487182182,0.0010715162940261504,0.0,0.0,0.0,0.0005749016749046951,0.9999998347440184,0.0047003496480320095,-0.0036984590500717426,0.0,0.0,0.0,-5.700411725218009e-05,1477,1530
-0.008286412487182182,0.0010715162940261504,0.0,0.0,0.0,0.0005749016749046951,0.9999998347440184,0.0047003496480320095,-0.0036984590500717426,0.0,0.0,0.0,-5.700411725218009e-05,1477,1530
-0.008286412487182182,0.0010715162940261504,0.0,0.0,0.0,0.0005749016749046951,0.9999998347440184,0.0047003496480320095,-0.0036984590500717426,0.0,0.0,0.0,-5.700411725218009e-05,1477,1530
-0.008276774308334596,0.001198430565112116,0.0,0.0,0.0,0.0005875388084226011,0.9999998273990595,4.891976073577449e-05,0.0006345060083304207,0.0,0.0,0.0,0.0001263694609798175,1477,1530
-0.008276774308334596,0.001198430565112116,0.0,0.0,0.0,0.0005875388084226011,0.9999998273990595,4.891976073577449e-05,0.0006345060083304207,0.0,0.0,0.0,0.0001263694609798175,1477,1530
-0.008769329066853118,0.0014902218628180417,0.0,0.0,0.0,0.0005712006193096515,0.9999998368649129,-0.0018443385570631752,0.0010955229795899957,0.0,0.0,0.0,-0.00012243986446579537,1477,1530
-0.008769329066853118,0.0014902218628180417,0.0,0.0,0.0,0.0005712006193096515,0.9999998368649129,-0.0018443385570631752,0.0010955229795899957,0.0,0.0,0.0,-0.00012243986446579537,1477,1530
-0.008025686251218293,0.0015637015155773454,0.0,0.0,0.0,0.0005259417552630131,0.9999998616926254,0.00371812942058099,0.0003631013137015868,0.0,0.0,0.0,-0.0004525276172210205,1477,1530
-0.008025686251218293,0.0015637015155773454,0.0,0.0,0.0,0.0005259417552630131,0.9999998616926254,0.00371812942058099,0.0003631013137015868,0.0,0.0,0.0,-0.0004525276172210205,1477,1530
-0.00858949351747086,0.001997523486128269,0.0,0.0,0.0,0.0004996580635659478,0.9999998751709019,-0.002413980478311541,0.0018614851524715705,0.0,0.0,0.0,-0.00022525341861100675,1477,1530
-0.00858949351747086,0.001997523486128269,0.0,0.0,0.0,0.0004996580635659478,0.9999998751709019,-0.002413980478311541,0.0018614851524715705,0.0,0.0,0.0,-0.00022525341861100675,1477,1530
-0.00858949351747086,0.001997523486128269,0.0,0.0,0.0,0.0004996580635659478,0.9999998751709019,-0.002413980478311541,0.0018614851524715705,0.0,0.0,0.0,-0.00022525341861100675,1477,1530
-0.008239216702912864,0.001040680366814135,0.0,0.0,0.0,0.0005678553636179746,0.99999983877013,0.0013101170936011138,-0.0035899257735267686,0.0,0.0,0.0,0.0005115444054333756,1477,1530
-0.008239216702912864,0.001040680366814135,0.0,0.0,0.0,0.0005678553636179746,0.99999983877013,0.0013101170936011138,-0.0035899257735267686,0.0,0.0,0.0,0.0005115444054333756,1477,1530
-0.008239216702912864,0.001040680366814135,0.0,0.0,0.0,0.0005678553636179746,0.99999983877013,0.0013101170936011138,-0.0035899257735267686,0.0,0.0,0.0,0.0005115444054333756,1477,1530
-0.007627031215794151,0.0010060125268354324,0.0,0.0,0.0,0.0005402253204956728,0.999999854078291,0.0026229008705657723,-0.0001515225191568456,0.0,0.0,0.0,-0.0002367765482814653,1477,1530
-0.007627031215794151,0.0010060125268354324,0.0,0.0,0.0,0.0005402253204956728,0.999999854078291,0.0026229008705657723,-0.0001515225191568456,0.0,0.0,0.0,-0.0002367765482814653,1477,1530
-0.007151033795957397,0.0006292618077884208,0.0,0.0,0.0,0.0005189756103198128,0.9999998653321489,0.0017810094651125193,-0.0014127968377993772,0.0,0.0,0.0,-0.0001591536145560872,1477,1530
-0.007151033795957397,0.0006292618077884208,0.0,0.0,0.0,0.0005189756103198128,0.9999998653321489,0.0017810094651125193,-0.0014127968377993772,0.0,0.0,0.0,-0.0001591536145560872,1477,1530
-0.007151033795957397,0.0006292618077884208,0.0,0.0,0.0,0.0005189756103198128,0.9999998653321489,0.0017810094651125193,-0.0014127968377993772,0.0,0.0,0.0,-0.0001591536145560872,1477,1530
-0.007110507348569614,0.0006214260765441015,0.0,0.0,0.0,0.0005329836953647066,0.9999998579641801,0.0001739109396463766,-3.381273094305097e-05,0.0,0.0,0.0,0.00012024986357160121,1477,1530
-0.007110507348569614,0.0006214260765441015,0.0,0.0,0.0,0.0005329836953647066,0.9999998579641801,0.0001739109396463766,-3.381273094305097e-05,0.0,0.0,0.0,0.00012024986357160121,1477,1530
-0.0077448554768691155,0.001404273206833082,0.0,0.0,0.0,0.0004941461804429119,0.9999998779097687,-0.00237600149459781,0.002938614858953494,0.0,0.0,0.0,-0.000291321456971458,1477,1530
-0.0077448554768691155,0.001404273206833082,0.0,0.0,0.0,0.0004941461804429119,0.9999998779097687,-0.00237600149459781,0.002938614858953494,0.0,0.0,0.0,-0.000291321456971458,1477,1530
-0.007975708469736954,0.0019077034415342293,0.0,0.0,0.0,0.0004162498132880502,0.9999999133680427,-0.0009871539853090142,0.002158352963394476,0.0,0.0,0.0,-0.0006676269442950969,1477,1530
-0.007975708469736954,0.0019077034415342293,0.0,0.0,0.0,0.0004162498132880502,0.9999999133680427,-0.0009871539853090142,0.002158352963394476,0.0,0.0,0.0,-0.0006676269442950969,1477,1530
-0.00823521237371608,0.0017773199379700164,0.0,0.0,0.0,0.00045869667241246184,0.9999998947986758,-0.0015576710342325131,-0.0007810029669836284,0.0,0.0,0.0,0.0005093613393971535,1477,1530
-0.00823521237371608,0.0017773199379700164,0.0,0.0,0.0,0.00045869667241246184,0.9999998947986758,-0.0015576710342325131,-0.0007810029669836284,0.0,0.0,0.0,0.0005093613393971535,1477,1530
-0.008012719462422206,0.0008432080260762401,0.0,0.0,0.0,0.0005497491970188427,0.9999998488878987,0.0009497431896373974,-0.004003683654330468,0.0,0.0,0.0,0.0007803477493242778,1477,1530
-0.008012719462422206,0.0008432080260762401,0.0,0.0,0.0,0.0005497491970188427,0.9999998488878987,0.0009497431896373974,-0.004003683654330468,0.0,0.0,0.0,0.0007803477493242778,1477,1530
-0.008320726449161103,0.0009453353137069321,0.0,0.0,0.0,0.0005975179239007447,0.9999998214861493,-0.0013193066630365154,0.00043905919647314954,0.0,0.0,0.0,0.0004093714411726922,1477,1530
-0.008320726449161103,0.0009453353137069321,0.0,0.0,0.0,0.0005975179239007447,0.9999998214861493,-0.0013193066630365154,0.00043905919647314954,0.0,0.0,0.0,0.0004093714411726922,1477,1530
-0.008339528291547533,0.0010651757671960352,0.0,0.0,0.0,0.0005906503620496961,0.9999998255660597,-9.327768592434103e-05,0.0005992153134134518,0.0,0.0,0.0,-6.866430101946592e-05,1477,1530
-0.008339528291547533,0.0010651757671960352,0.0,0.0,0.0,0.0005906503620496961,0.9999998255660597,-9.327768592434103e-05,0.0005992153134134518,0.0,0.0,0.0,-6.866430101946592e-05,1477,1530
-0.009191809938104945,0.0020695056783577286,0.0,0.0,0.0,0.0005565120277177576,0.9999998451471696,-0.004255771086204741,0.005027031948013632,0.0,0.0,0.0,-0.00034140729793729485,1477,1530
-0.007864535348157647,-0.002591167359055231,0.0,0.0,0.0,0.0004821855713929008,0.9999998837485307,0.009912847076325308,-0.03495623065627126,0.0,0.0,0.0,-0.0011145821250094304,1477,1530
-0.007864535348157647,-0.002591167359055231,0.0,0.0,0.0,0.0004821855713929008,0.9999998837485307,0.009912847076325308,-0.03495623065627126,0.0,0.0,0.0,-0.0011145821250094304,1477,1530
-0.007974132864386163,-0.007856043705952512,0.0,0.0,0.0,-0.000203285832630344,0.9999999793374349,-0.0008613290031626823,-0.039543990070598646,0.0,0.0,0.0,-0.010297233232351297,1477,1530
-0.007974132864386163,-0.007856043705952512,0.0,0.0,0.0,-0.000203285832630344,0.9999999793374349,-0.0008613290031626823,-0.039543990070598646,0.0,0.0,0.0,-0.010297233232351297,1477,1530
-0.007937465332294672,-0.01788576800936653,0.0,0.0,0.0,0.0006356142160268216,0.9999997979972638,0.00017449372045599278,-0.04295268030147161,0.0,0.0,0.0,0.00718525429290426,1477,1530
-0.009694634030052466,-0.020219583734883396,0.0,0.0,0.0,0.00033122065264575994,0.9999999451464381,-0.008800582445438267,-0.011657783809217545,0.0,0.0,0.0,-0.0030439055151732087,1477,1530
-0.009694634030052466,-0.020219583734883396,0.0,0.0,0.0,0.00033122065264575994,0.9999999451464381,-0.008800582445438267,-0.011657783809217545,0.0,0.0,0.0,-0.0030439055151732087,1477,1530
-0.010560958904406665,-0.03557382454218534,0.0,0.0,0.0,0.0001667498530020448,0.9999999860972432,-0.008763119415266809,-0.1535043995662286,0.0,0.0,0.0,-0.003288725451368379,1477,1530
-0.010560958904406665,-0.03557382454218534,0.0,0.0,0.0,0.0001667498530020448,0.9999999860972432,-0.008763119415266809,-0.1535043995662286,0.0,0.0,0.0,-0.003288725451368379,1477,1530
-0.022466540871450863,-0.026165981400342334,0.0,0.0,0.0,0.0008559208606569534,0.999999633699673,-0.05950835091761156,0.04705600699301449,0.0,0.0,0.0,0.006891262636286388,1477,1530
-0.023668029644255077,-0.024575425070643923,0.0,0.0,0.0,0.0017010510696632514,0.9999985532115826,-0.007190327633285303,0.009552665005603492,0.0,0.0,0.0,0.010138386437624054,1477,1530
-0.023668029644255077,-0.024575425070643923,0.0,0.0,0.0,0.0017010510696632514,0.9999985532115826,-0.007190327633285303,0.009552665005603492,0.0,0.0,0.0,0.010138386437624054,1477,1530
-0.023668029644255077,-0.024575425070643923,0.0,0.0,0.0,0.0017010510696632514,0.9999985532115826,-0.007190327633285303,0.009552665005603492,0.0,0.0,0.0,0.010138386437624054,1477,1530
-0.06974265330715494,-0.056867177518691914,0.0,0.0,0.0,0.0007107033777326654,0.9999997474503226,-0.461800604978627,-0.3213192334880081,0.0,0.0,0.0,-0.019805183344861005,1477,1530
-0.06974265330715494,-0.056867177518691914,0.0,0.0,0.0,0.0007107033777326654,0.9999997474503226,-0.461800604978627,-0.3213192334880081,0.0,0.0,0.0,-0.019805183344861005,1477,1530
-0.1260622043882241,-0.09496648051160955,0.0,0.0,0.0,0.0006301420755121644,0.9999998014604626,-0.1877844691613517,-0.12664458679731688,0.0,0.0,0.0,-0.0005367105052561523,1477,1530
-0.1260622043882241,-0.09496648051160955,0.0,0.0,0.0,0.0006301420755121644,0.9999998014604626,-0.1877844691613517,-0.12664458679731688,0.0,0.0,0.0,-0.0005367105052561523,1477,1530
-0.13056929618456048,-0.09812088332501907,0.0,0.0,0.0,0.0009968476011579805,0.9999995031473066,-0.027124102049614313,-0.018932609150780953,0.0,0.0,0.0,0.004409851854585862,1477,1530
-0.13056929618456048,-0.09812088332501907,0.0,0.0,0.0,0.0009968476011579805,0.9999995031473066,-0.027124102049614313,-0.018932609150780953,0.0,0.0,0.0,0.004409851854585862,1477,1530
-0.19958059989811605,-0.14273698303159604,0.0,0.0,0.0,0.0012341218538317825,0.999999238471335,-0.34480752397439496,-0.2219460065235038,0.0,0.0,0.0,0.002367984337731737,1477,1530
-0.19958059989811605,-0.14273698303159604,0.0,0.0,0.0,0.0012341218538317825,0.999999238471335,-0.34480752397439496,-0.2219460065235038,0.0,0.0,0.0,0.002367984337731737,1477,1530
-0.21324111090931222,-0.15275820867493198,0.0,0.0,0.0,0.002908749167355654,0.9999957695801925,-0.058707318070216584,-0.04284466782867748,0.0,0.0,0.0,0.014367787766937668,1477,1530
-0.21324111090931222,-0.15275820867493198,0.0,0.0,0.0,0.002908749167355654,0.9999957695801925,-0.058707318070216584,-0.04284466782867748,0.0,0.0,0.0,0.014367787766937668,1477,1530
-0.2708856319877164,-0.18676447817059455,0.0,0.0,0.0,0.004366460918485504,0.9999904669640842,-0.4340034531688344,-0.2526400390696976,0.0,0.0,0.0,0.021875549745297266,1477,1530
-0.2708856319877164,-0.18676447817059455,0.0,0.0,0.0,0.004366460918485504,0.9999904669640842,-0.4340034531688344,-0.2526400390696976,0.0,0.0,0.0,0.021875549745297266,1477,1530
-0.2708856319877164,-0.18676447817059455,0.0,0.0,0.0,0.004366460918485504,0.9999904669640842,-0.4340034531688344,-0.2526400390696976,0.0,0.0,0.0,0.021875549745297266,1477,1530
-0.2857001810679618,-0.19547158498118267,0.0,0.0,0.0,0.00611697267843694,0.999981291147615,-0.055820766234482996,-0.03215556960597494,0.0,0.0,0.0,0.013125059611571756,1477,1530
-0.2857001810679618,-0.19547158498118267,0.0,0.0,0.0,0.00611697267843694,0.999981291147615,-0.055820766234482996,-0.03215556960597494,0.0,0.0,0.0,0.013125059611571756,1477,1530
-0.3513765759977125,-0.24149474388674969,0.0,0.0,0.0,0.005871844839217443,0.9999827605704932,-0.24828135761284711,-0.16949398130706567,0.0,0.0,0.0,-0.0018377658943107707,1477,1530
-0.3513765759977125,-0.24149474388674969,0.0,0.0,0.0,0.005871844839217443,0.9999827605704932,-0.24828135761284711,-0.16949398130706567,0.0,0.0,0.0,-0.0018377658943107707,1477,1530
-0.3553176388473214,-0.24492252844617338,0.0,0.0,0.0,0.006380696322674093,0.9999796431500182,-0.01706866933389956,-0.014497126819659737,0.0,0.0,0.0,0.004363467341431245,1477,1530
-0.3553176388473214,-0.24492252844617338,0.0,0.0,0.0,0.006380696322674093,0.9999796431500182,-0.01706866933389956,-0.014497126819659737,0.0,0.0,0.0,0.004363467341431245,1477,1530
-0.41921423655189377,-0.28439868486777586,0.0,0.0,0.0,0.009792014138236226,0.9999520570802966,-0.2756866153529387,-0.16549954422964339,0.0,0.0,0.0,0.029209776396288665,1477,1530
-0.41921423655189377,-0.28439868486777586,0.0,0.0,0.0,0.009792014138236226,0.9999520570802966,-0.2756866153529387,-0.16549954422964339,0.0,0.0,0.0,0.029209776396288665,1477,1530
-0.41921423655189377,-0.28439868486777586,0.0,0.0,0.0,0.009792014138236226,0.9999520570802966,-0.2756866153529387,-0.16549954422964339,0.0,0.0,0.0,0.029209776396288665,1477,1530
-0.4217913146113398,-0.2889006922436783,0.0,0.0,0.0,0.010733813578543255,0.99994239096363,-0.019969028757030254,-0.03335239418151086,0.0,0.0,0.0,0.014116017781888231,1477,1530
-0.457893632042075,-0.3091155946972169,0.0,0.0,0.0,0.01397129394594667,0.9999023967095368,-0.12183249131989889,-0.06482287065348609,0.0,0.0,0.0,0.021597707633200007,1477,1530
-0.457893632042075,-0.3091155946972169,0.0,0.0,0.0,0.01397129394594667,0.9999023967095368,-0.12183249131989889,-0.06482287065348609,0.0,0.0,0.0,0.021597707633200007,1477,1530
-0.457893632042075,-0.3091155946972169,0.0,0.0,0.0,0.01397129394594667,0.9999023967095368,-0.12183249131989889,-0.06482287065348609,0.0,0.0,0.0,0.021597707633200007,1477,1530
-0.4378409316411724,-0.2949211196790739,0.0,0.0,0.0,0.012617192470754083,0.9999204000590026,0.12274427663606617,0.08183565168576638,0.0,0.0,0.0,-0.016263302935928765,1477,1530
-0.4378409316411724,-0.2949211196790739,0.0,0.0,0.0,0.012617192470754083,0.9999204000590026,0.12274427663606617,0.08183565168576638,0.0,0.0,0.0,-0.016263302935928765,1477,1530
-0.4378409316411724,-0.2949211196790739,0.0,0.0,0.0,0.012617192470754083,0.9999204000590026,0.12274427663606617,0.08183565168576638,0.0,0.0,0.0,-0.016263302935928765,1477,1530
-0.43553517479838605,-0.293293234275439,0.0,0.0,0.0,0.01236894890200276,0.9999235016255291,0.01005213582509308,0.00672336951688582,0.0,0.0,0.0,-0.002127424058474097,1477,1530
-0.43553517479838605,-0.293293234275439,0.0,0.0,0.0,0.01236894890200276,0.9999235016255291,0.01005213582509308,0.00672336951688582,0.0,0.0,0.0,-0.002127424058474097,1477,1530
-0.4306112472008253,-0.2883976323518739,0.0,0.0,0.0,0.01157484452766075,0.9999330092431995,0.016812008869997123,0.01590795066213908,0.0,0.0,0.0,-0.00529449641417596,1477,1530
-0.4306112472008253,-0.2883976323518739,0.0,0.0,0.0,0.01157484452766075,0.9999330092431995,0.016812008869997123,0.01590795066213908,0.0,0.0,0.0,-0.00529449641417596,1477,1530
-0.4310276792542491,-0.28860071541890786,0.0,0.0,0.0,0.011664015639949435,0.9999319730557429,-0.002102783742353758,-0.0009658778218222162,0.0,0.0,0.0,0.0008907870039316728,1477,1530
-0.4310276792542491,-0.28860071541890786,0.0,0.0,0.0,0.011664015639949435,0.9999319730557429,-0.002102783742353758,-0.0009658778218222162,0.0,0.0,0.0,0.0008907870039316728,1477,1530
-0.4310276792542491,-0.28860071541890786,0.0,0.0,0.0,0.011664015639949435,0.9999319730557429,-0.002102783742353758,-0.0009658778218222162,0.0,0.0,0.0,0.0008907870039316728,1477,1530
-0.4248380972013595,-0.28465616011115824,0.0,0.0,0.0,0.01045201421551633,0.99994537620754,0.023568194217513275,0.014257839196586138,0.0,0.0,0.0,-0.009097717907594493,1477,1530
-0.4248380972013595,-0.28465616011115824,0.0,0.0,0.0,0.01045201421551633,0.99994537620754,0.023568194217513275,0.014257839196586138,0.0,0.0,0.0,-0.009097717907594493,1477,1530
-0.4295117018746867,-0.28710090437555347,0.0,0.0,0.0,0.011182828889318333,0.999937470214029,-0.020203700351280923,-0.01003630529032579,0.0,0.0,0.0,0.0062519076957053615,1477,1530
-0.4295117018746867,-0.28710090437555347,0.0,0.0,0.0,0.011182828889318333,0.999937470214029,-0.020203700351280923,-0.01003630529032579,0.0,0.0,0.0,0.0062519076957053615,1477,1530
-0.43031445623396086,-0.287925816149977,0.0,0.0,0.0,0.011414816535978414,0.9999348488593894,-0.003524476468953644,-0.003463304104589981,0.0,0.0,0.0,0.0019919246741269734,1477,1530
-0.43031445623396086,-0.287925816149977,0.0,0.0,0.0,0.011414816535978414,0.9999348488593894,-0.003524476468953644,-0.003463304104589981,0.0,0.0,0.0,0.0019919246741269734,1477,1530
-0.4298789021592455,-0.2886400077878718,0.0,0.0,0.0,0.011463059572983172,0.9999342969741694,0.0017977212009041947,-0.0031050890813786045,0.0,0.0,0.0,0.0004138657560993814,1477,1530
-0.4298789021592455,-0.2886400077878718,0.0,0.0,0.0,0.011463059572983172,0.9999342969741694,0.0017977212009041947,-0.0031050890813786045,0.0,0.0,0.0,0.0004138657560993814,1477,1530
-0.4298789021592455,-0.2886400077878718,0.0,0.0,0.0,0.011463059572983172,0.9999342969741694,0.0017977212009041947,-0.0031050890813786045,0.0,0.0,0.0,0.0004138657560993814,1477,1530
-0.4298614059552698,-0.2888218647791402,0.0,0.0,0.0,0.01151147240097747,0.9999337408064404,6.661968595490847e-05,-0.0009111425758688991,0.0,0.0,0.0,0.0004842086459527952,1477,1530
-0.4298614059552698,-0.2888218647791402,0.0,0.0,0.0,0.01151147240097747,0.9999337408064404,6.661968595490847e-05,-0.0009111425758688991,0.0,0.0,0.0,0.0004842086459527952,1477,1530
-0.4298614059552698,-0.2888218647791402,0.0,0.0,0.0,0.01151147240097747,0.9999337408064404,6.661968595490847e-05,-0.0009111425758688991,0.0,0.0,0.0,0.0004842086459527952,1477,1530
-0.430243230604738,-0.2881827362572127,0.0,0.0,0.0,0.01141636502880636,0.999934831181277,-0.001223386421589211,0.002159200254470301,0.0,0.0,0.0,-0.0006341013833775033,1477,1530
-0.430243230604738,-0.2881827362572127,0.0,0.0,0.0,0.01141636502880636,0.999934831181277,-0.001223386421589211,0.002159200254470301,0.0,0.0,0.0,-0.0006341013833775033,1477,1530
-0.43015029184565534,-0.2890218869034679,0.0,0.0,0.0,0.01152644250636595,0.999933568354992,0.00031496370826997406,-0.0035916070873732186,0.0,0.0,0.0,0.0009402039597069462,1477,1530
-0.43015029184565534,-0.2890218869034679,0.0,0.0,0.0,0.01152644250636595,0.999933568354992,0.00031496370826997406,-0.0035916070873732186,0.0,0.0,0.0,0.0009402039597069462,1477,1530
-0.43015029184565534,-0.2890218869034679,0.0,0.0,0.0,0.01152644250636595,0.999933568354992,0.00031496370826997406,-0.0035916070873732186,0.0,0.0,0.0,0.0009402039597069462,1477,1530
-0.43038357587714365,-0.29008157280630936,0.0,0.0,0.0,0.01171803199002566,0.9999313415061459,-0.0012931017882187113,-0.005289998006470547,0.0,0.0,0.0,0.001923246025830383,1477,1530
-0.43038357587714365,-0.29008157280630936,0.0,0.0,0.0,0.01171803199002566,0.9999313415061459,-0.0012931017882187113,-0.005289998006470547,0.0,0.0,0.0,0.001923246025830383,1477,1530
-0.4309041534112257,-0.2908398411395488,0.0,0.0,0.0,0.011836126984913023,0.999929950595539,-0.0017933922099208095,-0.002485340559938194,0.0,0.0,0.0,0.0007870817143248287,1477,1530
-0.4309041534112257,-0.2908398411395488,0.0,0.0,0.0,0.011836126984913023,0.999929950595539,-0.0017933922099208095,-0.002485340559938194,0.0,0.0,0.0,0.0007870817143248287,1477,1530
-0.43051533149812427,-0.29068521565195726,0.0,0.0,0.0,0.011774608262858017,0.9999306768972819,0.0019626110289495094,0.0007271689096600134,0.0,0.0,0.0,-0.000615463969356555,1477,1530
-0.43051533149812427,-0.29068521565195726,0.0,0.0,0.0,0.011774608262858017,0.9999306768972819,0.0019626110289495094,0.0007271689096600134,0.0,0.0,0.0,-0.000615463969356555,1477,1530
-0.43051533149812427,-0.29068521565195726,0.0,0.0,0.0,0.011774608262858017,0.9999306768972819,0.0019626110289495094,0.0007271689096600134,0.0,0.0,0.0,-0.000615463969356555,1477,1530
-0.4299930913984843,-0.2916050652874666,0.0,0.0,0.0,0.011859915301554374,0.9999296687312763,0.0018753843251650092,-0.0034922728997192547,0.0,0.0,0.0,0.0006394222520088905,1477,1530
-0.4299930913984843,-0.2916050652874666,0.0,0.0,0.0,0.011859915301554374,0.9999296687312763,0.0018753843251650092,-0.0034922728997192547,0.0,0.0,0.0,0.0006394222520088905,1477,1530
-0.4301161799871051,-0.2917028335331612,0.0,0.0,0.0,0.011885265099459181,0.9999293677422999,-0.0005374580745783303,-0.0004064873617417904,0.0,0.0,0.0,0.00021735829489539946,1477,1530
-0.4301161799871051,-0.2917028335331612,0.0,0.0,0.0,0.011885265099459181,0.9999293677422999,-0.0005374580745783303,-0.0004064873617417904,0.0,0.0,0.0,0.00021735829489539946,1477,1530
-0.4301161799871051,-0.2917028335331612,0.0,0.0,0.0,0.011885265099459181,0.9999293677422999,-0.0005374580745783303,-0.0004064873617417904,0.0,0.0,0.0,0.00021735829489539946,1477,1530
-0.42969450005096704,-0.29145502741126467,0.0,0.0,0.0,0.01177847841680084,0.9999306313170854,0.0018324846648108007,0.001019078311930097,0.0,0.0,0.0,-0.0009156545015296064,1477,1530
-0.42969450005096704,-0.29145502741126467,0.0,0.0,0.0,0.01177847841680084,0.9999306313170854,0.0018324846648108007,0.001019078311930097,0.0,0.0,0.0,-0.0009156545015296064,1477,1530
-0.4291902165271281,-0.2912805617896262,0.0,0.0,0.0,0.011728094945921213,0.9999312235293683,0.0016940361529130309,0.0005417503620375771,0.0,0.0,0.0,-0.00033588501760989045,1477,1530
-0.4291902165271281,-0.2912805617896262,0.0,0.0,0.0,0.011728094945921213,0.9999312235293683,0.0016940361529130309,0.0005417503620375771,0.0,0.0,0.0,-0.00033588501760989045,1477,1530
-0.4291902165271281,-0.2912805617896262,0.0,0.0,0.0,0.011728094945921213,0.9999312235293683,0.0016940361529130309,0.0005417503620375771,0.0,0.0,0.0,-0.00033588501760989045,1477,1530
-0.429000621466606,-0.2906065162999582,0.0,0.0,0.0,0.01162421965512669,0.9999324364762898,0.0008795324427789806,0.0028671237682380796,0.0,0.0,0.0,-0.0008898648030469168,1477,1530
-0.429000621466606,-0.2906065162999582,0.0,0.0,0.0,0.01162421965512669,0.9999324364762898,0.0008795324427789806,0.0028671237682380796,0.0,0.0,0.0,-0.0008898648030469168,1477,1530
-0.4292187572895233,-0.2900903462183308,0.0,0.0,0.0,0.011596693593358494,0.999932756087979,-0.0008829144699163034,0.002232597122893505,0.0,0.0,0.0,-0.00023588011659467966,1477,1530
-0.4292187572895233,-0.2900903462183308,0.0,0.0,0.0,0.011596693593358494,0.999932756087979,-0.0008829144699163034,0.002232597122893505,0.0,0.0,0.0,-0.00023588011659467966,1477,1530
-0.4292187572895233,-0.2900903462183308,0.0,0.0,0.0,0.011596693593358494,0.999932756087979,-0.0008829144699163034,0.002232597122893505,0.0,0.0,0.0,-0.00023588011659467966,1477,1530
-0.4297542589357047,-0.29018182940701537,0.0,0.0,0.0,0.011672823866822295,0.9999318702706571,-0.0023042858215990333,-0.00033885806303412316,0.0,0.0,0.0,0.000652816925200666,1477,1530
-0.4297542589357047,-0.29018182940701537,0.0,0.0,0.0,0.011672823866822295,0.9999318702706571,-0.0023042858215990333,-0.00033885806303412316,0.0,0.0,0.0,0.000652816925200666,1477,1530
-0.4305219911802029,-0.2909109235463227,0.0,0.0,0.0,0.011820529063837345,0.9999301351057738,-0.0026031170836008127,-0.0023590129226295567,0.0,0.0,0.0,0.0009802405431839434,1477,1530
-0.4305219911802029,-0.2909109235463227,0.0,0.0,0.0,0.011820529063837345,0.9999301351057738,-0.0026031170836008127,-0.0023590129226295567,0.0,0.0,0.0,0.0009802405431839434,1477,1530
-0.4305219911802029,-0.2909109235463227,0.0,0.0,0.0,0.011820529063837345,0.9999301351057738,-0.0026031170836008127,-0.0023590129226295567,0.0,0.0,0.0,0.0009802405431839434,1477,1530
-0.4302783255575366,-0.2901197651425893,0.0,0.0,0.0,0.011692163617694398,0.999931644318719,0.0011302090452192813,0.0033832032952828776,0.0,0.0,0.0,-0.0011062889043059292,1477,1530
-0.4302783255575366,-0.2901197651425893,0.0,0.0,0.0,0.011692163617694398,0.999931644318719,0.0011302090452192813,0.0033832032952828776,0.0,0.0,0.0,-0.0011062889043059292,1477,1530
-0.4309844684871908,-0.29018269700709665,0.0,0.0,0.0,0.01178176455967375,0.9999305926032368,-0.002652677643967688,-0.00017400165548057118,0.0,0.0,0.0,0.0006720147147195346,1477,1530
-0.4309844684871908,-0.29018269700709665,0.0,0.0,0.0,0.01178176455967375,0.9999305926032368,-0.002652677643967688,-0.00017400165548057118,0.0,0.0,0.0,0.0006720147147195346,1477,1530
-0.4309844684871908,-0.29018269700709665,0.0,0.0,0.0,0.01178176455967375,0.9999305926032368,-0.002652677643967688,-0.00017400165548057118,0.0,0.0,0.0,0.0006720147147195346,1477,1530
-0.4307138842961682,-0.28961317396315883,0.0,0.0,0.0,0.011654010863006138,0.9999320897094987,0.0014197044508852644,0.0028150739635735634,0.0,0.0,0.0,-0.0012776821773939542,1477,1530
-0.4307138842961682,-0.28961317396315883,0.0,0.0,0.0,0.011654010863006138,0.9999320897094987,0.0014197044508852644,0.0028150739635735634,0.0,0.0,0.0,-0.0012776821773939542,1477,1530
-0.4245604870164516,-0.2874864139936882,0.0,0.0,0.0,0.010826671939439165,0.9999413898697842,0.020572912522670624,0.0065778737882293365,0.0,0.0,0.0,-0.005489772901896474,1477,1530
-0.4245604870164516,-0.2874864139936882,0.0,0.0,0.0,0.010826671939439165,0.9999413898697842,0.020572912522670624,0.0065778737882293365,0.0,0.0,0.0,-0.005489772901896474,1477,1530
-0.4245604870164516,-0.2874864139936882,0.0,0.0,0.0,0.010826671939439165,0.9999413898697842,0.020572912522670624,0.0065778737882293365,0.0,0.0,0.0,-0.005489772901896474,1477,1530
-0.4284278851573901,-0.2899861844291012,0.0,0.0,0.0,0.01151672564920078,0.9999336803160103,-0.023658649189326645,-0.014575823767031891,0.0,0.0,0.0,0.008328667532807222,1477,1530
-0.4284278851573901,-0.2899861844291012,0.0,0.0,0.0,0.01151672564920078,0.9999336803160103,-0.023658649189326645,-0.014575823767031891,0.0,0.0,0.0,0.008328667532807222,1477,1530
-0.4284278851573901,-0.2899861844291012,0.0,0.0,0.0,0.01151672564920078,0.9999336803160103,-0.023658649189326645,-0.014575823767031891,0.0,0.0,0.0,0.008328667532807222,1477,1530
-0.4219279362283997,-0.28448071896883725,0.0,0.0,0.0,0.010160454827009415,0.9999483812466063,0.0180895000723459,0.01461980443706245,0.0,0.0,0.0,-0.007406973543417335,1477,1530
-0.4219279362283997,-0.28448071896883725,0.0,0.0,0.0,0.010160454827009415,0.9999483812466063,0.0180895000723459,0.01461980443706245,0.0,0.0,0.0,-0.007406973543417335,1477,1530
-0.4219279362283997,-0.28448071896883725,0.0,0.0,0.0,0.010160454827009415,0.9999483812466063,0.0180895000723459,0.01461980443706245,0.0,0.0,0.0,-0.007406973543417335,1477,1530
-0.42276493535994464,-0.2827724171898464,0.0,0.0,0.0,0.010012773001312328,0.9999498709319504,-0.0030082503708837327,0.006469283343829783,0.0,0.0,0.0,-0.001107789125525925,1477,1530
-0.42276493535994464,-0.2827724171898464,0.0,0.0,0.0,0.010012773001312328,0.9999498709319504,-0.0030082503708837327,0.006469283343829783,0.0,0.0,0.0,-0.001107789125525925,1477,1530
-0.42316742625649956,-0.28259915935655244,0.0,0.0,0.0,0.01000819669737755,0.9999499167452671,-0.0013296962370330705,0.0006042276253538924,0.0,0.0,0.0,-3.0507781025959985e-05,1477,1530
-0.42316742625649956,-0.28259915935655244,0.0,0.0,0.0,0.01000819669737755,0.9999499167452671,-0.0013296962370330705,0.0006042276253538924,0.0,0.0,0.0,-3.0507781025959985e-05,1477,1530
-0.4191934035220496,-0.2810013577777444,0.0,0.0,0.0,0.00933436864326018,0.9999564338320104,0.01687291100414481,0.006394691420326416,0.0,0.0,0.0,-0.005677594783791971,1477,1530
-0.4191934035220496,-0.2810013577777444,0.0,0.0,0.0,0.00933436864326018,0.9999564338320104,0.01687291100414481,0.006394691420326416,0.0,0.0,0.0,-0.005677594783791971,1477,1530
-0.4191934035220496,-0.2810013577777444,0.0,0.0,0.0,0.00933436864326018,0.9999564338320104,0.01687291100414481,0.006394691420326416,0.0,0.0,0.0,-0.005677594783791971,1477,1530
-0.423519447400969,-0.2806753970183809,0.0,0.0,0.0,0.008853252997826059,0.9999608091877183,-0.026581358902416016,0.002502690721523808,0.0,0.0,0.0,-0.005922032448177911,1477,1530
-0.4530985214436861,-0.2926754781455511,0.0,0.0,0.0,-0.020692206480056076,0.9997858933746699,-0.12755285665411237,-0.04913576418179771,0.0,0.0,0.0,-0.25301467925095894,1477,1530
-0.4530985214436861,-0.2926754781455511,0.0,0.0,0.0,-0.020692206480056076,0.9997858933746699,-0.12755285665411237,-0.04913576418179771,0.0,0.0,0.0,-0.25301467925095894,1477,1530
-0.4530985214436861,-0.2926754781455511,0.0,0.0,0.0,-0.020692206480056076,0.9997858933746699,-0.12755285665411237,-0.04913576418179771,0.0,0.0,0.0,-0.25301467925095894,1477,1530
-0.47936049167214234,-0.2969254971028041,0.0,0.0,0.0,-0.036924537410577,0.999318056745206,-0.1291596098367126,-0.026427857321266332,0.0,0.0,0.0,-0.16094171336174465,1477,1530
-0.47936049167214234,-0.2969254971028041,0.0,0.0,0.0,-0.036924537410577,0.999318056745206,-0.1291596098367126,-0.026427857321266332,0.0,0.0,0.0,-0.16094171336174465,1477,1530
-0.48512064040093716,-0.2902160263227291,0.0,0.0,0.0,-0.037680123095652045,0.999289852006662,-0.026941708936194398,0.02705609569611553,0.0,0.0,0.0,-0.006529576205437134,1477,1530
-0.48512064040093716,-0.2902160263227291,0.0,0.0,0.0,-0.037680123095652045,0.999289852006662,-0.026941708936194398,0.02705609569611553,0.0,0.0,0.0,-0.006529576205437134,1477,1530
-0.48263695062058737,-0.29546511839761214,0.0,0.0,0.0,-0.03802331924482354,0.9992768521253789,0.014357707169326644,-0.025232335067490945,0.0,0.0,0.0,-0.003433959077942655,1477,1530
-0.48263695062058737,-0.29546511839761214,0.0,0.0,0.0,-0.03802331924482354,0.9992768521253789,0.014357707169326644,-0.025232335067490945,0.0,0.0,0.0,-0.003433959077942655,1477,1530
-0.4823563329896293,-0.29985705687475206,0.0,0.0,0.0,-0.03748303682033879,0.9992972640564594,0.0030680296633694318,-0.02179131526104581,0.0,0.0,0.0,0.0054071110665820455,1477,1530
-0.4823563329896293,-0.29985705687475206,0.0,0.0,0.0,-0.03748303682033879,0.9992972640564594,0.0030680296633694318,-0.02179131526104581,0.0,0.0,0.0,0.0054071110665820455,1477,1530
-0.4823563329896293,-0.29985705687475206,0.0,0.0,0.0,-0.03748303682033879,0.9992972640564594,0.0030680296633694318,-0.02179131526104581,0.0,0.0,0.0,0.0054071110665820455,1477,1530
-0.4771773579733176,-0.30016752650581424,0.0,0.0,0.0,-0.03800777662079259,0.9992774434141621,0.0259244041075074,0.00039167530537680085,0.0,0.0,0.0,-0.005248305762888541,1477,1530
-0.4771773579733176,-0.30016752650581424,0.0,0.0,0.0,-0.03800777662079259,0.9992774434141621,0.0259244041075074,0.00039167530537680085,0.0,0.0,0.0,-0.005248305762888541,1477,1530
-0.4661579677638814,-0.31069476706694976,0.0,0.0,0.0,-0.03806746435711524,0.9992751713904533,0.03925772013093139,-0.032172260795007554,0.0,0.0,0.0,-0.0003978722081803312,1477,1530
-0.4661579677638814,-0.31069476706694976,0.0,0.0,0.0,-0.03806746435711524,0.9992751713904533,0.03925772013093139,-0.032172260795007554,0.0,0.0,0.0,-0.0003978722081803312,1477,1530
-0.4777450357576122,-0.3029923650595475,0.0,0.0,0.0,-0.03793703886138766,0.9992801314358399,-0.06080473229144914,0.03405278942032991,0.0,0.0,0.0,0.001307505506697595,1477,1530
-0.4777450357576122,-0.3029923650595475,0.0,0.0,0.0,-0.03793703886138766,0.9992801314358399,-0.06080473229144914,0.03405278942032991,0.0,0.0,0.0,0.001307505506697595,1477,1530
-0.4777450357576122,-0.3029923650595475,0.0,0.0,0.0,-0.03793703886138766,0.9992801314358399,-0.06080473229144914,0.03405278942032991,0.0,0.0,0.0,0.001307505506697595,1477,1530
-0.4588119339244151,-0.31492883229642993,0.0,0.0,0.0,-0.03889525065169132,0.9992432934359591,0.07423190996682624,-0.03927271794377609,0.0,0.0,0.0,-0.007196097184664516,1477,1530
-0.4588119339244151,-0.31492883229642993,0.0,0.0,0.0,-0.03889525065169132,0.9992432934359591,0.07423190996682624,-0.03927271794377609,0.0,0.0,0.0,-0.007196097184664516,1477,1530
-0.46738248215270173,-0.3098216353905923,0.0,0.0,0.0,-0.038429402461607066,0.9992613176874425,-0.04470557748073007,0.022126490120956955,0.0,0.0,0.0,0.004661710980698348,1477,1530
-0.46738248215270173,-0.3098216353905923,0.0,0.0,0.0,-0.038429402461607066,0.9992613176874425,-0.04470557748073007,0.022126490120956955,0.0,0.0,0.0,0.004661710980698348,1477,1530
-0.4709022788949711,-0.30407275907060594,0.0,0.0,0.0,-0.03867372496896909,0.9992518916654722,-0.014797918711303178,0.02045592633238122,0.0,0.0,0.0,-0.0018315475148258254,1477,1530
-0.4709022788949711,-0.30407275907060594,0.0,0.0,0.0,-0.03867372496896909,0.9992518916654722,-0.014797918711303178,0.02045592633238122,0.0,0.0,0.0,-0.0018315475148258254,1477,1530
-0.4709022788949711,-0.30407275907060594,0.0,0.0,0.0,-0.03867372496896909,0.9992518916654722,-0.014797918711303178,0.02045592633238122,0.0,0.0,0.0,-0.0018315475148258254,1477,1530
-0.4695241391141236,-0.30239503608046114,0.0,0.0,0.0,-0.03902687175469001,0.9992381614415269,0.006229022042030688,0.008906521863168811,0.0,0.0,0.0,-0.003538275708297033,1477,1530
-0.4695241391141236,-0.30239503608046114,0.0,0.0,0.0,-0.03902687175469001,0.9992381614415269,0.006229022042030688,0.008906521863168811,0.0,0.0,0.0,-0.003538275708297033,1477,1530
-0.46538581478761576,-0.30053978163739775,0.0,0.0,0.0,-0.039694394191979794,0.9992118669580199,0.014930258126691626,0.008147166421971956,0.0,0.0,0.0,-0.0050107829208118505,1477,1530
-0.46538581478761576,-0.30053978163739775,0.0,0.0,0.0,-0.039694394191979794,0.9992118669580199,0.014930258126691626,0.008147166421971956,0.0,0.0,0.0,-0.0050107829208118505,1477,1530
-0.46538581478761576,-0.30053978163739775,0.0,0.0,0.0,-0.039694394191979794,0.9992118669580199,0.014930258126691626,0.008147166421971956,0.0,0.0,0.0,-0.0050107829208118505,1477,1530
-0.46892562955162403,-0.29851588168383825,0.0,0.0,0.0,-0.03951972884396201,0.9992187903718083,-0.013824093235264952,0.006507793873193587,0.0,0.0,0.0,0.0013100297465548215,1477,1530
-0.46892562955162403,-0.29851588168383825,0.0,0.0,0.0,-0.03951972884396201,0.9992187903718083,-0.013824093235264952,0.006507793873193587,0.0,0.0,0.0,0.0013100297465548215,1477,1530
-0.4769210463859606,-0.29633685104337704,0.0,0.0,0.0,-0.03890972079499549,0.9992427300849657,-0.034830359957354416,0.006590744422180347,0.0,0.0,0.0,0.0052227344501638105,1477,1530
-0.4769210463859606,-0.29633685104337704,0.0,0.0,0.0,-0.03890972079499549,0.9992427300849657,-0.034830359957354416,0.006590744422180347,0.0,0.0,0.0,0.0052227344501638105,1477,1530
-0.4769210463859606,-0.29633685104337704,0.0,0.0,0.0,-0.03890972079499549,0.9992427300849657,-0.034830359957354416,0.006590744422180347,0.0,0.0,0.0,0.0052227344501638105,1477,1530
-0.4681896229824316,-0.29698110880246753,0.0,0.0,0.0,-0.039780696401869646,0.9992084348091654,0.03288207654045907,0.00013766007290206148,0.0,0.0,0.0,-0.006547436971469784,1477,1530
-0.4681896229824316,-0.29698110880246753,0.0,0.0,0.0,-0.039780696401869646,0.9992084348091654,0.03288207654045907,0.00013766007290206148,0.0,0.0,0.0,-0.006547436971469784,1477,1530
-0.4697681431594,-0.30019117886163926,0.0,0.0,0.0,-0.03931809924370389,0.9992267445739541,-0.00564885023383395,-0.014248864576042549,0.0,0.0,0.0,0.00396742957881752,1477,1530
-0.4697681431594,-0.30019117886163926,0.0,0.0,0.0,-0.03931809924370389,0.9992267445739541,-0.00564885023383395,-0.014248864576042549,0.0,0.0,0.0,0.00396742957881752,1477,1530
-0.4634244692244024,-0.3018703922440746,0.0,0.0,0.0,-0.039793237344922,0.9992079354476778,0.032278250949795986,-0.005877501122358548,0.0,0.0,0.0,-0.004754840855721347,1477,1530
-0.4634244692244024,-0.3018703922440746,0.0,0.0,0.0,-0.039793237344922,0.9992079354476778,0.032278250949795986,-0.005877501122358548,0.0,0.0,0.0,-0.004754840855721347,1477,1530
-0.4634244692244024,-0.3018703922440746,0.0,0.0,0.0,-0.039793237344922,0.9992079354476778,0.032278250949795986,-0.005877501122358548,0.0,0.0,0.0,-0.004754840855721347,1477,1530
-0.46378643769155836,-0.30705155934034933,0.0,0.0,0.0,-0.0391441051096641,0.9992335758145657,0.00021962332603600785,-0.02227688258649138,0.0,0.0,0.0,0.005573042291450161,1477,1530
-0.46378643769155836,-0.30705155934034933,0.0,0.0,0.0,-0.0391441051096641,0.9992335758145657,0.00021962332603600785,-0.02227688258649138,0.0,0.0,0.0,0.005573042291450161,1477,1530
-0.4614410878344054,-0.3126233049395078,0.0,0.0,0.0,-0.03869558238517725,0.9992510454855036,0.010393791354898933,-0.020124912776125853,0.0,0.0,0.0,0.003363616134244901,1477,1530
-0.4614410878344054,-0.3126233049395078,0.0,0.0,0.0,-0.03869558238517725,0.9992510454855036,0.010393791354898933,-0.020124912776125853,0.0,0.0,0.0,0.003363616134244901,1477,1530
-0.4614410878344054,-0.3126233049395078,0.0,0.0,0.0,-0.03869558238517725,0.9992510454855036,0.010393791354898933,-0.020124912776125853,0.0,0.0,0.0,0.003363616134244901,1477,1530
-0.46204580922663496,-0.3099165009932165,0.0,0.0,0.0,-0.03906012623176759,0.9992368620796365,-0.003046487628428468,0.009946712659705887,0.0,0.0,0.0,-0.002736687908218937,1477,1530
-0.46204580922663496,-0.3099165009932165,0.0,0.0,0.0,-0.03906012623176759,0.9992368620796365,-0.003046487628428468,0.009946712659705887,0.0,0.0,0.0,-0.002736687908218937,1477,1530
-0.46204580922663496,-0.3099165009932165,0.0,0.0,0.0,-0.03906012623176759,0.9992368620796365,-0.003046487628428468,0.009946712659705887,0.0,0.0,0.0,-0.002736687908218937,1477,1530
-0.467588293779192,-0.30276943494816266,0.0,0.0,0.0,-0.03925990331598028,0.9992290328005986,-0.02280309018277991,0.025086335007660998,0.0,0.0,0.0,-0.0014988244331282801,1477,1530
-0.467588293779192,-0.30276943494816266,0.0,0.0,0.0,-0.03925990331598028,0.9992290328005986,-0.02280309018277991,0.025086335007660998,0.0,0.0,0.0,-0.0014988244331282801,1477,1530
-0.4687015572451919,-0.30088633786236607,0.0,0.0,0.0,-0.039402252519042016,0.999223429717511,-0.005394598677376659,0.00767828421955651,0.0,0.0,0.0,-0.0012222087783492076,1477,1530
-0.4687015572451919,-0.30088633786236607,0.0,0.0,0.0,-0.039402252519042016,0.999223429717511,-0.005394598677376659,0.00767828421955651,0.0,0.0,0.0,-0.0012222087783492076,1477,1530
-0.4687015572451919,-0.30088633786236607,0.0,0.0,0.0,-0.039402252519042016,0.999223429717511,-0.005394598677376659,0.00767828421955651,0.0,0.0,0.0,-0.0012222087783492076,1477,1530
-0.4671125113265424,-0.30256635036188917,0.0,0.0,0.0,-0.03934987984410848,0.999225493548005,0.005146399871796907,-0.0046464752794220425,0.0,0.0,0.0,0.00031430864243498104,1477,1530
-0.4671125113265424,-0.30256635036188917,0.0,0.0,0.0,-0.03934987984410848,0.999225493548005,0.005146399871796907,-0.0046464752794220425,0.0,0.0,0.0,0.00031430864243498104,1477,1530
-0.4646133322110229,-0.3086530110641394,0.0,0.0,0.0,-0.0388674062751312,0.9992443768815734,0.014858906196069265,-0.029373137240406803,0.0,0.0,0.0,0.0048311832443709134,1477,1530
-0.4646133322110229,-0.3086530110641394,0.0,0.0,0.0,-0.0388674062751312,0.9992443768815734,0.014858906196069265,-0.029373137240406803,0.0,0.0,0.0,0.0048311832443709134,1477,1530
-0.4646133322110229,-0.3086530110641394,0.0,0.0,0.0,-0.0388674062751312,0.9992443768815734,0.014858906196069265,-0.029373137240406803,0.0,0.0,0.0,0.0048311832443709134,1477,1530
-0.46499470112980856,-0.30930298078686985,0.0,0.0,0.0,-0.03876047674069311,0.9992485303681132,-0.0014121483248131193,-0.002902114292979578,0.0,0.0,0.0,0.0009165949699875862,1477,1530
-0.46499470112980856,-0.30930298078686985,0.0,0.0,0.0,-0.03876047674069311,0.9992485303681132,-0.0014121483248131193,-0.002902114292979578,0.0,0.0,0.0,0.0009165949699875862,1477,1530
-0.46291863047405546,-0.30992964521671856,0.0,0.0,0.0,-0.03879301796762224,0.9992472675754304,0.007060993437878713,-0.0015464880437151681,0.0,0.0,0.0,-0.00021709683732738994,1477,1530
-0.46291863047405546,-0.30992964521671856,0.0,0.0,0.0,-0.03879301796762224,0.9992472675754304,0.007060993437878713,-0.0015464880437151681,0.0,0.0,0.0,-0.00021709683732738994,1477,1530
-0.4639474592634734,-0.3086644828833243,0.0,0.0,0.0,-0.03883616298489451,0.9992455916563309,-0.005619226815649743,0.005908106652626779,0.0,0.0,0.0,-0.00043178634044401605,1477,1530
-0.4639474592634734,-0.3086644828833243,0.0,0.0,0.0,-0.03883616298489451,0.9992455916563309,-0.005619226815649743,0.005908106652626779,0.0,0.0,0.0,-0.00043178634044401605,1477,1530
-0.4639474592634734,-0.3086644828833243,0.0,0.0,0.0,-0.03883616298489451,0.9992455916563309,-0.005619226815649743,0.005908106652626779,0.0,0.0,0.0,-0.00043178634044401605,1477,1530
-0.4642131315852795,-0.30580683071577214,0.0,0.0,0.0,-0.039084116350711115,0.9992359240184893,-0.002085232037768087,0.012119031364727306,0.0,0.0,0.0,-0.0021264494158817777,1477,1530
-0.4642131315852795,-0.30580683071577214,0.0,0.0,0.0,-0.039084116350711115,0.9992359240184893,-0.002085232037768087,0.012119031364727306,0.0,0.0,0.0,-0.0021264494158817777,1477,1530
-0.46539468073946993,-0.3051040855886669,0.0,0.0,0.0,-0.039063186620952255,0.9992367424444603,-0.004623972712232496,0.002281584090596679,0.0,0.0,0.0,0.000157122203842441,1477,1530
-0.46539468073946993,-0.3051040855886669,0.0,0.0,0.0,-0.039063186620952255,0.9992367424444603,-0.004623972712232496,0.002281584090596679,0.0,0.0,0.0,0.000157122203842441,1477,1530
-0.46539468073946993,-0.3051040855886669,0.0,0.0,0.0,-0.039063186620952255,0.9992367424444603,-0.004623972712232496,0.002281584090596679,0.0,0.0,0.0,0.000157122203842441,1477,1530
-0.4660396085778204,-0.303807693491122,0.0,0.0,0.0,-0.039386265786397666,0.9992240599922538,-0.003188516656327704,0.005321965765885821,0.0,0.0,0.0,-0.0027707217549130083,1477,1530
-0.4660396085778204,-0.303807693491122,0.0,0.0,0.0,-0.039386265786397666,0.9992240599922538,-0.003188516656327704,0.005321965765885821,0.0,0.0,0.0,-0.0027707217549130083,1477,1530
-0.46585878845683226,-0.29470007106564244,0.0,0.0,0.0,-0.03818894425745373,0.9992705362095398,-0.0023001846423991936,0.038979468325404804,0.0,0.0,0.0,0.01027230255571786,1477,1530
-0.46585878845683226,-0.29470007106564244,0.0,0.0,0.0,-0.03818894425745373,0.9992705362095398,-0.0023001846423991936,0.038979468325404804,0.0,0.0,0.0,0.01027230255571786,1477,1530
-0.46585878845683226,-0.29470007106564244,0.0,0.0,0.0,-0.03818894425745373,0.9992705362095398,-0.0023001846423991936,0.038979468325404804,0.0,0.0,0.0,0.01027230255571786,1477,1530
-0.4433807756428334,-0.30209316908785244,0.0,0.0,0.0,-0.03192670125526793,0.9994902129320511,0.08614509716497444,-0.02120554101311713,0.0,0.0,0.0,0.04698590770714932,1477,1530
-0.4433807756428334,-0.30209316908785244,0.0,0.0,0.0,-0.03192670125526793,0.9994902129320511,0.08614509716497444,-0.02120554101311713,0.0,0.0,0.0,0.04698590770714932,1477,1530
-0.4433807756428334,-0.30209316908785244,0.0,0.0,0.0,-0.03192670125526793,0.9994902129320511,0.08614509716497444,-0.02120554101311713,0.0,0.0,0.0,0.04698590770714932,1477,1530
-0.4182686588536616,-0.3022693678884817,0.0,0.0,0.0,-0.0274867577199156,0.9996221676963986,0.09407872237137417,0.0053539450508539805,0.0,0.0,0.0,0.03333478165189089,1477,1530
-0.4182686588536616,-0.3022693678884817,0.0,0.0,0.0,-0.0274867577199156,0.9996221676963986,0.09407872237137417,0.0053539450508539805,0.0,0.0,0.0,0.03333478165189089,1477,1530
-0.3975615188616035,-0.3014873455247477,0.0,0.0,0.0,-0.023547014122627354,0.9997227306238009,0.0883302067030396,0.008214269870860644,0.0,0.0,0.0,0.03374333599080772,1477,1530
-0.3975615188616035,-0.3014873455247477,0.0,0.0,0.0,-0.023547014122627354,0.9997227306238009,0.0883302067030396,0.008214269870860644,0.0,0.0,0.0,0.03374333599080772,1477,1530
-0.3975615188616035,-0.3014873455247477,0.0,0.0,0.0,-0.023547014122627354,0.9997227306238009,0.0883302067030396,0.008214269870860644,0.0,0.0,0.0,0.03374333599080772,1477,1530
-0.39267599169098105,-0.29869309792161247,0.0,0.0,0.0,-0.02103769811130639,0.9997786831385121,0.015830675540691102,0.010071924350569273,0.0,0.0,0.0,0.016735205608032568,1477,1530
-0.39267599169098105,-0.29869309792161247,0.0,0.0,0.0,-0.02103769811130639,0.9997786831385121,0.015830675540691102,0.010071924350569273,0.0,0.0,0.0,0.016735205608032568,1477,1530
-0.3970228349398603,-0.30488570707176715,0.0,0.0,0.0,-0.023546870871621793,0.9997227339978596,-0.015304580085412592,-0.023879971193042113,0.0,0.0,0.0,-0.018817578100886932,1477,1530
-0.3970228349398603,-0.30488570707176715,0.0,0.0,0.0,-0.023546870871621793,0.9997227339978596,-0.015304580085412592,-0.023879971193042113,0.0,0.0,0.0,-0.018817578100886932,1477,1530
-0.3970228349398603,-0.30488570707176715,0.0,0.0,0.0,-0.023546870871621793,0.9997227339978596,-0.015304580085412592,-0.023879971193042113,0.0,0.0,0.0,-0.018817578100886932,1477,1530
-0.39796867839842004,-0.30764104626584066,0.0,0.0,0.0,-0.02299484647262629,0.9997355835598233,-0.003496329597597624,-0.011997214880643736,0.0,0.0,0.0,0.004737209773197077,1477,1530
-0.39796867839842004,-0.30764104626584066,0.0,0.0,0.0,-0.02299484647262629,0.9997355835598233,-0.003496329597597624,-0.011997214880643736,0.0,0.0,0.0,0.004737209773197077,1477,1530
-0.3913596512646183,-0.30705139744171617,0.0,0.0,0.0,-0.023924233075782123,0.9997137745733704,0.027968892795055673,0.003798247469528929,0.0,0.0,0.0,-0.007909157328176649,1477,1530
-0.3913596512646183,-0.30705139744171617,0.0,0.0,0.0,-0.023924233075782123,0.9997137745733704,0.027968892795055673,0.003798247469528929,0.0,0.0,0.0,-0.007909157328176649,1477,1530
-0.3913596512646183,-0.30705139744171617,0.0,0.0,0.0,-0.023924233075782123,0.9997137745733704,0.027968892795055673,0.003798247469528929,0.0,0.0,0.0,-0.007909157328176649,1477,1530
-0.3886735730404691,-0.29580584117046543,0.0,0.0,0.0,-0.010467677164115818,0.9999452123665515,0.008093216887057409,0.04286490267053378,0.0,0.0,0.0,0.10155400402131051,1477,1530
-0.3886735730404691,-0.29580584117046543,0.0,0.0,0.0,-0.010467677164115818,0.9999452123665515,0.008093216887057409,0.04286490267053378,0.0,0.0,0.0,0.10155400402131051,1477,1530
-0.375157395055628,-0.26662047752486623,0.0,0.0,0.0,0.02371977945203183,0.9997186464514638,0.04836267775746199,0.11043484470418728,0.0,0.0,0.0,0.2562642163231302,1477,1530
-0.375157395055628,-0.26662047752486623,0.0,0.0,0.0,0.02371977945203183,0.9997186464514638,0.04836267775746199,0.11043484470418728,0.0,0.0,0.0,0.2562642163231302,1477,1530
-0.375157395055628,-0.26662047752486623,0.0,0.0,0.0,0.02371977945203183,0.9997186464514638,0.04836267775746199,0.11043484470418728,0.0,0.0,0.0,0.2562642163231302,1477,1530
-0.3691378278533862,-0.2561384888273076,0.0,0.0,0.0,0.059336868112486736,0.9982380157470468,0.027909123371991806,0.04366359638090231,0.0,0.0,0.0,0.30560837456104023,1477,1530
-0.3837652728128971,-0.1971354416947175,0.0,0.0,0.0,0.17884773632018788,0.9838767642409005,-0.028173618581114997,0.22554993759628741,0.0,0.0,0.0,0.8985476476808586,1477,1530
-0.3837652728128971,-0.1971354416947175,0.0,0.0,0.0,0.17884773632018788,0.9838767642409005,-0.028173618581114997,0.22554993759628741,0.0,0.0,0.0,0.8985476476808586,1477,1530
-0.3915914077578854,-0.19122335338889146,0.0,0.0,0.0,0.19884764963590484,0.9800304139333006,-0.052807515492479536,0.08344857245335775,0.0,0.0,0.0,0.41009587281060816,1477,1530
-0.3915914077578854,-0.19122335338889146,0.0,0.0,0.0,0.19884764963590484,0.9800304139333006,-0.052807515492479536,0.08344857245335775,0.0,0.0,0.0,0.41009587281060816,1477,1530
-0.40388929041939287,-0.20272863846036404,0.0,0.0,0.0,0.1941914600800173,0.9809636470491611,-0.06773773772710233,-0.02486051712370053,0.0,0.0,0.0,-0.04069323623966013,1477,1530
-0.40388929041939287,-0.20272863846036404,0.0,0.0,0.0,0.1941914600800173,0.9809636470491611,-0.06773773772710233,-0.02486051712370053,0.0,0.0,0.0,-0.04069323623966013,1477,1530
-0.4573971744112738,-0.19948047290412554,0.0,0.0,0.0,0.19579426937939923,0.9806449939086964,-0.2895174650195141,0.14038756668411098,0.0,0.0,0.0,0.01961750467518094,1477,1530
-0.4573971744112738,-0.19948047290412554,0.0,0.0,0.0,0.19579426937939923,0.9806449939086964,-0.2895174650195141,0.14038756668411098,0.0,0.0,0.0,0.01961750467518094,1477,1530
-0.5066711347677916,-0.20317409182438215,0.0,0.0,0.0,0.19655342305267795,0.980493116695,-0.23436845426105127,0.07748875864479421,0.0,0.0,0.0,0.007735239715439881,1477,1530
-0.5066711347677916,-0.20317409182438215,0.0,0.0,0.0,0.19655342305267795,0.980493116695,-0.23436845426105127,0.07748875864479421,0.0,0.0,0.0,0.007735239715439881,1477,1530
-0.572396019796077,-0.20270254794392273,0.0,0.0,0.0,0.19543577457816003,0.9807165023670371,-0.30256455008971017,0.128942580169618,0.0,0.0,0.0,-0.011406606798898076,1477,1530
-0.572396019796077,-0.20270254794392273,0.0,0.0,0.0,0.19543577457816003,0.9807165023670371,-0.30256455008971017,0.128942580169618,0.0,0.0,0.0,-0.011406606798898076,1477,1530
-0.6649200786317243,-0.2006297309233712,0.0,0.0,0.0,0.19538598773910115,0.9807264225028384,-0.36276571955049886,0.16017837170104215,0.0,0.0,0.0,-0.00043504978266993344,1477,1530
-0.6649200786317243,-0.2006297309233712,0.0,0.0,0.0,0.19538598773910115,0.9807264225028384,-0.36276571955049886,0.16017837170104215,0.0,0.0,0.0,-0.00043504978266993344,1477,1530
-0.6649200786317243,-0.2006297309233712,0.0,0.0,0.0,0.19538598773910115,0.9807264225028384,-0.36276571955049886,0.16017837170104215,0.0,0.0,0.0,-0.00043504978266993344,1477,1530
-0.7583585968724105,-0.20084956551868924,0.0,0.0,0.0,0.19679049450029812,0.9804455626266703,-0.4290640254364522,0.17684519536574378,0.0,0.0,0.0,0.014227662143131013,1477,1530
-0.7583585968724105,-0.20084956551868924,0.0,0.0,0.0,0.19679049450029812,0.9804455626266703,-0.4290640254364522,0.17684519536574378,0.0,0.0,0.0,0.014227662143131013,1477,1530
-0.8691729326891391,-0.1748743486011752,0.0,0.0,0.0,0.19643829484282993,0.9805161887083973,-0.397268450361452,0.2874773013505743,0.0,0.0,0.0,-0.003095246831141148,1477,1530
-0.8691729326891391,-0.1748743486011752,0.0,0.0,0.0,0.19643829484282993,0.9805161887083973,-0.397268450361452,0.2874773013505743,0.0,0.0,0.0,-0.003095246831141148,1477,1530
-0.9718698087178459,-0.16039889096786647,0.0,0.0,0.0,0.2089418982549237,0.9779280562258295,-0.4460435292833999,0.26463792304657535,0.0,0.0,0.0,0.12770373302312318,1477,1530
-0.9718698087178459,-0.16039889096786647,0.0,0.0,0.0,0.2089418982549237,0.9779280562258295,-0.4460435292833999,0.26463792304657535,0.0,0.0,0.0,0.12770373302312318,1477,1530
-1.0950939394247088,-0.10309986844288893,0.0,0.0,0.0,0.25790723799673754,0.9661696831244987,-0.4438765091951952,0.5116857343541943,0.0,0.0,0.0,0.5018657074159322,1477,1530
-1.2036506086883418,-0.07631227245372102,0.0,0.0,0.0,0.27038347169759447,0.9627527087641748,-0.4862031228045458,0.46549207340627413,0.0,0.0,0.0,0.1557414929617123,1477,1530
-1.2036506086883418,-0.07631227245372102,0.0,0.0,0.0,0.27038347169759447,0.9627527087641748,-0.4862031228045458,0.46549207340627413,0.0,0.0,0.0,0.1557414929617123,1477,1530
-1.3411201999326248,-0.041210671297888635,0.0,0.0,0.0,0.26975596251727435,0.9629287204598163,-0.4960493471797156,0.5082862318395562,0.0,0.0,0.0,-0.00652483697543623,1477,1530
-1.3411201999326248,-0.041210671297888635,0.0,0.0,0.0,0.26975596251727435,0.9629287204598163,-0.4960493471797156,0.5082862318395562,0.0,0.0,0.0,-0.00652483697543623,1477,1530
-1.4413351683691131,-0.019050294313821593,0.0,0.0,0.0,0.26945025721484306,0.963014308765376,-0.5551204013533426,0.5317569678944278,0.0,0.0,0.0,-0.004755390686575507,1477,1530
-1.4413351683691131,-0.019050294313821593,0.0,0.0,0.0,0.26945025721484306,0.963014308765376,-0.5551204013533426,0.5317569678944278,0.0,0.0,0.0,-0.004755390686575507,1477,1530
-1.4413351683691131,-0.019050294313821593,0.0,0.0,0.0,0.26945025721484306,0.963014308765376,-0.5551204013533426,0.5317569678944278,0.0,0.0,0.0,-0.004755390686575507,1477,1530
-1.6333071209225074,0.02803652141546382,0.0,0.0,0.0,0.26947883561053176,0.9630063121070349,-0.5983911641508161,0.5993220003203507,0.0,0.0,0.0,0.00025430268061149244,1477,1530
-1.6333071209225074,0.02803652141546382,0.0,0.0,0.0,0.26947883561053176,0.9630063121070349,-0.5983911641508161,0.5993220003203507,0.0,0.0,0.0,0.00025430268061149244,1477,1530
-1.8735104818703787,0.08567581994514781,0.0,0.0,0.0,0.2687798310429282,0.9632016416226329,-0.6578584552603659,0.6523724870051367,0.0,0.0,0.0,-0.005444243438082306,1477,1530
-1.8735104818703787,0.08567581994514781,0.0,0.0,0.0,0.2687798310429282,0.9632016416226329,-0.6578584552603659,0.6523724870051367,0.0,0.0,0.0,-0.005444243438082306,1477,1530
-2.087953529966284,0.15404103589938167,0.0,0.0,0.0,0.26890119088523895,0.963167768117528,-0.6343693580426552,0.7263159729959863,0.0,0.0,0.0,0.0010796834118372868,1477,1530
-2.087953529966284,0.15404103589938167,0.0,0.0,0.0,0.26890119088523895,0.963167768117528,-0.6343693580426552,0.7263159729959863,0.0,0.0,0.0,0.0010796834118372868,1477,1530
-2.292471657093675,0.21115020622021674,0.0,0.0,0.0,0.26827284651963845,0.9633429710234307,-0.7243486607005256,0.7713400404343818,0.0,0.0,0.0,-0.006501159184640547,1477,1530
-2.4758747632380684,0.27852540550827054,0.0,0.0,0.0,0.26849999617612846,0.9632796852697658,-0.7329683039173178,0.9147111301347178,0.0,0.0,0.0,0.002829197427933474,1477,1530
-2.4758747632380684,0.27852540550827054,0.0,0.0,0.0,0.26849999617612846,0.9632796852697658,-0.7329683039173178,0.9147111301347178,0.0,0.0,0.0,0.002829197427933474,1477,1530
-2.4758747632380684,0.27852540550827054,0.0,0.0,0.0,0.26849999617612846,0.9632796852697658,-0.7329683039173178,0.9147111301347178,0.0,0.0,0.0,0.002829197427933474,1477,1530
-2.666021270986149,0.340517758178903,0.0,0.0,0.0,0.2677391747907708,0.9634914292729111,-0.7871540647104243,0.9121608440141417,0.0,0.0,0.0,-0.009515248125457948,1477,1530
-2.666021270986149,0.340517758178903,0.0,0.0,0.0,0.2677391747907708,0.9634914292729111,-0.7871540647104243,0.9121608440141417,0.0,0.0,0.0,-0.009515248125457948,1477,1530
-2.992113292025924,0.41262801095822516,0.0,0.0,0.0,0.2335958332689965,0.9723337835740169,-1.0373710688252908,0.9854257969378398,0.0,0.0,0.0,-0.3021606378944978,1477,1530
-3.261090014830859,0.4471417915739028,0.0,0.0,0.0,0.14664990949555992,0.9891884572946371,-1.1212942413946538,0.7657468617816283,0.0,0.0,0.0,-0.886021265690385,1477,1530
-3.261090014830859,0.4471417915739028,0.0,0.0,0.0,0.14664990949555992,0.9891884572946371,-1.1212942413946538,0.7657468617816283,0.0,0.0,0.0,-0.886021265690385,1477,1530
-3.4978642617334,0.5028435969642593,0.0,0.0,0.0,0.10370612896292887,0.9946079824813012,-1.2604709484979657,0.7307853757799105,0.0,0.0,0.0,-0.5184254082914249,1477,1530
-3.4978642617334,0.5028435969642593,0.0,0.0,0.0,0.10370612896292887,0.9946079824813012,-1.2604709484979657,0.7307853757799105,0.0,0.0,0.0,-0.5184254082914249,1477,1530
-3.7263724859531484,0.5685646766025413,0.0,0.0,0.0,0.09170806950761166,0.9957859358251587,-1.260722891815502,0.6689552409909835,0.0,0.0,0.0,-0.1447250786611462,1477,1530
-3.7263724859531484,0.5685646766025413,0.0,0.0,0.0,0.09170806950761166,0.9957859358251587,-1.260722891815502,0.6689552409909835,0.0,0.0,0.0,-0.1447250786611462,1477,1530
-4.002611413746037,0.6638216654609831,0.0,0.0,0.0,0.09170133215898103,0.9957865562861693,-1.2711242460483727,0.7206257789127318,0.0,0.0,0.0,-6.766670293054839e-05,1477,1530
-4.002611413746037,0.6638216654609831,0.0,0.0,0.0,0.09170133215898103,0.9957865562861693,-1.2711242460483727,0.7206257789127318,0.0,0.0,0.0,-6.766670293054839e-05,1477,1530
-4.279614809879008,0.7629382301626964,0.0,0.0,0.0,0.09180792541086409,0.9957767344298385,-1.271863798327621,0.7405711928434222,0.0,0.0,0.0,0.0010709942523265458,1477,1530
-4.392344253101685,0.7975955685825163,0.0,0.0,0.0,0.09166595006485839,0.9957898139661335,-0.6261826887817107,0.32770387939854895,0.0,0.0,0.0,-0.0017088133600326057,1477,1530
-4.4988551407980815,0.83176273364584,0.0,0.0,0.0,0.09162972494072787,0.9957931479515646,-0.5910303190598194,0.3182956708432231,0.0,0.0,0.0,-0.0004366347303711647,1477,1530
-4.4988551407980815,0.83176273364584,0.0,0.0,0.0,0.09162972494072787,0.9957931479515646,-0.5910303190598194,0.3182956708432231,0.0,0.0,0.0,-0.0004366347303711647,1477,1530
-4.4988551407980815,0.83176273364584,0.0,0.0,0.0,0.09162972494072787,0.9957931479515646,-0.5910303190598194,0.3182956708432231,0.0,0.0,0.0,-0.0004366347303711647,1477,1530
-4.539599296289103,0.845215775641885,0.0,0.0,0.0,0.09162907784219046,0.9957932074953061,-0.5641645701549162,0.3099867730195501,0.0,0.0,0.0,-1.9498087681636977e-05,1477,1530
-4.539599296289103,0.845215775641885,0.0,0.0,0.0,0.09162907784219046,0.9957932074953061,-0.5641645701549162,0.3099867730195501,0.0,0.0,0.0,-1.9498087681636977e-05,1477,1530
-4.6934699874147245,0.8978440673012862,0.0,0.0,0.0,0.09156767959087381,0.9957988552184337,-0.5311330878704077,0.29923977294039295,0.0,0.0,0.0,-0.0004622760670823089,1477,1530
-4.6934699874147245,0.8978440673012862,0.0,0.0,0.0,0.09156767959087381,0.9957988552184337,-0.5311330878704077,0.29923977294039295,0.0,0.0,0.0,-0.0004622760670823089,1477,1530
-5.073647153163492,1.0291075259529112,0.0,0.0,0.0,0.09146669416680603,0.9958081360674836,-1.749223187917354,0.9919136785896179,0.0,0.0,0.0,-0.0010140541819458177,1477,1530
-5.073647153163492,1.0291075259529112,0.0,0.0,0.0,0.09146669416680603,0.9958081360674836,-1.749223187917354,0.9919136785896179,0.0,0.0,0.0,-0.0010140541819458177,1477,1530
-5.090616437211896,1.028968445857943,0.0,0.0,0.0,0.09236195194034434,0.9957254992385047,-0.08357180794999614,0.014775666033124768,0.0,0.0,0.0,0.008992613298228064,1477,1530
-5.090616437211896,1.028968445857943,0.0,0.0,0.0,0.09236195194034434,0.9957254992385047,-0.08357180794999614,0.014775666033124768,0.0,0.0,0.0,0.008992613298228064,1477,1530
-5.090011653089392,1.0279180864449693,0.0,0.0,0.0,0.09262553470321291,0.9957010145224037,0.0020060917251859363,-0.005717681752744293,0.0,0.0,0.0,0.0026468444876367393,1477,1530
-5.090011653089392,1.0279180864449693,0.0,0.0,0.0,0.09262553470321291,0.9957010145224037,0.0020060917251859363,-0.005717681752744293,0.0,0.0,0.0,0.0026468444876367393,1477,1530
-5.072247770395567,1.0262907537752635,0.0,0.0,0.0,0.0918897587700757,0.9957691862239849,0.06411235876138772,-0.01821879015642071,0.0,0.0,0.0,-0.005521841318471067,1477,1530
-5.072247770395567,1.0262907537752635,0.0,0.0,0.0,0.0918897587700757,0.9957691862239849,0.06411235876138772,-0.01821879015642071,0.0,0.0,0.0,-0.005521841318471067,1477,1530
-5.060028395075898,1.0215245133966624,0.0,0.0,0.0,0.09213620658216587,0.9957464132180686,0.056020182595185604,-0.03480608329847809,0.0,0.0,0.0,0.0024890279961566008,1477,1530
-5.060028395075898,1.0215245133966624,0.0,0.0,0.0,0.09213620658216587,0.9957464132180686,0.056020182595185604,-0.03480608329847809,0.0,0.0,0.0,0.0024890279961566008,1477,1530
-5.0104252978887045,1.01275377573975,0.0,0.0,0.0,0.09109194321328776,0.9958424864814852,0.23572380747637464,-0.08860429859512342,0.0,0.0,0.0,-0.010485212944728732,1477,1530
-5.053936739571919,1.0238980709827439,0.0,0.0,0.0,0.09156458067008061,0.9957991401717077,-0.2443155999214694,0.11298708445086643,0.0,0.0,0.0,0.005688716077352075,1477,1530
-5.053936739571919,1.0238980709827439,0.0,0.0,0.0,0.09156458067008061,0.9957991401717077,-0.2443155999214694,0.11298708445086643,0.0,0.0,0.0,0.005688716077352075,1477,1530
-5.053936739571919,1.0238980709827439,0.0,0.0,0.0,0.09156458067008061,0.9957991401717077,-0.2443155999214694,0.11298708445086643,0.0,0.0,0.0,0.005688716077352075,1477,1530
-5.053995603168521,1.0237797742593466,0.0,0.0,0.0,0.09135792609291786,0.9958181206123943,-0.0007945072638481444,-0.0010558086110122504,0.0,0.0,0.0,-0.004150570738286954,1477,1530
-5.053995603168521,1.0237797742593466,0.0,0.0,0.0,0.09135792609291786,0.9958181206123943,-0.0007945072638481444,-0.0010558086110122504,0.0,0.0,0.0,-0.004150570738286954,1477,1530
-4.99966539376546,1.009141748614052,0.0,0.0,0.0,0.09120979130292317,0.9958316996212146,0.21773957695707433,-0.10414785747756886,0.0,0.0,0.0,-0.001276206091694937,1477,1530
-4.99966539376546,1.009141748614052,0.0,0.0,0.0,0.09120979130292317,0.9958316996212146,0.21773957695707433,-0.10414785747756886,0.0,0.0,0.0,-0.001276206091694937,1477,1530
-4.99966539376546,1.009141748614052,0.0,0.0,0.0,0.09120979130292317,0.9958316996212146,0.21773957695707433,-0.10414785747756886,0.0,0.0,0.0,-0.001276206091694937,1477,1530
-4.995510958610896,1.0069690980703678,0.0,0.0,0.0,0.09125458233844223,0.9958275961240663,0.01229017792164733,-0.009627968806344539,0.0,0.0,0.0,0.0002995668344855118,1477,1530
-4.995510958610896,1.0069690980703678,0.0,0.0,0.0,0.09125458233844223,0.9958275961240663,0.01229017792164733,-0.009627968806344539,0.0,0.0,0.0,0.0002995668344855118,1477,1530
-4.927218491939668,0.9861420129075034,0.0,0.0,0.0,0.0908520139222867,0.9958644042068501,0.27169002032932643,-0.1410212116744697,0.0,0.0,0.0,-0.0034663217704860435,1477,1530
-4.927218491939668,0.9861420129075034,0.0,0.0,0.0,0.0908520139222867,0.9958644042068501,0.27169002032932643,-0.1410212116744697,0.0,0.0,0.0,-0.0034663217704860435,1477,1530
-4.927218491939668,0.9861420129075034,0.0,0.0,0.0,0.0908520139222867,0.9958644042068501,0.27169002032932643,-0.1410212116744697,0.0,0.0,0.0,-0.0034663217704860435,1477,1530
-4.927218491939668,0.9861420129075034,0.0,0.0,0.0,0.0908520139222867,0.9958644042068501,0.27169002032932643,-0.1410212116744697,0.0,0.0,0.0,-0.0034663217704860435,1477,1530
-4.9256903675922015,0.9834066629988009,0.0,0.0,0.0,0.09122249538548008,0.9958305359526017,0.0043187957736602256,-0.012711829968946094,0.0,0.0,0.0,0.0031881319100808977,1477,1530
-4.9256903675922015,0.9834066629988009,0.0,0.0,0.0,0.09122249538548008,0.9958305359526017,0.0043187957736602256,-0.012711829968946094,0.0,0.0,0.0,0.0031881319100808977,1477,1530
-4.9256903675922015,0.9834066629988009,0.0,0.0,0.0,0.09122249538548008,0.9958305359526017,0.0043187957736602256,-0.012711829968946094,0.0,0.0,0.0,0.0031881319100808977,1477,1530
-4.9256903675922015,0.9834066629988009,0.0,0.0,0.0,0.09122249538548008,0.9958305359526017,0.0043187957736602256,-0.012711829968946094,0.0,0.0,0.0,0.0031881319100808977,1477,1530
-4.9256903675922015,0.9834066629988009,0.0,0.0,0.0,0.09122249538548008,0.9958305359526017,0.0043187957736602256,-0.012711829968946094,0.0,0.0,0.0,0.0031881319100808977,1477,1530
-4.846592671770201,0.9586960147195716,0.0,0.0,0.0,0.09153826375819296,0.9958015596835222,0.18322520068849074,-0.09667331420212136,0.0,0.0,0.0,0.001585439704646348,1477,1530
-4.846592671770201,0.9586960147195716,0.0,0.0,0.0,0.09153826375819296,0.9958015596835222,0.18322520068849074,-0.09667331420212136,0.0,0.0,0.0,0.001585439704646348,1477,1530
-4.8534147907642735,0.9585509824145928,0.0,0.0,0.0,0.09185986176097612,0.9957719446727019,-0.01262541268484796,0.002064400426573515,0.0,0.0,0.0,0.0012109732686932711,1477,1530
-4.8534147907642735,0.9585509824145928,0.0,0.0,0.0,0.09185986176097612,0.9957719446727019,-0.01262541268484796,0.002064400426573515,0.0,0.0,0.0,0.0012109732686932711,1477,1530
-4.8425141256650885,0.9547596886909577,0.0,0.0,0.0,0.09111087314783829,0.9958407547365384,0.07514871323165394,-0.042897275133554895,0.0,0.0,0.0,-0.011278447270425226,1477,1530
-4.8425141256650885,0.9547596886909577,0.0,0.0,0.0,0.09111087314783829,0.9958407547365384,0.07514871323165394,-0.042897275133554895,0.0,0.0,0.0,-0.011278447270425226,1477,1530
-4.8425141256650885,0.9547596886909577,0.0,0.0,0.0,0.09111087314783829,0.9958407547365384,0.07514871323165394,-0.042897275133554895,0.0,0.0,0.0,-0.011278447270425226,1477,1530
-4.834242620007285,0.9525709687775661,0.0,0.0,0.0,0.09220401665062425,0.9957401364379621,0.03317157902353408,-0.015663393123442067,0.0,0.0,0.0,0.009413092598139647,1477,1530
-4.834242620007285,0.9525709687775661,0.0,0.0,0.0,0.09220401665062425,0.9957401364379621,0.03317157902353408,-0.015663393123442067,0.0,0.0,0.0,0.009413092598139647,1477,1530
-4.873195803427456,0.9645218482842176,0.0,0.0,0.0,0.09187803252430106,0.995770268254412,-0.1203735152580401,0.06302850210655248,0.0,0.0,0.0,-0.0021834378425806067,1477,1530
-4.873195803427456,0.9645218482842176,0.0,0.0,0.0,0.09187803252430106,0.995770268254412,-0.1203735152580401,0.06302850210655248,0.0,0.0,0.0,-0.0021834378425806067,1477,1530
-4.873904119643572,0.964226221066291,0.0,0.0,0.0,0.0919783809293151,0.9957610041780215,-0.003751936743115328,-0.0008050777220600958,0.0,0.0,0.0,0.0010076655813420284,1477,1530
-4.873904119643572,0.964226221066291,0.0,0.0,0.0,0.0919783809293151,0.9957610041780215,-0.003751936743115328,-0.0008050777220600958,0.0,0.0,0.0,0.0010076655813420284,1477,1530
-4.871273938623156,0.9656878339153205,0.0,0.0,0.0,0.09171516370275144,0.9957852824514819,0.014260714240951834,0.004773344381932061,0.0,0.0,0.0,-0.0026421694958205628,1477,1530
-4.871273938623156,0.9656878339153205,0.0,0.0,0.0,0.09171516370275144,0.9957852824514819,0.014260714240951834,0.004773344381932061,0.0,0.0,0.0,-0.0026421694958205628,1477,1530
-4.8731316789527215,0.9644755067420598,0.0,0.0,0.0,0.09195739017703973,0.9957629428693496,-0.010230479917374403,-0.004259198483350956,0.0,0.0,0.0,0.002430369185066413,1477,1530
-4.8731316789527215,0.9644755067420598,0.0,0.0,0.0,0.09195739017703973,0.9957629428693496,-0.010230479917374403,-0.004259198483350956,0.0,0.0,0.0,0.002430369185066413,1477,1530
-4.8731316789527215,0.9644755067420598,0.0,0.0,0.0,0.09195739017703973,0.9957629428693496,-0.010230479917374403,-0.004259198483350956,0.0,0.0,0.0,0.002430369185066413,1477,1530
-4.8731316789527215,0.9644755067420598,0.0,0.0,0.0,0.09195739017703973,0.9957629428693496,-0.010230479917374403,-0.004259198483350956,0.0,0.0,0.0,0.002430369185066413,1477,1530
-4.8731316789527215,0.9644755067420598,0.0,0.0,0.0,0.09195739017703973,0.9957629428693496,-0.010230479917374403,-0.004259198483350956,0.0,0.0,0.0,0.002430369185066413,1477,1530
-4.8731316789527215,0.9644755067420598,0.0,0.0,0.0,0.09195739017703973,0.9957629428693496,-0.010230479917374403,-0.004259198483350956,0.0,0.0,0.0,0.002430369185066413,1477,1530
-4.8731316789527215,0.9644755067420598,0.0,0.0,0.0,0.09195739017703973,0.9957629428693496,-0.010230479917374403,-0.004259198483350956,0.0,0.0,0.0,0.002430369185066413,1477,1530
-4.8731316789527215,0.9644755067420598,0.0,0.0,0.0,0.09195739017703973,0.9957629428693496,-0.010230479917374403,-0.004259198483350956,0.0,0.0,0.0,0.002430369185066413,1477,1530
-4.8731316789527215,0.9644755067420598,0.0,0.0,0.0,0.09195739017703973,0.9957629428693496,-0.010230479917374403,-0.004259198483350956,0.0,0.0,0.0,0.002430369185066413,1477,1530
-4.8731316789527215,0.9644755067420598,0.0,0.0,0.0,0.09195739017703973,0.9957629428693496,-0.010230479917374403,-0.004259198483350956,0.0,0.0,0.0,0.002430369185066413,1477,1530
-4.8731316789527215,0.9644755067420598,0.0,0.0,0.0,0.09195739017703973,0.9957629428693496,-0.010230479917374403,-0.004259198483350956,0.0,0.0,0.0,0.002430369185066413,1477,1530
-4.8731316789527215,0.9644755067420598,0.0,0.0,0.0,0.09195739017703973,0.9957629428693496,-0.010230479917374403,-0.004259198483350956,0.0,0.0,0.0,0.002430369185066413,1477,1530
-4.8731316789527215,0.9644755067420598,0.0,0.0,0.0,0.09195739017703973,0.9957629428693496,-0.010230479917374403,-0.004259198483350956,0.0,0.0,0.0,0.002430369185066413,1477,1530
-4.8731316789527215,0.9644755067420598,0.0,0.0,0.0,0.09195739017703973,0.9957629428693496,-0.010230479917374403,-0.004259198483350956,0.0,0.0,0.0,0.002430369185066413,1477,1530
-4.8731316789527215,0.9644755067420598,0.0,0.0,0.0,0.09195739017703973,0.9957629428693496,-0.010230479917374403,-0.004259198483350956,0.0,0.0,0.0,0.002430369185066413,1477,1530
-4.8731316789527215,0.9644755067420598,0.0,0.0,0.0,0.09195739017703973,0.9957629428693496,-0.010230479917374403,-0.004259198483350956,0.0,0.0,0.0,0.002430369185066413,1477,1530
-4.8731316789527215,0.9644755067420598,0.0,0.0,0.0,0.09195739017703973,0.9957629428693496,-0.010230479917374403,-0.004259198483350956,0.0,0.0,0.0,0.002430369185066413,1477,1530
-4.8731316789527215,0.9644755067420598,0.0,0.0,0.0,0.09195739017703973,0.9957629428693496,-0.010230479917374403,-0.004259198483350956,0.0,0.0,0.0,0.002430369185066413,1477,1530
-4.8731316789527215,0.9644755067420598,0.0,0.0,0.0,0.09195739017703973,0.9957629428693496,-0.010230479917374403,-0.004259198483350956,0.0,0.0,0.0,0.002430369185066413,1477,1530
-4.8731316789527215,0.9644755067420598,0.0,0.0,0.0,0.09195739017703973,0.9957629428693496,-0.010230479917374403,-0.004259198483350956,0.0,0.0,0.0,0.002430369185066413,1477,1530
-4.8731316789527215,0.9644755067420598,0.0,0.0,0.0,0.09195739017703973,0.9957629428693496,-0.010230479917374403,-0.004259198483350956,0.0,0.0,0.0,0.002430369185066413,1477,1530
-4.8731316789527215,0.9644755067420598,0.0,0.0,0.0,0.09195739017703973,0.9957629428693496,-0.010230479917374403,-0.004259198483350956,0.0,0.0,0.0,0.002430369185066413,1477,1530
-4.8731316789527215,0.9644755067420598,0.0,0.0,0.0,0.09195739017703973,0.9957629428693496,-0.010230479917374403,-0.004259198483350956,0.0,0.0,0.0,0.002430369185066413,1477,1530
-4.8731316789527215,0.9644755067420598,0.0,0.0,0.0,0.09195739017703973,0.9957629428693496,-0.010230479917374403,-0.004259198483350956,0.0,0.0,0.0,0.002430369185066413,1477,1530
-4.8731316789527215,0.9644755067420598,0.0,0.0,0.0,0.09195739017703973,0.9957629428693496,-0.010230479917374403,-0.004259198483350956,0.0,0.0,0.0,0.002430369185066413,1477,1530
-4.8731316789527215,0.9644755067420598,0.0,0.0,0.0,0.09195739017703973,0.9957629428693496,-0.010230479917374403,-0.004259198483350956,0.0,0.0,0.0,0.002430369185066413,1477,1530
-4.8731316789527215,0.9644755067420598,0.0,0.0,0.0,0.09195739017703973,0.9957629428693496,-0.010230479917374403,-0.004259198483350956,0.0,0.0,0.0,0.002430369185066413,1477,1530
-4.8731316789527215,0.9644755067420598,0.0,0.0,0.0,0.09195739017703973,0.9957629428693496,-0.010230479917374403,-0.004259198483350956,0.0,0.0,0.0,0.002430369185066413,1477,1530
-4.8731316789527215,0.9644755067420598,0.0,0.0,0.0,0.09195739017703973,0.9957629428693496,-0.010230479917374403,-0.004259198483350956,0.0,0.0,0.0,0.002430369185066413,1477,1530
-4.8731316789527215,0.9644755067420598,0.0,0.0,0.0,0.09195739017703973,0.9957629428693496,-0.010230479917374403,-0.004259198483350956,0.0,0.0,0.0,0.002430369185066413,1477,1530
-4.8731316789527215,0.9644755067420598,0.0,0.0,0.0,0.09195739017703973,0.9957629428693496,-0.010230479917374403,-0.004259198483350956,0.0,0.0,0.0,0.002430369185066413,1477,1530
-4.8731316789527215,0.9644755067420598,0.0,0.0,0.0,0.09195739017703973,0.9957629428693496,-0.010230479917374403,-0.004259198483350956,0.0,0.0,0.0,0.002430369185066413,1477,1530
-4.8731316789527215,0.9644755067420598,0.0,0.0,0.0,0.09195739017703973,0.9957629428693496,-0.010230479917374403,-0.004259198483350956,0.0,0.0,0.0,0.002430369185066413,1477,1530
-4.8731316789527215,0.9644755067420598,0.0,0.0,0.0,0.09195739017703973,0.9957629428693496,-0.010230479917374403,-0.004259198483350956,0.0,0.0,0.0,0.002430369185066413,1477,1530
-4.8731316789527215,0.9644755067420598,0.0,0.0,0.0,0.09195739017703973,0.9957629428693496,-0.010230479917374403,-0.004259198483350956,0.0,0.0,0.0,0.002430369185066413,1477,1530
-4.8731316789527215,0.9644755067420598,0.0,0.0,0.0,0.09195739017703973,0.9957629428693496,-0.010230479917374403,-0.004259198483350956,0.0,0.0,0.0,0.002430369185066413,1477,1530
-4.8731316789527215,0.9644755067420598,0.0,0.0,0.0,0.09195739017703973,0.9957629428693496,-0.010230479917374403,-0.004259198483350956,0.0,0.0,0.0,0.002430369185066413,1477,1530
-4.8731316789527215,0.9644755067420598,0.0,0.0,0.0,0.09195739017703973,0.9957629428693496,-0.010230479917374403,-0.004259198483350956,0.0,0.0,0.0,0.002430369185066413,1477,1530
-4.8731316789527215,0.9644755067420598,0.0,0.0,0.0,0.09195739017703973,0.9957629428693496,-0.010230479917374403,-0.004259198483350956,0.0,0.0,0.0,0.002430369185066413,1477,1530
-4.8731316789527215,0.9644755067420598,0.0,0.0,0.0,0.09195739017703973,0.9957629428693496,-0.010230479917374403,-0.004259198483350956,0.0,0.0,0.0,0.002430369185066413,1477,1530
-4.8731316789527215,0.9644755067420598,0.0,0.0,0.0,0.09195739017703973,0.9957629428693496,-0.010230479917374403,-0.004259198483350956,0.0,0.0,0.0,0.002430369185066413,1477,1530
-4.8731316789527215,0.9644755067420598,0.0,0.0,0.0,0.09195739017703973,0.9957629428693496,-0.010230479917374403,-0.004259198483350956,0.0,0.0,0.0,0.002430369185066413,1477,1530
-4.8731316789527215,0.9644755067420598,0.0,0.0,0.0,0.09195739017703973,0.9957629428693496,-0.010230479917374403,-0.004259198483350956,0.0,0.0,0.0,0.002430369185066413,1477,1530
-4.8731316789527215,0.9644755067420598,0.0,0.0,0.0,0.09195739017703973,0.9957629428693496,-0.010230479917374403,-0.004259198483350956,0.0,0.0,0.0,0.002430369185066413,1477,1530
-4.8731316789527215,0.9644755067420598,0.0,0.0,0.0,0.09195739017703973,0.9957629428693496,-0.010230479917374403,-0.004259198483350956,0.0,0.0,0.0,0.002430369185066413,1477,1530
-4.8731316789527215,0.9644755067420598,0.0,0.0,0.0,0.09195739017703973,0.9957629428693496,-0.010230479917374403,-0.004259198483350956,0.0,0.0,0.0,0.002430369185066413,1477,1530
-4.8731316789527215,0.9644755067420598,0.0,0.0,0.0,0.09195739017703973,0.9957629428693496,-0.010230479917374403,-0.004259198483350956,0.0,0.0,0.0,0.002430369185066413,1477,1530
-4.8731316789527215,0.9644755067420598,0.0,0.0,0.0,0.09195739017703973,0.9957629428693496,-0.010230479917374403,-0.004259198483350956,0.0,0.0,0.0,0.002430369185066413,1477,1530
-4.8731316789527215,0.9644755067420598,0.0,0.0,0.0,0.09195739017703973,0.9957629428693496,-0.010230479917374403,-0.004259198483350956,0.0,0.0,0.0,0.002430369185066413,1477,1530
-4.8731316789527215,0.9644755067420598,0.0,0.0,0.0,0.09195739017703973,0.9957629428693496,-0.010230479917374403,-0.004259198483350956,0.0,0.0,0.0,0.002430369185066413,1477,1530
-4.8731316789527215,0.9644755067420598,0.0,0.0,0.0,0.09195739017703973,0.9957629428693496,-0.010230479917374403,-0.004259198483350956,0.0,0.0,0.0,0.002430369185066413,1477,1530
-4.8731316789527215,0.9644755067420598,0.0,0.0,0.0,0.09195739017703973,0.9957629428693496,-0.010230479917374403,-0.004259198483350956,0.0,0.0,0.0,0.002430369185066413,1477,1530
-4.8731316789527215,0.9644755067420598,0.0,0.0,0.0,0.09195739017703973,0.9957629428693496,-0.010230479917374403,-0.004259198483350956,0.0,0.0,0.0,0.002430369185066413,1477,1530
-4.8731316789527215,0.9644755067420598,0.0,0.0,0.0,0.09195739017703973,0.9957629428693496,-0.010230479917374403,-0.004259198483350956,0.0,0.0,0.0,0.002430369185066413,1477,1530
-4.8731316789527215,0.9644755067420598,0.0,0.0,0.0,0.09195739017703973,0.9957629428693496,-0.010230479917374403,-0.004259198483350956,0.0,0.0,0.0,0.002430369185066413,1477,1530
-4.8731316789527215,0.9644755067420598,0.0,0.0,0.0,0.09195739017703973,0.9957629428693496,-0.010230479917374403,-0.004259198483350956,0.0,0.0,0.0,0.002430369185066413,1477,1530
-4.8731316789527215,0.9644755067420598,0.0,0.0,0.0,0.09195739017703973,0.9957629428693496,-0.010230479917374403,-0.004259198483350956,0.0,0.0,0.0,0.002430369185066413,1477,1530
-4.8731316789527215,0.9644755067420598,0.0,0.0,0.0,0.09195739017703973,0.9957629428693496,-0.010230479917374403,-0.004259198483350956,0.0,0.0,0.0,0.002430369185066413,1477,1530
-4.8731316789527215,0.9644755067420598,0.0,0.0,0.0,0.09195739017703973,0.9957629428693496,-0.010230479917374403,-0.004259198483350956,0.0,0.0,0.0,0.002430369185066413,1477,1530
-4.8731316789527215,0.9644755067420598,0.0,0.0,0.0,0.09195739017703973,0.9957629428693496,-0.010230479917374403,-0.004259198483350956,0.0,0.0,0.0,0.002430369185066413,1477,1530
-4.8731316789527215,0.9644755067420598,0.0,0.0,0.0,0.09195739017703973,0.9957629428693496,-0.010230479917374403,-0.004259198483350956,0.0,0.0,0.0,0.002430369185066413,1477,1530
-4.8731316789527215,0.9644755067420598,0.0,0.0,0.0,0.09195739017703973,0.9957629428693496,-0.010230479917374403,-0.004259198483350956,0.0,0.0,0.0,0.002430369185066413,1477,1530
-4.8731316789527215,0.9644755067420598,0.0,0.0,0.0,0.09195739017703973,0.9957629428693496,-0.010230479917374403,-0.004259198483350956,0.0,0.0,0.0,0.002430369185066413,1477,1530
-4.8731316789527215,0.9644755067420598,0.0,0.0,0.0,0.09195739017703973,0.9957629428693496,-0.010230479917374403,-0.004259198483350956,0.0,0.0,0.0,0.002430369185066413,1477,1530
-4.8731316789527215,0.9644755067420598,0.0,0.0,0.0,0.09195739017703973,0.9957629428693496,-0.010230479917374403,-0.004259198483350956,0.0,0.0,0.0,0.002430369185066413,1477,1530
-4.8731316789527215,0.9644755067420598,0.0,0.0,0.0,0.09195739017703973,0.9957629428693496,-0.010230479917374403,-0.004259198483350956,0.0,0.0,0.0,0.002430369185066413,1477,1530
-4.8731316789527215,0.9644755067420598,0.0,0.0,0.0,0.09195739017703973,0.9957629428693496,-0.010230479917374403,-0.004259198483350956,0.0,0.0,0.0,0.002430369185066413,1477,1530
-4.8731316789527215,0.9644755067420598,0.0,0.0,0.0,0.09195739017703973,0.9957629428693496,-0.010230479917374403,-0.004259198483350956,0.0,0.0,0.0,0.002430369185066413,1477,1530
-4.8731316789527215,0.9644755067420598,0.0,0.0,0.0,0.09195739017703973,0.9957629428693496,-0.010230479917374403,-0.004259198483350956,0.0,0.0,0.0,0.002430369185066413,1477,1530
-4.8731316789527215,0.9644755067420598,0.0,0.0,0.0,0.09195739017703973,0.9957629428693496,-0.010230479917374403,-0.004259198483350956,0.0,0.0,0.0,0.002430369185066413,1477,1530
-4.8731316789527215,0.9644755067420598,0.0,0.0,0.0,0.09195739017703973,0.9957629428693496,-0.010230479917374403,-0.004259198483350956,0.0,0.0,0.0,0.002430369185066413,1477,1530
-4.8731316789527215,0.9644755067420598,0.0,0.0,0.0,0.09195739017703973,0.9957629428693496,-0.010230479917374403,-0.004259198483350956,0.0,0.0,0.0,0.002430369185066413,1477,1530
-4.8731316789527215,0.9644755067420598,0.0,0.0,0.0,0.09195739017703973,0.9957629428693496,-0.010230479917374403,-0.004259198483350956,0.0,0.0,0.0,0.002430369185066413,1477,1530
-4.8731316789527215,0.9644755067420598,0.0,0.0,0.0,0.09195739017703973,0.9957629428693496,-0.010230479917374403,-0.004259198483350956,0.0,0.0,0.0,0.002430369185066413,1477,1530
-4.8731316789527215,0.9644755067420598,0.0,0.0,0.0,0.09195739017703973,0.9957629428693496,-0.010230479917374403,-0.004259198483350956,0.0,0.0,0.0,0.002430369185066413,1477,1530
-4.8731316789527215,0.9644755067420598,0.0,0.0,0.0,0.09195739017703973,0.9957629428693496,-0.010230479917374403,-0.004259198483350956,0.0,0.0,0.0,0.002430369185066413,1477,1530
-4.8731316789527215,0.9644755067420598,0.0,0.0,0.0,0.09195739017703973,0.9957629428693496,-0.010230479917374403,-0.004259198483350956,0.0,0.0,0.0,0.002430369185066413,1477,1530
-4.8731316789527215,0.9644755067420598,0.0,0.0,0.0,0.09195739017703973,0.9957629428693496,-0.010230479917374403,-0.004259198483350956,0.0,0.0,0.0,0.002430369185066413,1477,1530
