Position_X,Position_Y,Position_Z,Orientation_X,Orientation_Y,Orientation_Z,Orientation_W,Twist_Linear_X,Twist_Linear_Y,Twist_Linear_Z,Twist_Angular_X,Twist_Angular_Y,Twist_Angular_Z,Steer_PWM,Throttle_PWM
0.0022103215750697374,-0.0016686145375492557,0.0,0.0,0.0,-0.00014389602698119537,0.9999999896469667,-0.001901137777938008,0.0008843657602853371,0.0,0.0,0.0,0.00022121592099690396,1477,1530
0.0022103215750697374,-0.0016686145375492557,0.0,0.0,0.0,-0.00014389602698119537,0.9999999896469667,-0.001901137777938008,0.0008843657602853371,0.0,0.0,0.0,0.00022121592099690396,1477,1530
0.0021148605729145137,-0.0016882863706208318,0.0,0.0,0.0,-0.00016935608414598508,0.9999999856592583,-0.0002385315991213775,-4.9226234196503715e-05,0.0,0.0,0.0,-0.0001272433459777564,1477,1530
0.0021148605729145137,-0.0016882863706208318,0.0,0.0,0.0,-0.00016935608414598508,0.9999999856592583,-0.0002385315991213775,-4.9226234196503715e-05,0.0,0.0,0.0,-0.0001272433459777564,1477,1530
0.0021148605729145137,-0.0016882863706208318,0.0,0.0,0.0,-0.00016935608414598508,0.9999999856592583,-0.0002385315991213775,-4.9226234196503715e-05,0.0,0.0,0.0,-0.0001272433459777564,1477,1530
0.0021148605729145137,-0.0016882863706208318,0.0,0.0,0.0,-0.00016935608414598508,0.9999999856592583,-0.0002385315991213775,-4.9226234196503715e-05,0.0,0.0,0.0,-0.0001272433459777564,1477,1530
0.0021148605729145137,-0.0016882863706208318,0.0,0.0,0.0,-0.00016935608414598508,0.9999999856592583,-0.0002385315991213775,-4.9226234196503715e-05,0.0,0.0,0.0,-0.0001272433459777564,1477,1530
0.0021148605729145137,-0.0016882863706208318,0.0,0.0,0.0,-0.00016935608414598508,0.9999999856592583,-0.0002385315991213775,-4.9226234196503715e-05,0.0,0.0,0.0,-0.0001272433459777564,1477,1530
0.0024859924525089065,-0.0018816352611449702,0.0,0.0,0.0,-0.0001150199825446675,0.9999999933852018,0.0008999901755046099,-0.0004684811406856063,0.0,0.0,0.0,0.00026348226012875935,1477,1530
0.0024859924525089065,-0.0018816352611449702,0.0,0.0,0.0,-0.0001150199825446675,0.9999999933852018,0.0008999901755046099,-0.0004684811406856063,0.0,0.0,0.0,0.00026348226012875935,1477,1530
0.0024859924525089065,-0.0018816352611449702,0.0,0.0,0.0,-0.0001150199825446675,0.9999999933852018,0.0008999901755046099,-0.0004684811406856063,0.0,0.0,0.0,0.00026348226012875935,1477,1530
0.0024859924525089065,-0.0018816352611449702,0.0,0.0,0.0,-0.0001150199825446675,0.9999999933852018,0.0008999901755046099,-0.0004684811406856063,0.0,0.0,0.0,0.00026348226012875935,1477,1530
0.0024859924525089065,-0.0018816352611449702,0.0,0.0,0.0,-0.0001150199825446675,0.9999999933852018,0.0008999901755046099,-0.0004684811406856063,0.0,0.0,0.0,0.00026348226012875935,1477,1530
0.0014641414151832092,-0.0008327744808436278,0.0,0.0,0.0,-0.0002576512412279098,0.9999999668079184,-0.0016299856634559462,0.0016722998998078878,0.0,0.0,0.0,-0.000454923518144102,1477,1530
0.0014641414151832092,-0.0008327744808436278,0.0,0.0,0.0,-0.0002576512412279098,0.9999999668079184,-0.0016299856634559462,0.0016722998998078878,0.0,0.0,0.0,-0.000454923518144102,1477,1530
0.0014641414151832092,-0.0008327744808436278,0.0,0.0,0.0,-0.0002576512412279098,0.9999999668079184,-0.0016299856634559462,0.0016722998998078878,0.0,0.0,0.0,-0.000454923518144102,1477,1530
0.0014641414151832092,-0.0008327744808436278,0.0,0.0,0.0,-0.0002576512412279098,0.9999999668079184,-0.0016299856634559462,0.0016722998998078878,0.0,0.0,0.0,-0.000454923518144102,1477,1530
0.0011066639154658604,-0.0008474288459898686,0.0,0.0,0.0,-0.00028500585359437266,0.999999959385831,-0.000723059762786436,-3.001420398579527e-05,0.0,0.0,0.0,-0.00011066117851802292,1477,1530
0.0013959897711015524,-0.0007263493408391518,0.0,0.0,0.0,-0.0002843221465289579,0.9999999595804577,0.0006682980964640355,0.0002801227389268433,0.0,0.0,0.0,3.1592699750770593e-06,1477,1530
0.0013959897711015524,-0.0007263493408391518,0.0,0.0,0.0,-0.0002843221465289579,0.9999999595804577,0.0006682980964640355,0.0002801227389268433,0.0,0.0,0.0,3.1592699750770593e-06,1477,1530
0.001549414951720378,-0.000932035891077603,0.0,0.0,0.0,-0.00024713966803857705,0.9999999694609918,0.0011328679024565642,-0.0015169571667152386,0.0,0.0,0.0,0.0005486812135218729,1477,1530
0.001549414951720378,-0.000932035891077603,0.0,0.0,0.0,-0.00024713966803857705,0.9999999694609918,0.0011328679024565642,-0.0015169571667152386,0.0,0.0,0.0,0.0005486812135218729,1477,1530
0.001549414951720378,-0.000932035891077603,0.0,0.0,0.0,-0.00024713966803857705,0.9999999694609918,0.0011328679024565642,-0.0015169571667152386,0.0,0.0,0.0,0.0005486812135218729,1477,1530
0.001989363335308038,-0.0013499318626280239,0.0,0.0,0.0,-0.00018690687835624148,0.9999999825329093,0.0022196749682666444,-0.0021063276958985795,0.0,0.0,0.0,0.0006075007798753917,1477,1530
0.001989363335308038,-0.0013499318626280239,0.0,0.0,0.0,-0.00018690687835624148,0.9999999825329093,0.0022196749682666444,-0.0021063276958985795,0.0,0.0,0.0,0.0006075007798753917,1477,1530
0.001989363335308038,-0.0013499318626280239,0.0,0.0,0.0,-0.00018690687835624148,0.9999999825329093,0.0022196749682666444,-0.0021063276958985795,0.0,0.0,0.0,0.0006075007798753917,1477,1530
0.001799472491923162,-0.0011703901310369013,0.0,0.0,0.0,-0.00024068478465555452,0.9999999710354168,-0.0007027982939883165,0.0006639981621031816,0.0,0.0,0.0,-0.00039793041133109804,1477,1530
0.001799472491923162,-0.0011703901310369013,0.0,0.0,0.0,-0.00024068478465555452,0.9999999710354168,-0.0007027982939883165,0.0006639981621031816,0.0,0.0,0.0,-0.00039793041133109804,1477,1530
0.001799472491923162,-0.0011703901310369013,0.0,0.0,0.0,-0.00024068478465555452,0.9999999710354168,-0.0007027982939883165,0.0006639981621031816,0.0,0.0,0.0,-0.00039793041133109804,1477,1530
0.001799472491923162,-0.0011703901310369013,0.0,0.0,0.0,-0.00024068478465555452,0.9999999710354168,-0.0007027982939883165,0.0006639981621031816,0.0,0.0,0.0,-0.00039793041133109804,1477,1530
0.0013794318206173275,-0.000776864290096379,0.0,0.0,0.0,-0.0002796998376445181,0.9999999608839997,-0.002101034713089294,0.0019665098447389988,0.0,0.0,0.0,-0.00039012908592227935,1477,1530
0.0013794318206173275,-0.000776864290096379,0.0,0.0,0.0,-0.0002796998376445181,0.9999999608839997,-0.002101034713089294,0.0019665098447389988,0.0,0.0,0.0,-0.00039012908592227935,1477,1530
0.001327486542083978,-0.0009692255616006041,0.0,0.0,0.0,-0.0002537816495877538,0.9999999677974366,-0.00011197224668955242,-0.00041557378551384296,0.0,0.0,0.0,0.00011196946967016242,1477,1530
0.0015187456926522855,-0.0007721529566263939,0.0,0.0,0.0,-0.00026673946821648863,0.9999999644250274,0.0007173568417305488,0.0007399124716638669,0.0,0.0,0.0,-9.72528140688723e-05,1477,1530
0.0015187456926522855,-0.0007721529566263939,0.0,0.0,0.0,-0.00026673946821648863,0.9999999644250274,0.0007173568417305488,0.0007399124716638669,0.0,0.0,0.0,-9.72528140688723e-05,1477,1530
0.0014150475988572,-0.0009041408282639044,0.0,0.0,0.0,-0.0002551275267754376,0.999999967454972,-0.0015500593276689529,-0.0019750975798377224,0.0,0.0,0.0,0.00034738211135197167,1477,1530
0.0014150475988572,-0.0009041408282639044,0.0,0.0,0.0,-0.0002551275267754376,0.999999967454972,-0.0015500593276689529,-0.0019750975798377224,0.0,0.0,0.0,0.00034738211135197167,1477,1530
0.0014150475988572,-0.0009041408282639044,0.0,0.0,0.0,-0.0002551275267754376,0.999999967454972,-0.0015500593276689529,-0.0019750975798377224,0.0,0.0,0.0,0.00034738211135197167,1477,1530
0.0016279804171460477,-0.0009068281846927902,0.0,0.0,0.0,-0.0002451630717844604,0.9999999699475337,0.0010653046653077783,-1.2901206397720281e-05,0.0,0.0,0.0,9.970387683276391e-05,1477,1530
0.0016279804171460477,-0.0009068281846927902,0.0,0.0,0.0,-0.0002451630717844604,0.9999999699475337,0.0010653046653077783,-1.2901206397720281e-05,0.0,0.0,0.0,9.970387683276391e-05,1477,1530
0.0017335608714363166,-0.0010176773136977035,0.0,0.0,0.0,-0.0002403777801378526,0.999999971109261,0.0005282135851327172,-0.0005540282862430783,0.0,0.0,0.0,4.785650711413946e-05,1477,1530
0.0017335608714363166,-0.0010176773136977035,0.0,0.0,0.0,-0.0002403777801378526,0.999999971109261,0.0005282135851327172,-0.0005540282862430783,0.0,0.0,0.0,4.785650711413946e-05,1477,1530
0.0011342098108731262,-0.0008446150716817651,0.0,0.0,0.0,-0.00027597970290958864,0.999999961917601,-0.001995692532837259,0.0005752156738815442,0.0,0.0,0.0,-0.0002370585286694877,1477,1530
0.0011342098108731262,-0.0008446150716817651,0.0,0.0,0.0,-0.00027597970290958864,0.999999961917601,-0.001995692532837259,0.0005752156738815442,0.0,0.0,0.0,-0.0002370585286694877,1477,1530
0.0011342098108731262,-0.0008446150716817651,0.0,0.0,0.0,-0.00027597970290958864,0.999999961917601,-0.001995692532837259,0.0005752156738815442,0.0,0.0,0.0,-0.0002370585286694877,1477,1530
0.0013605970991938173,-0.0006757795274825303,0.0,0.0,0.0,-0.0002803463863759822,0.999999960702951,0.0008420964900143983,0.0006287439485759636,0.0,0.0,0.0,-3.249903162182086e-05,1477,1530
0.0011892028014069416,-0.0009872182276192125,0.0,0.0,0.0,-0.00024364622089777826,0.999999970318259,-0.0007412394830285856,-0.0013486878307920197,0.0,0.0,0.0,0.000317762741679222,1477,1530
0.0011892028014069416,-0.0009872182276192125,0.0,0.0,0.0,-0.00024364622089777826,0.999999970318259,-0.0007412394830285856,-0.0013486878307920197,0.0,0.0,0.0,0.000317762741679222,1477,1530
0.0011892028014069416,-0.0009872182276192125,0.0,0.0,0.0,-0.00024364622089777826,0.999999970318259,-0.0007412394830285856,-0.0013486878307920197,0.0,0.0,0.0,0.000317762741679222,1477,1530
0.0011704669887378308,-0.0009167285450840083,0.0,0.0,0.0,-0.00026779233419456095,0.9999999641436322,-0.00018771285810317736,0.0007048477343295078,0.0,0.0,0.0,-0.0004829512587656957,1477,1530
0.0011704669887378308,-0.0009167285450840083,0.0,0.0,0.0,-0.00026779233419456095,0.9999999641436322,-0.00018771285810317736,0.0007048477343295078,0.0,0.0,0.0,-0.0004829512587656957,1477,1530
0.0011704669887378308,-0.0009167285450840083,0.0,0.0,0.0,-0.00026779233419456095,0.9999999641436322,-0.00018771285810317736,0.0007048477343295078,0.0,0.0,0.0,-0.0004829512587656957,1477,1530
0.0013738241609885238,-0.0006609542424326427,0.0,0.0,0.0,-0.0002997663268363132,0.9999999550700737,0.0007620317617759701,0.0009595067569111361,0.0,0.0,0.0,-0.0002397911664462575,1477,1530
0.0013738241609885238,-0.0006609542424326427,0.0,0.0,0.0,-0.0002997663268363132,0.9999999550700737,0.0007620317617759701,0.0009595067569111361,0.0,0.0,0.0,-0.0002397911664462575,1477,1530
0.0013738241609885238,-0.0006609542424326427,0.0,0.0,0.0,-0.0002997663268363132,0.9999999550700737,0.0007620317617759701,0.0009595067569111361,0.0,0.0,0.0,-0.0002397911664462575,1477,1530
0.0013810192238421937,-0.0008629406679762231,0.0,0.0,0.0,-0.0002227293574219781,0.9999999751958164,2.4366890967015816e-05,-0.0006727129910664717,0.0,0.0,0.0,0.0005131521864185826,1477,1530
0.0013810192238421937,-0.0008629406679762231,0.0,0.0,0.0,-0.0002227293574219781,0.9999999751958164,2.4366890967015816e-05,-0.0006727129910664717,0.0,0.0,0.0,0.0005131521864185826,1477,1530
0.0010319140328758282,-0.0007932154696908323,0.0,0.0,0.0,-0.00028061594931954215,0.9999999606273438,-0.0010396683174537734,0.00020716668231504998,0.0,0.0,0.0,-0.0003447528770695827,1477,1530
0.0009877967357994344,-0.0007207992599934525,0.0,0.0,0.0,-0.0002671053503168554,0.9999999643273653,-0.00022395526980668656,0.00036714681147560676,0.0,0.0,0.0,0.00013704309929882504,1477,1530
0.0009877967357994344,-0.0007207992599934525,0.0,0.0,0.0,-0.0002671053503168554,0.9999999643273653,-0.00022395526980668656,0.00036714681147560676,0.0,0.0,0.0,0.00013704309929882504,1477,1530
0.0009877967357994344,-0.0007207992599934525,0.0,0.0,0.0,-0.0002671053503168554,0.9999999643273653,-0.00022395526980668656,0.00036714681147560676,0.0,0.0,0.0,0.00013704309929882504,1477,1530
0.0012131223080623108,-0.0007115162450645826,0.0,0.0,0.0,-0.00026633344693066224,0.9999999645332469,0.0016575611948748841,6.917559813003858e-05,0.0,0.0,0.0,1.1356948742405131e-05,1477,1530
0.0012302357211964174,-0.0006602519619072482,0.0,0.0,0.0,-0.0002473577641109826,0.9999999694070678,6.431229221064491e-05,0.00019299363743880844,0.0,0.0,0.0,0.0001428493826624761,1477,1530
0.0012302357211964174,-0.0006602519619072482,0.0,0.0,0.0,-0.0002473577641109826,0.9999999694070678,6.431229221064491e-05,0.00019299363743880844,0.0,0.0,0.0,0.0001428493826624761,1477,1530
0.001376784894085878,-0.0008266442859415521,0.0,0.0,0.0,-0.00022621762965294203,0.9999999744127916,0.004587537834994955,-0.005203510419026039,0.0,0.0,0.0,0.0013227879141198575,1477,1530
0.001376784894085878,-0.0008266442859415521,0.0,0.0,0.0,-0.00022621762965294203,0.9999999744127916,0.004587537834994955,-0.005203510419026039,0.0,0.0,0.0,0.0013227879141198575,1477,1530
0.0012706016754710212,-0.001014950009100776,0.0,0.0,0.0,-0.00023615217980202553,0.9999999721160736,-0.0004546674420325517,-0.000807162303108046,0.0,0.0,0.0,-8.514611266573994e-05,1477,1530
0.0012706016754710212,-0.001014950009100776,0.0,0.0,0.0,-0.00023615217980202553,0.9999999721160736,-0.0004546674420325517,-0.000807162303108046,0.0,0.0,0.0,-8.514611266573994e-05,1477,1530
0.0012327005399042855,-0.0007694056138231326,0.0,0.0,0.0,-0.000235062273070687,0.9999999723728635,-0.00019021390951161078,0.0012284615466420508,0.0,0.0,0.0,1.0906429455774379e-05,1477,1530
0.0012327005399042855,-0.0007694056138231326,0.0,0.0,0.0,-0.000235062273070687,0.9999999723728635,-0.00019021390951161078,0.0012284615466420508,0.0,0.0,0.0,1.0906429455774379e-05,1477,1530
0.0012327005399042855,-0.0007694056138231326,0.0,0.0,0.0,-0.000235062273070687,0.9999999723728635,-0.00019021390951161078,0.0012284615466420508,0.0,0.0,0.0,1.0906429455774379e-05,1477,1530
0.0012864087547415943,-0.000664538562640844,0.0,0.0,0.0,-0.00027299455522571575,0.9999999627369858,0.0002299256918205114,0.00044945812166260476,0.0,0.0,0.0,-0.00032507580822367215,1477,1530
0.0012864087547415943,-0.000664538562640844,0.0,0.0,0.0,-0.00027299455522571575,0.9999999627369858,0.0002299256918205114,0.00044945812166260476,0.0,0.0,0.0,-0.00032507580822367215,1477,1530
0.0012985788338228754,-0.0006655833376711906,0.0,0.0,0.0,-0.0002603950796032117,0.9999999660972007,0.00018246027469640143,-1.5563470072060226e-05,0.0,0.0,0.0,0.0003777783928857775,1477,1530
0.0012985788338228754,-0.0006655833376711906,0.0,0.0,0.0,-0.0002603950796032117,0.9999999660972007,0.00018246027469640143,-1.5563470072060226e-05,0.0,0.0,0.0,0.0003777783928857775,1477,1530
0.0012362758797876035,-0.0007081142979473883,0.0,0.0,0.0,-0.0002520954513707655,0.9999999682239411,-0.0001334793469314318,-9.122129742662131e-05,0.0,0.0,0.0,3.557529979900464e-05,1477,1530
0.0012362758797876035,-0.0007081142979473883,0.0,0.0,0.0,-0.0002520954513707655,0.9999999682239411,-0.0001334793469314318,-9.122129742662131e-05,0.0,0.0,0.0,3.557529979900464e-05,1477,1530
0.0012362758797876035,-0.0007081142979473883,0.0,0.0,0.0,-0.0002520954513707655,0.9999999682239411,-0.0001334793469314318,-9.122129742662131e-05,0.0,0.0,0.0,3.557529979900464e-05,1477,1530
0.0012362758797876035,-0.0007081142979473883,0.0,0.0,0.0,-0.0002520954513707655,0.9999999682239411,-0.0001334793469314318,-9.122129742662131e-05,0.0,0.0,0.0,3.557529979900464e-05,1477,1530
0.0010605792100394096,-0.0005101831327753593,0.0,0.0,0.0,-0.00028524266217246633,0.9999999593183111,-0.0007527981813692856,0.0008472043787980072,0.0,0.0,0.0,-0.0002838869837231458,1477,1530
0.0010605792100394096,-0.0005101831327753593,0.0,0.0,0.0,-0.00028524266217246633,0.9999999593183111,-0.0007527981813692856,0.0008472043787980072,0.0,0.0,0.0,-0.0002838869837231458,1477,1530
0.0010605792100394096,-0.0005101831327753593,0.0,0.0,0.0,-0.00028524266217246633,0.9999999593183111,-0.0007527981813692856,0.0008472043787980072,0.0,0.0,0.0,-0.0002838869837231458,1477,1530
0.0013433246739168955,-0.0008409447576229486,0.0,0.0,0.0,-0.00023560722930149262,0.9999999722446165,-0.00043389191233488635,-0.0004671267062371687,0.0,0.0,0.0,0.00019346042195258668,1477,1530
0.0013433246739168955,-0.0008409447576229486,0.0,0.0,0.0,-0.00023560722930149262,0.9999999722446165,-0.00043389191233488635,-0.0004671267062371687,0.0,0.0,0.0,0.00019346042195258668,1477,1530
0.0013433246739168955,-0.0008409447576229486,0.0,0.0,0.0,-0.00023560722930149262,0.9999999722446165,-0.00043389191233488635,-0.0004671267062371687,0.0,0.0,0.0,0.00019346042195258668,1477,1530
0.0012535251395418905,-0.0005614257932660201,0.0,0.0,0.0,-0.00028441848572755365,0.9999999595530616,-0.0008990786173507483,0.0027940397345340784,0.0,0.0,0.0,-0.0009759714086639063,1477,1530
0.0012535251395418905,-0.0005614257932660201,0.0,0.0,0.0,-0.00028441848572755365,0.9999999595530616,-0.0008990786173507483,0.0027940397345340784,0.0,0.0,0.0,-0.0009759714086639063,1477,1530
0.0013406272269782856,-0.0006945364383965664,0.0,0.0,0.0,-0.00026307736800186326,0.9999999653951487,0.00036752398408758,-0.0005609586586563147,0.0,0.0,0.0,0.00017993970164040997,1477,1530
0.0013406272269782856,-0.0006945364383965664,0.0,0.0,0.0,-0.00026307736800186326,0.9999999653951487,0.00036752398408758,-0.0005609586586563147,0.0,0.0,0.0,0.00017993970164040997,1477,1530
0.0012186014317971483,-0.0007561108937744987,0.0,0.0,0.0,-0.00026321559714523606,0.9999999653587741,-0.001268847892248237,-0.0006411009548355123,0.0,0.0,0.0,-2.8754308213364893e-06,1477,1530
0.0011569665158435779,-0.0009998748701152025,0.0,0.0,0.0,-0.00020772346301016858,0.9999999784254813,-0.00023009630260369959,-0.0009120429957384891,0.0,0.0,0.0,0.00041519247947770395,1477,1530
0.0011569665158435779,-0.0009998748701152025,0.0,0.0,0.0,-0.00020772346301016858,0.9999999784254813,-0.00023009630260369959,-0.0009120429957384891,0.0,0.0,0.0,0.00041519247947770395,1477,1530
0.0012846881689472817,-0.0005919062711660227,0.0,0.0,0.0,-0.00030834727283346876,0.9999999524609785,0.0019277014989856356,0.006166449421310887,0.0,0.0,0.0,-0.003041464546180218,1477,1530
0.0012846881689472817,-0.0005919062711660227,0.0,0.0,0.0,-0.00030834727283346876,0.9999999524609785,0.0019277014989856356,0.006166449421310887,0.0,0.0,0.0,-0.003041464546180218,1477,1530
0.001000950790015954,-0.0008017458672295241,0.0,0.0,0.0,-0.0002451767636038779,0.9999999699441768,-0.000944745642161709,-0.0006995937155745316,0.0,0.0,0.0,0.000420863183047174,1477,1530
0.001000950790015954,-0.0008017458672295241,0.0,0.0,0.0,-0.0002451767636038779,0.9999999699441768,-0.000944745642161709,-0.0006995937155745316,0.0,0.0,0.0,0.000420863183047174,1477,1530
0.001000950790015954,-0.0008017458672295241,0.0,0.0,0.0,-0.0002451767636038779,0.9999999699441768,-0.000944745642161709,-0.0006995937155745316,0.0,0.0,0.0,0.000420863183047174,1477,1530
0.00131475898618945,-0.0008102446376423683,0.0,0.0,0.0,-0.00024416588712713354,0.9999999701915093,0.0015686459380682405,-4.171340814613419e-05,0.0,0.0,0.0,1.0106086956974247e-05,1477,1530
0.00131475898618945,-0.0008102446376423683,0.0,0.0,0.0,-0.00024416588712713354,0.9999999701915093,0.0015686459380682405,-4.171340814613419e-05,0.0,0.0,0.0,1.0106086956974247e-05,1477,1530
0.00131475898618945,-0.0008102446376423683,0.0,0.0,0.0,-0.00024416588712713354,0.9999999701915093,0.0015686459380682405,-4.171340814613419e-05,0.0,0.0,0.0,1.0106086956974247e-05,1477,1530
0.00131475898618945,-0.0008102446376423683,0.0,0.0,0.0,-0.00024416588712713354,0.9999999701915093,0.0015686459380682405,-4.171340814613419e-05,0.0,0.0,0.0,1.0106086956974247e-05,1477,1530
0.00131475898618945,-0.0008102446376423683,0.0,0.0,0.0,-0.00024416588712713354,0.9999999701915093,0.0015686459380682405,-4.171340814613419e-05,0.0,0.0,0.0,1.0106086956974247e-05,1477,1530
0.00131475898618945,-0.0008102446376423683,0.0,0.0,0.0,-0.00024416588712713354,0.9999999701915093,0.0015686459380682405,-4.171340814613419e-05,0.0,0.0,0.0,1.0106086956974247e-05,1477,1530
0.0010337893201125736,-0.00015488826298197078,0.0,0.0,0.0,-0.00033734103039075877,0.999999943100513,-0.0010560982770939425,0.0024600113014109515,0.0,0.0,0.0,-0.0006996496846299728,1477,1530
0.0010337893201125736,-0.00015488826298197078,0.0,0.0,0.0,-0.00033734103039075877,0.999999943100513,-0.0010560982770939425,0.0024600113014109515,0.0,0.0,0.0,-0.0006996496846299728,1477,1530
0.0013399532009416451,-0.000681970880600267,0.0,0.0,0.0,-0.0002638166812620001,0.9999999652003788,0.00048337229657974674,-0.0008308681610924564,0.0,0.0,0.0,0.0002318915687250422,1477,1530
0.0013399532009416451,-0.000681970880600267,0.0,0.0,0.0,-0.0002638166812620001,0.9999999652003788,0.00048337229657974674,-0.0008308681610924564,0.0,0.0,0.0,0.0002318915687250422,1477,1530
0.0013399532009416451,-0.000681970880600267,0.0,0.0,0.0,-0.0002638166812620001,0.9999999652003788,0.00048337229657974674,-0.0008308681610924564,0.0,0.0,0.0,0.0002318915687250422,1477,1530
0.0013399532009416451,-0.000681970880600267,0.0,0.0,0.0,-0.0002638166812620001,0.9999999652003788,0.00048337229657974674,-0.0008308681610924564,0.0,0.0,0.0,0.0002318915687250422,1477,1530
0.0014708441804519492,-0.0009824013845306239,0.0,0.0,0.0,-0.00021399974712131022,0.9999999771020539,0.0006575389153297017,-0.001507059099289257,0.0,0.0,0.0,0.0004999115472114303,1477,1530
0.0014708441804519492,-0.0009824013845306239,0.0,0.0,0.0,-0.00021399974712131022,0.9999999771020539,0.0006575389153297017,-0.001507059099289257,0.0,0.0,0.0,0.0004999115472114303,1477,1530
0.0014708441804519492,-0.0009824013845306239,0.0,0.0,0.0,-0.00021399974712131022,0.9999999771020539,0.0006575389153297017,-0.001507059099289257,0.0,0.0,0.0,0.0004999115472114303,1477,1530
0.0012256897111944368,-0.000677886267674871,0.0,0.0,0.0,-0.00023495613866746765,0.9999999723978061,-0.0006688338421923092,0.0008300548433561542,0.0,0.0,0.0,-0.00011428629431609708,1477,1530
0.0012256897111944368,-0.000677886267674871,0.0,0.0,0.0,-0.00023495613866746765,0.9999999723978061,-0.0006688338421923092,0.0008300548433561542,0.0,0.0,0.0,-0.00011428629431609708,1477,1530
0.0012256897111944368,-0.000677886267674871,0.0,0.0,0.0,-0.00023495613866746765,0.9999999723978061,-0.0006688338421923092,0.0008300548433561542,0.0,0.0,0.0,-0.00011428629431609708,1477,1530
0.0012256897111944368,-0.000677886267674871,0.0,0.0,0.0,-0.00023495613866746765,0.9999999723978061,-0.0006688338421923092,0.0008300548433561542,0.0,0.0,0.0,-0.00011428629431609708,1477,1530
0.0010833686306747849,-0.0005720045276859284,0.0,0.0,0.0,-0.000288812306133391,0.999999958293725,-0.0007122066419595143,0.0005293362708413455,0.0,0.0,0.0,-0.0005388284129965873,1477,1530
0.0010833686306747849,-0.0005720045276859284,0.0,0.0,0.0,-0.000288812306133391,0.999999958293725,-0.0007122066419595143,0.0005293362708413455,0.0,0.0,0.0,-0.0005388284129965873,1477,1530
0.0013341776971408197,-0.0010601898353839751,0.0,0.0,0.0,-0.00022155450624642388,0.9999999754568001,0.0005380091288313382,-0.0010457170985737373,0.0,0.0,0.0,0.0002882246650502336,1477,1530
0.0013341776971408197,-0.0010601898353839751,0.0,0.0,0.0,-0.00022155450624642388,0.9999999754568001,0.0005380091288313382,-0.0010457170985737373,0.0,0.0,0.0,0.0002882246650502336,1477,1530
0.0013341776971408197,-0.0010601898353839751,0.0,0.0,0.0,-0.00022155450624642388,0.9999999754568001,0.0005380091288313382,-0.0010457170985737373,0.0,0.0,0.0,0.0002882246650502336,1477,1530
0.0014678854707066715,-0.0009916472901288595,0.0,0.0,0.0,-0.000208974944695882,0.999999978164736,0.0005729456557655248,0.00029402949495171943,0.0,0.0,0.0,0.00010783282622498739,1477,1530
0.0014678854707066715,-0.0009916472901288595,0.0,0.0,0.0,-0.000208974944695882,0.999999978164736,0.0005729456557655248,0.00029402949495171943,0.0,0.0,0.0,0.00010783282622498739,1477,1530
0.0015978426395957329,-0.0009715958939366248,0.0,0.0,0.0,-0.00023295230277492362,0.999999972866612,0.0005566330858616325,8.612242198325789e-05,0.0,0.0,0.0,-0.0002054131088446582,1477,1530
0.0015978426395957329,-0.0009715958939366248,0.0,0.0,0.0,-0.00023295230277492362,0.999999972866612,0.0005566330858616325,8.612242198325789e-05,0.0,0.0,0.0,-0.0002054131088446582,1477,1530
0.0015978426395957329,-0.0009715958939366248,0.0,0.0,0.0,-0.00023295230277492362,0.999999972866612,0.0005566330858616325,8.612242198325789e-05,0.0,0.0,0.0,-0.0002054131088446582,1477,1530
0.0015978426395957329,-0.0009715958939366248,0.0,0.0,0.0,-0.00023295230277492362,0.999999972866612,0.0005566330858616325,8.612242198325789e-05,0.0,0.0,0.0,-0.0002054131088446582,1477,1530
0.0012648082048265967,-0.0010058588488463655,0.0,0.0,0.0,-0.00022468719345937612,0.9999999747578322,-0.001104560738706798,-0.00011415853537322816,0.0,0.0,0.0,5.482768832448522e-05,1477,1530
0.0014420654615605573,-0.0009344711131187241,0.0,0.0,0.0,-0.0002236964548867174,0.9999999749799477,0.0005935580596801699,0.0002393567688124084,0.0,0.0,0.0,6.6363137477391365e-06,1477,1530
0.0014420654615605573,-0.0009344711131187241,0.0,0.0,0.0,-0.0002236964548867174,0.9999999749799477,0.0005935580596801699,0.0002393567688124084,0.0,0.0,0.0,6.6363137477391365e-06,1477,1530
0.0014420654615605573,-0.0009344711131187241,0.0,0.0,0.0,-0.0002236964548867174,0.9999999749799477,0.0005935580596801699,0.0002393567688124084,0.0,0.0,0.0,6.6363137477391365e-06,1477,1530
0.001203207896368793,-0.000900652324541147,0.0,0.0,0.0,-0.0002662855677717475,0.9999999645459976,-0.001024571387523152,0.00014459699591045386,0.0,0.0,0.0,-0.00036534600207155995,1477,1530
0.0011569224418147492,-0.0009295877254553571,0.0,0.0,0.0,-0.00024373479141382332,0.9999999702966753,-0.000270782957315286,-0.00016948089016488113,0.0,0.0,0.0,0.0002639447208746905,1477,1530
0.0011569224418147492,-0.0009295877254553571,0.0,0.0,0.0,-0.00024373479141382332,0.9999999702966753,-0.000270782957315286,-0.00016948089016488113,0.0,0.0,0.0,0.0002639447208746905,1477,1530
0.0011569224418147492,-0.0009295877254553571,0.0,0.0,0.0,-0.00024373479141382332,0.9999999702966753,-0.000270782957315286,-0.00016948089016488113,0.0,0.0,0.0,0.0002639447208746905,1477,1530
0.0011532536641988551,-0.0009683309777216362,0.0,0.0,0.0,-0.00023771386203772288,0.9999999717460595,-0.00012459517387641999,-0.0013226270253467035,0.0,0.0,0.0,0.0004110691302330959,1477,1530
0.0011532536641988551,-0.0009683309777216362,0.0,0.0,0.0,-0.00023771386203772288,0.9999999717460595,-0.00012459517387641999,-0.0013226270253467035,0.0,0.0,0.0,0.0004110691302330959,1477,1530
0.0014473888568067102,-0.0008618102640356395,0.0,0.0,0.0,-0.0002634507360999302,0.9999999652968543,0.0006787980797540845,0.0002461910329046708,0.0,0.0,0.0,-0.00011881034370136225,1477,1530
0.0014473888568067102,-0.0008618102640356395,0.0,0.0,0.0,-0.0002634507360999302,0.9999999652968543,0.0006787980797540845,0.0002461910329046708,0.0,0.0,0.0,-0.00011881034370136225,1477,1530
0.0014473888568067102,-0.0008618102640356395,0.0,0.0,0.0,-0.0002634507360999302,0.9999999652968543,0.0006787980797540845,0.0002461910329046708,0.0,0.0,0.0,-0.00011881034370136225,1477,1530
0.0014473888568067102,-0.0008618102640356395,0.0,0.0,0.0,-0.0002634507360999302,0.9999999652968543,0.0006787980797540845,0.0002461910329046708,0.0,0.0,0.0,-0.00011881034370136225,1477,1530
0.0015015219210176025,-0.0008292599352511487,0.0,0.0,0.0,-0.00026992168797100466,0.9999999635711405,0.0002705862940622515,0.00016289830773935938,0.0,0.0,0.0,-6.47111387899967e-05,1477,1530
0.0015015219210176025,-0.0008292599352511487,0.0,0.0,0.0,-0.00026992168797100466,0.9999999635711405,0.0002705862940622515,0.00016289830773935938,0.0,0.0,0.0,-6.47111387899967e-05,1477,1530
0.0015015219210176025,-0.0008292599352511487,0.0,0.0,0.0,-0.00026992168797100466,0.9999999635711405,0.0002705862940622515,0.00016289830773935938,0.0,0.0,0.0,-6.47111387899967e-05,1477,1530
0.0011347584179273902,-0.000994232534782536,0.0,0.0,0.0,-0.00020259044272571817,0.999999979478556,-0.0010973182812924667,-0.0004942932780679654,0.0,0.0,0.0,0.00040299410205588696,1477,1530
0.0011347584179273902,-0.000994232534782536,0.0,0.0,0.0,-0.00020259044272571817,0.999999979478556,-0.0010973182812924667,-0.0004942932780679654,0.0,0.0,0.0,0.00040299410205588696,1477,1530
0.001244300252885771,-0.0008377769370633061,0.0,0.0,0.0,-0.00022921225748747135,0.9999999737308701,0.00036569851537317797,0.0005227678614054357,0.0,0.0,0.0,-0.00017785344712769116,1477,1530
0.001110354993851601,-0.000730727086231886,0.0,0.0,0.0,-0.00027811658917705867,0.9999999613255807,-0.0005022765308250612,0.00040104521352981025,0.0,0.0,0.0,-0.0003666349288038377,1477,1530
0.001110354993851601,-0.000730727086231886,0.0,0.0,0.0,-0.00027811658917705867,0.9999999613255807,-0.0005022765308250612,0.00040104521352981025,0.0,0.0,0.0,-0.0003666349288038377,1477,1530
0.001110354993851601,-0.000730727086231886,0.0,0.0,0.0,-0.00027811658917705867,0.9999999613255807,-0.0005022765308250612,0.00040104521352981025,0.0,0.0,0.0,-0.0003666349288038377,1477,1530
0.0006235094915319882,-0.0004935233919565681,0.0,0.0,0.0,-0.00028346322735380025,0.9999999598242986,-0.003627986467543488,0.0017651522630882416,0.0,0.0,0.0,-7.966502350470711e-05,1477,1530
0.0006858393261757598,-0.00026514360740643344,0.0,0.0,0.0,-0.0002847813056687351,0.9999999594498031,0.00026658473485602504,0.0009789651439404629,0.0,0.0,0.0,-1.1298314937968602e-05,1477,1530
0.0006858393261757598,-0.00026514360740643344,0.0,0.0,0.0,-0.0002847813056687351,0.9999999594498031,0.00026658473485602504,0.0009789651439404629,0.0,0.0,0.0,-1.1298314937968602e-05,1477,1530
0.0007039851277809508,-0.00026333658857660735,0.0,0.0,0.0,-0.0002835970713859218,0.9999999597863498,0.0005591608459662871,5.6004736716616024e-05,0.0,0.0,0.0,7.298824842123667e-05,1477,1530
0.0007039851277809508,-0.00026333658857660735,0.0,0.0,0.0,-0.0002835970713859218,0.9999999597863498,0.0005591608459662871,5.6004736716616024e-05,0.0,0.0,0.0,7.298824842123667e-05,1477,1530
0.0010483941598613893,-0.0007637000052118021,0.0,0.0,0.0,-0.00025797442019946936,0.9999999667245987,0.0011488074411367074,-0.0016669821405246583,0.0,0.0,0.0,0.0001707926312390128,1477,1530
0.0010483941598613893,-0.0007637000052118021,0.0,0.0,0.0,-0.00025797442019946936,0.9999999667245987,0.0011488074411367074,-0.0016669821405246583,0.0,0.0,0.0,0.0001707926312390128,1477,1530
0.0010483941598613893,-0.0007637000052118021,0.0,0.0,0.0,-0.00025797442019946936,0.9999999667245987,0.0011488074411367074,-0.0016669821405246583,0.0,0.0,0.0,0.0001707926312390128,1477,1530
0.001476564009480366,-0.0010208643163184287,0.0,0.0,0.0,-0.00021074997749215795,0.9999999777922233,0.0020986577892072662,-0.0012590078749318463,0.0,0.0,0.0,0.00046279418269989985,1477,1530
0.001476564009480366,-0.0010208643163184287,0.0,0.0,0.0,-0.00021074997749215795,0.9999999777922233,0.0020986577892072662,-0.0012590078749318463,0.0,0.0,0.0,0.00046279418269989985,1477,1530
0.001476564009480366,-0.0010208643163184287,0.0,0.0,0.0,-0.00021074997749215795,0.9999999777922233,0.0020986577892072662,-0.0012590078749318463,0.0,0.0,0.0,0.00046279418269989985,1477,1530
0.001476564009480366,-0.0010208643163184287,0.0,0.0,0.0,-0.00021074997749215795,0.9999999777922233,0.0020986577892072662,-0.0012590078749318463,0.0,0.0,0.0,0.00046279418269989985,1477,1530
0.0033996157399167784,-0.0026623279292160296,0.0,0.0,0.0,-0.00012357526282479644,0.9999999923645772,0.007330920246301392,-0.006252130788578252,0.0,0.0,0.0,0.0006644034510415041,1477,1530
0.00168778489072782,-0.001298031763372813,0.0,0.0,0.0,-0.00017219610180449217,0.9999999851742511,-0.004279029274032701,0.0034085748238930715,0.0,0.0,0.0,-0.00024302521429036308,1477,1530
0.00168778489072782,-0.001298031763372813,0.0,0.0,0.0,-0.00017219610180449217,0.9999999851742511,-0.004279029274032701,0.0034085748238930715,0.0,0.0,0.0,-0.00024302521429036308,1477,1530
0.00168778489072782,-0.001298031763372813,0.0,0.0,0.0,-0.00017219610180449217,0.9999999851742511,-0.004279029274032701,0.0034085748238930715,0.0,0.0,0.0,-0.00024302521429036308,1477,1530
0.00168778489072782,-0.001298031763372813,0.0,0.0,0.0,-0.00017219610180449217,0.9999999851742511,-0.004279029274032701,0.0034085748238930715,0.0,0.0,0.0,-0.00024302521429036308,1477,1530
0.0015342398754148705,-0.0009881555260242572,0.0,0.0,0.0,-0.00022543272643088029,0.9999999745900426,-0.0015374704833588276,0.003100155489068962,0.0,0.0,0.0,-0.0010653930568887656,1477,1530
0.0015342398754148705,-0.0009881555260242572,0.0,0.0,0.0,-0.00022543272643088029,0.9999999745900426,-0.0015374704833588276,0.003100155489068962,0.0,0.0,0.0,-0.0010653930568887656,1477,1530
0.0011515191314122595,-0.0005849815628978359,0.0,0.0,0.0,-0.00025417251088220426,0.9999999676981668,-0.0010411550854475481,0.0010958062213050905,0.0,0.0,0.0,-0.00015629344272162347,1477,1530
0.0010230555123106435,-0.0008590754963089233,0.0,0.0,0.0,-0.0002506619295744853,0.9999999685842981,-0.0004828577220843246,-0.0010316044620532834,0.0,0.0,0.0,2.6419185878619265e-05,1477,1530
0.0010230555123106435,-0.0008590754963089233,0.0,0.0,0.0,-0.0002506619295744853,0.9999999685842981,-0.0004828577220843246,-0.0010316044620532834,0.0,0.0,0.0,2.6419185878619265e-05,1477,1530
0.0010230555123106435,-0.0008590754963089233,0.0,0.0,0.0,-0.0002506619295744853,0.9999999685842981,-0.0004828577220843246,-0.0010316044620532834,0.0,0.0,0.0,2.6419185878619265e-05,1477,1530
0.0012346500799016377,-0.0009992440500324435,0.0,0.0,0.0,-0.00023912858124629197,0.9999999714087604,0.0012696282906024905,-0.0008401361535784595,0.0,0.0,0.0,0.00013836088959355894,1477,1530
0.001264992843411909,-0.0007864812189024506,0.0,0.0,0.0,-0.00024257361756422924,0.9999999705790196,0.00014815597354020108,0.0010424333145904515,0.0,0.0,0.0,-3.375567243973182e-05,1477,1530
0.001264992843411909,-0.0007864812189024506,0.0,0.0,0.0,-0.00024257361756422924,0.9999999705790196,0.00014815597354020108,0.0010424333145904515,0.0,0.0,0.0,-3.375567243973182e-05,1477,1530
0.0014818552403277035,-0.0009163651994591775,0.0,0.0,0.0,-0.00021081116903676794,0.9999999777793253,0.0013306836315423952,-0.000796100768518196,0.0,0.0,0.0,0.00038968027260281846,1477,1530
0.0014818552403277035,-0.0009163651994591775,0.0,0.0,0.0,-0.00021081116903676794,0.9999999777793253,0.0013306836315423952,-0.000796100768518196,0.0,0.0,0.0,0.00038968027260281846,1477,1530
0.0011786117173851226,-0.0009518356404466416,0.0,0.0,0.0,-0.00024074271861042334,0.9999999710214713,-0.0022806511944429334,-0.0002677428948837844,0.0,0.0,0.0,-0.00045024406888222933,1477,1530
0.0009647725109186868,-0.0007446879540725772,0.0,0.0,0.0,-0.00027792131987344326,0.9999999613798692,-0.0008025438159133106,0.0007766817039114072,0.0,0.0,0.0,-0.0002789343564820859,1477,1530
0.0009647725109186868,-0.0007446879540725772,0.0,0.0,0.0,-0.00027792131987344326,0.9999999613798692,-0.0008025438159133106,0.0007766817039114072,0.0,0.0,0.0,-0.0002789343564820859,1477,1530
0.0009647725109186868,-0.0007446879540725772,0.0,0.0,0.0,-0.00027792131987344326,0.9999999613798692,-0.0008025438159133106,0.0007766817039114072,0.0,0.0,0.0,-0.0002789343564820859,1477,1530
0.0009394502480333546,-0.0005573717001433444,0.0,0.0,0.0,-0.00022617697431020418,0.9999999744219878,-0.0003820068709520188,0.002814034702518292,0.0,0.0,0.0,0.001554818124685953,1477,1530
0.0009394502480333546,-0.0005573717001433444,0.0,0.0,0.0,-0.00022617697431020418,0.9999999744219878,-0.0003820068709520188,0.002814034702518292,0.0,0.0,0.0,0.001554818124685953,1477,1530
0.0009944979164733107,-0.00045441161203373803,0.0,0.0,0.0,-0.0003024828494312779,0.9999999542520619,0.00020531604384979005,0.0003844372719827285,0.0,0.0,0.0,-0.0005696913058311881,1477,1530
0.0009944979164733107,-0.00045441161203373803,0.0,0.0,0.0,-0.0003024828494312779,0.9999999542520619,0.00020531604384979005,0.0003844372719827285,0.0,0.0,0.0,-0.0005696913058311881,1477,1530
0.0010778288866598526,-0.0005522507443421827,0.0,0.0,0.0,-0.00028754276747290316,0.9999999586595776,0.001273637539389793,-0.0014935501424745894,0.0,0.0,0.0,0.00045636688175748196,1477,1530
0.0010778288866598526,-0.0005522507443421827,0.0,0.0,0.0,-0.00028754276747290316,0.9999999586595776,0.001273637539389793,-0.0014935501424745894,0.0,0.0,0.0,0.00045636688175748196,1477,1530
0.0010778288866598526,-0.0005522507443421827,0.0,0.0,0.0,-0.00028754276747290316,0.9999999586595776,0.001273637539389793,-0.0014935501424745894,0.0,0.0,0.0,0.00045636688175748196,1477,1530
0.0009662551156228867,-0.0005320052389778644,0.0,0.0,0.0,-0.00030642067750516987,0.9999999530531831,-0.0002789753451615204,5.045548825159392e-05,0.0,0.0,0.0,-9.43935660461775e-05,1477,1530
0.0009662551156228867,-0.0005320052389778644,0.0,0.0,0.0,-0.00030642067750516987,0.9999999530531831,-0.0002789753451615204,5.045548825159392e-05,0.0,0.0,0.0,-9.43935660461775e-05,1477,1530
0.001239849446997281,-0.0006639107224913774,0.0,0.0,0.0,-0.00027512525630786277,0.999999962153046,0.0011718052542424252,-0.0005640667472937364,0.0,0.0,0.0,0.00026799762377626064,1477,1530
0.001239849446997281,-0.0006639107224913774,0.0,0.0,0.0,-0.00027512525630786277,0.999999962153046,0.0011718052542424252,-0.0005640667472937364,0.0,0.0,0.0,0.00026799762377626064,1477,1530
0.001239849446997281,-0.0006639107224913774,0.0,0.0,0.0,-0.00027512525630786277,0.999999962153046,0.0011718052542424252,-0.0005640667472937364,0.0,0.0,0.0,0.00026799762377626064,1477,1530
0.0010516467037663716,-0.0008049531542689785,0.0,0.0,0.0,-0.00024840035766644824,0.9999999691486307,-0.000705410069676135,-0.0005292530590969817,0.0,0.0,0.0,0.00020041996148787932,1477,1530
0.0010516467037663716,-0.0008049531542689785,0.0,0.0,0.0,-0.00024840035766644824,0.9999999691486307,-0.000705410069676135,-0.0005292530590969817,0.0,0.0,0.0,0.00020041996148787932,1477,1530
0.0013791940089879352,-0.0008256752922277733,0.0,0.0,0.0,-0.00024732936153709753,0.999999969414093,0.001964433860127358,-0.00012329924717561296,0.0,0.0,0.0,1.284599340605905e-05,1477,1530
0.0013791940089879352,-0.0008256752922277733,0.0,0.0,0.0,-0.00024732936153709753,0.999999969414093,0.001964433860127358,-0.00012329924717561296,0.0,0.0,0.0,1.284599340605905e-05,1477,1530
0.0013791940089879352,-0.0008256752922277733,0.0,0.0,0.0,-0.00024732936153709753,0.999999969414093,0.001964433860127358,-0.00012329924717561296,0.0,0.0,0.0,1.284599340605905e-05,1477,1530
0.0013791940089879352,-0.0008256752922277733,0.0,0.0,0.0,-0.00024732936153709753,0.999999969414093,0.001964433860127358,-0.00012329924717561296,0.0,0.0,0.0,1.284599340605905e-05,1477,1530
0.0013791940089879352,-0.0008256752922277733,0.0,0.0,0.0,-0.00024732936153709753,0.999999969414093,0.001964433860127358,-0.00012329924717561296,0.0,0.0,0.0,1.284599340605905e-05,1477,1530
0.0014262696372737687,-0.0007540218856470511,0.0,0.0,0.0,-0.0002767931897527351,0.9999999616927643,0.00015675722565060778,0.00023885619706497254,0.0,0.0,0.0,-0.0001963711987961396,1477,1530
0.0006137363040798746,0.0010880958891258162,0.0,0.0,0.0,-0.00048553232120217537,0.9999998821291756,-0.0017438796275409307,0.003947679912582755,0.0,0.0,0.0,-0.0008948795031965712,1477,1530
0.0006137363040798746,0.0010880958891258162,0.0,0.0,0.0,-0.00048553232120217537,0.9999998821291756,-0.0017438796275409307,0.003947679912582755,0.0,0.0,0.0,-0.0008948795031965712,1477,1530
0.0006137363040798746,0.0010880958891258162,0.0,0.0,0.0,-0.00048553232120217537,0.9999998821291756,-0.0017438796275409307,0.003947679912582755,0.0,0.0,0.0,-0.0008948795031965712,1477,1530
0.0006137363040798746,0.0010880958891258162,0.0,0.0,0.0,-0.00048553232120217537,0.9999998821291756,-0.0017438796275409307,0.003947679912582755,0.0,0.0,0.0,-0.0008948795031965712,1477,1530
0.0003080344925538106,0.000978027442500695,0.0,0.0,0.0,-0.0004731265418125328,0.9999998880756314,-0.0018324106194601653,-0.0006617732647866032,0.0,0.0,0.0,0.00014877534375746105,1477,1530
0.0003080344925538106,0.000978027442500695,0.0,0.0,0.0,-0.0004731265418125328,0.9999998880756314,-0.0018324106194601653,-0.0006617732647866032,0.0,0.0,0.0,0.00014877534375746105,1477,1530
0.0003080344925538106,0.000978027442500695,0.0,0.0,0.0,-0.0004731265418125328,0.9999998880756314,-0.0018324106194601653,-0.0006617732647866032,0.0,0.0,0.0,0.00014877534375746105,1477,1530
0.0003080344925538106,0.000978027442500695,0.0,0.0,0.0,-0.0004731265418125328,0.9999998880756314,-0.0018324106194601653,-0.0006617732647866032,0.0,0.0,0.0,0.00014877534375746105,1477,1530
0.0008568145995810122,0.00014672897837795802,0.0,0.0,0.0,-0.00036771402329092057,0.9999999323931962,0.0013739402439212555,-0.0020769833650642615,0.0,0.0,0.0,0.0005270718622135828,1477,1530
0.0008568145995810122,0.00014672897837795802,0.0,0.0,0.0,-0.00036771402329092057,0.9999999323931962,0.0013739402439212555,-0.0020769833650642615,0.0,0.0,0.0,0.0005270718622135828,1477,1530
0.0008568145995810122,0.00014672897837795802,0.0,0.0,0.0,-0.00036771402329092057,0.9999999323931962,0.0013739402439212555,-0.0020769833650642615,0.0,0.0,0.0,0.0005270718622135828,1477,1530
0.0014051479644798595,-0.0008288782374156968,0.0,0.0,0.0,-0.00025367429791365914,0.9999999678246747,0.0013710774461733806,-0.002435257389786445,0.0,0.0,0.0,0.0005695550562666767,1477,1530
0.0014051479644798595,-0.0008288782374156968,0.0,0.0,0.0,-0.00025367429791365914,0.9999999678246747,0.0013710774461733806,-0.002435257389786445,0.0,0.0,0.0,0.0005695550562666767,1477,1530
0.0014051479644798595,-0.0008288782374156968,0.0,0.0,0.0,-0.00025367429791365914,0.9999999678246747,0.0013710774461733806,-0.002435257389786445,0.0,0.0,0.0,0.0005695550562666767,1477,1530
0.0023218370605829802,-0.001645476941655573,0.0,0.0,0.0,-0.00029615930266103734,0.9999999561448327,0.003936285193236806,-0.0035029144039444623,0.0,0.0,0.0,-0.00036469851402254273,1477,1530
0.0023218370605829802,-0.001645476941655573,0.0,0.0,0.0,-0.00029615930266103734,0.9999999561448327,0.003936285193236806,-0.0035029144039444623,0.0,0.0,0.0,-0.00036469851402254273,1477,1530
0.0010215745370242787,-0.0003076797318959158,0.0,0.0,0.0,-0.00030864977516704067,0.999999952367657,-0.0039058864957130794,0.004013878089323209,0.0,0.0,0.0,-7.499511005297058e-05,1477,1530
0.000992680798544152,-0.00025283566626988017,0.0,0.0,0.0,-0.0003122223603814841,0.9999999512585976,-0.0004321097645897063,0.0008189740695452803,0.0,0.0,0.0,-0.00010673195568253912,1477,1530
0.000992680798544152,-0.00025283566626988017,0.0,0.0,0.0,-0.0003122223603814841,0.9999999512585976,-0.0004321097645897063,0.0008189740695452803,0.0,0.0,0.0,-0.00010673195568253912,1477,1530
0.000992680798544152,-0.00025283566626988017,0.0,0.0,0.0,-0.0003122223603814841,0.9999999512585976,-0.0004321097645897063,0.0008189740695452803,0.0,0.0,0.0,-0.00010673195568253912,1477,1530
0.0010125702414884104,-0.00022597974886392377,0.0,0.0,0.0,-0.0003076437946014733,0.9999999526776467,7.455065173905595e-05,0.00010079429494765396,0.0,0.0,0.0,3.435221295967183e-05,1477,1530
0.0007986247347509596,0.0002995960591494955,0.0,0.0,0.0,-0.0003705755609218287,0.9999999313368745,-0.0008035342892258444,0.0019704793050223635,0.0,0.0,0.0,-0.00047200361442471063,1477,1530
0.0007986247347509596,0.0002995960591494955,0.0,0.0,0.0,-0.0003705755609218287,0.9999999313368745,-0.0008035342892258444,0.0019704793050223635,0.0,0.0,0.0,-0.00047200361442471063,1477,1530
0.0007986247347509596,0.0002995960591494955,0.0,0.0,0.0,-0.0003705755609218287,0.9999999313368745,-0.0008035342892258444,0.0019704793050223635,0.0,0.0,0.0,-0.00047200361442471063,1477,1530
0.0009701244957422629,-0.00027391403692039924,0.0,0.0,0.0,-0.0003507983749504744,0.9999999384702482,0.001267620045347359,-0.004227613998012137,0.0,0.0,0.0,0.0002916387067101899,1477,1530
0.0009701244957422629,-0.00027391403692039924,0.0,0.0,0.0,-0.0003507983749504744,0.9999999384702482,0.001267620045347359,-0.004227613998012137,0.0,0.0,0.0,0.0002916387067101899,1477,1530
0.0008914703645557086,-4.208496080351136e-05,0.0,0.0,0.0,-0.00035003172543166,0.9999999387388937,-0.0008061776317391168,0.0023706997890875782,0.0,0.0,0.0,1.5683357524764848e-05,1477,1530
0.0008914703645557086,-4.208496080351136e-05,0.0,0.0,0.0,-0.00035003172543166,0.9999999387388937,-0.0008061776317391168,0.0023706997890875782,0.0,0.0,0.0,1.5683357524764848e-05,1477,1530
0.0008914703645557086,-4.208496080351136e-05,0.0,0.0,0.0,-0.00035003172543166,0.9999999387388937,-0.0008061776317391168,0.0023706997890875782,0.0,0.0,0.0,1.5683357524764848e-05,1477,1530
0.000514621238937287,0.0007429403761310656,0.0,0.0,0.0,-0.00045814011401589764,0.9999998950538125,-0.0010289115982986896,0.0021395151673291465,0.0,0.0,0.0,-0.0005894774573878663,1477,1530
0.000514621238937287,0.0007429403761310656,0.0,0.0,0.0,-0.00045814011401589764,0.9999998950538125,-0.0010289115982986896,0.0021395151673291465,0.0,0.0,0.0,-0.0005894774573878663,1477,1530
0.0007685109310104029,0.0005620639043521054,0.0,0.0,0.0,-0.00044970366670592444,0.999999898883301,0.000846820013304561,-0.0006021237946916816,0.0,0.0,0.0,5.624092569300804e-05,1477,1530
0.0007685109310104029,0.0005620639043521054,0.0,0.0,0.0,-0.00044970366670592444,0.999999898883301,0.000846820013304561,-0.0006021237946916816,0.0,0.0,0.0,5.624092569300804e-05,1477,1530
0.0009014983566981452,0.00022057225293948776,0.0,0.0,0.0,-0.00039744722190652,0.9999999210178497,0.0009814200765971336,-0.0025134511142615107,0.0,0.0,0.0,0.000769506979478316,1477,1530
0.0009014983566981452,0.00022057225293948776,0.0,0.0,0.0,-0.00039744722190652,0.9999999210178497,0.0009814200765971336,-0.0025134511142615107,0.0,0.0,0.0,0.000769506979478316,1477,1530
0.0007500916796269639,0.00022918183403591532,0.0,0.0,0.0,-0.00037160765787943776,0.999999930953872,-0.000509134256054662,2.8545384438019506e-05,0.0,0.0,0.0,0.0001737732834910074,1477,1530
0.0007500916796269639,0.00022918183403591532,0.0,0.0,0.0,-0.00037160765787943776,0.999999930953872,-0.000509134256054662,2.8545384438019506e-05,0.0,0.0,0.0,0.0001737732834910074,1477,1530
0.0007500916796269639,0.00022918183403591532,0.0,0.0,0.0,-0.00037160765787943776,0.999999930953872,-0.000509134256054662,2.8545384438019506e-05,0.0,0.0,0.0,0.0001737732834910074,1477,1530
0.0007500916796269639,0.00022918183403591532,0.0,0.0,0.0,-0.00037160765787943776,0.999999930953872,-0.000509134256054662,2.8545384438019506e-05,0.0,0.0,0.0,0.0001737732834910074,1477,1530
0.0010133810679947594,-0.00023686076342267705,0.0,0.0,0.0,-0.00031306611250053924,0.9999999509948034,0.0015818394231727215,-0.0027951254503218964,0.0,0.0,0.0,0.00070250982556755,1477,1530
0.0010133810679947594,-0.00023686076342267705,0.0,0.0,0.0,-0.00031306611250053924,0.9999999509948034,0.0015818394231727215,-0.0027951254503218964,0.0,0.0,0.0,0.00070250982556755,1477,1530
0.0005717163133425366,0.0003961103068512368,0.0,0.0,0.0,-0.0003929035472226533,0.9999999228133983,-0.0012050216618879222,0.0017246725646695151,0.0,0.0,0.0,-0.00043526050027290684,1477,1530
0.0005717163133425366,0.0003961103068512368,0.0,0.0,0.0,-0.0003929035472226533,0.9999999228133983,-0.0012050216618879222,0.0017246725646695151,0.0,0.0,0.0,-0.00043526050027290684,1477,1530
0.0005717163133425366,0.0003961103068512368,0.0,0.0,0.0,-0.0003929035472226533,0.9999999228133983,-0.0012050216618879222,0.0017246725646695151,0.0,0.0,0.0,-0.00043526050027290684,1477,1530
0.0009714140086583096,-1.704073375503228e-05,0.0,0.0,0.0,-0.00037460739228957365,0.9999999298346484,0.0020012919067463665,-0.0020654027265436872,0.0,0.0,0.0,0.00018306957384392445,1477,1530
0.0009714140086583096,-1.704073375503228e-05,0.0,0.0,0.0,-0.00037460739228957365,0.9999999298346484,0.0020012919067463665,-0.0020654027265436872,0.0,0.0,0.0,0.00018306957384392445,1477,1530
0.0007873170712960351,0.0004635136914623471,0.0,0.0,0.0,-0.0004055729800377848,0.9999999177552756,-0.0005467577376084553,0.0014240254982191792,0.0,0.0,0.0,-0.00018357322247727006,1477,1530
0.0009579032657306177,0.00026321141327513044,0.0,0.0,0.0,-0.0003899092366654152,0.9999999239853907,0.0010428351463383488,-0.0012224865911437178,0.0,0.0,0.0,0.00019133043773018234,1477,1530
0.0009579032657306177,0.00026321141327513044,0.0,0.0,0.0,-0.0003899092366654152,0.9999999239853907,0.0010428351463383488,-0.0012224865911437178,0.0,0.0,0.0,0.00019133043773018234,1477,1530
0.0009579032657306177,0.00026321141327513044,0.0,0.0,0.0,-0.0003899092366654152,0.9999999239853907,0.0010428351463383488,-0.0012224865911437178,0.0,0.0,0.0,0.00019133043773018234,1477,1530
0.0012323566360347281,-0.00019471339170596758,0.0,0.0,0.0,-0.0003252335001302832,0.9999999471115838,0.002772054400514714,-0.004616997275997021,0.0,0.0,0.0,0.001304788182616758,1477,1530
0.0012323566360347281,-0.00019471339170596758,0.0,0.0,0.0,-0.0003252335001302832,0.9999999471115838,0.002772054400514714,-0.004616997275997021,0.0,0.0,0.0,0.001304788182616758,1477,1530
9.427695122968803e-05,0.0017696457274523417,0.0,0.0,0.0,-0.0005694453481452541,0.9999998378659847,-0.003420496716440597,0.005895034840756505,0.0,0.0,0.0,-0.0014663108381601853,1477,1530
9.427695122968803e-05,0.0017696457274523417,0.0,0.0,0.0,-0.0005694453481452541,0.9999998378659847,-0.003420496716440597,0.005895034840756505,0.0,0.0,0.0,-0.0014663108381601853,1477,1530
0.0003773805229581469,0.0013116756202341674,0.0,0.0,0.0,-0.0005342152217230814,0.9999998573070382,0.0014168992118583565,-0.002286259316872987,0.0,0.0,0.0,0.00035199684054081575,1477,1530
0.0003773805229581469,0.0013116756202341674,0.0,0.0,0.0,-0.0005342152217230814,0.9999998573070382,0.0014168992118583565,-0.002286259316872987,0.0,0.0,0.0,0.00035199684054081575,1477,1530
0.0010240234868239008,0.0006781507790827237,0.0,0.0,0.0,-0.000462801599274499,0.999999892907334,0.0027740994922113337,-0.002712019964615662,0.0,0.0,0.0,0.0006120888583086005,1477,1530
0.0010240234868239008,0.0006781507790827237,0.0,0.0,0.0,-0.000462801599274499,0.999999892907334,0.0027740994922113337,-0.002712019964615662,0.0,0.0,0.0,0.0006120888583086005,1477,1530
0.0010240234868239008,0.0006781507790827237,0.0,0.0,0.0,-0.000462801599274499,0.999999892907334,0.0027740994922113337,-0.002712019964615662,0.0,0.0,0.0,0.0006120888583086005,1477,1530
0.002038290678715059,0.000761892972467708,0.0,0.0,0.0,-0.00041128172528033177,0.9999999154236676,0.005063755693790426,0.0004228044495254018,0.0,0.0,0.0,0.0005144682440670424,1477,1530
0.002038290678715059,0.000761892972467708,0.0,0.0,0.0,-0.00041128172528033177,0.9999999154236676,0.005063755693790426,0.0004228044495254018,0.0,0.0,0.0,0.0005144682440670424,1477,1530
0.0017217225561421301,0.0011450256978405564,0.0,0.0,0.0,-0.0004548440491442365,0.9999998965584401,-0.0011896710732995,0.0014374129883834533,0.0,0.0,0.0,-0.0003270911611903085,1477,1530
0.0017217225561421301,0.0011450256978405564,0.0,0.0,0.0,-0.0004548440491442365,0.9999998965584401,-0.0011896710732995,0.0014374129883834533,0.0,0.0,0.0,-0.0003270911611903085,1477,1530
0.0017217225561421301,0.0011450256978405564,0.0,0.0,0.0,-0.0004548440491442365,0.9999998965584401,-0.0011896710732995,0.0014374129883834533,0.0,0.0,0.0,-0.0003270911611903085,1477,1530
0.0013108826189710196,0.0014802981266644273,0.0,0.0,0.0,-0.00048549324855590116,0.9999998821481458,-0.0024651035487754363,0.0020079536288236405,0.0,0.0,0.0,-0.0003675272840130498,1477,1530
0.0013108826189710196,0.0014802981266644273,0.0,0.0,0.0,-0.00048549324855590116,0.9999998821481458,-0.0024651035487754363,0.0020079536288236405,0.0,0.0,0.0,-0.0003675272840130498,1477,1530
0.0013108826189710196,0.0014802981266644273,0.0,0.0,0.0,-0.00048549324855590116,0.9999998821481458,-0.0024651035487754363,0.0020079536288236405,0.0,0.0,0.0,-0.0003675272840130498,1477,1530
0.0014496090809597514,0.0016531681527893363,0.0,0.0,0.0,-0.0005554146269167743,0.9999998457572842,0.0004156398814223335,0.0005189693070542224,0.0,0.0,0.0,-0.0004194922503946265,1477,1530
0.0014496090809597514,0.0016531681527893363,0.0,0.0,0.0,-0.0005554146269167743,0.9999998457572842,0.0004156398814223335,0.0005189693070542224,0.0,0.0,0.0,-0.0004194922503946265,1477,1530
0.0014496090809597514,0.0016531681527893363,0.0,0.0,0.0,-0.0005554146269167743,0.9999998457572842,0.0004156398814223335,0.0005189693070542224,0.0,0.0,0.0,-0.0004194922503946265,1477,1530
0.001625263192002901,0.0012515247241542513,0.0,0.0,0.0,-0.00046948867497021503,0.999999889790186,0.0007457384110874425,-0.0017000281997179858,0.0,0.0,0.0,0.0007277482459674671,1477,1530
0.001625263192002901,0.0012515247241542513,0.0,0.0,0.0,-0.00046948867497021503,0.999999889790186,0.0007457384110874425,-0.0017000281997179858,0.0,0.0,0.0,0.0007277482459674671,1477,1530
0.0017345721481195242,0.0010978471727369947,0.0,0.0,0.0,-0.00045484455302011184,0.999999896558211,0.00029775326690103236,-0.00041778046351720896,0.0,0.0,0.0,7.967488044618611e-05,1477,1530
0.0017345721481195242,0.0010978471727369947,0.0,0.0,0.0,-0.00045484455302011184,0.999999896558211,0.00029775326690103236,-0.00041778046351720896,0.0,0.0,0.0,7.967488044618611e-05,1477,1530
0.0017345721481195242,0.0010978471727369947,0.0,0.0,0.0,-0.00045484455302011184,0.999999896558211,0.00029775326690103236,-0.00041778046351720896,0.0,0.0,0.0,7.967488044618611e-05,1477,1530
0.0014511584322241579,0.001188188581174578,0.0,0.0,0.0,-0.0004494853362979256,0.9999998989814611,-0.004378516089002796,0.0013913162418968353,0.0,0.0,0.0,0.00016554333853372046,1477,1530
0.0014511584322241579,0.001188188581174578,0.0,0.0,0.0,-0.0004494853362979256,0.9999998989814611,-0.004378516089002796,0.0013913162418968353,0.0,0.0,0.0,0.00016554333853372046,1477,1530
0.001411615465487273,0.0012996716255122408,0.0,0.0,0.0,-0.0004904160257573923,0.9999998797460536,-9.187676597360243e-05,0.0002582899201506324,0.0,0.0,0.0,-0.00018972144363260527,1477,1530
0.001411615465487273,0.0012996716255122408,0.0,0.0,0.0,-0.0004904160257573923,0.9999998797460536,-9.187676597360243e-05,0.0002582899201506324,0.0,0.0,0.0,-0.00018972144363260527,1477,1530
0.0013459353867497678,0.0017150161305936181,0.0,0.0,0.0,-0.0005161925551072388,0.9999998667726142,-0.0003966999231562396,0.0024927811143055294,0.0,0.0,0.0,-0.0003094551705353728,1477,1530
0.0013459353867497678,0.0017150161305936181,0.0,0.0,0.0,-0.0005161925551072388,0.9999998667726142,-0.0003966999231562396,0.0024927811143055294,0.0,0.0,0.0,-0.0003094551705353728,1477,1530
0.0013543655879445279,0.0010042188973093465,0.0,0.0,0.0,-0.00043643883975698035,0.999999904760565,4.582121095270184e-05,-0.0035540296071433675,0.0,0.0,0.0,0.0007975571822693246,1477,1530
0.0013543655879445279,0.0010042188973093465,0.0,0.0,0.0,-0.00043643883975698035,0.999999904760565,4.582121095270184e-05,-0.0035540296071433675,0.0,0.0,0.0,0.0007975571822693246,1477,1530
0.001289713221652454,0.0010459956203643789,0.0,0.0,0.0,-0.0004378558452679446,0.9999999041411248,-0.0003861511182284156,0.00024904354972945494,0.0,0.0,0.0,-1.691724843730593e-05,1477,1530
0.001289713221652454,0.0010459956203643789,0.0,0.0,0.0,-0.0004378558452679446,0.9999999041411248,-0.0003861511182284156,0.00024904354972945494,0.0,0.0,0.0,-1.691724843730593e-05,1477,1530
0.0010415655289085185,0.001255932264799041,0.0,0.0,0.0,-0.00048455776489258204,0.9999998826018793,-0.0012452310207870865,0.001051614424011006,0.0,0.0,0.0,-0.00046836344888759286,1477,1530
0.0010415655289085185,0.001255932264799041,0.0,0.0,0.0,-0.00048455776489258204,0.9999998826018793,-0.0012452310207870865,0.001051614424011006,0.0,0.0,0.0,-0.00046836344888759286,1477,1530
0.0010415655289085185,0.001255932264799041,0.0,0.0,0.0,-0.00048455776489258204,0.9999998826018793,-0.0012452310207870865,0.001051614424011006,0.0,0.0,0.0,-0.00046836344888759286,1477,1530
0.0015552604843061654,0.0012170651741313504,0.0,0.0,0.0,-0.0004353905844332748,0.999999905217515,0.003852280184669186,-0.00028771609288977127,0.0,0.0,0.0,0.000737371370982686,1477,1530
0.0015552604843061654,0.0012170651741313504,0.0,0.0,0.0,-0.0004353905844332748,0.999999905217515,0.003852280184669186,-0.00028771609288977127,0.0,0.0,0.0,0.000737371370982686,1477,1530
0.0018558190141536896,0.0013634133108801473,0.0,0.0,0.0,-0.0005028662363280049,0.9999998735627662,0.0006936325343543382,0.0003384914862083549,0.0,0.0,0.0,-0.0003115744771459631,1477,1530
0.0018558190141536896,0.0013634133108801473,0.0,0.0,0.0,-0.0005028662363280049,0.9999998735627662,0.0006936325343543382,0.0003384914862083549,0.0,0.0,0.0,-0.0003115744771459631,1477,1530
0.0010786768263591222,0.0014274964826552759,0.0,0.0,0.0,-0.0005096558824114727,0.9999998701254323,-0.003879668569917407,0.00031598948888733353,0.0,0.0,0.0,-6.778530164053724e-05,1477,1530
0.0010786768263591222,0.0014274964826552759,0.0,0.0,0.0,-0.0005096558824114727,0.9999998701254323,-0.003879668569917407,0.00031598948888733353,0.0,0.0,0.0,-6.778530164053724e-05,1477,1530
0.0013512628910990635,0.001422590379238039,0.0,0.0,0.0,-0.000506083697100363,0.9999998719396376,0.0013636500814427578,-2.315306167092334e-05,0.0,0.0,0.0,3.574008516137348e-05,1477,1530
0.0013512628910990635,0.001422590379238039,0.0,0.0,0.0,-0.000506083697100363,0.9999998719396376,0.0013636500814427578,-2.315306167092334e-05,0.0,0.0,0.0,3.574008516137348e-05,1477,1530
0.0013505002942799413,0.0012959437385438954,0.0,0.0,0.0,-0.0004999426818056346,0.9999998750286496,-2.6864428190682177e-06,-0.0005362958928826574,0.0,0.0,0.0,5.200901175180721e-05,1477,1530
0.0013505002942799413,0.0012959437385438954,0.0,0.0,0.0,-0.0004999426818056346,0.9999998750286496,-2.6864428190682177e-06,-0.0005362958928826574,0.0,0.0,0.0,5.200901175180721e-05,1477,1530
0.0013505002942799413,0.0012959437385438954,0.0,0.0,0.0,-0.0004999426818056346,0.9999998750286496,-2.6864428190682177e-06,-0.0005362958928826574,0.0,0.0,0.0,5.200901175180721e-05,1477,1530
0.0013505002942799413,0.0012959437385438954,0.0,0.0,0.0,-0.0004999426818056346,0.9999998750286496,-2.6864428190682177e-06,-0.0005362958928826574,0.0,0.0,0.0,5.200901175180721e-05,1477,1530
0.0014804727528536174,0.0013085721833264753,0.0,0.0,0.0,-0.0005053784993836563,0.9999998722962781,0.0007933276762149014,7.788247797873542e-05,0.0,0.0,0.0,-6.636492485141079e-05,1477,1530
0.0014804727528536174,0.0013085721833264753,0.0,0.0,0.0,-0.0005053784993836563,0.9999998722962781,0.0007933276762149014,7.788247797873542e-05,0.0,0.0,0.0,-6.636492485141079e-05,1477,1530
0.0012995381729855964,0.0016060462155222729,0.0,0.0,0.0,-0.00051210739779883,0.999999868872998,-0.0004941761820722634,0.000810627087631296,0.0,0.0,0.0,-3.669554774702926e-05,1477,1530
0.0012995381729855964,0.0016060462155222729,0.0,0.0,0.0,-0.00051210739779883,0.999999868872998,-0.0004941761820722634,0.000810627087631296,0.0,0.0,0.0,-3.669554774702926e-05,1477,1530
0.0014494335224846844,0.0010255491960395996,0.0,0.0,0.0,-0.00041616636724609333,0.9999999134027736,0.0007469700965218841,-0.002880586845452311,0.0,0.0,0.0,0.0009524243749726211,1477,1530
0.0014494335224846844,0.0010255491960395996,0.0,0.0,0.0,-0.00041616636724609333,0.9999999134027736,0.0007469700965218841,-0.002880586845452311,0.0,0.0,0.0,0.0009524243749726211,1477,1530
0.0014494335224846844,0.0010255491960395996,0.0,0.0,0.0,-0.00041616636724609333,0.9999999134027736,0.0007469700965218841,-0.002880586845452311,0.0,0.0,0.0,0.0009524243749726211,1477,1530
0.0014259526441373226,0.0008121103738100996,0.0,0.0,0.0,-0.0004311596810316457,0.9999999070506604,-0.00010033419205823555,-0.0009190647053193627,0.0,0.0,0.0,-0.0001291102501611052,1477,1530
0.0014259526441373226,0.0008121103738100996,0.0,0.0,0.0,-0.0004311596810316457,0.9999999070506604,-0.00010033419205823555,-0.0009190647053193627,0.0,0.0,0.0,-0.0001291102501611052,1477,1530
0.0014587335738836939,0.0009561409920608836,0.0,0.0,0.0,-0.000421504357389117,0.9999999111670343,0.00010896068939480208,0.00048065914273544297,0.0,0.0,0.0,6.443089856486541e-05,1477,1530
0.0014587335738836939,0.0009561409920608836,0.0,0.0,0.0,-0.000421504357389117,0.9999999111670343,0.00010896068939480208,0.00048065914273544297,0.0,0.0,0.0,6.443089856486541e-05,1477,1530
0.0014587335738836939,0.0009561409920608836,0.0,0.0,0.0,-0.000421504357389117,0.9999999111670343,0.00010896068939480208,0.00048065914273544297,0.0,0.0,0.0,6.443089856486541e-05,1477,1530
0.0012177222530706162,0.0013994650322274225,0.0,0.0,0.0,-0.0004960210557364267,0.9999998769815486,-0.0012051351801085981,0.002212318247470666,0.0,0.0,0.0,-0.0007440621291092891,1477,1530
0.0012177222530706162,0.0013994650322274225,0.0,0.0,0.0,-0.0004960210557364267,0.9999998769815486,-0.0012051351801085981,0.002212318247470666,0.0,0.0,0.0,-0.0007440621291092891,1477,1530
0.0012177222530706162,0.0013994650322274225,0.0,0.0,0.0,-0.0004960210557364267,0.9999998769815486,-0.0012051351801085981,0.002212318247470666,0.0,0.0,0.0,-0.0007440621291092891,1477,1530
0.0008864044844715084,0.0017178773984335228,0.0,0.0,0.0,-0.0005472928358707037,0.9999998502352647,-0.0011063706100889537,0.0010611662703976642,0.0,0.0,0.0,-0.0003420981360646538,1477,1530
0.0008864044844715084,0.0017178773984335228,0.0,0.0,0.0,-0.0005472928358707037,0.9999998502352647,-0.0011063706100889537,0.0010611662703976642,0.0,0.0,0.0,-0.0003420981360646538,1477,1530
0.001218049430776628,0.0018982009753693821,0.0,0.0,0.0,-0.0005778231034880346,0.9999998330602166,0.001105366189620359,0.0006025835414799276,0.0,0.0,0.0,-0.0002036349307477619,1477,1530
0.001218049430776628,0.0018982009753693821,0.0,0.0,0.0,-0.0005778231034880346,0.9999998330602166,0.001105366189620359,0.0006025835414799276,0.0,0.0,0.0,-0.0002036349307477619,1477,1530
0.0010352103194090092,0.0020420498785394033,0.0,0.0,0.0,-0.0006052569862188552,0.9999998168319736,-0.0009075704472097557,0.0007123357112488178,0.0,0.0,0.0,-0.00027210354466128525,1477,1530
0.0008558678766471048,0.0021994205967292182,0.0,0.0,0.0,-0.000637152718019448,0.9999997970181863,-0.0009044747487633839,0.0007917292532552153,0.0,0.0,0.0,-0.00032137735096020867,1477,1530
0.0008558678766471048,0.0021994205967292182,0.0,0.0,0.0,-0.000637152718019448,0.9999997970181863,-0.0009044747487633839,0.0007917292532552153,0.0,0.0,0.0,-0.00032137735096020867,1477,1530
0.000886903508872585,0.002186357177825082,0.0,0.0,0.0,-0.0006490286782152611,0.9999997893808652,0.00018611214950913646,-7.805869707434674e-05,0.0,0.0,0.0,-0.00014235752097848983,1477,1530
0.000886903508872585,0.002186357177825082,0.0,0.0,0.0,-0.0006490286782152611,0.9999997893808652,0.00018611214950913646,-7.805869707434674e-05,0.0,0.0,0.0,-0.00014235752097848983,1477,1530
0.000886903508872585,0.002186357177825082,0.0,0.0,0.0,-0.0006490286782152611,0.9999997893808652,0.00018611214950913646,-7.805869707434674e-05,0.0,0.0,0.0,-0.00014235752097848983,1477,1530
0.0009474383762096992,0.002369834384949779,0.0,0.0,0.0,-0.0006809161979203459,0.9999997681765388,0.0004527387518555843,0.0013782315197458257,0.0,0.0,0.0,-0.0004788564032854119,1477,1530
0.0009474383762096992,0.002369834384949779,0.0,0.0,0.0,-0.0006809161979203459,0.9999997681765388,0.0004527387518555843,0.0013782315197458257,0.0,0.0,0.0,-0.0004788564032854119,1477,1530
0.0006988194448588514,0.002712417583514751,0.0,0.0,0.0,-0.0007502560835710159,0.999999718557865,-0.0014852760033988138,0.00204077627504144,0.0,0.0,0.0,-0.0008269369464137966,1477,1530
0.0006988194448588514,0.002712417583514751,0.0,0.0,0.0,-0.0007502560835710159,0.999999718557865,-0.0014852760033988138,0.00204077627504144,0.0,0.0,0.0,-0.0008269369464137966,1477,1530
0.0008442389636557565,0.0031377998715823047,0.0,0.0,0.0,-0.0008301023345852892,0.9999996554649977,0.0004840913205549011,0.001423040186444696,0.0,0.0,0.0,-0.0005339495106827073,1477,1530
0.0008442389636557565,0.0031377998715823047,0.0,0.0,0.0,-0.0008301023345852892,0.9999996554649977,0.0004840913205549011,0.001423040186444696,0.0,0.0,0.0,-0.0005339495106827073,1477,1530
0.0004073578301915974,0.0030756500552970006,0.0,0.0,0.0,-0.0008592311601959837,0.9999996308608385,-0.0021841816145242517,-0.0003144176587935614,0.0,0.0,0.0,-0.00029132768922568973,1477,1530
0.000420168423103611,0.002918484602398713,0.0,0.0,0.0,-0.000806356994334611,0.999999674894146,7.854457724739031e-05,-0.0009435876876240946,0.0,0.0,0.0,0.000634980415019242,1477,1530
0.000420168423103611,0.002918484602398713,0.0,0.0,0.0,-0.000806356994334611,0.999999674894146,7.854457724739031e-05,-0.0009435876876240946,0.0,0.0,0.0,0.000634980415019242,1477,1530
0.00016510072712252907,0.0028032698397388763,0.0,0.0,0.0,-0.0008581864111498696,0.999999631757974,-0.0015296074936752607,-0.0006939001148610094,0.0,0.0,0.0,-0.0006220826101633028,1477,1530
0.00016510072712252907,0.0028032698397388763,0.0,0.0,0.0,-0.0008581864111498696,0.999999631757974,-0.0015296074936752607,-0.0006939001148610094,0.0,0.0,0.0,-0.0006220826101633028,1477,1530
0.0006511213529771432,0.002758145473120717,0.0,0.0,0.0,-0.0007967058850560381,0.999999682629816,0.002426168221415045,-0.0002210570577637277,0.0,0.0,0.0,0.0006137130618662932,1477,1530
0.0006511213529771432,0.002758145473120717,0.0,0.0,0.0,-0.0007967058850560381,0.999999682629816,0.002426168221415045,-0.0002210570577637277,0.0,0.0,0.0,0.0006137130618662932,1477,1530
0.0006511213529771432,0.002758145473120717,0.0,0.0,0.0,-0.0007967058850560381,0.999999682629816,0.002426168221415045,-0.0002210570577637277,0.0,0.0,0.0,0.0006137130618662932,1477,1530
0.0006511213529771432,0.002758145473120717,0.0,0.0,0.0,-0.0007967058850560381,0.999999682629816,0.002426168221415045,-0.0002210570577637277,0.0,0.0,0.0,0.0006137130618662932,1477,1530
0.001020849833700911,0.0033218639375448694,0.0,0.0,0.0,-0.0008211012472358432,0.999999662896314,0.0015820641353803363,0.0024205466358993765,0.0,0.0,0.0,-0.0002092837547761922,1477,1530
0.001020849833700911,0.0033218639375448694,0.0,0.0,0.0,-0.0008211012472358432,0.999999662896314,0.0015820641353803363,0.0024205466358993765,0.0,0.0,0.0,-0.0002092837547761922,1477,1530
0.0011730255550147328,0.0032726876688179097,0.0,0.0,0.0,-0.0008207983144354298,0.9999996631450068,0.0005073720824618739,-0.000163039838820842,0.0,0.0,0.0,2.018960454903446e-06,1477,1530
0.0011730255550147328,0.0032726876688179097,0.0,0.0,0.0,-0.0008207983144354298,0.9999996631450068,0.0005073720824618739,-0.000163039838820842,0.0,0.0,0.0,2.018960454903446e-06,1477,1530
0.0011734046443375096,0.0036220303558608057,0.0,0.0,0.0,-0.0008214452459162143,0.999999662613797,-7.289098164004665e-07,0.0013099357623101463,0.0,0.0,0.0,-4.851617805731208e-06,1477,1530
0.0011734046443375096,0.0036220303558608057,0.0,0.0,0.0,-0.0008214452459162143,0.999999662613797,-7.289098164004665e-07,0.0013099357623101463,0.0,0.0,0.0,-4.851617805731208e-06,1477,1530
0.0011734046443375096,0.0036220303558608057,0.0,0.0,0.0,-0.0008214452459162143,0.999999662613797,-7.289098164004665e-07,0.0013099357623101463,0.0,0.0,0.0,-4.851617805731208e-06,1477,1530
0.0011821045253952054,0.00439928630183817,0.0,0.0,0.0,-0.0009483801583704823,0.9999995502874365,3.1834266874849274e-05,0.00333342992779152,0.0,0.0,0.0,-0.001088757424911308,1477,1530
0.0011821045253952054,0.00439928630183817,0.0,0.0,0.0,-0.0009483801583704823,0.9999995502874365,3.1834266874849274e-05,0.00333342992779152,0.0,0.0,0.0,-0.001088757424911308,1477,1530
0.0009921821528844335,0.004238587142769924,0.0,0.0,0.0,-0.0010000574642304173,0.9999994999424091,-0.0008115959647234459,-0.0006893620692619902,0.0,0.0,0.0,-0.00044237661622810323,1477,1530
0.0009921821528844335,0.004238587142769924,0.0,0.0,0.0,-0.0010000574642304173,0.9999994999424091,-0.0008115959647234459,-0.0006893620692619902,0.0,0.0,0.0,-0.00044237661622810323,1477,1530
0.0012951415639342594,0.003354083272541993,0.0,0.0,0.0,-0.000829308601332268,0.9999996561235627,0.0015247755256257523,-0.004422775706296832,0.0,0.0,0.0,0.0017087623650020533,1477,1530
0.0012951415639342594,0.003354083272541993,0.0,0.0,0.0,-0.000829308601332268,0.9999996561235627,0.0015247755256257523,-0.004422775706296832,0.0,0.0,0.0,0.0017087623650020533,1477,1530
0.0012951415639342594,0.003354083272541993,0.0,0.0,0.0,-0.000829308601332268,0.9999996561235627,0.0015247755256257523,-0.004422775706296832,0.0,0.0,0.0,0.0017087623650020533,1477,1530
0.0010802028491223963,0.002307281367364809,0.0,0.0,0.0,-0.0006976293163934989,0.9999997566566389,-0.0009135722199399263,-0.004487071997594854,0.0,0.0,0.0,0.001128492904292807,1477,1530
0.0010802028491223963,0.002307281367364809,0.0,0.0,0.0,-0.0006976293163934989,0.9999997566566389,-0.0009135722199399263,-0.004487071997594854,0.0,0.0,0.0,0.001128492904292807,1477,1530
0.0005297417925711944,0.0027698386843987336,0.0,0.0,0.0,-0.0008294057864191403,0.9999996560429616,-0.002066474086594468,0.0017315630994855448,0.0,0.0,0.0,-0.0009882410459356261,1477,1530
0.0005297417925711944,0.0027698386843987336,0.0,0.0,0.0,-0.0008294057864191403,0.9999996560429616,-0.002066474086594468,0.0017315630994855448,0.0,0.0,0.0,-0.0009882410459356261,1477,1530
0.0007466340718787943,0.00223060586413951,0.0,0.0,0.0,-0.0007518123483115048,0.9999997173890565,0.0010898150813968448,-0.002696545677340801,0.0,0.0,0.0,0.0007765636395443544,1477,1530
0.0007466340718787943,0.00223060586413951,0.0,0.0,0.0,-0.0007518123483115048,0.9999997173890565,0.0010898150813968448,-0.002696545677340801,0.0,0.0,0.0,0.0007765636395443544,1477,1530
0.00041933781522150666,0.0029505704182004656,0.0,0.0,0.0,-0.0008519416588614184,0.9999996370976391,-0.0016406043398210469,0.003594536336905941,0.0,0.0,0.0,-0.0010005080273620581,1477,1530
0.00041933781522150666,0.0029505704182004656,0.0,0.0,0.0,-0.0008519416588614184,0.9999996370976391,-0.0016406043398210469,0.003594536336905941,0.0,0.0,0.0,-0.0010005080273620581,1477,1530
0.0021670316879882096,-0.001354029962599717,0.0,0.0,0.0,-0.0001675079353864726,0.9999999859705457,0.008780617235346197,-0.021521532291928127,0.0,0.0,0.0,0.006848618109435342,1477,1530
0.0021670316879882096,-0.001354029962599717,0.0,0.0,0.0,-0.0001675079353864726,0.9999999859705457,0.008780617235346197,-0.021521532291928127,0.0,0.0,0.0,0.006848618109435342,1477,1530
0.0021670316879882096,-0.001354029962599717,0.0,0.0,0.0,-0.0001675079353864726,0.9999999859705457,0.008780617235346197,-0.021521532291928127,0.0,0.0,0.0,0.006848618109435342,1477,1530
0.0024081884571131584,0.0023920811368572975,0.0,0.0,0.0,-0.000581042940676992,0.9999998311945363,0.0011975686834196984,0.01870066332829469,0.0,0.0,0.0,-0.0041286618219989486,1477,1530
0.0024081884571131584,0.0023920811368572975,0.0,0.0,0.0,-0.000581042940676992,0.9999998311945363,0.0011975686834196984,0.01870066332829469,0.0,0.0,0.0,-0.0041286618219989486,1477,1530
0.0014034909046443185,0.00547483234386441,0.0,0.0,0.0,-0.0009531761882857541,0.9999995457274738,-0.0037759309702495992,0.0115402938299453,0.0,0.0,0.0,-0.002787223442180282,1477,1530
0.0014034909046443185,0.00547483234386441,0.0,0.0,0.0,-0.0009531761882857541,0.9999995457274738,-0.0037759309702495992,0.0115402938299453,0.0,0.0,0.0,-0.002787223442180282,1477,1530
0.0012636125267152464,0.005212365627717406,0.0,0.0,0.0,-0.0008894293511083642,0.9999996044576365,-0.0005983316588395185,-0.0011278800766643504,0.0,0.0,0.0,0.0005473149271854659,1477,1530
0.00013720058759644294,0.007115323561358913,0.0,0.0,0.0,-0.0010642686511006868,0.9999994336659588,-0.004845412959264804,0.008152710474647312,0.0,0.0,0.0,-0.001499685915246548,1477,1530
0.00013720058759644294,0.007115323561358913,0.0,0.0,0.0,-0.0010642686511006868,0.9999994336659588,-0.004845412959264804,0.008152710474647312,0.0,0.0,0.0,-0.001499685915246548,1477,1530
0.00040322149609767574,0.006020391488113719,0.0,0.0,0.0,-0.0008897123416875827,0.9999996042058962,0.002012380264836878,-0.008206699345710096,0.0,0.0,0.0,0.0026180186285149317,1477,1530
0.00040322149609767574,0.006020391488113719,0.0,0.0,0.0,-0.0008897123416875827,0.9999996042058962,0.002012380264836878,-0.008206699345710096,0.0,0.0,0.0,0.0026180186285149317,1477,1530
0.00040322149609767574,0.006020391488113719,0.0,0.0,0.0,-0.0008897123416875827,0.9999996042058962,0.002012380264836878,-0.008206699345710096,0.0,0.0,0.0,0.0026180186285149317,1477,1530
-0.0005102414455354484,0.007441698056254454,0.0,0.0,0.0,-0.0010307962621472749,0.9999994687293918,-0.005457977920282983,0.008459230870662424,0.0,0.0,0.0,-0.001681312611331095,1477,1530
-0.0005102414455354484,0.007441698056254454,0.0,0.0,0.0,-0.0010307962621472749,0.9999994687293918,-0.005457977920282983,0.008459230870662424,0.0,0.0,0.0,-0.001681312611331095,1477,1530
-0.0005102414455354484,0.007441698056254454,0.0,0.0,0.0,-0.0010307962621472749,0.9999994687293918,-0.005457977920282983,0.008459230870662424,0.0,0.0,0.0,-0.001681312611331095,1477,1530
-0.0007525160384522613,0.007487803146172276,0.0,0.0,0.0,-0.0010624333189653246,0.9999994356175621,-0.0018305825371727918,0.0003444525733874761,0.0,0.0,0.0,-0.0004779014220809915,1477,1530
-0.0007525160384522613,0.007487803146172276,0.0,0.0,0.0,-0.0010624333189653246,0.9999994356175621,-0.0018305825371727918,0.0003444525733874761,0.0,0.0,0.0,-0.0004779014220809915,1477,1530
-0.0007525160384522613,0.007487803146172276,0.0,0.0,0.0,-0.0010624333189653246,0.9999994356175621,-0.0018305825371727918,0.0003444525733874761,0.0,0.0,0.0,-0.0004779014220809915,1477,1530
0.001499007196523807,0.0062450516941739455,0.0,0.0,0.0,-0.0010511119973980907,0.999999447581632,0.0052022211312211675,-0.002857014685994757,0.0,0.0,0.0,5.22554580872464e-05,1477,1530
0.001499007196523807,0.0062450516941739455,0.0,0.0,0.0,-0.0010511119973980907,0.999999447581632,0.0052022211312211675,-0.002857014685994757,0.0,0.0,0.0,5.22554580872464e-05,1477,1530
0.0024160536425218066,0.005856704850091827,0.0,0.0,0.0,-0.001051584603579869,0.9999994470847579,0.0030605154023564127,-0.0012884728112478971,0.0,0.0,0.0,-3.151718169628994e-06,1477,1530
0.0022420987992199763,0.005867482152854634,0.0,0.0,0.0,-0.0010279681359839049,0.9999994716406161,-0.0010433035396122108,6.243507075902911e-05,0.0,0.0,0.0,0.00028324594450120636,1477,1530
0.0022420987992199763,0.005867482152854634,0.0,0.0,0.0,-0.0010279681359839049,0.9999994716406161,-0.0010433035396122108,6.243507075902911e-05,0.0,0.0,0.0,0.00028324594450120636,1477,1530
0.0022420987992199763,0.005867482152854634,0.0,0.0,0.0,-0.0010279681359839049,0.9999994716406161,-0.0010433035396122108,6.243507075902911e-05,0.0,0.0,0.0,0.00028324594450120636,1477,1530
0.0021950961540593956,0.005878775847450764,0.0,0.0,0.0,-0.0010302606624837964,0.9999994692813429,-0.0003526332892974378,8.396349872231007e-05,0.0,0.0,0.0,-3.438207075604264e-05,1477,1530
0.0017554738352952167,0.006298538396922201,0.0,0.0,0.0,-0.0010613261745967882,0.9999994367932169,-0.0013206599449141292,0.0012558076594252892,0.0,0.0,0.0,-0.00018628047489578696,1477,1530
0.0017554738352952167,0.006298538396922201,0.0,0.0,0.0,-0.0010613261745967882,0.9999994367932169,-0.0013206599449141292,0.0012558076594252892,0.0,0.0,0.0,-0.00018628047489578696,1477,1530
0.0009597823150100983,0.007233491457693407,0.0,0.0,0.0,-0.0011902980669014837,0.999999291595005,-0.007987926165865012,0.00934570377489138,0.0,0.0,0.0,-0.002583055753445097,1477,1530
0.0009597823150100983,0.007233491457693407,0.0,0.0,0.0,-0.0011902980669014837,0.999999291595005,-0.007987926165865012,0.00934570377489138,0.0,0.0,0.0,-0.002583055753445097,1477,1530
0.0009597823150100983,0.007233491457693407,0.0,0.0,0.0,-0.0011902980669014837,0.999999291595005,-0.007987926165865012,0.00934570377489138,0.0,0.0,0.0,-0.002583055753445097,1477,1530
0.00046474068366095906,0.007400372578176617,0.0,0.0,0.0,-0.0011906040839167846,0.9999992912307065,-0.0021227334866860312,0.0007099614142782659,0.0,0.0,0.0,-2.622300571908744e-06,1477,1530
0.00046474068366095906,0.007400372578176617,0.0,0.0,0.0,-0.0011906040839167846,0.9999992912307065,-0.0021227334866860312,0.0007099614142782659,0.0,0.0,0.0,-2.622300571908744e-06,1477,1530
0.0009686713378363359,0.007357786630291715,0.0,0.0,0.0,-0.0012083088504505116,0.9999992699945945,0.002520090154889394,-0.00020692414795254815,0.0,0.0,0.0,-0.00017704336660517275,1477,1530
0.0009686713378363359,0.007357786630291715,0.0,0.0,0.0,-0.0012083088504505116,0.9999992699945945,0.002520090154889394,-0.00020692414795254815,0.0,0.0,0.0,-0.00017704336660517275,1477,1530
0.0009686713378363359,0.007357786630291715,0.0,0.0,0.0,-0.0012083088504505116,0.9999992699945945,0.002520090154889394,-0.00020692414795254815,0.0,0.0,0.0,-0.00017704336660517275,1477,1530
0.0005405552584948888,0.007433207115430662,0.0,0.0,0.0,-0.0011240812684721498,0.9999993682204513,-0.0018360337097736977,0.000318878193230513,0.0,0.0,0.0,0.0007221379171952502,1477,1530
0.0005405552584948888,0.007433207115430662,0.0,0.0,0.0,-0.0011240812684721498,0.9999993682204513,-0.0018360337097736977,0.000318878193230513,0.0,0.0,0.0,0.0007221379171952502,1477,1530
0.0005405552584948888,0.007433207115430662,0.0,0.0,0.0,-0.0011240812684721498,0.9999993682204513,-0.0018360337097736977,0.000318878193230513,0.0,0.0,0.0,0.0007221379171952502,1477,1530
0.00033677490162270366,0.007350783425075668,0.0,0.0,0.0,-0.001122003877747141,0.9999993705534511,-0.0006786326324371009,-0.0002762655975870556,0.0,0.0,0.0,1.3848957091249953e-05,1477,1530
0.00033677490162270366,0.007350783425075668,0.0,0.0,0.0,-0.001122003877747141,0.9999993705534511,-0.0006786326324371009,-0.0002762655975870556,0.0,0.0,0.0,1.3848957091249953e-05,1477,1530
0.0003619188586061903,0.007435817324191922,0.0,0.0,0.0,-0.001210679036556167,0.9999992671278667,8.31719332420418e-05,0.0002836166770597227,0.0,0.0,0.0,-0.0005911326589515312,1477,1530
0.0003619188586061903,0.007435817324191922,0.0,0.0,0.0,-0.001210679036556167,0.9999992671278667,8.31719332420418e-05,0.0002836166770597227,0.0,0.0,0.0,-0.0005911326589515312,1477,1530
0.0005540376115438744,0.0074176656699138435,0.0,0.0,0.0,-0.0011712037806551018,0.9999993141406168,0.001152790707266561,-0.00010610171461449245,0.0,0.0,0.0,0.0004736285733426285,1477,1530
0.0005540376115438744,0.0074176656699138435,0.0,0.0,0.0,-0.0011712037806551018,0.9999993141406168,0.001152790707266561,-0.00010610171461449245,0.0,0.0,0.0,0.0004736285733426285,1477,1530
0.0005227731247691533,0.007393176077381676,0.0,0.0,0.0,-0.0011874669582698748,0.9999992949608629,-0.00011701965800169271,-9.210505195894865e-05,0.0,0.0,0.0,-0.00012196690383243219,1477,1530
0.0005227731247691533,0.007393176077381676,0.0,0.0,0.0,-0.0011874669582698748,0.9999992949608629,-0.00011701965800169271,-9.210505195894865e-05,0.0,0.0,0.0,-0.00012196690383243219,1477,1530
0.0007398303807500697,0.007370460359350324,0.0,0.0,0.0,-0.0012080187166902704,0.9999992703451238,0.0010860253817252805,-0.0001110490948256422,0.0,0.0,0.0,-0.0002056071707290518,1477,1530
0.0007398303807500697,0.007370460359350324,0.0,0.0,0.0,-0.0012080187166902704,0.9999992703451238,0.0010860253817252805,-0.0001110490948256422,0.0,0.0,0.0,-0.0002056071707290518,1477,1530
0.0007698190944244828,0.007363346263110102,0.0,0.0,0.0,-0.0011968837002291636,0.9999992837344475,0.0004487857322626407,-0.00010531890031318906,0.0,0.0,0.0,0.00033308478943886837,1477,1530
0.0007698190944244828,0.007363346263110102,0.0,0.0,0.0,-0.0011968837002291636,0.9999992837344475,0.0004487857322626407,-0.00010531890031318906,0.0,0.0,0.0,0.00033308478943886837,1477,1530
0.0007144120041550706,0.007252585927277491,0.0,0.0,0.0,-0.001230869430708094,0.9999992424799353,-0.00015039437616851955,-0.00030244989769183026,0.0,0.0,0.0,-0.00018538628609988673,1477,1530
0.0007144120041550706,0.007252585927277491,0.0,0.0,0.0,-0.001230869430708094,0.9999992424799353,-0.00015039437616851955,-0.00030244989769183026,0.0,0.0,0.0,-0.00018538628609988673,1477,1530
0.00040069004291768204,0.007269325750763698,0.0,0.0,0.0,-0.0011244362018733888,0.9999993678214142,-0.002352640250722221,0.00011972670549160829,0.0,0.0,0.0,0.0015961084907456721,1477,1530
0.00040069004291768204,0.007269325750763698,0.0,0.0,0.0,-0.0011244362018733888,0.9999993678214142,-0.002352640250722221,0.00011972670549160829,0.0,0.0,0.0,0.0015961084907456721,1477,1530
0.00020135338628196148,0.007359447214988908,0.0,0.0,0.0,-0.0010943777780648841,0.9999994011684602,-0.0007419758527945061,0.00033344471556088817,0.0,0.0,0.0,0.00022354184415097428,1477,1530
0.00020135338628196148,0.007359447214988908,0.0,0.0,0.0,-0.0010943777780648841,0.9999994011684602,-0.0007419758527945061,0.00033344471556088817,0.0,0.0,0.0,0.00022354184415097428,1477,1530
0.00016873723262137281,0.007319271128367562,0.0,0.0,0.0,-0.001170310940219161,0.9999993151859171,-0.0001645037042209451,-0.00020354200890756655,0.0,0.0,0.0,-0.0007680300480996163,1477,1530
0.00016873723262137281,0.007319271128367562,0.0,0.0,0.0,-0.001170310940219161,0.9999993151859171,-0.0001645037042209451,-0.00020354200890756655,0.0,0.0,0.0,-0.0007680300480996163,1477,1530
0.0003097310792984227,0.007366093768680251,0.0,0.0,0.0,-0.001152751287059481,0.9999993355820144,0.0007044298986361331,0.00023576616204273586,0.0,0.0,0.0,0.00017559928403283823,1477,1530
0.0003097310792984227,0.007366093768680251,0.0,0.0,0.0,-0.001152751287059481,0.9999993355820144,0.0007044298986361331,0.00023576616204273586,0.0,0.0,0.0,0.00017559928403283823,1477,1530
0.0004809834167586179,0.007371253194680925,0.0,0.0,0.0,-0.0011770951878295143,0.9999993072232195,0.0010269510948735909,3.330955303952184e-05,0.0,0.0,0.0,-0.00029198802113568047,1477,1530
0.0008081054477688027,0.007621607063539459,0.0,0.0,0.0,-0.0012760291700129932,0.9999991858744472,0.0016355126909459118,0.0012578112912279055,0.0,0.0,0.0,-0.0009910699819521975,1477,1530
0.0008081054477688027,0.007621607063539459,0.0,0.0,0.0,-0.0012760291700129932,0.9999991858744472,0.0016355126909459118,0.0012578112912279055,0.0,0.0,0.0,-0.0009910699819521975,1477,1530
0.0008081054477688027,0.007621607063539459,0.0,0.0,0.0,-0.0012760291700129932,0.9999991858744472,0.0016355126909459118,0.0012578112912279055,0.0,0.0,0.0,-0.0009910699819521975,1477,1530
0.0008081054477688027,0.007621607063539459,0.0,0.0,0.0,-0.0012760291700129932,0.9999991858744472,0.0016355126909459118,0.0012578112912279055,0.0,0.0,0.0,-0.0009910699819521975,1477,1530
0.0005526621341402641,0.0075141585972849255,0.0,0.0,0.0,-0.0012123855989564917,0.9999992650603097,-0.00190486627882274,-0.0008069815615330726,0.0,0.0,0.0,0.000950216791873666,1477,1530
0.0005526621341402641,0.0075141585972849255,0.0,0.0,0.0,-0.0012123855989564917,0.9999992650603097,-0.00190486627882274,-0.0008069815615330726,0.0,0.0,0.0,0.000950216791873666,1477,1530
0.020331417240562106,0.008813950295602804,0.0,0.0,0.0,-0.0026726915543873737,0.9999964283535492,0.05917243244061237,0.004032731095896898,0.0,0.0,0.0,-0.008739075896472794,1477,1530
0.020331417240562106,0.008813950295602804,0.0,0.0,0.0,-0.0026726915543873737,0.9999964283535492,0.05917243244061237,0.004032731095896898,0.0,0.0,0.0,-0.008739075896472794,1477,1530
0.020331417240562106,0.008813950295602804,0.0,0.0,0.0,-0.0026726915543873737,0.9999964283535492,0.05917243244061237,0.004032731095896898,0.0,0.0,0.0,-0.008739075896472794,1477,1530
0.02126860106935481,0.004746730621625002,0.0,0.0,0.0,-0.002205975629285786,0.9999975668328013,0.003608293481718934,-0.015285499182256452,0.0,0.0,0.0,0.0035124273831330876,1477,1530
0.024852230386689572,0.00356867552131225,0.0,0.0,0.0,-0.002182567867631671,0.9999976181959151,0.013466588422100207,-0.004361164427608792,0.0,0.0,0.0,0.00017567106451800012,1477,1530
0.024852230386689572,0.00356867552131225,0.0,0.0,0.0,-0.002182567867631671,0.9999976181959151,0.013466588422100207,-0.004361164427608792,0.0,0.0,0.0,0.00017567106451800012,1477,1530
0.024852230386689572,0.00356867552131225,0.0,0.0,0.0,-0.002182567867631671,0.9999976181959151,0.013466588422100207,-0.004361164427608792,0.0,0.0,0.0,0.00017567106451800012,1477,1530
0.02261121923727131,0.004454267199542615,0.0,0.0,0.0,-0.0022033642117190223,0.9999975725901291,-0.022445637242355883,0.008756871071410923,0.0,0.0,0.0,-0.0004158738182487686,1477,1530
0.02261121923727131,0.004454267199542615,0.0,0.0,0.0,-0.0022033642117190223,0.9999975725901291,-0.022445637242355883,0.008756871071410923,0.0,0.0,0.0,-0.0004158738182487686,1477,1530
0.020455148421323337,0.004713183224769899,0.0,0.0,0.0,-0.00207681377159672,0.9999978434199536,-0.00647066666009089,0.0007481322087852978,0.0,0.0,0.0,0.0007591980902829045,1477,1530
0.020455148421323337,0.004713183224769899,0.0,0.0,0.0,-0.00207681377159672,0.9999978434199536,-0.00647066666009089,0.0007481322087852978,0.0,0.0,0.0,0.0007591980902829045,1477,1530
0.02043029193183353,0.004726984098540761,0.0,0.0,0.0,-0.0021102506792580454,0.9999977734185566,-0.00024267595250231197,0.00013342337323953685,0.0,0.0,0.0,-0.000651399367474291,1477,1530
0.02043029193183353,0.004726984098540761,0.0,0.0,0.0,-0.0021102506792580454,0.9999977734185566,-0.00024267595250231197,0.00013342337323953685,0.0,0.0,0.0,-0.000651399367474291,1477,1530
0.020705323026994786,0.004644456201937337,0.0,0.0,0.0,-0.0021079614613280797,0.9999977782467706,0.001193409927590458,-0.0003526201529707495,0.0,0.0,0.0,1.9841758295434696e-05,1477,1530
0.020705323026994786,0.004644456201937337,0.0,0.0,0.0,-0.0021079614613280797,0.9999977782467706,0.001193409927590458,-0.0003526201529707495,0.0,0.0,0.0,1.9841758295434696e-05,1477,1530
0.020705323026994786,0.004644456201937337,0.0,0.0,0.0,-0.0021079614613280797,0.9999977782467706,0.001193409927590458,-0.0003526201529707495,0.0,0.0,0.0,1.9841758295434696e-05,1477,1530
0.020705323026994786,0.004644456201937337,0.0,0.0,0.0,-0.0021079614613280797,0.9999977782467706,0.001193409927590458,-0.0003526201529707495,0.0,0.0,0.0,1.9841758295434696e-05,1477,1530
0.020960094735310363,0.004706255138859608,0.0,0.0,0.0,-0.0021774145787134508,0.9999976294300664,0.0012725572514861042,0.00031436555972400954,0.0,0.0,0.0,-0.000694539713172736,1477,1530
0.020960094735310363,0.004706255138859608,0.0,0.0,0.0,-0.0021774145787134508,0.9999976294300664,0.0012725572514861042,0.00031436555972400954,0.0,0.0,0.0,-0.000694539713172736,1477,1530
0.020960094735310363,0.004706255138859608,0.0,0.0,0.0,-0.0021774145787134508,0.9999976294300664,0.0012725572514861042,0.00031436555972400954,0.0,0.0,0.0,-0.000694539713172736,1477,1530
0.021177894095573736,0.004559624245049875,0.0,0.0,0.0,-0.0021804656110043213,0.999997622782034,0.00046788598223732134,-0.0003120463582212969,0.0,0.0,0.0,-1.307055279757182e-05,1477,1530
0.021177894095573736,0.004559624245049875,0.0,0.0,0.0,-0.0021804656110043213,0.999997622782034,0.00046788598223732134,-0.0003120463582212969,0.0,0.0,0.0,-1.307055279757182e-05,1477,1530
0.021177894095573736,0.004559624245049875,0.0,0.0,0.0,-0.0021804656110043213,0.999997622782034,0.00046788598223732134,-0.0003120463582212969,0.0,0.0,0.0,-1.307055279757182e-05,1477,1530
0.020922984765575678,0.0046438098102473515,0.0,0.0,0.0,-0.0021611104667874008,0.9999976647980486,-0.0009585668950529203,0.00031194378417216537,0.0,0.0,0.0,0.00014535943208614723,1477,1530
0.020922984765575678,0.0046438098102473515,0.0,0.0,0.0,-0.0021611104667874008,0.9999976647980486,-0.0009585668950529203,0.00031194378417216537,0.0,0.0,0.0,0.00014535943208614723,1477,1530
0.020922984765575678,0.0046438098102473515,0.0,0.0,0.0,-0.0021611104667874008,0.9999976647980486,-0.0009585668950529203,0.00031194378417216537,0.0,0.0,0.0,0.00014535943208614723,1477,1530
0.020771371053466277,0.00469072520698478,0.0,0.0,0.0,-0.0021473640041429157,0.999997694411259,-0.0005665777479944666,0.0001726422072700461,0.0,0.0,0.0,0.00010260453994302936,1477,1530
0.020771371053466277,0.00469072520698478,0.0,0.0,0.0,-0.0021473640041429157,0.999997694411259,-0.0005665777479944666,0.0001726422072700461,0.0,0.0,0.0,0.00010260453994302936,1477,1530
0.02076206375408298,0.004669079049583971,0.0,0.0,0.0,-0.0021387430885747047,0.9999977128863851,-3.0556898509182215e-05,-7.191630408721409e-05,0.0,0.0,0.0,5.7178623117992175e-05,1477,1530
0.02076206375408298,0.004669079049583971,0.0,0.0,0.0,-0.0021387430885747047,0.9999977128863851,-3.0556898509182215e-05,-7.191630408721409e-05,0.0,0.0,0.0,5.7178623117992175e-05,1477,1530
0.02076206375408298,0.004669079049583971,0.0,0.0,0.0,-0.0021387430885747047,0.9999977128863851,-3.0556898509182215e-05,-7.191630408721409e-05,0.0,0.0,0.0,5.7178623117992175e-05,1477,1530
0.021359131258457297,0.004782969193513322,0.0,0.0,0.0,-0.0022169841176571236,0.9999975424876913,0.0036280285811020564,0.0007081402631274644,0.0,0.0,0.0,-0.0009516369942569931,1477,1530
0.021359131258457297,0.004782969193513322,0.0,0.0,0.0,-0.0022169841176571236,0.9999975424876913,0.0036280285811020564,0.0007081402631274644,0.0,0.0,0.0,-0.0009516369942569931,1477,1530
0.021359131258457297,0.004782969193513322,0.0,0.0,0.0,-0.0022169841176571236,0.9999975424876913,0.0036280285811020564,0.0007081402631274644,0.0,0.0,0.0,-0.0009516369942569931,1477,1530
0.0213959517350705,0.004643393624179316,0.0,0.0,0.0,-0.0021800624864547024,0.999997623660954,0.00012501957419569487,-0.0004655333240227647,0.0,0.0,0.0,0.00024658454528503956,1477,1530
0.0213959517350705,0.004643393624179316,0.0,0.0,0.0,-0.0021800624864547024,0.999997623660954,0.00012501957419569487,-0.0004655333240227647,0.0,0.0,0.0,0.00024658454528503956,1477,1530
0.021572823674749567,0.004463827681000719,0.0,0.0,0.0,-0.002210424003615982,0.999997557009878,0.0005918833197608782,-0.0005956809931526293,0.0,0.0,0.0,-0.00020231012140990926,1477,1530
0.021572823674749567,0.004463827681000719,0.0,0.0,0.0,-0.002210424003615982,0.999997557009878,0.0005918833197608782,-0.0005956809931526293,0.0,0.0,0.0,-0.00020231012140990926,1477,1530
0.02142325332858403,0.004540116566506192,0.0,0.0,0.0,-0.00219695065427482,0.9999975867009994,-0.0006426789280063706,0.00032422836187039956,0.0,0.0,0.0,0.00011552640111013005,1477,1530
0.02142325332858403,0.004540116566506192,0.0,0.0,0.0,-0.00219695065427482,0.9999975867009994,-0.0006426789280063706,0.00032422836187039956,0.0,0.0,0.0,0.00011552640111013005,1477,1530
0.0210447835928526,0.00452960772187254,0.0,0.0,0.0,-0.0021765075027310905,0.9999976314047402,-0.0018880119919301953,-6.0727015230515806e-05,0.0,0.0,0.0,0.00020399036506169168,1477,1530
0.02112212282242123,0.004603588884061525,0.0,0.0,0.0,-0.002195707692476192,0.9999975894309592,0.00033034990941690514,0.000318771529465675,0.0,0.0,0.0,-0.00016471274812875168,1477,1530
0.02112212282242123,0.004603588884061525,0.0,0.0,0.0,-0.002195707692476192,0.9999975894309592,0.00033034990941690514,0.000318771529465675,0.0,0.0,0.0,-0.00016471274812875168,1477,1530
0.02112212282242123,0.004603588884061525,0.0,0.0,0.0,-0.002195707692476192,0.9999975894309592,0.00033034990941690514,0.000318771529465675,0.0,0.0,0.0,-0.00016471274812875168,1477,1530
0.021066552882559157,0.004568800247870643,0.0,0.0,0.0,-0.0021886864842483762,0.9999976048228684,-0.0004155354078229704,-0.000262686003886019,0.0,0.0,0.0,0.00010529573789898564,1477,1530
0.021066552882559157,0.004568800247870643,0.0,0.0,0.0,-0.0021886864842483762,0.9999976048228684,-0.0004155354078229704,-0.000262686003886019,0.0,0.0,0.0,0.00010529573789898564,1477,1530
0.021066552882559157,0.004568800247870643,0.0,0.0,0.0,-0.0021886864842483762,0.9999976048228684,-0.0004155354078229704,-0.000262686003886019,0.0,0.0,0.0,0.00010529573789898564,1477,1530
0.02116165102412041,0.004511558874857041,0.0,0.0,0.0,-0.0022021557103056675,0.9999975752521741,0.0004089968373048349,-0.00024375035630598202,0.0,0.0,0.0,-0.0001155534647966159,1477,1530
0.02116165102412041,0.004511558874857041,0.0,0.0,0.0,-0.0022021557103056675,0.9999975752521741,0.0004089968373048349,-0.00024375035630598202,0.0,0.0,0.0,-0.0001155534647966159,1477,1530
0.02116165102412041,0.004511558874857041,0.0,0.0,0.0,-0.0022021557103056675,0.9999975752521741,0.0004089968373048349,-0.00024375035630598202,0.0,0.0,0.0,-0.0001155534647966159,1477,1530
0.020797026822011334,0.004637532880528087,0.0,0.0,0.0,-0.00221031104243934,0.9999975572595643,-0.0009951994294196455,0.0003389324848900742,0.0,0.0,0.0,-4.445096559669619e-05,1477,1530
0.020797026822011334,0.004637532880528087,0.0,0.0,0.0,-0.00221031104243934,0.9999975572595643,-0.0009951994294196455,0.0003389324848900742,0.0,0.0,0.0,-4.445096559669619e-05,1477,1530
0.021039930191957098,0.005048014424619374,0.0,0.0,0.0,-0.002259996479829297,0.9999974462046947,0.001206023037300478,0.0020587653684076244,0.0,0.0,0.0,-0.0004970991934761508,1477,1530
0.021039930191957098,0.005048014424619374,0.0,0.0,0.0,-0.002259996479829297,0.9999974462046947,0.001206023037300478,0.0020587653684076244,0.0,0.0,0.0,-0.0004970991934761508,1477,1530
0.021061566072941573,0.004726118279003988,0.0,0.0,0.0,-0.0021968384943736965,0.9999975869474034,9.890273856178993e-05,-0.0013783262100679461,0.0,0.0,0.0,0.0005410432456787223,1477,1530
0.021061566072941573,0.004726118279003988,0.0,0.0,0.0,-0.0021968384943736965,0.9999975869474034,9.890273856178993e-05,-0.0013783262100679461,0.0,0.0,0.0,0.0005410432456787223,1477,1530
0.02094750732034196,0.004630199337435421,0.0,0.0,0.0,-0.0021689176979328637,0.9999976478952436,-0.0008529262397824909,-0.0007236990778968184,0.0,0.0,0.0,0.00041913463021435096,1477,1530
0.019473408543539697,0.006393682841280623,0.0,0.0,0.0,-0.0024436558591520957,0.9999970142685637,-0.004941668498890098,0.005859936065174486,0.0,0.0,0.0,-0.0018325394072965433,1477,1530
0.019473408543539697,0.006393682841280623,0.0,0.0,0.0,-0.0024436558591520957,0.9999970142685637,-0.004941668498890098,0.005859936065174486,0.0,0.0,0.0,-0.0018325394072965433,1477,1530
0.019473408543539697,0.006393682841280623,0.0,0.0,0.0,-0.0024436558591520957,0.9999970142685637,-0.004941668498890098,0.005859936065174486,0.0,0.0,0.0,-0.0018325394072965433,1477,1530
0.020583789477017007,0.005186055738570919,0.0,0.0,0.0,-0.002263866164804448,0.9999974374517105,0.008338086772599635,-0.008979846414483217,0.0,0.0,0.0,0.00268592117568319,1477,1530
0.020583789477017007,0.005186055738570919,0.0,0.0,0.0,-0.002263866164804448,0.9999974374517105,0.008338086772599635,-0.008979846414483217,0.0,0.0,0.0,0.00268592117568319,1477,1530
0.020583789477017007,0.005186055738570919,0.0,0.0,0.0,-0.002263866164804448,0.9999974374517105,0.008338086772599635,-0.008979846414483217,0.0,0.0,0.0,0.00268592117568319,1477,1530
0.020908748067678277,0.004768716145910493,0.0,0.0,0.0,-0.0021352754338312477,0.9999977202968123,0.0012272820893267154,-0.0015615434037312497,0.0,0.0,0.0,0.0009657027123920352,1477,1530
0.020908748067678277,0.004768716145910493,0.0,0.0,0.0,-0.0021352754338312477,0.9999977202968123,0.0012272820893267154,-0.0015615434037312497,0.0,0.0,0.0,0.0009657027123920352,1477,1530
0.02091830822655701,0.004634448292411589,0.0,0.0,0.0,-0.0021417825578845828,0.999997706381107,3.799020050541868e-05,-0.0005032102620357886,0.0,0.0,0.0,-4.879030762571185e-05,1477,1530
0.02091830822655701,0.004634448292411589,0.0,0.0,0.0,-0.0021417825578845828,0.999997706381107,3.799020050541868e-05,-0.0005032102620357886,0.0,0.0,0.0,-4.879030762571185e-05,1477,1530
0.020679008488650275,0.004725849702614331,0.0,0.0,0.0,-0.0021778593320933752,0.9999976284615527,-0.0008988092781970572,0.0003388988727257866,0.0,0.0,0.0,-0.0002705689969713108,1477,1530
0.020679008488650275,0.004725849702614331,0.0,0.0,0.0,-0.0021778593320933752,0.9999976284615527,-0.0008988092781970572,0.0003388988727257866,0.0,0.0,0.0,-0.0002705689969713108,1477,1530
0.020688678773260173,0.004734090687412437,0.0,0.0,0.0,-0.0021590916635729185,0.9999976691588778,5.778313431153413e-05,4.9678691326324537e-05,0.0,0.0,0.0,0.00022512430301631982,1477,1530
0.020688678773260173,0.004734090687412437,0.0,0.0,0.0,-0.0021590916635729185,0.9999976691588778,5.778313431153413e-05,4.9678691326324537e-05,0.0,0.0,0.0,0.00022512430301631982,1477,1530
0.020795529239031142,0.004854240982649464,0.0,0.0,0.0,-0.002187540084223641,0.9999976073313276,0.0006328376032540992,0.0007178260814516945,0.0,0.0,0.0,-0.00033862813004632955,1477,1530
0.020795529239031142,0.004854240982649464,0.0,0.0,0.0,-0.002187540084223641,0.9999976073313276,0.0006328376032540992,0.0007178260814516945,0.0,0.0,0.0,-0.00033862813004632955,1477,1530
0.020795529239031142,0.004854240982649464,0.0,0.0,0.0,-0.002187540084223641,0.9999976073313276,0.0006328376032540992,0.0007178260814516945,0.0,0.0,0.0,-0.00033862813004632955,1477,1530
0.02087827388329718,0.004714547432020285,0.0,0.0,0.0,-0.0021832433635127924,0.9999976167213678,0.00041964548192437797,-0.0007014489109672937,0.0,0.0,0.0,4.326323020770844e-05,1477,1530
0.02087827388329718,0.004714547432020285,0.0,0.0,0.0,-0.0021832433635127924,0.9999976167213678,0.00041964548192437797,-0.0007014489109672937,0.0,0.0,0.0,4.326323020770844e-05,1477,1530
0.02087827388329718,0.004714547432020285,0.0,0.0,0.0,-0.0021832433635127924,0.9999976167213678,0.00041964548192437797,-0.0007014489109672937,0.0,0.0,0.0,4.326323020770844e-05,1477,1530
0.020649860343071987,0.00474901671396449,0.0,0.0,0.0,-0.0021702606565461484,0.9999976449815683,-0.0006854066556073986,0.00010037392090513783,0.0,0.0,0.0,7.786473539748008e-05,1477,1530
0.020649860343071987,0.00474901671396449,0.0,0.0,0.0,-0.0021702606565461484,0.9999976449815683,-0.0006854066556073986,0.00010037392090513783,0.0,0.0,0.0,7.786473539748008e-05,1477,1530
0.020649860343071987,0.00474901671396449,0.0,0.0,0.0,-0.0021702606565461484,0.9999976449815683,-0.0006854066556073986,0.00010037392090513783,0.0,0.0,0.0,7.786473539748008e-05,1477,1530
0.020649860343071987,0.00474901671396449,0.0,0.0,0.0,-0.0021702606565461484,0.9999976449815683,-0.0006854066556073986,0.00010037392090513783,0.0,0.0,0.0,7.786473539748008e-05,1477,1530
0.020628514221118714,0.0047504961939482115,0.0,0.0,0.0,-0.002148227274145028,0.9999976925571272,-7.118633962575403e-05,4.623480472870964e-06,0.0,0.0,0.0,0.0001469140440971021,1477,1530
0.020628514221118714,0.0047504961939482115,0.0,0.0,0.0,-0.002148227274145028,0.9999976925571272,-7.118633962575403e-05,4.623480472870964e-06,0.0,0.0,0.0,0.0001469140440971021,1477,1530
0.020767684048175847,0.004717501001471674,0.0,0.0,0.0,-0.0021427118142704786,0.9999977043904056,0.00038013071537489453,-8.840032875480956e-05,0.0,0.0,0.0,3.009971932172027e-05,1477,1530
0.020767684048175847,0.004717501001471674,0.0,0.0,0.0,-0.0021427118142704786,0.9999977043904056,0.00038013071537489453,-8.840032875480956e-05,0.0,0.0,0.0,3.009971932172027e-05,1477,1530
0.020767684048175847,0.004717501001471674,0.0,0.0,0.0,-0.0021427118142704786,0.9999977043904056,0.00038013071537489453,-8.840032875480956e-05,0.0,0.0,0.0,3.009971932172027e-05,1477,1530
0.02084307963924141,0.004733472379502832,0.0,0.0,0.0,-0.002157583464743834,0.9999976724140875,0.00032251988725322885,6.976627738467607e-05,0.0,0.0,0.0,-0.0001273500560883576,1477,1530
0.02084307963924141,0.004733472379502832,0.0,0.0,0.0,-0.002157583464743834,0.9999976724140875,0.00032251988725322885,6.976627738467607e-05,0.0,0.0,0.0,-0.0001273500560883576,1477,1530
0.02084307963924141,0.004733472379502832,0.0,0.0,0.0,-0.002157583464743834,0.9999976724140875,0.00032251988725322885,6.976627738467607e-05,0.0,0.0,0.0,-0.0001273500560883576,1477,1530
0.020776923554480208,0.004754431920821421,0.0,0.0,0.0,-0.0021621318363544057,0.9999976625902294,-0.00024837529117032337,7.75123906372833e-05,0.0,0.0,0.0,-3.4106429058816554e-05,1477,1530
0.020776923554480208,0.004754431920821421,0.0,0.0,0.0,-0.0021621318363544057,0.9999976625902294,-0.00024837529117032337,7.75123906372833e-05,0.0,0.0,0.0,-3.4106429058816554e-05,1477,1530
0.020776923554480208,0.004754431920821421,0.0,0.0,0.0,-0.0021621318363544057,0.9999976625902294,-0.00024837529117032337,7.75123906372833e-05,0.0,0.0,0.0,-3.4106429058816554e-05,1477,1530
0.020679082683738016,0.004833720397739101,0.0,0.0,0.0,-0.0021604880314866656,0.9999976661430094,-0.00032722807136759054,0.0002628436058237502,0.0,0.0,0.0,1.0957117669899583e-05,1477,1530
0.020679082683738016,0.004833720397739101,0.0,0.0,0.0,-0.0021604880314866656,0.9999976661430094,-0.00032722807136759054,0.0002628436058237502,0.0,0.0,0.0,1.0957117669899583e-05,1477,1530
0.020627774382313408,0.004747852537856705,0.0,0.0,0.0,-0.0021655249498027675,0.9999976552480969,-0.0001908931783019474,-0.0003226303982812468,0.0,0.0,0.0,-3.7753285555686826e-05,1477,1530
0.020627774382313408,0.004747852537856705,0.0,0.0,0.0,-0.0021655249498027675,0.9999976552480969,-0.0001908931783019474,-0.0003226303982812468,0.0,0.0,0.0,-3.7753285555686826e-05,1477,1530
0.020627774382313408,0.004747852537856705,0.0,0.0,0.0,-0.0021655249498027675,0.9999976552480969,-0.0001908931783019474,-0.0003226303982812468,0.0,0.0,0.0,-3.7753285555686826e-05,1477,1530
0.020627774382313408,0.004747852537856705,0.0,0.0,0.0,-0.0021655249498027675,0.9999976552480969,-0.0001908931783019474,-0.0003226303982812468,0.0,0.0,0.0,-3.7753285555686826e-05,1477,1530
0.020880271983684154,0.004707026465547969,0.0,0.0,0.0,-0.002140985611440198,0.9999977080876794,0.0008431592186762649,-0.00013258489171279292,0.0,0.0,0.0,0.0001637744825148961,1477,1530
0.020880271983684154,0.004707026465547969,0.0,0.0,0.0,-0.002140985611440198,0.9999977080876794,0.0008431592186762649,-0.00013258489171279292,0.0,0.0,0.0,0.0001637744825148961,1477,1530
0.020860989065028476,0.0047264182759997,0.0,0.0,0.0,-0.0021553093701944374,0.999997677318062,-5.806168071059362e-05,5.7891646412348594e-05,0.0,0.0,0.0,-8.589001434768034e-05,1477,1530
0.020860989065028476,0.0047264182759997,0.0,0.0,0.0,-0.0021553093701944374,0.999997677318062,-5.806168071059362e-05,5.7891646412348594e-05,0.0,0.0,0.0,-8.589001434768034e-05,1477,1530
0.020860989065028476,0.0047264182759997,0.0,0.0,0.0,-0.0021553093701944374,0.999997677318062,-5.806168071059362e-05,5.7891646412348594e-05,0.0,0.0,0.0,-8.589001434768034e-05,1477,1530
0.020768037906230656,0.004697895113990933,0.0,0.0,0.0,-0.002130504446313872,0.9999977304728267,-0.0003483254646366216,-0.00010853286009753175,0.0,0.0,0.0,0.00018615649639453695,1477,1530
0.020768037906230656,0.004697895113990933,0.0,0.0,0.0,-0.002130504446313872,0.9999977304728267,-0.0003483254646366216,-0.00010853286009753175,0.0,0.0,0.0,0.00018615649639453695,1477,1530
0.020836559845445024,0.004656310699454263,0.0,0.0,0.0,-0.0021337747138898797,0.9999977235001439,0.000411644386195869,-0.00024742381177538306,0.0,0.0,0.0,-3.919125412706229e-05,1477,1530
0.020836559845445024,0.004656310699454263,0.0,0.0,0.0,-0.0021337747138898797,0.9999977235001439,0.000411644386195869,-0.00024742381177538306,0.0,0.0,0.0,-3.919125412706229e-05,1477,1530
0.020836559845445024,0.004656310699454263,0.0,0.0,0.0,-0.0021337747138898797,0.9999977235001439,0.000411644386195869,-0.00024742381177538306,0.0,0.0,0.0,-3.919125412706229e-05,1477,1530
0.02092522876777307,0.004732545059900676,0.0,0.0,0.0,-0.002180412498112063,0.9999976228978438,0.00033104542362711936,0.0002870871033668527,0.0,0.0,0.0,-0.00034953078553487404,1477,1530
0.02092522876777307,0.004732545059900676,0.0,0.0,0.0,-0.002180412498112063,0.9999976228978438,0.00033104542362711936,0.0002870871033668527,0.0,0.0,0.0,-0.00034953078553487404,1477,1530
0.021047971208041236,0.004113149778204741,0.0,0.0,0.0,-0.0020708004766890275,0.9999978558903942,0.0004708036660392909,-0.0023226511306742555,0.0,0.0,0.0,0.0008227821251369494,1477,1530
0.021047971208041236,0.004113149778204741,0.0,0.0,0.0,-0.0020708004766890275,0.9999978558903942,0.0004708036660392909,-0.0023226511306742555,0.0,0.0,0.0,0.0008227821251369494,1477,1530
0.021047971208041236,0.004113149778204741,0.0,0.0,0.0,-0.0020708004766890275,0.9999978558903942,0.0004708036660392909,-0.0023226511306742555,0.0,0.0,0.0,0.0008227821251369494,1477,1530
0.02043918945684263,0.005015713456311455,0.0,0.0,0.0,-0.002185946706571471,0.999997610815644,-0.0022964703831730845,0.0033744549027371466,0.0,0.0,0.0,-0.0008634259935304108,1477,1530
0.020299115264784427,0.005157034338723929,0.0,0.0,0.0,-0.002218845816763512,0.999997538358591,-0.0006031108852914124,0.0006031814119516518,0.0,0.0,0.0,-0.0002820635728411357,1477,1530
0.020299115264784427,0.005157034338723929,0.0,0.0,0.0,-0.002218845816763512,0.999997538358591,-0.0006031108852914124,0.0006031814119516518,0.0,0.0,0.0,-0.0002820635728411357,1477,1530
0.020299115264784427,0.005157034338723929,0.0,0.0,0.0,-0.002218845816763512,0.999997538358591,-0.0006031108852914124,0.0006031814119516518,0.0,0.0,0.0,-0.0002820635728411357,1477,1530
0.020559547180442055,0.005095439423078651,0.0,0.0,0.0,-0.0021847543924766732,0.9999976134212745,0.0015453718745801494,-0.00035826291477357,0.0,0.0,0.0,0.0004041696384507141,1477,1530
0.020559547180442055,0.005095439423078651,0.0,0.0,0.0,-0.0021847543924766732,0.9999976134212745,0.0015453718745801494,-0.00035826291477357,0.0,0.0,0.0,0.0004041696384507141,1477,1530
0.020454241784698467,0.004895881145857584,0.0,0.0,0.0,-0.002192611086987637,0.9999975962254216,-0.00039473853251960594,-0.0007560317050920053,0.0,0.0,0.0,-5.9394342545261606e-05,1477,1530
0.020454241784698467,0.004895881145857584,0.0,0.0,0.0,-0.002192611086987637,0.9999975962254216,-0.00039473853251960594,-0.0007560317050920053,0.0,0.0,0.0,-5.9394342545261606e-05,1477,1530
0.020454241784698467,0.004895881145857584,0.0,0.0,0.0,-0.002192611086987637,0.9999975962254216,-0.00039473853251960594,-0.0007560317050920053,0.0,0.0,0.0,-5.9394342545261606e-05,1477,1530
0.020269047440637393,0.0050161116071149505,0.0,0.0,0.0,-0.0021762063576379513,0.9999976320601409,-0.0009228542295148835,0.0005933920785069364,0.0,0.0,0.0,0.0001630328056649069,1477,1530
0.020269047440637393,0.0050161116071149505,0.0,0.0,0.0,-0.0021762063576379513,0.9999976320601409,-0.0009228542295148835,0.0005933920785069364,0.0,0.0,0.0,0.0001630328056649069,1477,1530
0.020269047440637393,0.0050161116071149505,0.0,0.0,0.0,-0.0021762063576379513,0.9999976320601409,-0.0009228542295148835,0.0005933920785069364,0.0,0.0,0.0,0.0001630328056649069,1477,1530
0.020191634721589833,0.0050454900555663585,0.0,0.0,0.0,-0.002183520676663987,0.9999976161158858,-0.00021205567126547024,7.942186108677885e-05,0.0,0.0,0.0,-4.000643445053923e-05,1477,1530
0.020370342239623723,0.00509041196166828,0.0,0.0,0.0,-0.002184177003294712,0.9999976146825643,0.0008929812889747085,0.00022862037592695056,0.0,0.0,0.0,-6.566466694402966e-06,1477,1530
0.020370342239623723,0.00509041196166828,0.0,0.0,0.0,-0.002184177003294712,0.9999976146825643,0.0008929812889747085,0.00022862037592695056,0.0,0.0,0.0,-6.566466694402966e-06,1477,1530
0.020370342239623723,0.00509041196166828,0.0,0.0,0.0,-0.002184177003294712,0.9999976146825643,0.0008929812889747085,0.00022862037592695056,0.0,0.0,0.0,-6.566466694402966e-06,1477,1530
0.020369190496965964,0.005015558510167415,0.0,0.0,0.0,-0.002217566462288573,0.9999975411964699,-4.945410288905132e-06,-0.0004488683127204979,0.0,0.0,0.0,-0.000400426214019787,1477,1530
0.020369190496965964,0.005015558510167415,0.0,0.0,0.0,-0.002217566462288573,0.9999975411964699,-4.945410288905132e-06,-0.0004488683127204979,0.0,0.0,0.0,-0.000400426214019787,1477,1530
0.020352663653644836,0.004950472211139923,0.0,0.0,0.0,-0.0021906057418445016,0.9999976006203634,-6.0882206643506164e-05,-0.00024430455868996206,0.0,0.0,0.0,0.0002021715253111238,1477,1530
0.020352663653644836,0.004950472211139923,0.0,0.0,0.0,-0.0021906057418445016,0.9999976006203634,-6.0882206643506164e-05,-0.00024430455868996206,0.0,0.0,0.0,0.0002021715253111238,1477,1530
0.020352663653644836,0.004950472211139923,0.0,0.0,0.0,-0.0021906057418445016,0.9999976006203634,-6.0882206643506164e-05,-0.00024430455868996206,0.0,0.0,0.0,0.0002021715253111238,1477,1530
0.020396019327551623,0.005001076989118462,0.0,0.0,0.0,-0.0021861668142010744,0.999997610334475,0.00016174817695947105,0.000190475313099161,0.0,0.0,0.0,3.329149605726414e-05,1477,1530
0.020396019327551623,0.005001076989118462,0.0,0.0,0.0,-0.0021861668142010744,0.999997610334475,0.00016174817695947105,0.000190475313099161,0.0,0.0,0.0,3.329149605726414e-05,1477,1530
0.020670324633670842,0.00491000341722939,0.0,0.0,0.0,-0.0021753499576721166,0.9999976339234816,0.0011770389755041003,-0.0003850895305153891,0.0,0.0,0.0,9.269640247826164e-05,1477,1530
0.020670324633670842,0.00491000341722939,0.0,0.0,0.0,-0.0021753499576721166,0.9999976339234816,0.0011770389755041003,-0.0003850895305153891,0.0,0.0,0.0,9.269640247826164e-05,1477,1530
0.020462764125739837,0.005005531725782469,0.0,0.0,0.0,-0.0021866702486840485,0.9999976092337538,-0.001247505623696623,0.0005675918535999802,0.0,0.0,0.0,-0.000135806875762458,1477,1530
0.020462764125739837,0.005005531725782469,0.0,0.0,0.0,-0.0021866702486840485,0.9999976092337538,-0.001247505623696623,0.0005675918535999802,0.0,0.0,0.0,-0.000135806875762458,1477,1530
0.020462764125739837,0.005005531725782469,0.0,0.0,0.0,-0.0021866702486840485,0.9999976092337538,-0.001247505623696623,0.0005675918535999802,0.0,0.0,0.0,-0.000135806875762458,1477,1530
0.02038321470360164,0.00499590400351096,0.0,0.0,0.0,-0.002161974096287353,0.9999976629312726,-0.0002639423298567862,-3.311630789645291e-05,0.0,0.0,0.0,0.0001639707647238439,1477,1530
0.02038321470360164,0.00499590400351096,0.0,0.0,0.0,-0.002161974096287353,0.9999976629312726,-0.0002639423298567862,-3.311630789645291e-05,0.0,0.0,0.0,0.0001639707647238439,1477,1530
0.02038321470360164,0.00499590400351096,0.0,0.0,0.0,-0.002161974096287353,0.9999976629312726,-0.0002639423298567862,-3.311630789645291e-05,0.0,0.0,0.0,0.0001639707647238439,1477,1530
0.020400104114288217,0.005038557572128539,0.0,0.0,0.0,-0.0021542132810775,0.9999976796798778,0.00010069878900956018,0.0002575589619980671,0.0,0.0,0.0,9.356658105534725e-05,1477,1530
0.0203389652709563,0.005071406320770899,0.0,0.0,0.0,-0.002224756199223099,0.9999975252268648,-0.00016739319219581154,8.900995719242366e-05,0.0,0.0,0.0,-0.000385393952672909,1477,1530
0.0203389652709563,0.005071406320770899,0.0,0.0,0.0,-0.002224756199223099,0.9999975252268648,-0.00016739319219581154,8.900995719242366e-05,0.0,0.0,0.0,-0.000385393952672909,1477,1530
0.0203389652709563,0.005071406320770899,0.0,0.0,0.0,-0.002224756199223099,0.9999975252268648,-0.00016739319219581154,8.900995719242366e-05,0.0,0.0,0.0,-0.000385393952672909,1477,1530
0.020593063040157473,0.004968401204041879,0.0,0.0,0.0,-0.002179301921774403,0.9999976253187474,0.0015263842517296306,-0.0006108658605413918,0.0,0.0,0.0,0.0005451179492556454,1477,1530
0.020593063040157473,0.004968401204041879,0.0,0.0,0.0,-0.002179301921774403,0.9999976253187474,0.0015263842517296306,-0.0006108658605413918,0.0,0.0,0.0,0.0005451179492556454,1477,1530
0.020584950347266272,0.005027848122136922,0.0,0.0,0.0,-0.0021851444611724136,0.999997612568992,-0.0001253533095973056,0.0008895858874797845,0.0,0.0,0.0,-0.00017496603457088216,1477,1530
0.020584950347266272,0.005027848122136922,0.0,0.0,0.0,-0.0021851444611724136,0.999997612568992,-0.0001253533095973056,0.0008895858874797845,0.0,0.0,0.0,-0.00017496603457088216,1477,1530
0.020584950347266272,0.005027848122136922,0.0,0.0,0.0,-0.0021851444611724136,0.999997612568992,-0.0001253533095973056,0.0008895858874797845,0.0,0.0,0.0,-0.00017496603457088216,1477,1530
0.020389098979208813,0.005067168829786405,0.0,0.0,0.0,-0.002212478413853714,0.9999975524666389,-0.00045248154532395675,8.878846742543812e-05,0.0,0.0,0.0,-0.0001261917609112255,1477,1530
0.020389098979208813,0.005067168829786405,0.0,0.0,0.0,-0.002212478413853714,0.9999975524666389,-0.00045248154532395675,8.878846742543812e-05,0.0,0.0,0.0,-0.0001261917609112255,1477,1530
0.02036011712576533,0.005043554517694979,0.0,0.0,0.0,-0.0021772991097607406,0.9999976296814841,-9.620753896948164e-05,-7.910047522550467e-05,0.0,0.0,0.0,0.00023440892892735655,1477,1530
0.02036011712576533,0.005043554517694979,0.0,0.0,0.0,-0.0021772991097607406,0.9999976296814841,-9.620753896948164e-05,-7.910047522550467e-05,0.0,0.0,0.0,0.00023440892892735655,1477,1530
0.02036011712576533,0.005043554517694979,0.0,0.0,0.0,-0.0021772991097607406,0.9999976296814841,-9.620753896948164e-05,-7.910047522550467e-05,0.0,0.0,0.0,0.00023440892892735655,1477,1530
0.02036011712576533,0.005043554517694979,0.0,0.0,0.0,-0.0021772991097607406,0.9999976296814841,-9.620753896948164e-05,-7.910047522550467e-05,0.0,0.0,0.0,0.00023440892892735655,1477,1530
0.020248230587051982,0.005119054238040403,0.0,0.0,0.0,-0.002196719527482553,0.999997587208748,-0.0005613097969445272,0.0003752183915430603,0.0,0.0,0.0,-0.00019428721371670288,1477,1530
0.020248230587051982,0.005119054238040403,0.0,0.0,0.0,-0.002196719527482553,0.999997587208748,-0.0005613097969445272,0.0003752183915430603,0.0,0.0,0.0,-0.00019428721371670288,1477,1530
0.02037152788397572,0.004649081128503038,0.0,0.0,0.0,-0.0021493538868174802,0.9999976901362668,0.0003759860721641918,-0.0014079187925767212,0.0,0.0,0.0,0.0002841214956829683,1477,1530
0.02037152788397572,0.004649081128503038,0.0,0.0,0.0,-0.0021493538868174802,0.9999976901362668,0.0003759860721641918,-0.0014079187925767212,0.0,0.0,0.0,0.0002841214956829683,1477,1530
0.02031928905267531,0.0052472325903321175,0.0,0.0,0.0,-0.002250948614360817,0.9999974666119588,-0.00023492488884651193,0.002562809415450427,0.0,0.0,0.0,-0.0008709123455892916,1477,1530
0.02031928905267531,0.0052472325903321175,0.0,0.0,0.0,-0.002250948614360817,0.9999974666119588,-0.00023492488884651193,0.002562809415450427,0.0,0.0,0.0,-0.0008709123455892916,1477,1530
0.020210975988465996,0.005345682619476363,0.0,0.0,0.0,-0.0022536630609598317,0.9999974604981793,-0.0005436481297153269,0.0004896920146201682,0.0,0.0,0.0,-2.713815737373402e-05,1477,1530
0.020210975988465996,0.005345682619476363,0.0,0.0,0.0,-0.0022536630609598317,0.9999974604981793,-0.0005436481297153269,0.0004896920146201682,0.0,0.0,0.0,-2.713815737373402e-05,1477,1530
0.02018830322224393,0.005348280565969021,0.0,0.0,0.0,-0.0022646263037251054,0.9999974357305645,-9.611194723554892e-05,1.0574262287377284e-05,0.0,0.0,0.0,-9.290159471870555e-05,1477,1530
0.02018830322224393,0.005348280565969021,0.0,0.0,0.0,-0.0022646263037251054,0.9999974357305645,-9.611194723554892e-05,1.0574262287377284e-05,0.0,0.0,0.0,-9.290159471870555e-05,1477,1530
0.02018578975026593,0.00524651180670032,0.0,0.0,0.0,-0.002238424066714675,0.9999974947257106,-1.571492746171361e-05,-0.0007792655907348048,0.0,0.0,0.0,0.00040123273928740864,1477,1530
0.02018578975026593,0.00524651180670032,0.0,0.0,0.0,-0.002238424066714675,0.9999974947257106,-1.571492746171361e-05,-0.0007792655907348048,0.0,0.0,0.0,0.00040123273928740864,1477,1530
0.02018578975026593,0.00524651180670032,0.0,0.0,0.0,-0.002238424066714675,0.9999974947257106,-1.571492746171361e-05,-0.0007792655907348048,0.0,0.0,0.0,0.00040123273928740864,1477,1530
0.02038129984899891,0.005086295695524163,0.0,0.0,0.0,-0.002228285388366572,0.9999975173690323,0.000837289108590557,-0.000679896734095536,0.0,0.0,0.0,8.652321348781805e-05,1477,1530
0.02038129984899891,0.005086295695524163,0.0,0.0,0.0,-0.002228285388366572,0.9999975173690323,0.000837289108590557,-0.000679896734095536,0.0,0.0,0.0,8.652321348781805e-05,1477,1530
0.02038129984899891,0.005086295695524163,0.0,0.0,0.0,-0.002228285388366572,0.9999975173690323,0.000837289108590557,-0.000679896734095536,0.0,0.0,0.0,8.652321348781805e-05,1477,1530
0.020357529873336628,0.005147412601186378,0.0,0.0,0.0,-0.0022414288691106872,0.9999974879951573,-8.961941466887954e-05,0.00022742235004480357,0.0,0.0,0.0,-9.798756894817947e-05,1477,1530
0.020357529873336628,0.005147412601186378,0.0,0.0,0.0,-0.0022414288691106872,0.9999974879951573,-8.961941466887954e-05,0.00022742235004480357,0.0,0.0,0.0,-9.798756894817947e-05,1477,1530
0.020197173611140366,0.005340220233315029,0.0,0.0,0.0,-0.002252759488334325,0.9999974625341246,-0.0006103034423949453,0.0007271554663091919,0.0,0.0,0.0,-8.578559997396319e-05,1477,1530
0.020197173611140366,0.005340220233315029,0.0,0.0,0.0,-0.002252759488334325,0.9999974625341246,-0.0006103034423949453,0.0007271554663091919,0.0,0.0,0.0,-8.578559997396319e-05,1477,1530
0.020197173611140366,0.005340220233315029,0.0,0.0,0.0,-0.002252759488334325,0.9999974625341246,-0.0006103034423949453,0.0007271554663091919,0.0,0.0,0.0,-8.578559997396319e-05,1477,1530
0.02013133856421839,0.005267680610003677,0.0,0.0,0.0,-0.0022687378922868536,0.9999974264108764,-0.0002759572121256015,-0.0003068269730586528,0.0,0.0,0.0,-0.00013462164337685502,1477,1530
0.02013133856421839,0.005267680610003677,0.0,0.0,0.0,-0.0022687378922868536,0.9999974264108764,-0.0002759572121256015,-0.0003068269730586528,0.0,0.0,0.0,-0.00013462164337685502,1477,1530
0.020146308834273936,0.0052004601183095606,0.0,0.0,0.0,-0.002243960712788371,0.9999974823169904,5.160533148680827e-05,-0.0002268652010319395,0.0,0.0,0.0,0.0001674143667277396,1477,1530
0.020146308834273936,0.0052004601183095606,0.0,0.0,0.0,-0.002243960712788371,0.9999974823169904,5.160533148680827e-05,-0.0002268652010319395,0.0,0.0,0.0,0.0001674143667277396,1477,1530
0.019862415410794903,0.0053187158684047,0.0,0.0,0.0,-0.0022652350386303866,0.9999974343518186,-0.0010671627588309952,0.0004389165244187637,0.0,0.0,0.0,-0.00015964505545129794,1477,1530
0.019862415410794903,0.0053187158684047,0.0,0.0,0.0,-0.0022652350386303866,0.9999974343518186,-0.0010671627588309952,0.0004389165244187637,0.0,0.0,0.0,-0.00015964505545129794,1477,1530
0.019862415410794903,0.0053187158684047,0.0,0.0,0.0,-0.0022652350386303866,0.9999974343518186,-0.0010671627588309952,0.0004389165244187637,0.0,0.0,0.0,-0.00015964505545129794,1477,1530
0.020031509945133464,0.005348946211985772,0.0,0.0,0.0,-0.002280849716727599,0.9999973988589019,0.0008447285246725949,0.00015497124723681374,0.0,0.0,0.0,-0.00015613781608344012,1477,1530
0.020031509945133464,0.005348946211985772,0.0,0.0,0.0,-0.002280849716727599,0.9999973988589019,0.0008447285246725949,0.00015497124723681374,0.0,0.0,0.0,-0.00015613781608344012,1477,1530
0.020173049395252152,0.0052395994893101126,0.0,0.0,0.0,-0.002249878586150713,0.9999974690199709,0.0005321882373757682,-0.0004072805712503855,0.0,0.0,0.0,0.00023208796099890186,1477,1530
0.020173049395252152,0.0052395994893101126,0.0,0.0,0.0,-0.002249878586150713,0.9999974690199709,0.0005321882373757682,-0.0004072805712503855,0.0,0.0,0.0,0.00023208796099890186,1477,1530
0.020146993144270636,0.0053253766200813055,0.0,0.0,0.0,-0.0022843443459119954,0.9999973908820509,-0.00013117939819198236,0.0004249570417668418,0.0,0.0,0.0,-0.0003419722909542134,1477,1530
0.020146993144270636,0.0053253766200813055,0.0,0.0,0.0,-0.0022843443459119954,0.9999973908820509,-0.00013117939819198236,0.0004249570417668418,0.0,0.0,0.0,-0.0003419722909542134,1477,1530
0.02021561155520798,0.005210295049103737,0.0,0.0,0.0,-0.002249459722368875,0.9999974699622782,0.0003484667290135752,-0.000578397932655722,0.0,0.0,0.0,0.0003516214247562602,1477,1530
0.02021561155520798,0.005210295049103737,0.0,0.0,0.0,-0.002249459722368875,0.9999974699622782,0.0003484667290135752,-0.000578397932655722,0.0,0.0,0.0,0.0003516214247562602,1477,1530
0.02021561155520798,0.005210295049103737,0.0,0.0,0.0,-0.002249459722368875,0.9999974699622782,0.0003484667290135752,-0.000578397932655722,0.0,0.0,0.0,0.0003516214247562602,1477,1530
0.02023230510174006,0.005304743400278737,0.0,0.0,0.0,-0.002270386338992596,0.9999974226696146,6.968147009885608e-05,0.0004048610225585662,0.0,0.0,0.0,-0.00017926722658283294,1477,1530
0.02023230510174006,0.005304743400278737,0.0,0.0,0.0,-0.002270386338992596,0.9999974226696146,6.968147009885608e-05,0.0004048610225585662,0.0,0.0,0.0,-0.00017926722658283294,1477,1530
0.02023230510174006,0.005304743400278737,0.0,0.0,0.0,-0.002270386338992596,0.9999974226696146,6.968147009885608e-05,0.0004048610225585662,0.0,0.0,0.0,-0.00017926722658283294,1477,1530
0.020094901722591468,0.005376319617827617,0.0,0.0,0.0,-0.00225922161283668,0.9999974479555955,-0.0005808176796731653,0.00029921461056877134,0.0,0.0,0.0,9.416727638195567e-05,1477,1530
0.020094901722591468,0.005376319617827617,0.0,0.0,0.0,-0.00225922161283668,0.9999974479555955,-0.0005808176796731653,0.00029921461056877134,0.0,0.0,0.0,9.416727638195567e-05,1477,1530
0.020044505845596656,0.005328884442478267,0.0,0.0,0.0,-0.0022592206959426236,0.999997447957667,-0.0001909069222147354,-0.0001813251417169629,0.0,0.0,0.0,6.97641595618584e-09,1477,1530
0.020044505845596656,0.005328884442478267,0.0,0.0,0.0,-0.0022592206959426236,0.999997447957667,-0.0001909069222147354,-0.0001813251417169629,0.0,0.0,0.0,6.97641595618584e-09,1477,1530
0.020339470322652726,0.005289061951035169,0.0,0.0,0.0,-0.0022343068188161582,0.9999975039334046,0.0011068909433957575,-0.00014434934228894545,0.0,0.0,0.0,0.00018687323737429546,1477,1530
0.020339470322652726,0.005289061951035169,0.0,0.0,0.0,-0.0022343068188161582,0.9999975039334046,0.0011068909433957575,-0.00014434934228894545,0.0,0.0,0.0,0.00018687323737429546,1477,1530
0.02024787097642599,0.005284220902459664,0.0,0.0,0.0,-0.0022561796878827678,0.999997454823369,-0.0005491796137612514,-3.14858071105506e-05,0.0,0.0,0.0,-0.00026234077189310066,1477,1530
0.02024787097642599,0.005284220902459664,0.0,0.0,0.0,-0.0022561796878827678,0.999997454823369,-0.0005491796137612514,-3.14858071105506e-05,0.0,0.0,0.0,-0.00026234077189310066,1477,1530
0.02024787097642599,0.005284220902459664,0.0,0.0,0.0,-0.0022561796878827678,0.999997454823369,-0.0005491796137612514,-3.14858071105506e-05,0.0,0.0,0.0,-0.00026234077189310066,1477,1530
0.020068272165062864,0.005324717560907422,0.0,0.0,0.0,-0.0022460515460251376,0.999997477623045,-0.0007711135137405014,0.00017022099675308364,0.0,0.0,0.0,8.688373676143806e-05,1477,1530
0.020068272165062864,0.005324717560907422,0.0,0.0,0.0,-0.0022460515460251376,0.999997477623045,-0.0007711135137405014,0.00017022099675308364,0.0,0.0,0.0,8.688373676143806e-05,1477,1530
0.02020875539212911,0.005238486737638278,0.0,0.0,0.0,-0.002253010522976974,0.9999974619685709,0.0006033431689610258,-0.00036662036609734304,0.0,0.0,0.0,-5.961079967474154e-05,1477,1530
0.02020875539212911,0.005238486737638278,0.0,0.0,0.0,-0.002253010522976974,0.9999974619685709,0.0006033431689610258,-0.00036662036609734304,0.0,0.0,0.0,-5.961079967474154e-05,1477,1530
0.02020875539212911,0.005238486737638278,0.0,0.0,0.0,-0.002253010522976974,0.9999974619685709,0.0006033431689610258,-0.00036662036609734304,0.0,0.0,0.0,-5.961079967474154e-05,1477,1530
0.02020875539212911,0.005238486737638278,0.0,0.0,0.0,-0.002253010522976974,0.9999974619685709,0.0006033431689610258,-0.00036662036609734304,0.0,0.0,0.0,-5.961079967474154e-05,1477,1530
0.01998042430790472,0.004911123399593546,0.0,0.0,0.0,-0.002213952126812727,0.999997549204987,-0.0008511374473208329,-0.0012320897335191426,0.0,0.0,0.0,0.0002930889098966238,1477,1530
0.01998042430790472,0.004911123399593546,0.0,0.0,0.0,-0.002213952126812727,0.999997549204987,-0.0008511374473208329,-0.0012320897335191426,0.0,0.0,0.0,0.0002930889098966238,1477,1530
0.01998042430790472,0.004911123399593546,0.0,0.0,0.0,-0.002213952126812727,0.999997549204987,-0.0008511374473208329,-0.0012320897335191426,0.0,0.0,0.0,0.0002930889098966238,1477,1530
0.01993828640794424,0.005355325678041976,0.0,0.0,0.0,-0.002268072994945317,0.999997427919137,-0.00012019307258655013,0.0012100182090270858,0.0,0.0,0.0,-0.0002949807547404884,1477,1530
0.01993828640794424,0.005355325678041976,0.0,0.0,0.0,-0.002268072994945317,0.999997427919137,-0.00012019307258655013,0.0012100182090270858,0.0,0.0,0.0,-0.0002949807547404884,1477,1530
0.0198202199175417,0.005346997744720133,0.0,0.0,0.0,-0.002258390839387317,0.9999974498321565,-0.0003934813959123621,-2.954894568534977e-05,0.0,0.0,0.0,6.45571222211251e-05,1477,1530
0.0198202199175417,0.005346997744720133,0.0,0.0,0.0,-0.002258390839387317,0.9999974498321565,-0.0003934813959123621,-2.954894568534977e-05,0.0,0.0,0.0,6.45571222211251e-05,1477,1530
0.0198202199175417,0.005346997744720133,0.0,0.0,0.0,-0.002258390839387317,0.9999974498321565,-0.0003934813959123621,-2.954894568534977e-05,0.0,0.0,0.0,6.45571222211251e-05,1477,1530
0.0198202199175417,0.005346997744720133,0.0,0.0,0.0,-0.002258390839387317,0.9999974498321565,-0.0003934813959123621,-2.954894568534977e-05,0.0,0.0,0.0,6.45571222211251e-05,1477,1530
0.020014527887006656,0.005261644118043845,0.0,0.0,0.0,-0.0022230797266464624,0.9999975289552114,0.0007305634631410768,-0.0003169857279676128,0.0,0.0,0.0,0.00026500460708360604,1477,1530
0.020014527887006656,0.005261644118043845,0.0,0.0,0.0,-0.0022230797266464624,0.9999975289552114,0.0007305634631410768,-0.0003169857279676128,0.0,0.0,0.0,0.00026500460708360604,1477,1530
0.019949248478619185,0.0053275098665843575,0.0,0.0,0.0,-0.0022526623991649406,0.999997462752839,-0.00021847882254164157,0.00021848962966118963,0.0,0.0,0.0,-0.00019713420001813634,1477,1530
0.019949248478619185,0.0053275098665843575,0.0,0.0,0.0,-0.0022526623991649406,0.999997462752839,-0.00021847882254164157,0.00021848962966118963,0.0,0.0,0.0,-0.00019713420001813634,1477,1530
0.019949248478619185,0.0053275098665843575,0.0,0.0,0.0,-0.0022526623991649406,0.999997462752839,-0.00021847882254164157,0.00021848962966118963,0.0,0.0,0.0,-0.00019713420001813634,1477,1530
0.019949248478619185,0.0053275098665843575,0.0,0.0,0.0,-0.0022526623991649406,0.999997462752839,-0.00021847882254164157,0.00021848962966118963,0.0,0.0,0.0,-0.00019713420001813634,1477,1530
0.020014687918457185,0.0053633309182179985,0.0,0.0,0.0,-0.0022792518051738078,0.9999974025022308,0.00021738768231076253,0.00012027238909455042,0.0,0.0,0.0,-0.00017709728067544589,1477,1530
0.020014687918457185,0.0053633309182179985,0.0,0.0,0.0,-0.0022792518051738078,0.9999974025022308,0.00021738768231076253,0.00012027238909455042,0.0,0.0,0.0,-0.00017709728067544589,1477,1530
0.020014687918457185,0.0053633309182179985,0.0,0.0,0.0,-0.0022792518051738078,0.9999974025022308,0.00021738768231076253,0.00012027238909455042,0.0,0.0,0.0,-0.00017709728067544589,1477,1530
0.020014687918457185,0.0053633309182179985,0.0,0.0,0.0,-0.0022792518051738078,0.9999974025022308,0.00021738768231076253,0.00012027238909455042,0.0,0.0,0.0,-0.00017709728067544589,1477,1530
0.01977893348808276,0.005301014474531473,0.0,0.0,0.0,-0.0022643733687086557,0.9999974363033373,-0.0007851626121485697,-0.00021137417463526403,0.0,0.0,0.0,9.922389926994557e-05,1477,1530
0.01977893348808276,0.005301014474531473,0.0,0.0,0.0,-0.0022643733687086557,0.9999974363033373,-0.0007851626121485697,-0.00021137417463526403,0.0,0.0,0.0,9.922389926994557e-05,1477,1530
0.01977893348808276,0.005301014474531473,0.0,0.0,0.0,-0.0022643733687086557,0.9999974363033373,-0.0007851626121485697,-0.00021137417463526403,0.0,0.0,0.0,9.922389926994557e-05,1477,1530
0.019663293554317104,0.005300771558103262,0.0,0.0,0.0,-0.0022778112010229164,0.9999974057847013,-0.0002478080579977058,-1.6428366227140022e-06,0.0,0.0,0.0,-5.759390268909078e-05,1477,1530
0.019663293554317104,0.005300771558103262,0.0,0.0,0.0,-0.0022778112010229164,0.9999974057847013,-0.0002478080579977058,-1.6428366227140022e-06,0.0,0.0,0.0,-5.759390268909078e-05,1477,1530
0.019663293554317104,0.005300771558103262,0.0,0.0,0.0,-0.0022778112010229164,0.9999974057847013,-0.0002478080579977058,-1.6428366227140022e-06,0.0,0.0,0.0,-5.759390268909078e-05,1477,1530
0.019949137859519343,0.005299469936932559,0.0,0.0,0.0,-0.002235171459906625,0.9999975020011524,0.0009530942724391551,1.95948223471612e-09,0.0,0.0,0.0,0.00028434622918181853,1477,1530
0.019949137859519343,0.005299469936932559,0.0,0.0,0.0,-0.002235171459906625,0.9999975020011524,0.0009530942724391551,1.95948223471612e-09,0.0,0.0,0.0,0.00028434622918181853,1477,1530
0.019949137859519343,0.005299469936932559,0.0,0.0,0.0,-0.002235171459906625,0.9999975020011524,0.0009530942724391551,1.95948223471612e-09,0.0,0.0,0.0,0.00028434622918181853,1477,1530
0.01987611626316012,0.005389889711133826,0.0,0.0,0.0,-0.0022840948774736176,0.999997391451893,-0.0003666761872525214,0.00044991105879086177,0.0,0.0,0.0,-0.0004886368443946294,1477,1530
0.01987611626316012,0.005389889711133826,0.0,0.0,0.0,-0.0022840948774736176,0.999997391451893,-0.0003666761872525214,0.00044991105879086177,0.0,0.0,0.0,-0.0004886368443946294,1477,1530
0.01987611626316012,0.005389889711133826,0.0,0.0,0.0,-0.0022840948774736176,0.999997391451893,-0.0003666761872525214,0.00044991105879086177,0.0,0.0,0.0,-0.0004886368443946294,1477,1530
0.020048825079959733,0.005268153756524444,0.0,0.0,0.0,-0.0022398876836165395,0.999997491448436,0.00037126911106789064,-0.0002591631056214926,0.0,0.0,0.0,0.00018945528583767657,1477,1530
0.020048825079959733,0.005268153756524444,0.0,0.0,0.0,-0.0022398876836165395,0.999997491448436,0.00037126911106789064,-0.0002591631056214926,0.0,0.0,0.0,0.00018945528583767657,1477,1530
0.020048825079959733,0.005268153756524444,0.0,0.0,0.0,-0.0022398876836165395,0.999997491448436,0.00037126911106789064,-0.0002591631056214926,0.0,0.0,0.0,0.00018945528583767657,1477,1530
0.020048825079959733,0.005268153756524444,0.0,0.0,0.0,-0.0022398876836165395,0.999997491448436,0.00037126911106789064,-0.0002591631056214926,0.0,0.0,0.0,0.00018945528583767657,1477,1530
0.020048825079959733,0.005268153756524444,0.0,0.0,0.0,-0.0022398876836165395,0.999997491448436,0.00037126911106789064,-0.0002591631056214926,0.0,0.0,0.0,0.00018945528583767657,1477,1530
0.019988890561983174,0.005320140760824298,0.0,0.0,0.0,-0.0022383207533355695,0.999997494956965,-0.0002256921020415755,0.0001939996929660557,0.0,0.0,0.0,1.175547443212437e-05,1477,1530
0.019988890561983174,0.005320140760824298,0.0,0.0,0.0,-0.0022383207533355695,0.999997494956965,-0.0002256921020415755,0.0001939996929660557,0.0,0.0,0.0,1.175547443212437e-05,1477,1530
0.019988890561983174,0.005320140760824298,0.0,0.0,0.0,-0.0022383207533355695,0.999997494956965,-0.0002256921020415755,0.0001939996929660557,0.0,0.0,0.0,1.175547443212437e-05,1477,1530
0.01997038189776945,0.005308961726154835,0.0,0.0,0.0,-0.0022662106953830414,0.9999974321412451,-3.692129925333298e-05,-2.252626135265016e-05,0.0,0.0,0.0,-0.00011157343994757892,1477,1530
0.01997038189776945,0.005308961726154835,0.0,0.0,0.0,-0.0022662106953830414,0.9999974321412451,-3.692129925333298e-05,-2.252626135265016e-05,0.0,0.0,0.0,-0.00011157343994757892,1477,1530
0.019892629699998512,0.005294658907195796,0.0,0.0,0.0,-0.0022342609141337956,0.9999975040359689,-0.0003327290334164975,-6.276721160932662e-05,0.0,0.0,0.0,0.00027368041472237303,1477,1530
0.019892629699998512,0.005294658907195796,0.0,0.0,0.0,-0.0022342609141337956,0.9999975040359689,-0.0003327290334164975,-6.276721160932662e-05,0.0,0.0,0.0,0.00027368041472237303,1477,1530
0.019892629699998512,0.005294658907195796,0.0,0.0,0.0,-0.0022342609141337956,0.9999975040359689,-0.0003327290334164975,-6.276721160932662e-05,0.0,0.0,0.0,0.00027368041472237303,1477,1530
0.019987709463869522,0.005275471188793293,0.0,0.0,0.0,-0.002255673872611923,0.9999974559644541,0.0004077892552675475,-8.039980757985531e-05,0.0,0.0,0.0,-0.000183513628203299,1477,1530
0.019987709463869522,0.005275471188793293,0.0,0.0,0.0,-0.002255673872611923,0.9999974559644541,0.0004077892552675475,-8.039980757985531e-05,0.0,0.0,0.0,-0.000183513628203299,1477,1530
0.019987709463869522,0.005275471188793293,0.0,0.0,0.0,-0.002255673872611923,0.9999974559644541,0.0004077892552675475,-8.039980757985531e-05,0.0,0.0,0.0,-0.000183513628203299,1477,1530
0.019976027655928374,0.0052273699602004816,0.0,0.0,0.0,-0.0022712290219394885,0.9999974207560387,-3.8212952588201075e-05,-0.0001605002305583131,0.0,0.0,0.0,-0.0001036940025759238,1477,1530
0.019976027655928374,0.0052273699602004816,0.0,0.0,0.0,-0.0022712290219394885,0.9999974207560387,-3.8212952588201075e-05,-0.0001605002305583131,0.0,0.0,0.0,-0.0001036940025759238,1477,1530
0.019976027655928374,0.0052273699602004816,0.0,0.0,0.0,-0.0022712290219394885,0.9999974207560387,-3.8212952588201075e-05,-0.0001605002305583131,0.0,0.0,0.0,-0.0001036940025759238,1477,1530
0.019734664450070844,0.005373659581016308,0.0,0.0,0.0,-0.0022320456130110323,0.9999975089830881,-0.0008067588291657678,0.00048397728025007577,0.0,0.0,0.0,0.0002612260005848102,1477,1530
0.019734664450070844,0.005373659581016308,0.0,0.0,0.0,-0.0022320456130110323,0.9999975089830881,-0.0008067588291657678,0.00048397728025007577,0.0,0.0,0.0,0.0002612260005848102,1477,1530
0.019734664450070844,0.005373659581016308,0.0,0.0,0.0,-0.0022320456130110323,0.9999975089830881,-0.0008067588291657678,0.00048397728025007577,0.0,0.0,0.0,0.0002612260005848102,1477,1530
0.019952582171625263,0.005362094422702285,0.0,0.0,0.0,-0.0022397156796323996,0.9999974918336917,0.0008144895520505614,-3.958059023001138e-05,0.0,0.0,0.0,-5.732243541647311e-05,1477,1530
0.019952582171625263,0.005362094422702285,0.0,0.0,0.0,-0.0022397156796323996,0.9999974918336917,0.0008144895520505614,-3.958059023001138e-05,0.0,0.0,0.0,-5.732243541647311e-05,1477,1530
0.019952582171625263,0.005362094422702285,0.0,0.0,0.0,-0.0022397156796323996,0.9999974918336917,0.0008144895520505614,-3.958059023001138e-05,0.0,0.0,0.0,-5.732243541647311e-05,1477,1530
0.019994760223430785,0.005376326616954919,0.0,0.0,0.0,-0.0022473041683571332,0.9999974748087991,0.00014086274812752183,4.823539634287637e-05,0.0,0.0,0.0,-5.0764173264035617e-05,1477,1530
0.019994760223430785,0.005376326616954919,0.0,0.0,0.0,-0.0022473041683571332,0.9999974748087991,0.00014086274812752183,4.823539634287637e-05,0.0,0.0,0.0,-5.0764173264035617e-05,1477,1530
0.019718055240424845,0.005387358861111431,0.0,0.0,0.0,-0.0022718632467667527,0.999997419315364,-0.0009225458888847205,3.262959841476975e-05,0.0,0.0,0.0,-0.00016373470252963358,1477,1530
0.019718055240424845,0.005387358861111431,0.0,0.0,0.0,-0.0022718632467667527,0.999997419315364,-0.0009225458888847205,3.262959841476975e-05,0.0,0.0,0.0,-0.00016373470252963358,1477,1530
0.019718055240424845,0.005387358861111431,0.0,0.0,0.0,-0.0022718632467667527,0.999997419315364,-0.0009225458888847205,3.262959841476975e-05,0.0,0.0,0.0,-0.00016373470252963358,1477,1530
0.019839962276761675,0.005406391488238261,0.0,0.0,0.0,-0.0022429097156274336,0.9999974846748403,0.0007193642435474085,0.00011566076814234399,0.0,0.0,0.0,0.0003419521906093326,1477,1530
0.01977604025349242,0.005354162246894172,0.0,0.0,0.0,-0.0022251672864654387,0.9999975243122091,-0.0001926292715957527,-0.0001588393254596413,0.0,0.0,0.0,0.00010732849456812175,1477,1530
0.01977604025349242,0.005354162246894172,0.0,0.0,0.0,-0.0022251672864654387,0.9999975243122091,-0.0001926292715957527,-0.0001588393254596413,0.0,0.0,0.0,0.00010732849456812175,1477,1530
0.019811051440532374,0.005413676292548477,0.0,0.0,0.0,-0.0022527203094990225,0.9999974626223844,0.00020818569059170112,0.00035751722546349825,0.0,0.0,0.0,-0.0003301768385799911,1477,1530
0.019811051440532374,0.005413676292548477,0.0,0.0,0.0,-0.0022527203094990225,0.9999974626223844,0.00020818569059170112,0.00035751722546349825,0.0,0.0,0.0,-0.0003301768385799911,1477,1530
0.019811051440532374,0.005413676292548477,0.0,0.0,0.0,-0.0022527203094990225,0.9999974626223844,0.00020818569059170112,0.00035751722546349825,0.0,0.0,0.0,-0.0003301768385799911,1477,1530
0.019591864568418743,0.005378774719876928,0.0,0.0,0.0,-0.0022513356467767577,0.9999974657406916,-0.0013152587007158874,-0.00021551180203417835,0.0,0.0,0.0,1.662983082156045e-05,1477,1530
0.019591864568418743,0.005378774719876928,0.0,0.0,0.0,-0.0022513356467767577,0.9999974657406916,-0.0013152587007158874,-0.00021551180203417835,0.0,0.0,0.0,1.662983082156045e-05,1477,1530
0.019591864568418743,0.005378774719876928,0.0,0.0,0.0,-0.0022513356467767577,0.9999974657406916,-0.0013152587007158874,-0.00021551180203417835,0.0,0.0,0.0,1.662983082156045e-05,1477,1530
0.019811280658942134,0.005377931881834001,0.0,0.0,0.0,-0.002228034200848016,0.9999975179287196,0.0008221338588103377,5.437731533170624e-07,0.0,0.0,0.0,0.00017461635120052845,1477,1530
0.019811280658942134,0.005377931881834001,0.0,0.0,0.0,-0.002228034200848016,0.9999975179287196,0.0008221338588103377,5.437731533170624e-07,0.0,0.0,0.0,0.00017461635120052845,1477,1530
0.019811280658942134,0.005377931881834001,0.0,0.0,0.0,-0.002228034200848016,0.9999975179287196,0.0008221338588103377,5.437731533170624e-07,0.0,0.0,0.0,0.00017461635120052845,1477,1530
0.019638680265762334,0.005377715964478848,0.0,0.0,0.0,-0.002243119126473041,0.9999974842051277,-0.0005180998673691681,-2.956847835797415e-06,0.0,0.0,0.0,-9.056339345180474e-05,1477,1530
0.019638680265762334,0.005377715964478848,0.0,0.0,0.0,-0.002243119126473041,0.9999974842051277,-0.0005180998673691681,-2.956847835797415e-06,0.0,0.0,0.0,-9.056339345180474e-05,1477,1530
0.019647150825177158,0.005322500991840977,0.0,0.0,0.0,-0.0022248483212686317,0.9999975250219109,4.313347486591214e-05,-0.0002729870530440757,0.0,0.0,0.0,0.00018079121709983922,1477,1530
0.019647150825177158,0.005322500991840977,0.0,0.0,0.0,-0.0022248483212686317,0.9999975250219109,4.313347486591214e-05,-0.0002729870530440757,0.0,0.0,0.0,0.00018079121709983922,1477,1530
0.019796505215655798,0.005443266497631961,0.0,0.0,0.0,-0.0022410441828066173,0.9999974888573324,0.0004995285297316657,0.0004075998627432803,0.0,0.0,0.0,-0.00010872943630524921,1477,1530
0.019796505215655798,0.005443266497631961,0.0,0.0,0.0,-0.0022410441828066173,0.9999974888573324,0.0004995285297316657,0.0004075998627432803,0.0,0.0,0.0,-0.00010872943630524921,1477,1530
0.01968595395269681,0.005363092567818723,0.0,0.0,0.0,-0.002249903853760617,0.9999974689631214,-0.0005510394450376726,-0.00040340564680918007,0.0,0.0,0.0,-8.861066755255054e-05,1477,1530
0.01968595395269681,0.005363092567818723,0.0,0.0,0.0,-0.002249903853760617,0.9999974689631214,-0.0005510394450376726,-0.00040340564680918007,0.0,0.0,0.0,-8.861066755255054e-05,1477,1530
0.019855012156240002,0.005372490272145366,0.0,0.0,0.0,-0.002241559952858479,0.999997487701333,0.0010091544964493725,6.06536661765049e-05,0.0,0.0,0.0,9.964022119036354e-05,1477,1530
0.019855012156240002,0.005372490272145366,0.0,0.0,0.0,-0.002241559952858479,0.999997487701333,0.0010091544964493725,6.06536661765049e-05,0.0,0.0,0.0,9.964022119036354e-05,1477,1530
0.019855012156240002,0.005372490272145366,0.0,0.0,0.0,-0.002241559952858479,0.999997487701333,0.0010091544964493725,6.06536661765049e-05,0.0,0.0,0.0,9.964022119036354e-05,1477,1530
0.01986627830424761,0.005331043600347721,0.0,0.0,0.0,-0.002247907440452138,0.9999974734528779,4.306321837088288e-05,-0.00015566349138306995,0.0,0.0,0.0,-4.773797402815536e-05,1477,1530
0.01986627830424761,0.005331043600347721,0.0,0.0,0.0,-0.002247907440452138,0.9999974734528779,4.306321837088288e-05,-0.00015566349138306995,0.0,0.0,0.0,-4.773797402815536e-05,1477,1530
0.01986627830424761,0.005331043600347721,0.0,0.0,0.0,-0.002247907440452138,0.9999974734528779,4.306321837088288e-05,-0.00015566349138306995,0.0,0.0,0.0,-4.773797402815536e-05,1477,1530
0.01978663298362853,0.005360030595816512,0.0,0.0,0.0,-0.002211417738609294,0.9999975548128032,-0.00029884595417671665,0.00010724623911535219,0.0,0.0,0.0,0.00027339014350984066,1477,1530
0.01978663298362853,0.005360030595816512,0.0,0.0,0.0,-0.002211417738609294,0.9999975548128032,-0.00029884595417671665,0.00010724623911535219,0.0,0.0,0.0,0.00027339014350984066,1477,1530
0.01978663298362853,0.005360030595816512,0.0,0.0,0.0,-0.002211417738609294,0.9999975548128032,-0.00029884595417671665,0.00010724623911535219,0.0,0.0,0.0,0.00027339014350984066,1477,1530
0.019692881543307738,0.005416808180603087,0.0,0.0,0.0,-0.002246946813871478,0.9999974756118216,-0.0003133659605995942,0.00018789089480274751,0.0,0.0,0.0,-0.00023688161996305917,1477,1530
0.019692881543307738,0.005416808180603087,0.0,0.0,0.0,-0.002246946813871478,0.9999974756118216,-0.0003133659605995942,0.00018789089480274751,0.0,0.0,0.0,-0.00023688161996305917,1477,1530
0.019692881543307738,0.005416808180603087,0.0,0.0,0.0,-0.002246946813871478,0.9999974756118216,-0.0003133659605995942,0.00018789089480274751,0.0,0.0,0.0,-0.00023688161996305917,1477,1530
0.019894450045962152,0.0053359866951692555,0.0,0.0,0.0,-0.002217614545049096,0.9999975410898416,0.000604431455600457,-0.0002392072731026494,0.0,0.0,0.0,0.00017559965458766353,1477,1530
0.019894450045962152,0.0053359866951692555,0.0,0.0,0.0,-0.002217614545049096,0.9999975410898416,0.000604431455600457,-0.0002392072731026494,0.0,0.0,0.0,0.00017559965458766353,1477,1530
0.019894450045962152,0.0053359866951692555,0.0,0.0,0.0,-0.002217614545049096,0.9999975410898416,0.000604431455600457,-0.0002392072731026494,0.0,0.0,0.0,0.00017559965458766353,1477,1530
0.019873439516544442,0.005358105157327074,0.0,0.0,0.0,-0.0022605505119597537,0.9999974449524273,-9.081625853597668e-05,9.475996354475128e-05,0.0,0.0,0.0,-0.00036945381001334644,1477,1530
0.019873439516544442,0.005358105157327074,0.0,0.0,0.0,-0.0022605505119597537,0.9999974449524273,-9.081625853597668e-05,9.475996354475128e-05,0.0,0.0,0.0,-0.00036945381001334644,1477,1530
0.019898701543362905,0.0053408055924977285,0.0,0.0,0.0,-0.0022332689089765525,0.9999975062518807,8.443620802009953e-05,-5.726330568071972e-05,0.0,0.0,0.0,0.00018181235986990284,1477,1530
0.019898701543362905,0.0053408055924977285,0.0,0.0,0.0,-0.0022332689089765525,0.9999975062518807,8.443620802009953e-05,-5.726330568071972e-05,0.0,0.0,0.0,0.00018181235986990284,1477,1530
0.019898701543362905,0.0053408055924977285,0.0,0.0,0.0,-0.0022332689089765525,0.9999975062518807,8.443620802009953e-05,-5.726330568071972e-05,0.0,0.0,0.0,0.00018181235986990284,1477,1530
0.019896586752303692,0.005351319280441736,0.0,0.0,0.0,-0.0022097224959402063,0.9999975585602652,-9.25703092164693e-06,4.498116801982037e-05,0.0,0.0,0.0,0.00020166297226578713,1477,1530
0.019896586752303692,0.005351319280441736,0.0,0.0,0.0,-0.0022097224959402063,0.9999975585602652,-9.25703092164693e-06,4.498116801982037e-05,0.0,0.0,0.0,0.00020166297226578713,1477,1530
0.023352481353281756,0.007939016258573453,0.0,0.0,0.0,-0.0020371368324832145,0.9999979250346102,0.014784524927807343,0.011172635716862266,0.0,0.0,0.0,0.0014815843065230138,1477,1530
0.023352481353281756,0.007939016258573453,0.0,0.0,0.0,-0.0020371368324832145,0.9999979250346102,0.014784524927807343,0.011172635716862266,0.0,0.0,0.0,0.0014815843065230138,1477,1530
0.01971914822519209,0.0037980503566682365,0.0,0.0,0.0,-0.0020298173363603833,0.9999979399186686,-0.013495910207097806,-0.015508498107069496,0.0,0.0,0.0,5.463035288932309e-05,1477,1530
0.01971914822519209,0.0037980503566682365,0.0,0.0,0.0,-0.0020298173363603833,0.9999979399186686,-0.013495910207097806,-0.015508498107069496,0.0,0.0,0.0,5.463035288932309e-05,1477,1530
0.030428537881142394,0.00815405196038567,0.0,0.0,0.0,-0.0022026605618273676,0.9999975741402822,0.045920077946972414,0.01889542985637873,0.0,0.0,0.0,-0.0014847130481696357,1477,1530
0.030428537881142394,0.00815405196038567,0.0,0.0,0.0,-0.0022026605618273676,0.9999975741402822,0.045920077946972414,0.01889542985637873,0.0,0.0,0.0,-0.0014847130481696357,1477,1530
0.03211721664824222,0.011686487561878308,0.0,0.0,0.0,-0.0026689911386436156,0.9999964382368078,0.008361282081075835,0.017690268809044802,0.0,0.0,0.0,-0.004660965688062246,1477,1530
0.03211721664824222,0.011686487561878308,0.0,0.0,0.0,-0.0026689911386436156,0.9999964382368078,0.008361282081075835,0.017690268809044802,0.0,0.0,0.0,-0.004660965688062246,1477,1530
0.03211721664824222,0.011686487561878308,0.0,0.0,0.0,-0.0026689911386436156,0.9999964382368078,0.008361282081075835,0.017690268809044802,0.0,0.0,0.0,-0.004660965688062246,1477,1530
0.03127289444555929,0.0076101489478913225,0.0,0.0,0.0,-0.0021200406663622147,0.9999977527112613,-0.004123764590584879,-0.02045856185605834,0.0,0.0,0.0,0.0055042165117913135,1477,1530
0.03127289444555929,0.0076101489478913225,0.0,0.0,0.0,-0.0021200406663622147,0.9999977527112613,-0.004123764590584879,-0.02045856185605834,0.0,0.0,0.0,0.0055042165117913135,1477,1530
0.03127289444555929,0.0076101489478913225,0.0,0.0,0.0,-0.0021200406663622147,0.9999977527112613,-0.004123764590584879,-0.02045856185605834,0.0,0.0,0.0,0.0055042165117913135,1477,1530
0.03091572965236308,0.009291255680365903,0.0,0.0,0.0,-0.0023326058475709416,0.9999972794712794,-0.001798623447679417,0.008292652323976838,0.0,0.0,0.0,-0.0020990204978956614,1477,1530
0.03091572965236308,0.009291255680365903,0.0,0.0,0.0,-0.0023326058475709416,0.9999972794712794,-0.001798623447679417,0.008292652323976838,0.0,0.0,0.0,-0.0020990204978956614,1477,1530
0.030732370804030677,0.00955294702262817,0.0,0.0,0.0,-0.002410031234054806,0.9999970958705084,-0.0006194256538722413,0.0008753316945131038,0.0,0.0,0.0,-0.0005196663161809019,1477,1530
0.030732370804030677,0.00955294702262817,0.0,0.0,0.0,-0.002410031234054806,0.9999970958705084,-0.0006194256538722413,0.0008753316945131038,0.0,0.0,0.0,-0.0005196663161809019,1477,1530
0.030732370804030677,0.00955294702262817,0.0,0.0,0.0,-0.002410031234054806,0.9999970958705084,-0.0006194256538722413,0.0008753316945131038,0.0,0.0,0.0,-0.0005196663161809019,1477,1530
0.030732370804030677,0.00955294702262817,0.0,0.0,0.0,-0.002410031234054806,0.9999970958705084,-0.0006194256538722413,0.0008753316945131038,0.0,0.0,0.0,-0.0005196663161809019,1477,1530
0.030866456332606543,0.009521424617140156,0.0,0.0,0.0,-0.002392160886712783,0.9999971387790527,0.0005766791415429567,-0.00013264256558331841,0.0,0.0,0.0,0.00015354291162373738,1477,1530
0.030866456332606543,0.009521424617140156,0.0,0.0,0.0,-0.002392160886712783,0.9999971387790527,0.0005766791415429567,-0.00013264256558331841,0.0,0.0,0.0,0.00015354291162373738,1477,1530
0.030866456332606543,0.009521424617140156,0.0,0.0,0.0,-0.002392160886712783,0.9999971387790527,0.0005766791415429567,-0.00013264256558331841,0.0,0.0,0.0,0.00015354291162373738,1477,1530
0.030784188096728494,0.009460713941895127,0.0,0.0,0.0,-0.0023978739339239655,0.9999971250961659,-0.00020487294476767058,-0.00015270740376473516,0.0,0.0,0.0,-2.855568044064539e-05,1477,1530
0.030784188096728494,0.009460713941895127,0.0,0.0,0.0,-0.0023978739339239655,0.9999971250961659,-0.00020487294476767058,-0.00015270740376473516,0.0,0.0,0.0,-2.855568044064539e-05,1477,1530
0.030784188096728494,0.009460713941895127,0.0,0.0,0.0,-0.0023978739339239655,0.9999971250961659,-0.00020487294476767058,-0.00015270740376473516,0.0,0.0,0.0,-2.855568044064539e-05,1477,1530
0.030868843314790884,0.009453903775672338,0.0,0.0,0.0,-0.0023937169303463856,0.9999971350555248,0.00028237439334331864,-2.135341933997617e-05,0.0,0.0,0.0,2.772175324518259e-05,1477,1530
0.030868843314790884,0.009453903775672338,0.0,0.0,0.0,-0.0023937169303463856,0.9999971350555248,0.00028237439334331864,-2.135341933997617e-05,0.0,0.0,0.0,2.772175324518259e-05,1477,1530
0.030868843314790884,0.009453903775672338,0.0,0.0,0.0,-0.0023937169303463856,0.9999971350555248,0.00028237439334331864,-2.135341933997617e-05,0.0,0.0,0.0,2.772175324518259e-05,1477,1530
0.030938804227253605,0.009388245156146537,0.0,0.0,0.0,-0.0023445471666283515,0.9999972515455148,0.0002341591732646889,-0.0002176604050860633,0.0,0.0,0.0,0.00032767482818830344,1477,1530
0.030938804227253605,0.009388245156146537,0.0,0.0,0.0,-0.0023445471666283515,0.9999972515455148,0.0002341591732646889,-0.0002176604050860633,0.0,0.0,0.0,0.00032767482818830344,1477,1530
0.030938804227253605,0.009388245156146537,0.0,0.0,0.0,-0.0023445471666283515,0.9999972515455148,0.0002341591732646889,-0.0002176604050860633,0.0,0.0,0.0,0.00032767482818830344,1477,1530
0.030938804227253605,0.009388245156146537,0.0,0.0,0.0,-0.0023445471666283515,0.9999972515455148,0.0002341591732646889,-0.0002176604050860633,0.0,0.0,0.0,0.00032767482818830344,1477,1530
0.0308166230428112,0.009428637455504155,0.0,0.0,0.0,-0.0023723385427626095,0.99999718600096,-0.0003664726348877748,0.00011925015278827663,0.0,0.0,0.0,-0.0001664602449348818,1477,1530
0.0308166230428112,0.009428637455504155,0.0,0.0,0.0,-0.0023723385427626095,0.99999718600096,-0.0003664726348877748,0.00011925015278827663,0.0,0.0,0.0,-0.0001664602449348818,1477,1530
0.030689770949170976,0.009457527631712342,0.0,0.0,0.0,-0.0023851820766561116,0.9999971554491849,-0.000381327387555751,8.494506401409652e-05,0.0,0.0,0.0,-7.713508539233216e-05,1477,1530
0.030689770949170976,0.009457527631712342,0.0,0.0,0.0,-0.0023851820766561116,0.9999971554491849,-0.000381327387555751,8.494506401409652e-05,0.0,0.0,0.0,-7.713508539233216e-05,1477,1530
0.03081184562240541,0.009508681556014082,0.0,0.0,0.0,-0.0023823377433286152,0.9999971622294119,0.0005229060329776977,0.00022205584587654188,0.0,0.0,0.0,2.4416519593291568e-05,1477,1530
0.03081184562240541,0.009508681556014082,0.0,0.0,0.0,-0.0023823377433286152,0.9999971622294119,0.0005229060329776977,0.00022205584587654188,0.0,0.0,0.0,2.4416519593291568e-05,1477,1530
0.03083818416244939,0.009467005123008057,0.0,0.0,0.0,-0.002387630734791355,0.9999971496056748,0.00011364511056962943,-0.00017794174751010818,0.0,0.0,0.0,-4.5335079325153866e-05,1477,1530
0.03083818416244939,0.009467005123008057,0.0,0.0,0.0,-0.002387630734791355,0.9999971496056748,0.00011364511056962943,-0.00017794174751010818,0.0,0.0,0.0,-4.5335079325153866e-05,1477,1530
0.030752077804779645,0.009478539019132455,0.0,0.0,0.0,-0.00236628100579225,0.9999972003531818,-0.0004307958037410159,5.561209291829084e-05,0.0,0.0,0.0,0.00021349469068230242,1477,1530
0.030752077804779645,0.009478539019132455,0.0,0.0,0.0,-0.00236628100579225,0.9999972003531818,-0.0004307958037410159,5.561209291829084e-05,0.0,0.0,0.0,0.00021349469068230242,1477,1530
0.030752077804779645,0.009478539019132455,0.0,0.0,0.0,-0.00236628100579225,0.9999972003531818,-0.0004307958037410159,5.561209291829084e-05,0.0,0.0,0.0,0.00021349469068230242,1477,1530
0.030636104224937503,0.009448993330986085,0.0,0.0,0.0,-0.002370600320197532,0.9999971901231133,-0.000579460695727511,-0.0001505485720074962,0.0,0.0,0.0,-4.3215521192856436e-05,1477,1530
0.030636104224937503,0.009448993330986085,0.0,0.0,0.0,-0.002370600320197532,0.9999971901231133,-0.000579460695727511,-0.0001505485720074962,0.0,0.0,0.0,-4.3215521192856436e-05,1477,1530
0.030583155648078272,0.009416262828652837,0.0,0.0,0.0,-0.0023800197539660503,0.9999971677489745,-0.00022609820467914564,-0.0001412500206863473,0.0,0.0,0.0,-8.068233016732401e-05,1477,1530
0.030583155648078272,0.009416262828652837,0.0,0.0,0.0,-0.0023800197539660503,0.9999971677489745,-0.00022609820467914564,-0.0001412500206863473,0.0,0.0,0.0,-8.068233016732401e-05,1477,1530
0.030739714328776445,0.009529360476162808,0.0,0.0,0.0,-0.002380645721535869,0.9999971662589593,0.0005854025450765887,0.00042714890202367496,0.0,0.0,0.0,-4.697441743894813e-06,1477,1530
0.030739714328776445,0.009529360476162808,0.0,0.0,0.0,-0.002380645721535869,0.9999971662589593,0.0005854025450765887,0.00042714890202367496,0.0,0.0,0.0,-4.697441743894813e-06,1477,1530
0.030739714328776445,0.009529360476162808,0.0,0.0,0.0,-0.002380645721535869,0.9999971662589593,0.0005854025450765887,0.00042714890202367496,0.0,0.0,0.0,-4.697441743894813e-06,1477,1530
0.031048870189095586,0.009462263378110089,0.0,0.0,0.0,-0.0023724162934981147,0.9999971858165053,0.0023159031646351447,-0.000491093703683296,0.0,0.0,0.0,0.00012316864269394732,1477,1530
0.031048870189095586,0.009462263378110089,0.0,0.0,0.0,-0.0023724162934981147,0.9999971858165053,0.0023159031646351447,-0.000491093703683296,0.0,0.0,0.0,0.00012316864269394732,1477,1530
0.031048870189095586,0.009462263378110089,0.0,0.0,0.0,-0.0023724162934981147,0.9999971858165053,0.0023159031646351447,-0.000491093703683296,0.0,0.0,0.0,0.00012316864269394732,1477,1530
0.031048870189095586,0.009462263378110089,0.0,0.0,0.0,-0.0023724162934981147,0.9999971858165053,0.0023159031646351447,-0.000491093703683296,0.0,0.0,0.0,0.00012316864269394732,1477,1530
0.03058497607638571,0.009447718672384047,0.0,0.0,0.0,-0.002388695218892628,0.999997147063506,-0.0011599063681710078,-4.187696643965915e-05,0.0,0.0,0.0,-8.141989422185919e-05,1477,1530
0.03058497607638571,0.009447718672384047,0.0,0.0,0.0,-0.002388695218892628,0.999997147063506,-0.0011599063681710078,-4.187696643965915e-05,0.0,0.0,0.0,-8.141989422185919e-05,1477,1530
0.030794350359332145,0.009491681823846547,0.0,0.0,0.0,-0.0023595781358039356,0.9999972161916357,0.0007842971914022833,0.0001685980554375698,0.0,0.0,0.0,0.00021836208848227833,1477,1530
0.030794350359332145,0.009491681823846547,0.0,0.0,0.0,-0.0023595781358039356,0.9999972161916357,0.0007842971914022833,0.0001685980554375698,0.0,0.0,0.0,0.00021836208848227833,1477,1530
0.030794350359332145,0.009491681823846547,0.0,0.0,0.0,-0.0023595781358039356,0.9999972161916357,0.0007842971914022833,0.0001685980554375698,0.0,0.0,0.0,0.00021836208848227833,1477,1530
0.030552667154855672,0.009442215772846369,0.0,0.0,0.0,-0.002370229733442306,0.99999719100156,-0.0009052556676415541,-0.00018973682899859693,0.0,0.0,0.0,-7.987212981786537e-05,1477,1530
0.030471261613347775,0.009437314152333159,0.0,0.0,0.0,-0.0023655531658653933,0.9999972020751955,-0.0003051798346586953,-1.9827965307354814e-05,0.0,0.0,0.0,3.507431131337511e-05,1477,1530
0.030471261613347775,0.009437314152333159,0.0,0.0,0.0,-0.0023655531658653933,0.9999972020751955,-0.0003051798346586953,-1.9827965307354814e-05,0.0,0.0,0.0,3.507431131337511e-05,1477,1530
0.03082173124629405,0.009472570505305738,0.0,0.0,0.0,-0.0024081229090743292,0.9999971004678238,0.002100491152563174,0.0002213471419013014,0.0,0.0,0.0,-0.0005105218499686429,1477,1530
0.03082173124629405,0.009472570505305738,0.0,0.0,0.0,-0.0024081229090743292,0.9999971004678238,0.002100491152563174,0.0002213471419013014,0.0,0.0,0.0,-0.0005105218499686429,1477,1530
0.03057311679821549,0.009475748722005628,0.0,0.0,0.0,-0.0023842135617442033,0.9999971577588068,-0.001492044718389764,1.1887028622759246e-05,0.0,0.0,0.0,0.0002869675154431292,1777,1588
0.03057311679821549,0.009475748722005628,0.0,0.0,0.0,-0.0023842135617442033,0.9999971577588068,-0.001492044718389764,1.1887028622759246e-05,0.0,0.0,0.0,0.0002869675154431292,1777,1568
0.03057311679821549,0.009475748722005628,0.0,0.0,0.0,-0.0023842135617442033,0.9999971577588068,-0.001492044718389764,1.1887028622759246e-05,0.0,0.0,0.0,0.0002869675154431292,1777,1568
0.030688215688247505,0.009453361782713882,0.0,0.0,0.0,-0.0024563360457072123,0.9999969832020648,0.0004938033933294805,-9.360413916249065e-05,0.0,0.0,0.0,-0.0006182828560142794,1777,1568
0.030688215688247505,0.009453361782713882,0.0,0.0,0.0,-0.0024563360457072123,0.9999969832020648,0.0004938033933294805,-9.360413916249065e-05,0.0,0.0,0.0,-0.0006182828560142794,1777,1568
0.030688215688247505,0.009453361782713882,0.0,0.0,0.0,-0.0024563360457072123,0.9999969832020648,0.0004938033933294805,-9.360413916249065e-05,0.0,0.0,0.0,-0.0006182828560142794,1777,1568
0.03086962681870473,0.009469582961505364,0.0,0.0,0.0,-0.0023591644114915834,0.9999972171677677,0.0006045255498218021,5.7049583623970544e-05,0.0,0.0,0.0,0.0006479142783491612,1777,1568
0.03086962681870473,0.009469582961505364,0.0,0.0,0.0,-0.0023591644114915834,0.9999972171677677,0.0006045255498218021,5.7049583623970544e-05,0.0,0.0,0.0,0.0006479142783491612,1777,1568
0.029874785225176663,0.009724983451727977,0.0,0.0,0.0,-0.002292834797235274,0.9999973714508417,-0.0037352127974296847,0.0009401587430379547,0.0,0.0,0.0,0.0004974840239199443,1777,1568
0.029874785225176663,0.009724983451727977,0.0,0.0,0.0,-0.002292834797235274,0.9999973714508417,-0.0037352127974296847,0.0009401587430379547,0.0,0.0,0.0,0.0004974840239199443,1777,1568
0.029874785225176663,0.009724983451727977,0.0,0.0,0.0,-0.002292834797235274,0.9999973714508417,-0.0037352127974296847,0.0009401587430379547,0.0,0.0,0.0,0.0004974840239199443,1777,1568
0.029874785225176663,0.009724983451727977,0.0,0.0,0.0,-0.002292834797235274,0.9999973714508417,-0.0037352127974296847,0.0009401587430379547,0.0,0.0,0.0,0.0004974840239199443,1777,1568
0.029309441604488024,0.009777063282573778,0.0,0.0,0.0,-0.0022811386113891956,0.999997398199933,-0.0021192482532393316,0.00018542997883502646,0.0,0.0,0.0,8.765281578955392e-05,1777,1568
0.029309441604488024,0.009777063282573778,0.0,0.0,0.0,-0.0022811386113891956,0.999997398199933,-0.0021192482532393316,0.00018542997883502646,0.0,0.0,0.0,8.765281578955392e-05,1777,1568
0.029309441604488024,0.009777063282573778,0.0,0.0,0.0,-0.0022811386113891956,0.999997398199933,-0.0021192482532393316,0.00018542997883502646,0.0,0.0,0.0,8.765281578955392e-05,1777,1568
0.029420025183930488,0.009940274728420134,0.0,0.0,0.0,-0.0022431958143029184,0.9999974840331043,0.00029960479599236054,0.0004465636656694869,0.0,0.0,0.0,0.0002069937953736337,1777,1568
0.029420025183930488,0.009940274728420134,0.0,0.0,0.0,-0.0022431958143029184,0.9999974840331043,0.00029960479599236054,0.0004465636656694869,0.0,0.0,0.0,0.0002069937953736337,1777,1568
0.029950577387835797,0.00949227853482495,0.0,0.0,0.0,-0.002227422790936472,0.9999975192907783,0.002276593748565517,-0.0019049166023973915,0.0,0.0,0.0,0.00013485457234016136,1777,1568
0.029950577387835797,0.00949227853482495,0.0,0.0,0.0,-0.002227422790936472,0.9999975192907783,0.002276593748565517,-0.0019049166023973915,0.0,0.0,0.0,0.00013485457234016136,1777,1568
0.030283228455335102,0.009347706187108852,0.0,0.0,0.0,-0.0022787382481855023,0.9999974036726277,0.0014313399979725629,-0.0006145036039384664,0.0,0.0,0.0,-0.00044075521879302453,1777,1568
0.030283228455335102,0.009347706187108852,0.0,0.0,0.0,-0.0022787382481855023,0.9999974036726277,0.0014313399979725629,-0.0006145036039384664,0.0,0.0,0.0,-0.00044075521879302453,1777,1568
0.02983521340665105,0.009574497208259728,0.0,0.0,0.0,-0.0022975112666967753,0.9999973607175068,-0.0016841528415141983,0.0008429197615631466,0.0,0.0,0.0,-0.0001408178979319429,1777,1569
0.02983521340665105,0.009574497208259728,0.0,0.0,0.0,-0.0022975112666967753,0.9999973607175068,-0.0016841528415141983,0.0008429197615631466,0.0,0.0,0.0,-0.0001408178979319429,1777,1568
0.030313423951870457,0.009407158946890593,0.0,0.0,0.0,-0.00226089071299396,0.9999974441833259,0.00287215193684211,-0.0009902504262179186,0.0,0.0,0.0,0.0004391886644618352,1777,1568
0.030313423951870457,0.009407158946890593,0.0,0.0,0.0,-0.00226089071299396,0.9999974441833259,0.00287215193684211,-0.0009902504262179186,0.0,0.0,0.0,0.0004391886644618352,1777,1568
0.030313423951870457,0.009407158946890593,0.0,0.0,0.0,-0.00226089071299396,0.9999974441833259,0.00287215193684211,-0.0009902504262179186,0.0,0.0,0.0,0.0004391886644618352,1777,1568
0.030474498938500252,0.00945499509770225,0.0,0.0,0.0,-0.0022572124105028906,0.9999974524928221,0.0006884441280615176,0.0002078467034096292,0.0,0.0,0.0,3.148525271976517e-05,1777,1568
0.030474498938500252,0.00945499509770225,0.0,0.0,0.0,-0.0022572124105028906,0.9999974524928221,0.0006884441280615176,0.0002078467034096292,0.0,0.0,0.0,3.148525271976517e-05,1777,1568
0.030474498938500252,0.00945499509770225,0.0,0.0,0.0,-0.0022572124105028906,0.9999974524928221,0.0006884441280615176,0.0002078467034096292,0.0,0.0,0.0,3.148525271976517e-05,1777,1568
0.030474498938500252,0.00945499509770225,0.0,0.0,0.0,-0.0022572124105028906,0.9999974524928221,0.0006884441280615176,0.0002078467034096292,0.0,0.0,0.0,3.148525271976517e-05,1777,1568
0.030474498938500252,0.00945499509770225,0.0,0.0,0.0,-0.0022572124105028906,0.9999974524928221,0.0006884441280615176,0.0002078467034096292,0.0,0.0,0.0,3.148525271976517e-05,1777,1568
0.030474498938500252,0.00945499509770225,0.0,0.0,0.0,-0.0022572124105028906,0.9999974524928221,0.0006884441280615176,0.0002078467034096292,0.0,0.0,0.0,3.148525271976517e-05,1777,1568
0.030135800578937874,0.009407800762480293,0.0,0.0,0.0,-0.002225816236025545,0.9999975228679736,-0.001129684951139554,-0.00016261286173373363,0.0,0.0,0.0,0.0002095703185450558,1777,1568
0.030135800578937874,0.009407800762480293,0.0,0.0,0.0,-0.002225816236025545,0.9999975228679736,-0.001129684951139554,-0.00016261286173373363,0.0,0.0,0.0,0.0002095703185450558,1777,1568
0.030135800578937874,0.009407800762480293,0.0,0.0,0.0,-0.002225816236025545,0.9999975228679736,-0.001129684951139554,-0.00016261286173373363,0.0,0.0,0.0,0.0002095703185450558,1777,1568
0.030135800578937874,0.009407800762480293,0.0,0.0,0.0,-0.002225816236025545,0.9999975228679736,-0.001129684951139554,-0.00016261286173373363,0.0,0.0,0.0,0.0002095703185450558,1777,1568
0.03038777677978762,0.009431308442851017,0.0,0.0,0.0,-0.002274724303074072,0.9999974128113257,0.00044436632853541645,4.345259851937655e-05,0.0,0.0,0.0,-0.0001725750156144068,1777,1568
0.03038777677978762,0.009431308442851017,0.0,0.0,0.0,-0.002274724303074072,0.9999974128113257,0.00044436632853541645,4.345259851937655e-05,0.0,0.0,0.0,-0.0001725750156144068,1777,1568
0.03038777677978762,0.009431308442851017,0.0,0.0,0.0,-0.002274724303074072,0.9999974128113257,0.00044436632853541645,4.345259851937655e-05,0.0,0.0,0.0,-0.0001725750156144068,1777,1568
0.030367312931224126,0.009453918268001954,0.0,0.0,0.0,-0.0022883621064499387,0.9999973816960072,-5.143129055202338e-05,5.630770045550093e-05,0.0,0.0,0.0,-6.820914553040595e-05,1777,1568
0.030367312931224126,0.009453918268001954,0.0,0.0,0.0,-0.0022883621064499387,0.9999973816960072,-5.143129055202338e-05,5.630770045550093e-05,0.0,0.0,0.0,-6.820914553040595e-05,1777,1568
0.030367312931224126,0.009453918268001954,0.0,0.0,0.0,-0.0022883621064499387,0.9999973816960072,-5.143129055202338e-05,5.630770045550093e-05,0.0,0.0,0.0,-6.820914553040595e-05,1777,1568
0.030210391074562394,0.009503159104145339,0.0,0.0,0.0,-0.002228093861147139,0.9999975177957923,-0.0005227678177674987,0.00016141600134950663,0.0,0.0,0.0,0.0004009833497856196,1777,1568
0.030210391074562394,0.009503159104145339,0.0,0.0,0.0,-0.002228093861147139,0.9999975177957923,-0.0005227678177674987,0.00016141600134950663,0.0,0.0,0.0,0.0004009833497856196,1777,1568
0.030244029553948847,0.009538716582659056,0.0,0.0,0.0,-0.0022662806252619636,0.9999974319827665,0.00010019301093719646,0.0001068586286397254,0.0,0.0,0.0,-0.0002285598202432087,1777,1568
0.030244029553948847,0.009538716582659056,0.0,0.0,0.0,-0.0022662806252619636,0.9999974319827665,0.00010019301093719646,0.0001068586286397254,0.0,0.0,0.0,-0.0002285598202432087,1777,1568
0.030244029553948847,0.009538716582659056,0.0,0.0,0.0,-0.0022662806252619636,0.9999974319827665,0.00010019301093719646,0.0001068586286397254,0.0,0.0,0.0,-0.0002285598202432087,1777,1568
0.030244029553948847,0.009538716582659056,0.0,0.0,0.0,-0.0022662806252619636,0.9999974319827665,0.00010019301093719646,0.0001068586286397254,0.0,0.0,0.0,-0.0002285598202432087,1777,1568
0.030358224716778827,0.009479404835399096,0.0,0.0,0.0,-0.0022854103173651245,0.9999973884464305,0.0005758961905444964,-0.0002958076373319155,0.0,0.0,0.0,-0.0001924947336768379,1777,1568
0.030358224716778827,0.009479404835399096,0.0,0.0,0.0,-0.0022854103173651245,0.9999973884464305,0.0005758961905444964,-0.0002958076373319155,0.0,0.0,0.0,-0.0001924947336768379,1777,1530
0.030358224716778827,0.009479404835399096,0.0,0.0,0.0,-0.0022854103173651245,0.9999973884464305,0.0005758961905444964,-0.0002958076373319155,0.0,0.0,0.0,-0.0001924947336768379,1777,1530
0.030389672396501692,0.009436355926365112,0.0,0.0,0.0,-0.0022369114553395025,0.9999974981104408,0.00010549622290655611,-0.00014303718227214214,0.0,0.0,0.0,0.00032337507956531044,1777,1530
0.030389672396501692,0.009436355926365112,0.0,0.0,0.0,-0.0022369114553395025,0.9999974981104408,0.00010549622290655611,-0.00014303718227214214,0.0,0.0,0.0,0.00032337507956531044,1777,1530
0.030389672396501692,0.009436355926365112,0.0,0.0,0.0,-0.0022369114553395025,0.9999974981104408,0.00010549622290655611,-0.00014303718227214214,0.0,0.0,0.0,0.00032337507956531044,1777,1530
0.030389672396501692,0.009436355926365112,0.0,0.0,0.0,-0.0022369114553395025,0.9999974981104408,0.00010549622290655611,-0.00014303718227214214,0.0,0.0,0.0,0.00032337507956531044,1777,1568
0.030381309972808166,0.009446219955485394,0.0,0.0,0.0,-0.002260591925814418,0.9999974448588081,-0.0002531687943156261,0.00029593490427502,0.0,0.0,0.0,-0.00142632316507638,1777,1568
0.030628498678837806,0.009551197480200337,0.0,0.0,0.0,-0.0020276227611632815,0.9999979443708564,0.0003362457247519375,0.0001445966528519444,0.0,0.0,0.0,0.000635033605483617,1777,1568
0.030628498678837806,0.009551197480200337,0.0,0.0,0.0,-0.0020276227611632815,0.9999979443708564,0.0003362457247519375,0.0001445966528519444,0.0,0.0,0.0,0.000635033605483617,1777,1568
0.030628498678837806,0.009551197480200337,0.0,0.0,0.0,-0.0020276227611632815,0.9999979443708564,0.0003362457247519375,0.0001445966528519444,0.0,0.0,0.0,0.000635033605483617,1777,1568
0.030628498678837806,0.009551197480200337,0.0,0.0,0.0,-0.0020276227611632815,0.9999979443708564,0.0003362457247519375,0.0001445966528519444,0.0,0.0,0.0,0.000635033605483617,1777,1568
0.030822499153362062,0.008329771461071151,0.0,0.0,0.0,-0.0023859506736863055,0.9999971536156405,0.0029905459673034923,-0.018347877673807345,0.0,0.0,0.0,-0.01077243162285984,1777,1568
0.030822499153362062,0.008329771461071151,0.0,0.0,0.0,-0.0023859506736863055,0.9999971536156405,0.0029905459673034923,-0.018347877673807345,0.0,0.0,0.0,-0.01077243162285984,1777,1568
0.030822499153362062,0.008329771461071151,0.0,0.0,0.0,-0.0023859506736863055,0.9999971536156405,0.0029905459673034923,-0.018347877673807345,0.0,0.0,0.0,-0.01077243162285984,1777,1568
0.030822499153362062,0.008329771461071151,0.0,0.0,0.0,-0.0023859506736863055,0.9999971536156405,0.0029905459673034923,-0.018347877673807345,0.0,0.0,0.0,-0.01077243162285984,1777,1568
0.030822499153362062,0.008329771461071151,0.0,0.0,0.0,-0.0023859506736863055,0.9999971536156405,0.0029905459673034923,-0.018347877673807345,0.0,0.0,0.0,-0.01077243162285984,1777,1568
0.03001773456360245,0.008059261187318785,0.0,0.0,0.0,-0.002074501132178889,0.9999978482202112,-0.002009239112319142,-0.000686065844308348,0.0,0.0,0.0,0.0015576994000502972,1777,1568
0.03001773456360245,0.008059261187318785,0.0,0.0,0.0,-0.002074501132178889,0.9999978482202112,-0.002009239112319142,-0.000686065844308348,0.0,0.0,0.0,0.0015576994000502972,1777,1568
0.03001773456360245,0.008059261187318785,0.0,0.0,0.0,-0.002074501132178889,0.9999978482202112,-0.002009239112319142,-0.000686065844308348,0.0,0.0,0.0,0.0015576994000502972,1777,1569
0.030235983118715667,0.009019144836360205,0.0,0.0,0.0,-0.002179441877575486,0.9999976250137308,0.0004589256509356033,0.0020578666537117672,0.0,0.0,0.0,-0.0004495396379784135,1777,1569
0.030235983118715667,0.009019144836360205,0.0,0.0,0.0,-0.002179441877575486,0.9999976250137308,0.0004589256509356033,0.0020578666537117672,0.0,0.0,0.0,-0.0004495396379784135,1777,1569
0.030235983118715667,0.009019144836360205,0.0,0.0,0.0,-0.002179441877575486,0.9999976250137308,0.0004589256509356033,0.0020578666537117672,0.0,0.0,0.0,-0.0004495396379784135,1777,1568
0.030235983118715667,0.009019144836360205,0.0,0.0,0.0,-0.002179441877575486,0.9999976250137308,0.0004589256509356033,0.0020578666537117672,0.0,0.0,0.0,-0.0004495396379784135,1777,1568
0.030256334859255007,0.009135172287320071,0.0,0.0,0.0,-0.002204223087539045,0.9999975706973394,5.954513555510636e-05,0.0003483904688628594,0.0,0.0,0.0,-0.00014870694883100963,1777,1568
0.030256334859255007,0.009135172287320071,0.0,0.0,0.0,-0.002204223087539045,0.9999975706973394,5.954513555510636e-05,0.0003483904688628594,0.0,0.0,0.0,-0.00014870694883100963,1777,1568
0.030256334859255007,0.009135172287320071,0.0,0.0,0.0,-0.002204223087539045,0.9999975706973394,5.954513555510636e-05,0.0003483904688628594,0.0,0.0,0.0,-0.00014870694883100963,1777,1568
0.030150638628594708,0.00909686584420283,0.0,0.0,0.0,-0.0022070528718724273,0.9999975644558444,-0.00026295596426338067,-9.661413651794232e-05,0.0,0.0,0.0,-1.4102839796999622e-05,1777,1568
0.030150638628594708,0.00909686584420283,0.0,0.0,0.0,-0.0022070528718724273,0.9999975644558444,-0.00026295596426338067,-9.661413651794232e-05,0.0,0.0,0.0,-1.4102839796999622e-05,1777,1568
0.030064635271782388,0.009177781633544818,0.0,0.0,0.0,-0.002131569996411934,0.9999977282020946,-0.00028908363549768804,0.0002695871072128939,0.0,0.0,0.0,0.0005053495595793521,1777,1568
0.030064635271782388,0.009177781633544818,0.0,0.0,0.0,-0.002131569996411934,0.9999977282020946,-0.00028908363549768804,0.0002695871072128939,0.0,0.0,0.0,0.0005053495595793521,1777,1568
0.030064635271782388,0.009177781633544818,0.0,0.0,0.0,-0.002131569996411934,0.9999977282020946,-0.00028908363549768804,0.0002695871072128939,0.0,0.0,0.0,0.0005053495595793521,1777,1568
0.030186972061930044,0.009125206783570731,0.0,0.0,0.0,-0.0021616957643041785,0.9999976635329817,0.0005250680622551866,-0.00022300361387153696,0.0,0.0,0.0,-0.00025812890491548553,1777,1568
0.03014704567445176,0.009166978813294355,0.0,0.0,0.0,-0.0021772608081945116,0.9999976297648776,-0.00015050966236397062,0.0001561102942377586,0.0,0.0,0.0,-0.00011682338496719272,1777,1568
0.03014704567445176,0.009166978813294355,0.0,0.0,0.0,-0.0021772608081945116,0.9999976297648776,-0.00015050966236397062,0.0001561102942377586,0.0,0.0,0.0,-0.00011682338496719272,1777,1568
0.03028825738212727,0.00913565972754428,0.0,0.0,0.0,-0.002166049733165125,0.9999976541115252,0.002104470307004434,-0.0004571410830039049,0.0,0.0,0.0,0.0003338376078464765,1777,1568
0.03028825738212727,0.00913565972754428,0.0,0.0,0.0,-0.002166049733165125,0.9999976541115252,0.002104470307004434,-0.0004571410830039049,0.0,0.0,0.0,0.0003338376078464765,1777,1568
0.030292971535800347,0.009111738367458426,0.0,0.0,0.0,-0.002176215261200467,0.9999976320407649,2.0690310954571754e-05,-0.00010264424944832853,0.0,0.0,0.0,-8.7314167872118e-05,1777,1568
0.030292971535800347,0.009111738367458426,0.0,0.0,0.0,-0.002176215261200467,0.9999976320407649,2.0690310954571754e-05,-0.00010264424944832853,0.0,0.0,0.0,-8.7314167872118e-05,1777,1569
0.030292971535800347,0.009111738367458426,0.0,0.0,0.0,-0.002176215261200467,0.9999976320407649,2.0690310954571754e-05,-0.00010264424944832853,0.0,0.0,0.0,-8.7314167872118e-05,1777,1569
0.030292971535800347,0.009111738367458426,0.0,0.0,0.0,-0.002176215261200467,0.9999976320407649,2.0690310954571754e-05,-0.00010264424944832853,0.0,0.0,0.0,-8.7314167872118e-05,1777,1530
0.03015768417674544,0.009188321252750159,0.0,0.0,0.0,-0.002166157078862917,0.9999976538790027,-0.0005081433633633297,0.00028473439621819554,0.0,0.0,0.0,7.537285527397326e-05,1477,1530
0.03015768417674544,0.009188321252750159,0.0,0.0,0.0,-0.002166157078862917,0.9999976538790027,-0.0005081433633633297,0.00028473439621819554,0.0,0.0,0.0,7.537285527397326e-05,1477,1530
0.03034868691832912,0.009071317333380482,0.0,0.0,0.0,-0.0021590313649708886,0.9999976692890664,0.0005223492086550021,-0.00031687525068845463,0.0,0.0,0.0,3.8871720407935124e-05,1477,1530
0.03034868691832912,0.009071317333380482,0.0,0.0,0.0,-0.0021590313649708886,0.9999976692890664,0.0005223492086550021,-0.00031687525068845463,0.0,0.0,0.0,3.8871720407935124e-05,1477,1530
0.03034868691832912,0.009071317333380482,0.0,0.0,0.0,-0.0021590313649708886,0.9999976692890664,0.0005223492086550021,-0.00031687525068845463,0.0,0.0,0.0,3.8871720407935124e-05,1477,1530
0.030471851966300968,0.00886027927190256,0.0,0.0,0.0,-0.0023362883579442196,0.9999972708746302,0.0005318153198115602,-0.0009022706793322865,0.0,0.0,0.0,-0.0015195340007953845,1477,1530
0.030471851966300968,0.00886027927190256,0.0,0.0,0.0,-0.0023362883579442196,0.9999972708746302,0.0005318153198115602,-0.0009022706793322865,0.0,0.0,0.0,-0.0015195340007953845,1477,1530
0.030200945589611936,0.009080639152242671,0.0,0.0,0.0,-0.0022866456260732903,0.9999973856224729,-0.0013588839666149918,0.0010948287105471475,0.0,0.0,0.0,0.000496143362304069,1477,1530
0.030200945589611936,0.009080639152242671,0.0,0.0,0.0,-0.0022866456260732903,0.9999973856224729,-0.0013588839666149918,0.0010948287105471475,0.0,0.0,0.0,0.000496143362304069,1477,1530
0.030200945589611936,0.009080639152242671,0.0,0.0,0.0,-0.0022866456260732903,0.9999973856224729,-0.0013588839666149918,0.0010948287105471475,0.0,0.0,0.0,0.000496143362304069,1477,1530
0.030137385838437274,0.00910853556319237,0.0,0.0,0.0,-0.0021835821639653425,0.9999976159816248,-0.0002721280191487265,0.0001179558467602094,0.0,0.0,0.0,0.0008807660440529158,1477,1530
0.030137385838437274,0.00910853556319237,0.0,0.0,0.0,-0.0021835821639653425,0.9999976159816248,-0.0002721280191487265,0.0001179558467602094,0.0,0.0,0.0,0.0008807660440529158,1477,1530
0.030137385838437274,0.00910853556319237,0.0,0.0,0.0,-0.0021835821639653425,0.9999976159816248,-0.0002721280191487265,0.0001179558467602094,0.0,0.0,0.0,0.0008807660440529158,1477,1530
0.030301250225650236,0.00920397738092685,0.0,0.0,0.0,-0.0020382137311489063,0.9999979228402358,0.000614477185343412,0.0003615015812346685,0.0,0.0,0.0,0.001093031040831385,1477,1530
0.030301250225650236,0.00920397738092685,0.0,0.0,0.0,-0.0020382137311489063,0.9999979228402358,0.000614477185343412,0.0003615015812346685,0.0,0.0,0.0,0.001093031040831385,1477,1530
0.030558514379566564,0.009088866563648566,0.0,0.0,0.0,-0.0020709744260941545,0.9999978555301638,0.0007029679715836354,-0.00031110441335425613,0.0,0.0,0.0,-0.00017871148580931863,1477,1530
0.030558514379566564,0.009088866563648566,0.0,0.0,0.0,-0.0020709744260941545,0.9999978555301638,0.0007029679715836354,-0.00031110441335425613,0.0,0.0,0.0,-0.00017871148580931863,1477,1530
0.030558514379566564,0.009088866563648566,0.0,0.0,0.0,-0.0020709744260941545,0.9999978555301638,0.0007029679715836354,-0.00031110441335425613,0.0,0.0,0.0,-0.00017871148580931863,1477,1530
0.030558514379566564,0.009088866563648566,0.0,0.0,0.0,-0.0020709744260941545,0.9999978555301638,0.0007029679715836354,-0.00031110441335425613,0.0,0.0,0.0,-0.00017871148580931863,1477,1530
0.03030636732219325,0.009247517267489352,0.0,0.0,0.0,-0.0021087908859797654,0.9999977764980276,-0.0012641238520471393,0.0007880957535199232,0.0,0.0,0.0,-0.0003781994625804972,1477,1530
0.03030636732219325,0.009247517267489352,0.0,0.0,0.0,-0.0021087908859797654,0.9999977764980276,-0.0012641238520471393,0.0007880957535199232,0.0,0.0,0.0,-0.0003781994625804972,1477,1530
0.03030636732219325,0.009247517267489352,0.0,0.0,0.0,-0.0021087908859797654,0.9999977764980276,-0.0012641238520471393,0.0007880957535199232,0.0,0.0,0.0,-0.0003781994625804972,1477,1530
0.0301656613791691,0.009250720345893464,0.0,0.0,0.0,-0.0021183976404378197,0.9999977561932012,-0.00038366878643516963,7.115119597966012e-06,0.0,0.0,0.0,-5.238583262562101e-05,1477,1530
0.030180180654632904,0.009274966447405223,0.0,0.0,0.0,-0.00214294177003311,0.9999977038976491,4.8049446601500166e-05,8.101575145891432e-05,0.0,0.0,0.0,-0.00016360990494898537,1477,1530
0.030180180654632904,0.009274966447405223,0.0,0.0,0.0,-0.00214294177003311,0.9999977038976491,4.8049446601500166e-05,8.101575145891432e-05,0.0,0.0,0.0,-0.00016360990494898537,1477,1530
0.030180180654632904,0.009274966447405223,0.0,0.0,0.0,-0.00214294177003311,0.9999977038976491,4.8049446601500166e-05,8.101575145891432e-05,0.0,0.0,0.0,-0.00016360990494898537,1477,1530
0.03019846736639316,0.009188599802141121,0.0,0.0,0.0,-0.0021315958624273284,0.999997728146959,9.327370796680588e-05,-0.0004313920913374328,0.0,0.0,0.0,0.00011344742321331818,1477,1530
0.03019846736639316,0.009188599802141121,0.0,0.0,0.0,-0.0021315958624273284,0.999997728146959,9.327370796680588e-05,-0.0004313920913374328,0.0,0.0,0.0,0.00011344742321331818,1477,1530
0.030649840392768146,0.009734074865484261,0.0,0.0,0.0,-0.0021467583369332776,0.9999976957116665,0.001683992983693742,0.002052826478399745,0.0,0.0,0.0,-0.0001137242208852718,1477,1530
0.030649840392768146,0.009734074865484261,0.0,0.0,0.0,-0.0021467583369332776,0.9999976957116665,0.001683992983693742,0.002052826478399745,0.0,0.0,0.0,-0.0001137242208852718,1477,1530
0.030484003389879753,0.009167063760034217,0.0,0.0,0.0,-0.0020564411349382914,0.9999978855226938,-0.00244872556638459,-0.008507813717036088,0.0,0.0,0.0,0.002706991004106651,1477,1530
0.030484003389879753,0.009167063760034217,0.0,0.0,0.0,-0.0020564411349382914,0.9999978855226938,-0.00244872556638459,-0.008507813717036088,0.0,0.0,0.0,0.002706991004106651,1477,1530
0.030283098100253814,0.009208272541247287,0.0,0.0,0.0,-0.0020678046728405154,0.9999978620896322,-0.0006031239371067514,0.00012112726574262886,0.0,0.0,0.0,-6.817060142293098e-05,1477,1530
0.030283098100253814,0.009208272541247287,0.0,0.0,0.0,-0.0020678046728405154,0.9999978620896322,-0.0006031239371067514,0.00012112726574262886,0.0,0.0,0.0,-6.817060142293098e-05,1477,1530
0.030283098100253814,0.009208272541247287,0.0,0.0,0.0,-0.0020678046728405154,0.9999978620896322,-0.0006031239371067514,0.00012112726574262886,0.0,0.0,0.0,-6.817060142293098e-05,1477,1530
0.030283098100253814,0.009208272541247287,0.0,0.0,0.0,-0.0020678046728405154,0.9999978620896322,-0.0006031239371067514,0.00012112726574262886,0.0,0.0,0.0,-6.817060142293098e-05,1477,1530
0.030283098100253814,0.009208272541247287,0.0,0.0,0.0,-0.0020678046728405154,0.9999978620896322,-0.0006031239371067514,0.00012112726574262886,0.0,0.0,0.0,-6.817060142293098e-05,1477,1530
0.030213842289143627,0.009199451683557108,0.0,0.0,0.0,-0.002066608991276354,0.9999978645613585,-0.000692790120569326,-9.115126785090637e-05,0.0,0.0,0.0,2.393450539866727e-05,1477,1530
0.030213842289143627,0.009199451683557108,0.0,0.0,0.0,-0.002066608991276354,0.9999978645613585,-0.000692790120569326,-9.115126785090637e-05,0.0,0.0,0.0,2.393450539866727e-05,1477,1530
0.030307285395804573,0.009029448764016564,0.0,0.0,0.0,-0.002029080567542004,0.9999979414139063,0.00018829558110215565,-0.0003392406722498349,0.0,0.0,0.0,0.00015011851323087807,1477,1530
0.030574041801852615,0.00907620039534048,0.0,0.0,0.0,-0.0020630704600813417,0.9999978718678738,0.0011428077727435233,0.00020507165839100754,0.0,0.0,0.0,-0.0002914416360081342,1477,1530
0.030574041801852615,0.00907620039534048,0.0,0.0,0.0,-0.0020630704600813417,0.9999978718678738,0.0011428077727435233,0.00020507165839100754,0.0,0.0,0.0,-0.0002914416360081342,1477,1530
0.030574041801852615,0.00907620039534048,0.0,0.0,0.0,-0.0020630704600813417,0.9999978718678738,0.0011428077727435233,0.00020507165839100754,0.0,0.0,0.0,-0.0002914416360081342,1477,1530
0.030540771491667083,0.009173810624650263,0.0,0.0,0.0,-0.002009983402429963,0.9999979799813208,-0.00020158874785609337,0.0005835361069982709,0.0,0.0,0.0,0.000635633634712844,1477,1530
0.030540771491667083,0.009173810624650263,0.0,0.0,0.0,-0.002009983402429963,0.9999979799813208,-0.00020158874785609337,0.0005835361069982709,0.0,0.0,0.0,0.000635633634712844,1477,1530
0.030540771491667083,0.009173810624650263,0.0,0.0,0.0,-0.002009983402429963,0.9999979799813208,-0.00020158874785609337,0.0005835361069982709,0.0,0.0,0.0,0.000635633634712844,1477,1530
0.030274572680168595,0.009158166029783634,0.0,0.0,0.0,-0.002034857064838157,0.9999979296762197,-0.0011364835825196577,-7.137704466926142e-05,0.0,0.0,0.0,-0.0002124387805199559,1477,1530
0.030274572680168595,0.009158166029783634,0.0,0.0,0.0,-0.002034857064838157,0.9999979296762197,-0.0011364835825196577,-7.137704466926142e-05,0.0,0.0,0.0,-0.0002124387805199559,1477,1530
0.030274572680168595,0.009158166029783634,0.0,0.0,0.0,-0.002034857064838157,0.9999979296762197,-0.0011364835825196577,-7.137704466926142e-05,0.0,0.0,0.0,-0.0002124387805199559,1477,1530
0.030259944182493996,0.009124581972459677,0.0,0.0,0.0,-0.0020616545500195607,0.999997874788,-4.361803420457178e-05,-0.00010126177348726861,0.0,0.0,0.0,-0.0001613138739145045,1477,1530
0.030259944182493996,0.009124581972459677,0.0,0.0,0.0,-0.0020616545500195607,0.999997874788,-4.361803420457178e-05,-0.00010126177348726861,0.0,0.0,0.0,-0.0001613138739145045,1477,1530
0.03003180209443926,0.009300220791296915,0.0,0.0,0.0,-0.0020811757540677594,0.9999978343513953,-0.0007629524097466123,0.0005823764465061154,0.0,0.0,0.0,-0.00013015378720554872,1477,1530
0.03003180209443926,0.009300220791296915,0.0,0.0,0.0,-0.0020811757540677594,0.9999978343513953,-0.0007629524097466123,0.0005823764465061154,0.0,0.0,0.0,-0.00013015378720554872,1477,1530
0.03003180209443926,0.009300220791296915,0.0,0.0,0.0,-0.0020811757540677594,0.9999978343513953,-0.0007629524097466123,0.0005823764465061154,0.0,0.0,0.0,-0.00013015378720554872,1477,1530
0.030366545860348752,0.009120534223427967,0.0,0.0,0.0,-0.002042636049190316,0.9999979138168092,0.001435946443185929,-0.0007631173839534382,0.0,0.0,0.0,0.0003299130852734846,1477,1530
0.030366545860348752,0.009120534223427967,0.0,0.0,0.0,-0.002042636049190316,0.9999979138168092,0.001435946443185929,-0.0007631173839534382,0.0,0.0,0.0,0.0003299130852734846,1477,1530
0.030366545860348752,0.009120534223427967,0.0,0.0,0.0,-0.002042636049190316,0.9999979138168092,0.001435946443185929,-0.0007631173839534382,0.0,0.0,0.0,0.0003299130852734846,1477,1530
0.030196137270409987,0.009246684505034885,0.0,0.0,0.0,-0.002047263617503087,0.9999979043536443,-0.0006409875122410025,0.0004704695764645556,0.0,0.0,0.0,-3.470835340509298e-05,1477,1530
0.030196137270409987,0.009246684505034885,0.0,0.0,0.0,-0.002047263617503087,0.9999979043536443,-0.0006409875122410025,0.0004704695764645556,0.0,0.0,0.0,-3.470835340509298e-05,1477,1530
0.030182561425189377,0.009140885042516285,0.0,0.0,0.0,-0.00202762664815544,0.999997944362975,-5.621247790705592e-05,-0.00045275324826669287,0.0,0.0,0.0,0.00016798054845916247,1477,1530
0.030182561425189377,0.009140885042516285,0.0,0.0,0.0,-0.00202762664815544,0.999997944362975,-5.621247790705592e-05,-0.00045275324826669287,0.0,0.0,0.0,0.00016798054845916247,1477,1530
0.03022075997176506,0.00925594919033189,0.0,0.0,0.0,-0.002040954658888288,0.9999979172498713,0.00016201407173782205,0.0004947297497952897,0.0,0.0,0.0,-0.00011445730672758527,1477,1530
0.030251092314493685,0.009186612736927485,0.0,0.0,0.0,-0.0020253140318106148,0.9999979490494331,0.00018137560906114506,-0.00041003863969357713,0.0,0.0,0.0,0.00018532245700224822,1477,1530
0.030251092314493685,0.009186612736927485,0.0,0.0,0.0,-0.0020253140318106148,0.9999979490494331,0.00018137560906114506,-0.00041003863969357713,0.0,0.0,0.0,0.00018532245700224822,1477,1530
0.030251092314493685,0.009186612736927485,0.0,0.0,0.0,-0.0020253140318106148,0.9999979490494331,0.00018137560906114506,-0.00041003863969357713,0.0,0.0,0.0,0.00018532245700224822,1477,1530
0.030251092314493685,0.009186612736927485,0.0,0.0,0.0,-0.0020253140318106148,0.9999979490494331,0.00018137560906114506,-0.00041003863969357713,0.0,0.0,0.0,0.00018532245700224822,1477,1530
0.030251092314493685,0.009186612736927485,0.0,0.0,0.0,-0.0020253140318106148,0.9999979490494331,0.00018137560906114506,-0.00041003863969357713,0.0,0.0,0.0,0.00018532245700224822,1477,1530
0.03005104434441154,0.009206276687931947,0.0,0.0,0.0,-0.0020171560643510687,0.9999979655386365,-0.0012165565167490766,0.00011460937511825264,0.0,0.0,0.0,9.918401142567276e-05,1477,1530
0.03005104434441154,0.009206276687931947,0.0,0.0,0.0,-0.0020171560643510687,0.9999979655386365,-0.0012165565167490766,0.00011460937511825264,0.0,0.0,0.0,9.918401142567276e-05,1477,1530
0.030221851899488776,0.009242575222787801,0.0,0.0,0.0,-0.002052697607721278,0.9999978932140464,0.0003939595369055848,8.538341990826519e-05,0.0,0.0,0.0,-0.0001640921300410114,1477,1530
0.030221851899488776,0.009242575222787801,0.0,0.0,0.0,-0.002052697607721278,0.9999978932140464,0.0003939595369055848,8.538341990826519e-05,0.0,0.0,0.0,-0.0001640921300410114,1477,1530
0.030317415818795445,0.009105904702022242,0.0,0.0,0.0,-0.0020032717668696303,0.9999979934491009,0.00036032882240965756,-0.0005108447872087309,0.0,0.0,0.0,0.00037055375812868697,1477,1530
0.030317415818795445,0.009105904702022242,0.0,0.0,0.0,-0.0020032717668696303,0.9999979934491009,0.00036032882240965756,-0.0005108447872087309,0.0,0.0,0.0,0.00037055375812868697,1477,1530
0.030317415818795445,0.009105904702022242,0.0,0.0,0.0,-0.0020032717668696303,0.9999979934491009,0.00036032882240965756,-0.0005108447872087309,0.0,0.0,0.0,0.00037055375812868697,1477,1530
0.030317415818795445,0.009105904702022242,0.0,0.0,0.0,-0.0020032717668696303,0.9999979934491009,0.00036032882240965756,-0.0005108447872087309,0.0,0.0,0.0,0.00037055375812868697,1477,1530
0.03020681498445353,0.009202020353865687,0.0,0.0,0.0,-0.0020376128727985087,0.9999979240647355,-0.000662624930048831,0.0005711985231139588,0.0,0.0,0.0,-0.0004100610296244188,1477,1530
0.03020681498445353,0.009202020353865687,0.0,0.0,0.0,-0.0020376128727985087,0.9999979240647355,-0.000662624930048831,0.0005711985231139588,0.0,0.0,0.0,-0.0004100610296244188,1477,1530
0.03020681498445353,0.009202020353865687,0.0,0.0,0.0,-0.0020376128727985087,0.9999979240647355,-0.000662624930048831,0.0005711985231139588,0.0,0.0,0.0,-0.0004100610296244188,1477,1530
0.03020681498445353,0.009202020353865687,0.0,0.0,0.0,-0.0020376128727985087,0.9999979240647355,-0.000662624930048831,0.0005711985231139588,0.0,0.0,0.0,-0.0004100610296244188,1477,1530
0.030467250229680443,0.008916516877208045,0.0,0.0,0.0,-0.0019332855357583705,0.9999981312017724,0.0008744691486366927,-0.0009508297727888408,0.0,0.0,0.0,0.0006974955124598969,1477,1530
0.030467250229680443,0.008916516877208045,0.0,0.0,0.0,-0.0019332855357583705,0.9999981312017724,0.0008744691486366927,-0.0009508297727888408,0.0,0.0,0.0,0.0006974955124598969,1477,1530
0.03059334088991039,0.008976670095667043,0.0,0.0,0.0,-0.0019551009483550082,0.9999980887883145,0.00023583015835256657,0.00011362735585499878,0.0,0.0,0.0,-8.175527079247521e-05,1477,1530
0.03059334088991039,0.008976670095667043,0.0,0.0,0.0,-0.0019551009483550082,0.9999980887883145,0.00023583015835256657,0.00011362735585499878,0.0,0.0,0.0,-8.175527079247521e-05,1477,1530
0.03059334088991039,0.008976670095667043,0.0,0.0,0.0,-0.0019551009483550082,0.9999980887883145,0.00023583015835256657,0.00011362735585499878,0.0,0.0,0.0,-8.175527079247521e-05,1477,1530
0.0304474625932157,0.008985036902972717,0.0,0.0,0.0,-0.0019315736363577135,0.9999981345099036,-0.0007305869200354591,3.903708686601448e-05,0.0,0.0,0.0,0.00023560812776085273,1477,1530
0.0304474625932157,0.008985036902972717,0.0,0.0,0.0,-0.0019315736363577135,0.9999981345099036,-0.0007305869200354591,3.903708686601448e-05,0.0,0.0,0.0,0.00023560812776085273,1477,1530
0.0304474625932157,0.008985036902972717,0.0,0.0,0.0,-0.0019315736363577135,0.9999981345099036,-0.0007305869200354591,3.903708686601448e-05,0.0,0.0,0.0,0.00023560812776085273,1477,1530
0.0304474625932157,0.008985036902972717,0.0,0.0,0.0,-0.0019315736363577135,0.9999981345099036,-0.0007305869200354591,3.903708686601448e-05,0.0,0.0,0.0,0.00023560812776085273,1477,1530
0.030505093593025685,0.00900288675405687,0.0,0.0,0.0,-0.0019602512148559465,0.9999980787057416,0.0008603998938020596,0.0002701357904038552,0.0,0.0,0.0,-0.000857315519658667,1477,1530
0.030505093593025685,0.00900288675405687,0.0,0.0,0.0,-0.0019602512148559465,0.9999980787057416,0.0008603998938020596,0.0002701357904038552,0.0,0.0,0.0,-0.000857315519658667,1477,1530
0.030822295195861927,0.00891987905494292,0.0,0.0,0.0,-0.00192879555125514,0.9999981398721307,0.0005290524718564582,-0.00013623249500208928,0.0,0.0,0.0,0.00010482166253468741,1477,1530
0.030822295195861927,0.00891987905494292,0.0,0.0,0.0,-0.00192879555125514,0.9999981398721307,0.0005290524718564582,-0.00013623249500208928,0.0,0.0,0.0,0.00010482166253468741,1477,1530
0.030822295195861927,0.00891987905494292,0.0,0.0,0.0,-0.00192879555125514,0.9999981398721307,0.0005290524718564582,-0.00013623249500208928,0.0,0.0,0.0,0.00010482166253468741,1477,1530
0.030680268835513815,0.008926132924750398,0.0,0.0,0.0,-0.0019435502698186833,0.9999981113043908,-0.0006098086143185667,2.4495235577488742e-05,0.0,0.0,0.0,-0.00012668226047977748,1477,1530
0.030680268835513815,0.008926132924750398,0.0,0.0,0.0,-0.0019435502698186833,0.9999981113043908,-0.0006098086143185667,2.4495235577488742e-05,0.0,0.0,0.0,-0.00012668226047977748,1477,1530
0.030680268835513815,0.008926132924750398,0.0,0.0,0.0,-0.0019435502698186833,0.9999981113043908,-0.0006098086143185667,2.4495235577488742e-05,0.0,0.0,0.0,-0.00012668226047977748,1477,1530
0.030819924791411244,0.009055104621426216,0.0,0.0,0.0,-0.0019512782368201814,0.9999980962548092,0.001036958253149684,0.0009651219729635493,0.0,0.0,0.0,-0.0001151762620584999,1477,1530
0.030819924791411244,0.009055104621426216,0.0,0.0,0.0,-0.0019512782368201814,0.9999980962548092,0.001036958253149684,0.0009651219729635493,0.0,0.0,0.0,-0.0001151762620584999,1477,1530
0.03063011775763944,0.009007485619765186,0.0,0.0,0.0,-0.001966484995935402,0.9999980664665111,-0.000474969635936761,-0.00012113312117681846,0.0,0.0,0.0,-7.618154319335519e-05,1477,1530
0.03063011775763944,0.009007485619765186,0.0,0.0,0.0,-0.001966484995935402,0.9999980664665111,-0.000474969635936761,-0.00012113312117681846,0.0,0.0,0.0,-7.618154319335519e-05,1477,1530
0.03063011775763944,0.009007485619765186,0.0,0.0,0.0,-0.001966484995935402,0.9999980664665111,-0.000474969635936761,-0.00012113312117681846,0.0,0.0,0.0,-7.618154319335519e-05,1477,1530
0.030636066349797243,0.009085298292684915,0.0,0.0,0.0,-0.0019410067079671921,0.9999981162447056,2.1142663819378818e-05,0.0002916518660057739,0.0,0.0,0.0,0.00019093620750424702,1477,1530
0.030636066349797243,0.009085298292684915,0.0,0.0,0.0,-0.0019410067079671921,0.9999981162447056,2.1142663819378818e-05,0.0002916518660057739,0.0,0.0,0.0,0.00019093620750424702,1477,1530
0.030261766452703117,0.009126074277827257,0.0,0.0,0.0,-0.0019565004554360408,0.9999980860511523,-0.0012479474545246953,0.00013105057842271512,0.0,0.0,0.0,-0.00010327222419946352,1477,1530
0.030261766452703117,0.009126074277827257,0.0,0.0,0.0,-0.0019565004554360408,0.9999980860511523,-0.0012479474545246953,0.00013105057842271512,0.0,0.0,0.0,-0.00010327222419946352,1477,1530
0.030261766452703117,0.009126074277827257,0.0,0.0,0.0,-0.0019565004554360408,0.9999980860511523,-0.0012479474545246953,0.00013105057842271512,0.0,0.0,0.0,-0.00010327222419946352,1477,1530
0.030118535225981572,0.0092155592744123,0.0,0.0,0.0,-0.002002049547523458,0.9999979958967965,-0.0007047058056717813,0.0004364467773881394,0.0,0.0,0.0,-0.0004471195003148342,1477,1530
0.030118535225981572,0.0092155592744123,0.0,0.0,0.0,-0.002002049547523458,0.9999979958967965,-0.0007047058056717813,0.0004364467773881394,0.0,0.0,0.0,-0.0004471195003148342,1477,1530
0.030118535225981572,0.0092155592744123,0.0,0.0,0.0,-0.002002049547523458,0.9999979958967965,-0.0007047058056717813,0.0004364467773881394,0.0,0.0,0.0,-0.0004471195003148342,1477,1530
0.030118535225981572,0.0092155592744123,0.0,0.0,0.0,-0.002002049547523458,0.9999979958967965,-0.0007047058056717813,0.0004364467773881394,0.0,0.0,0.0,-0.0004471195003148342,1477,1530
0.030503543026154805,0.009026697810819584,0.0,0.0,0.0,-0.0019319204166938827,0.9999981338400105,0.0013007898337085726,-0.0006316393813981751,0.0,0.0,0.0,0.00047295321641028484,1777,1530
0.030503543026154805,0.009026697810819584,0.0,0.0,0.0,-0.0019319204166938827,0.9999981338400105,0.0013007898337085726,-0.0006316393813981751,0.0,0.0,0.0,0.00047295321641028484,1777,1530
0.030503543026154805,0.009026697810819584,0.0,0.0,0.0,-0.0019319204166938827,0.9999981338400105,0.0013007898337085726,-0.0006316393813981751,0.0,0.0,0.0,0.00047295321641028484,1777,1530
0.030503543026154805,0.009026697810819584,0.0,0.0,0.0,-0.0019319204166938827,0.9999981338400105,0.0013007898337085726,-0.0006316393813981751,0.0,0.0,0.0,0.00047295321641028484,1777,1530
0.030503543026154805,0.009026697810819584,0.0,0.0,0.0,-0.0019319204166938827,0.9999981338400105,0.0013007898337085726,-0.0006316393813981751,0.0,0.0,0.0,0.00047295321641028484,1777,1568
0.030503543026154805,0.009026697810819584,0.0,0.0,0.0,-0.0019319204166938827,0.9999981338400105,0.0013007898337085726,-0.0006316393813981751,0.0,0.0,0.0,0.00047295321641028484,1777,1568
0.03053329419396228,0.008990393714809017,0.0,0.0,0.0,-0.0019387946380412856,0.9999981205359096,6.88886964290376e-05,-8.340256058067992e-05,0.0,0.0,0.0,-3.168536144450706e-05,1777,1568
0.03053329419396228,0.008990393714809017,0.0,0.0,0.0,-0.0019387946380412856,0.9999981205359096,6.88886964290376e-05,-8.340256058067992e-05,0.0,0.0,0.0,-3.168536144450706e-05,1777,1568
0.03053329419396228,0.008990393714809017,0.0,0.0,0.0,-0.0019387946380412856,0.9999981205359096,6.88886964290376e-05,-8.340256058067992e-05,0.0,0.0,0.0,-3.168536144450706e-05,1777,1568
0.03053329419396228,0.008990393714809017,0.0,0.0,0.0,-0.0019387946380412856,0.9999981205359096,6.88886964290376e-05,-8.340256058067992e-05,0.0,0.0,0.0,-3.168536144450706e-05,1777,1568
0.03053329419396228,0.008990393714809017,0.0,0.0,0.0,-0.0019387946380412856,0.9999981205359096,6.88886964290376e-05,-8.340256058067992e-05,0.0,0.0,0.0,-3.168536144450706e-05,1777,1568
0.030485001751754375,0.008956906354675194,0.0,0.0,0.0,-0.001948581483534667,0.9999981015132989,-8.512476345762875e-05,-5.951806039932503e-05,0.0,0.0,0.0,-3.4595760856766334e-05,1777,1568
0.030485001751754375,0.008956906354675194,0.0,0.0,0.0,-0.001948581483534667,0.9999981015132989,-8.512476345762875e-05,-5.951806039932503e-05,0.0,0.0,0.0,-3.4595760856766334e-05,1777,1568
0.030955472675852427,0.008611058260109248,0.0,0.0,0.0,-0.001980854929387303,0.9999980381049499,0.0010107567260886309,-0.000736967419964284,0.0,0.0,0.0,-0.00013827730492792597,1777,1568
0.030955472675852427,0.008611058260109248,0.0,0.0,0.0,-0.001980854929387303,0.9999980381049499,0.0010107567260886309,-0.000736967419964284,0.0,0.0,0.0,-0.00013827730492792597,1777,1568
0.030955472675852427,0.008611058260109248,0.0,0.0,0.0,-0.001980854929387303,0.9999980381049499,0.0010107567260886309,-0.000736967419964284,0.0,0.0,0.0,-0.00013827730492792597,1777,1568
0.03102761617147048,0.008595455521438993,0.0,0.0,0.0,-0.0019415844455280915,0.9999981151231441,0.00043358399609129574,-9.197625166353238e-05,0.0,0.0,0.0,0.0004716334519487557,1777,1568
0.03102761617147048,0.008595455521438993,0.0,0.0,0.0,-0.0019415844455280915,0.9999981151231441,0.00043358399609129574,-9.197625166353238e-05,0.0,0.0,0.0,0.0004716334519487557,1777,1568
0.03102761617147048,0.008595455521438993,0.0,0.0,0.0,-0.0019415844455280915,0.9999981151231441,0.00043358399609129574,-9.197625166353238e-05,0.0,0.0,0.0,0.0004716334519487557,1777,1568
0.03102761617147048,0.008595455521438993,0.0,0.0,0.0,-0.0019415844455280915,0.9999981151231441,0.00043358399609129574,-9.197625166353238e-05,0.0,0.0,0.0,0.0004716334519487557,1777,1568
0.029926186741655116,0.011394822161968484,0.0,0.0,0.0,-0.0022920617526663617,0.999997373223011,-0.002779040529257481,0.006983428832654034,0.0,0.0,0.0,-0.001751326504116069,1777,1568
0.029926186741655116,0.011394822161968484,0.0,0.0,0.0,-0.0022920617526663617,0.999997373223011,-0.002779040529257481,0.006983428832654034,0.0,0.0,0.0,-0.001751326504116069,1777,1568
0.029926186741655116,0.011394822161968484,0.0,0.0,0.0,-0.0022920617526663617,0.999997373223011,-0.002779040529257481,0.006983428832654034,0.0,0.0,0.0,-0.001751326504116069,1777,1568
0.030132852279469255,0.008836321826292513,0.0,0.0,0.0,-0.0021019980549618236,0.9999977907996482,0.0005959987366726048,-0.006979576113885237,0.0,0.0,0.0,0.001037383159463087,1777,1568
0.030132852279469255,0.008836321826292513,0.0,0.0,0.0,-0.0021019980549618236,0.9999977907996482,0.0005959987366726048,-0.006979576113885237,0.0,0.0,0.0,0.001037383159463087,1777,1568
0.030132852279469255,0.008836321826292513,0.0,0.0,0.0,-0.0021019980549618236,0.9999977907996482,0.0005959987366726048,-0.006979576113885237,0.0,0.0,0.0,0.001037383159463087,1777,1568
0.03018814001245432,0.008660687088039212,0.0,0.0,0.0,-0.0018694586526146121,0.9999982525606463,0.00023985414348738832,-0.0007509172680463437,0.0,0.0,0.0,0.001991076874432122,1777,1568
0.03018814001245432,0.008660687088039212,0.0,0.0,0.0,-0.0018694586526146121,0.9999982525606463,0.00023985414348738832,-0.0007509172680463437,0.0,0.0,0.0,0.001991076874432122,1777,1568
0.03018814001245432,0.008660687088039212,0.0,0.0,0.0,-0.0018694586526146121,0.9999982525606463,0.00023985414348738832,-0.0007509172680463437,0.0,0.0,0.0,0.001991076874432122,1777,1568
0.03018814001245432,0.008660687088039212,0.0,0.0,0.0,-0.0018694586526146121,0.9999982525606463,0.00023985414348738832,-0.0007509172680463437,0.0,0.0,0.0,0.001991076874432122,1777,1568
0.030611037181515244,0.008607132165687587,0.0,0.0,0.0,-0.0018024530604853334,0.999998375580163,0.0011538929060726515,-0.0001417454345095514,0.0,0.0,0.0,0.0003654853314913535,1777,1568
0.030611037181515244,0.008607132165687587,0.0,0.0,0.0,-0.0018024530604853334,0.999998375580163,0.0011538929060726515,-0.0001417454345095514,0.0,0.0,0.0,0.0003654853314913535,1777,1568
0.030611037181515244,0.008607132165687587,0.0,0.0,0.0,-0.0018024530604853334,0.999998375580163,0.0011538929060726515,-0.0001417454345095514,0.0,0.0,0.0,0.0003654853314913535,1777,1568
0.029703468520076975,0.009124671266792388,0.0,0.0,0.0,-0.0019110231115592126,0.9999981739936664,-0.002480162433274912,0.0014024834769082587,0.0,0.0,0.0,-0.0005921781497308686,1777,1568
0.029703468520076975,0.009124671266792388,0.0,0.0,0.0,-0.0019110231115592126,0.9999981739936664,-0.002480162433274912,0.0014024834769082587,0.0,0.0,0.0,-0.0005921781497308686,1777,1568
0.030056556388697486,0.00898742033055723,0.0,0.0,0.0,-0.0019501984819170824,0.9999980983611324,0.0011788292316311441,-0.000453051229172862,0.0,0.0,0.0,-0.0002611983542117364,1777,1568
0.030056556388697486,0.00898742033055723,0.0,0.0,0.0,-0.0019501984819170824,0.9999980983611324,0.0011788292316311441,-0.000453051229172862,0.0,0.0,0.0,-0.0002611983542117364,1777,1568
0.030056556388697486,0.00898742033055723,0.0,0.0,0.0,-0.0019501984819170824,0.9999980983611324,0.0011788292316311441,-0.000453051229172862,0.0,0.0,0.0,-0.0002611983542117364,1777,1568
0.029830118557910085,0.008878722298190075,0.0,0.0,0.0,-0.0021213394597695474,0.9999977499569169,-0.0008464588972953236,-0.0004103996543131736,0.0,0.0,0.0,-0.0012819143314382786,1777,1568
0.029830118557910085,0.008878722298190075,0.0,0.0,0.0,-0.0021213394597695474,0.9999977499569169,-0.0008464588972953236,-0.0004103996543131736,0.0,0.0,0.0,-0.0012819143314382786,1777,1568
0.029830118557910085,0.008878722298190075,0.0,0.0,0.0,-0.0021213394597695474,0.9999977499569169,-0.0008464588972953236,-0.0004103996543131736,0.0,0.0,0.0,-0.0012819143314382786,1777,1568
0.029881052158215925,0.008570009635083742,0.0,0.0,0.0,-0.0018883256316625265,0.999998217111565,0.00022430320316726805,-0.0013245079266684353,0.0,0.0,0.0,0.002000878398789736,1777,1568
0.029881052158215925,0.008570009635083742,0.0,0.0,0.0,-0.0018883256316625265,0.999998217111565,0.00022430320316726805,-0.0013245079266684353,0.0,0.0,0.0,0.002000878398789736,1777,1568
0.029914761105809692,0.008851289477594493,0.0,0.0,0.0,-0.0019447850588160955,0.9999981089037494,0.00016313337040190504,0.0014061749804506658,0.0,0.0,0.0,-0.0005642539346125699,1777,1568
0.029914761105809692,0.008851289477594493,0.0,0.0,0.0,-0.0019447850588160955,0.9999981089037494,0.00016313337040190504,0.0014061749804506658,0.0,0.0,0.0,-0.0005642539346125699,1777,1568
0.02998170514333795,0.008722262197389186,0.0,0.0,0.0,-0.00192384725987338,0.999998149404148,0.00022492368360676874,-0.00042942156533135083,0.0,0.0,0.0,0.0001396512234876562,1777,1568
0.02998170514333795,0.008722262197389186,0.0,0.0,0.0,-0.00192384725987338,0.999998149404148,0.00022492368360676874,-0.00042942156533135083,0.0,0.0,0.0,0.0001396512234876562,1777,1568
0.030087609841174055,0.008428290794951549,0.0,0.0,0.0,-0.001976589820055472,0.9999980465444336,0.0004580096533553963,-0.0012561692890731425,0.0,0.0,0.0,-0.0004513783758670095,1777,1568
0.030087609841174055,0.008428290794951549,0.0,0.0,0.0,-0.001976589820055472,0.9999980465444336,0.0004580096533553963,-0.0012561692890731425,0.0,0.0,0.0,-0.0004513783758670095,1777,1568
0.030087609841174055,0.008428290794951549,0.0,0.0,0.0,-0.001976589820055472,0.9999980465444336,0.0004580096533553963,-0.0012561692890731425,0.0,0.0,0.0,-0.0004513783758670095,1777,1568
0.0296887125143563,0.008410134046413316,0.0,0.0,0.0,-0.0018861844488929688,0.9999982211525302,-0.0019952694220625317,-9.872484228456177e-05,0.0,0.0,0.0,0.0009045800533130599,1477,1530
0.0296887125143563,0.008410134046413316,0.0,0.0,0.0,-0.0018861844488929688,0.9999982211525302,-0.0019952694220625317,-9.872484228456177e-05,0.0,0.0,0.0,0.0009045800533130599,1777,1530
0.0296887125143563,0.008410134046413316,0.0,0.0,0.0,-0.0018861844488929688,0.9999982211525302,-0.0019952694220625317,-9.872484228456177e-05,0.0,0.0,0.0,0.0009045800533130599,1777,1530
0.0296887125143563,0.008410134046413316,0.0,0.0,0.0,-0.0018861844488929688,0.9999982211525302,-0.0019952694220625317,-9.872484228456177e-05,0.0,0.0,0.0,0.0009045800533130599,1777,1530
0.0296887125143563,0.008410134046413316,0.0,0.0,0.0,-0.0018861844488929688,0.9999982211525302,-0.0019952694220625317,-9.872484228456177e-05,0.0,0.0,0.0,0.0009045800533130599,1477,1530
0.0296887125143563,0.008410134046413316,0.0,0.0,0.0,-0.0018861844488929688,0.9999982211525302,-0.0019952694220625317,-9.872484228456177e-05,0.0,0.0,0.0,0.0009045800533130599,1477,1530
0.029875556559055688,0.008834115480186313,0.0,0.0,0.0,-0.0019931870735303203,0.9999980136006721,0.0005558672103113168,0.0012743645492185372,0.0,0.0,0.0,-0.0006421755720288342,1477,1530
0.029875556559055688,0.008834115480186313,0.0,0.0,0.0,-0.0019931870735303203,0.9999980136006721,0.0005558672103113168,0.0012743645492185372,0.0,0.0,0.0,-0.0006421755720288342,1477,1530
0.029875556559055688,0.008834115480186313,0.0,0.0,0.0,-0.0019931870735303203,0.9999980136006721,0.0005558672103113168,0.0012743645492185372,0.0,0.0,0.0,-0.0006421755720288342,1477,1530
0.029293057150008888,0.009463704665735172,0.0,0.0,0.0,-0.0020159395795481577,0.9999979679917412,-0.001096549090926226,0.0011757578821946643,0.0,0.0,0.0,-8.529605368889867e-05,1477,1530
0.029293057150008888,0.009463704665735172,0.0,0.0,0.0,-0.0020159395795481577,0.9999979679917412,-0.001096549090926226,0.0011757578821946643,0.0,0.0,0.0,-8.529605368889867e-05,1477,1530
0.02953581682289068,0.008810745349054926,0.0,0.0,0.0,-0.0017937399369698924,0.9999983912472252,0.000736598269304925,-0.001957060796463544,0.0,0.0,0.0,0.0013339739708485255,1477,1530
0.02953581682289068,0.008810745349054926,0.0,0.0,0.0,-0.0017937399369698924,0.9999983912472252,0.000736598269304925,-0.001957060796463544,0.0,0.0,0.0,0.0013339739708485255,1477,1530
0.02953581682289068,0.008810745349054926,0.0,0.0,0.0,-0.0017937399369698924,0.9999983912472252,0.000736598269304925,-0.001957060796463544,0.0,0.0,0.0,0.0013339739708485255,1477,1530
0.030148709479234596,0.008567909449795257,0.0,0.0,0.0,-0.0018550036930894886,0.9999982794791692,0.002629017373191574,-0.0010307535470363948,0.0,0.0,0.0,-0.0005248428658435362,1477,1530
0.030148709479234596,0.008567909449795257,0.0,0.0,0.0,-0.0018550036930894886,0.9999982794791692,0.002629017373191574,-0.0010307535470363948,0.0,0.0,0.0,-0.0005248428658435362,1477,1530
0.030148709479234596,0.008567909449795257,0.0,0.0,0.0,-0.0018550036930894886,0.9999982794791692,0.002629017373191574,-0.0010307535470363948,0.0,0.0,0.0,-0.0005248428658435362,1477,1530
0.030148709479234596,0.008567909449795257,0.0,0.0,0.0,-0.0018550036930894886,0.9999982794791692,0.002629017373191574,-0.0010307535470363948,0.0,0.0,0.0,-0.0005248428658435362,1477,1530
0.029887344618752733,0.008647063296527837,0.0,0.0,0.0,-0.0019140987141934732,0.9999981681113783,-0.0009806892668516975,0.0002930322369003092,0.0,0.0,0.0,-0.0004429770061537133,1477,1530
0.029887344618752733,0.008647063296527837,0.0,0.0,0.0,-0.0019140987141934732,0.9999981681113783,-0.0009806892668516975,0.0002930322369003092,0.0,0.0,0.0,-0.0004429770061537133,1477,1530
0.03039427177723599,0.0060985677942248465,0.0,0.0,0.0,-0.001480451608708746,0.9999989041309166,0.0014093208425335747,-0.006946058585525322,0.0,0.0,0.0,0.002365678093185135,1477,1530
0.03039427177723599,0.0060985677942248465,0.0,0.0,0.0,-0.001480451608708746,0.9999989041309166,0.0014093208425335747,-0.006946058585525322,0.0,0.0,0.0,0.002365678093185135,1477,1530
0.03039427177723599,0.0060985677942248465,0.0,0.0,0.0,-0.001480451608708746,0.9999989041309166,0.0014093208425335747,-0.006946058585525322,0.0,0.0,0.0,0.002365678093185135,1477,1530
0.030281956155199803,0.0077752749214825695,0.0,0.0,0.0,-0.0017016686899976059,0.9999985521607866,-0.0011719882460185975,0.016752113263183644,0.0,0.0,0.0,-0.004421296504185013,1477,1530
0.030042804174165178,0.007989974726505263,0.0,0.0,0.0,-0.0017395441716103943,0.9999984869918929,-0.0005535419777115509,0.0004935530011567109,0.0,0.0,0.0,-0.00017480062706289233,1477,1530
0.030042804174165178,0.007989974726505263,0.0,0.0,0.0,-0.0017395441716103943,0.9999984869918929,-0.0005535419777115509,0.0004935530011567109,0.0,0.0,0.0,-0.00017480062706289233,1477,1530
0.030042804174165178,0.007989974726505263,0.0,0.0,0.0,-0.0017395441716103943,0.9999984869918929,-0.0005535419777115509,0.0004935530011567109,0.0,0.0,0.0,-0.00017480062706289233,1477,1530
0.030042804174165178,0.007989974726505263,0.0,0.0,0.0,-0.0017395441716103943,0.9999984869918929,-0.0005535419777115509,0.0004935530011567109,0.0,0.0,0.0,-0.00017480062706289233,1477,1530
0.030049985852687703,0.00803852480825188,0.0,0.0,0.0,-0.0017112479807758433,0.9999985358141023,7.020026118064346e-05,0.0004862534393409131,0.0,0.0,0.0,0.0005665138333982272,1477,1530
0.030049985852687703,0.00803852480825188,0.0,0.0,0.0,-0.0017112479807758433,0.9999985358141023,7.020026118064346e-05,0.0004862534393409131,0.0,0.0,0.0,0.0005665138333982272,1477,1530
0.030049985852687703,0.00803852480825188,0.0,0.0,0.0,-0.0017112479807758433,0.9999985358141023,7.020026118064346e-05,0.0004862534393409131,0.0,0.0,0.0,0.0005665138333982272,1477,1530
0.02996946882750162,0.00818510633647907,0.0,0.0,0.0,-0.0017444500388450145,0.9999984784458734,-0.00024291864827509347,0.0004386696478392321,0.0,0.0,0.0,-0.0001991011491152057,1477,1530
0.02996946882750162,0.00818510633647907,0.0,0.0,0.0,-0.0017444500388450145,0.9999984784458734,-0.00024291864827509347,0.0004386696478392321,0.0,0.0,0.0,-0.0001991011491152057,1477,1530
0.02996946882750162,0.00818510633647907,0.0,0.0,0.0,-0.0017444500388450145,0.9999984784458734,-0.00024291864827509347,0.0004386696478392321,0.0,0.0,0.0,-0.0001991011491152057,1477,1530
0.029926144238717402,0.008147881467337878,0.0,0.0,0.0,-0.0017755432338288836,0.9999984237218701,-0.00012958503895659025,-0.00011212885021685985,0.0,0.0,0.0,-0.00018656188412757185,1477,1530
0.029926144238717402,0.008147881467337878,0.0,0.0,0.0,-0.0017755432338288836,0.9999984237218701,-0.00012958503895659025,-0.00011212885021685985,0.0,0.0,0.0,-0.00018656188412757185,1477,1530
0.029810766983596533,0.00821989584287485,0.0,0.0,0.0,-0.001795586012838735,0.9999983879341359,-0.0003467150908710196,0.00021470011968251971,0.0,0.0,0.0,-0.00012019388416185771,1477,1530
0.029810766983596533,0.00821989584287485,0.0,0.0,0.0,-0.001795586012838735,0.9999983879341359,-0.0003467150908710196,0.00021470011968251971,0.0,0.0,0.0,-0.00012019388416185771,1477,1530
0.029815052063192418,0.008245758642765123,0.0,0.0,0.0,-0.0018031840529920515,0.999998374262314,2.0991204044037017e-05,0.0001295773470335931,0.0,0.0,0.0,-7.609047527384696e-05,1477,1530
0.029815052063192418,0.008245758642765123,0.0,0.0,0.0,-0.0018031840529920515,0.999998374262314,2.0991204044037017e-05,0.0001295773470335931,0.0,0.0,0.0,-7.609047527384696e-05,1477,1530
0.029815052063192418,0.008245758642765123,0.0,0.0,0.0,-0.0018031840529920515,0.999998374262314,2.0991204044037017e-05,0.0001295773470335931,0.0,0.0,0.0,-7.609047527384696e-05,1477,1530
0.029973080732843927,0.008261114991019149,0.0,0.0,0.0,-0.001817069209076558,0.999998349128382,0.000947507626047576,9.552408183626472e-05,0.0,0.0,0.0,-0.00016656484767628248,1477,1530
0.029978242872251745,0.00810921161339142,0.0,0.0,0.0,-0.001769001168592437,0.9999984353162087,1.7145787500957147e-05,-0.0004557401689885768,0.0,0.0,0.0,0.0002884652456233619,1477,1530
0.029978242872251745,0.00810921161339142,0.0,0.0,0.0,-0.001769001168592437,0.9999984353162087,1.7145787500957147e-05,-0.0004557401689885768,0.0,0.0,0.0,0.0002884652456233619,1477,1530
0.029978242872251745,0.00810921161339142,0.0,0.0,0.0,-0.001769001168592437,0.9999984353162087,1.7145787500957147e-05,-0.0004557401689885768,0.0,0.0,0.0,0.0002884652456233619,1477,1530
0.029978242872251745,0.00810921161339142,0.0,0.0,0.0,-0.001769001168592437,0.9999984353162087,1.7145787500957147e-05,-0.0004557401689885768,0.0,0.0,0.0,0.0002884652456233619,1477,1530
0.029829699137605813,0.008208259062483033,0.0,0.0,0.0,-0.001773593541115745,0.9999984271817386,-0.0007438190499706736,0.0004921782145648783,0.0,0.0,0.0,-4.5883878301720396e-05,1477,1530
0.029829699137605813,0.008208259062483033,0.0,0.0,0.0,-0.001773593541115745,0.9999984271817386,-0.0007438190499706736,0.0004921782145648783,0.0,0.0,0.0,-4.5883878301720396e-05,1477,1530
0.03016343897812486,0.007986638535531377,0.0,0.0,0.0,-0.0017830700122162216,0.9999984103294023,0.001254213666414802,-0.0008264670699173352,0.0,0.0,0.0,-7.105943375003463e-05,1477,1530
0.03016343897812486,0.007986638535531377,0.0,0.0,0.0,-0.0017830700122162216,0.9999984103294023,0.001254213666414802,-0.0008264670699173352,0.0,0.0,0.0,-7.105943375003463e-05,1477,1530
0.03016343897812486,0.007986638535531377,0.0,0.0,0.0,-0.0017830700122162216,0.9999984103294023,0.001254213666414802,-0.0008264670699173352,0.0,0.0,0.0,-7.105943375003463e-05,1477,1530
0.029951039445394435,0.008149368079394082,0.0,0.0,0.0,-0.0017762905664498174,0.9999984223946673,-0.0010642220279591045,0.0008093454316145443,0.0,0.0,0.0,6.77518813400632e-05,1477,1530
0.029951039445394435,0.008149368079394082,0.0,0.0,0.0,-0.0017762905664498174,0.9999984223946673,-0.0010642220279591045,0.0008093454316145443,0.0,0.0,0.0,6.77518813400632e-05,1477,1530
0.029951039445394435,0.008149368079394082,0.0,0.0,0.0,-0.0017762905664498174,0.9999984223946673,-0.0010642220279591045,0.0008093454316145443,0.0,0.0,0.0,6.77518813400632e-05,1477,1530
0.030054717748442778,0.008106657333521635,0.0,0.0,0.0,-0.0017524917096934502,0.9999984643852247,0.0003462248889448361,-0.00014119227499292868,0.0,0.0,0.0,0.0001587174884030472,1477,1530
0.030054717748442778,0.008106657333521635,0.0,0.0,0.0,-0.0017524917096934502,0.9999984643852247,0.0003462248889448361,-0.00014119227499292868,0.0,0.0,0.0,0.0001587174884030472,1477,1530
0.030102514452584384,0.008131673303390532,0.0,0.0,0.0,-0.001784118341203832,0.9999984084596057,0.00015902538983278268,8.394251670029098e-05,0.0,0.0,0.0,-0.00021083962009714905,1477,1530
0.030102514452584384,0.008131673303390532,0.0,0.0,0.0,-0.001784118341203832,0.9999984084596057,0.00015902538983278268,8.394251670029098e-05,0.0,0.0,0.0,-0.00021083962009714905,1477,1530
0.030102514452584384,0.008131673303390532,0.0,0.0,0.0,-0.001784118341203832,0.9999984084596057,0.00015902538983278268,8.394251670029098e-05,0.0,0.0,0.0,-0.00021083962009714905,1477,1530
0.030081778327389355,0.00807582131522129,0.0,0.0,0.0,-0.0017695296525355694,0.9999984343811789,-7.661604267095717e-05,-0.00020864111104229932,0.0,0.0,0.0,0.0001088518931152333,1477,1530
0.030081778327389355,0.00807582131522129,0.0,0.0,0.0,-0.0017695296525355694,0.9999984343811789,-7.661604267095717e-05,-0.00020864111104229932,0.0,0.0,0.0,0.0001088518931152333,1477,1530
0.030081778327389355,0.00807582131522129,0.0,0.0,0.0,-0.0017695296525355694,0.9999984343811789,-7.661604267095717e-05,-0.00020864111104229932,0.0,0.0,0.0,0.0001088518931152333,1477,1530
0.03008716321084071,0.007980564823518438,0.0,0.0,0.0,-0.0017190558589219556,0.9999985224223854,2.155954369095975e-05,-0.00035883858799578606,0.0,0.0,0.0,0.00038035644195746085,1477,1530
0.03008716321084071,0.007980564823518438,0.0,0.0,0.0,-0.0017190558589219556,0.9999985224223854,2.155954369095975e-05,-0.00035883858799578606,0.0,0.0,0.0,0.00038035644195746085,1477,1530
0.029913542014896672,0.00807669592068679,0.0,0.0,0.0,-0.0017524458650749121,0.9999984644655661,-0.0006527964827293722,0.0003585154081806997,0.0,0.0,0.0,-0.00025061024841551213,1477,1530
0.029913542014896672,0.00807669592068679,0.0,0.0,0.0,-0.0017524458650749121,0.9999984644655661,-0.0006527964827293722,0.0003585154081806997,0.0,0.0,0.0,-0.00025061024841551213,1477,1530
0.029913542014896672,0.00807669592068679,0.0,0.0,0.0,-0.0017524458650749121,0.9999984644655661,-0.0006527964827293722,0.0003585154081806997,0.0,0.0,0.0,-0.00025061024841551213,1477,1530
0.029913542014896672,0.00807669592068679,0.0,0.0,0.0,-0.0017524458650749121,0.9999984644655661,-0.0006527964827293722,0.0003585154081806997,0.0,0.0,0.0,-0.00025061024841551213,1477,1530
0.029965399251576912,0.008232384902605782,0.0,0.0,0.0,-0.0017897091410936747,0.9999983984693127,0.000192065452560839,0.0005834432422281237,0.0,0.0,0.0,-0.00027896415529995994,1477,1530
0.029965399251576912,0.008232384902605782,0.0,0.0,0.0,-0.0017897091410936747,0.9999983984693127,0.000192065452560839,0.0005834432422281237,0.0,0.0,0.0,-0.00027896415529995994,1477,1530
0.029965399251576912,0.008232384902605782,0.0,0.0,0.0,-0.0017897091410936747,0.9999983984693127,0.000192065452560839,0.0005834432422281237,0.0,0.0,0.0,-0.00027896415529995994,1477,1530
0.029829728850957367,0.00829583316857768,0.0,0.0,0.0,-0.001794358729987489,0.9999983901370783,-0.0003709111129204561,0.00017184673863152855,0.0,0.0,0.0,-2.538086258553127e-05,1477,1530
0.029829728850957367,0.00829583316857768,0.0,0.0,0.0,-0.001794358729987489,0.9999983901370783,-0.0003709111129204561,0.00017184673863152855,0.0,0.0,0.0,-2.538086258553127e-05,1477,1530
0.030173883747222918,0.007421648106804937,0.0,0.0,0.0,-0.0016579074642632866,0.9999986256704756,0.0013023207643997193,-0.003273500430524396,0.0,0.0,0.0,0.001023373222993039,1477,1530
0.030173883747222918,0.007421648106804937,0.0,0.0,0.0,-0.0016579074642632866,0.9999986256704756,0.0013023207643997193,-0.003273500430524396,0.0,0.0,0.0,0.001023373222993039,1477,1530
0.029934131854316513,0.008079170184000034,0.0,0.0,0.0,-0.0017400568963586015,0.9999984860998528,-0.0012099140987209614,0.003284323583452841,0.0,0.0,0.0,-0.0008216721654165884,1477,1530
0.029934131854316513,0.008079170184000034,0.0,0.0,0.0,-0.0017400568963586015,0.9999984860998528,-0.0012099140987209614,0.003284323583452841,0.0,0.0,0.0,-0.0008216721654165884,1477,1530
0.029934131854316513,0.008079170184000034,0.0,0.0,0.0,-0.0017400568963586015,0.9999984860998528,-0.0012099140987209614,0.003284323583452841,0.0,0.0,0.0,-0.0008216721654165884,1477,1530
0.029934131854316513,0.008079170184000034,0.0,0.0,0.0,-0.0017400568963586015,0.9999984860998528,-0.0012099140987209614,0.003284323583452841,0.0,0.0,0.0,-0.0008216721654165884,1477,1530
0.030069508046188062,0.008232513060585653,0.0,0.0,0.0,-0.00182705453387183,0.9999983309344722,0.000806763964341632,0.0009202703847839847,0.0,0.0,0.0,-0.0010410230503243752,1477,1530
0.030069508046188062,0.008232513060585653,0.0,0.0,0.0,-0.00182705453387183,0.9999983309344722,0.000806763964341632,0.0009202703847839847,0.0,0.0,0.0,-0.0010410230503243752,1477,1530
0.030069508046188062,0.008232513060585653,0.0,0.0,0.0,-0.00182705453387183,0.9999983309344722,0.000806763964341632,0.0009202703847839847,0.0,0.0,0.0,-0.0010410230503243752,1477,1530
0.0298400771558207,0.008378357698116309,0.0,0.0,0.0,-0.0018276211463041946,0.9999983298990781,-0.0004931765131224994,0.0003109779787101874,0.0,0.0,0.0,-2.430315077260907e-06,1477,1530
0.0298400771558207,0.008378357698116309,0.0,0.0,0.0,-0.0018276211463041946,0.9999983298990781,-0.0004931765131224994,0.0003109779787101874,0.0,0.0,0.0,-2.430315077260907e-06,1477,1530
0.030037006471721153,0.008348534844418404,0.0,0.0,0.0,-0.0018273984892968633,0.9999983303059867,0.0007386634947901751,-0.00010910234118874249,0.0,0.0,0.0,1.6694211701411036e-06,1477,1530
0.030037006471721153,0.008348534844418404,0.0,0.0,0.0,-0.0018273984892968633,0.9999983303059867,0.0007386634947901751,-0.00010910234118874249,0.0,0.0,0.0,1.6694211701411036e-06,1477,1530
0.030037006471721153,0.008348534844418404,0.0,0.0,0.0,-0.0018273984892968633,0.9999983303059867,0.0007386634947901751,-0.00010910234118874249,0.0,0.0,0.0,1.6694211701411036e-06,1477,1530
0.030099315862121927,0.008352188678602233,0.0,0.0,0.0,-0.0018049592474097189,0.9999983710597309,0.0009311195182772165,5.80165247555822e-05,0.0,0.0,0.0,0.0006707903531569703,1477,1530
0.030099315862121927,0.008352188678602233,0.0,0.0,0.0,-0.0018049592474097189,0.9999983710597309,0.0009311195182772165,5.80165247555822e-05,0.0,0.0,0.0,0.0006707903531569703,1477,1530
0.029977386594761738,0.008383309798233715,0.0,0.0,0.0,-0.0018162136691899343,0.9999983506825938,-0.0002817902413608143,7.08413771090826e-05,0.0,0.0,0.0,-5.197263497665237e-05,1477,1530
0.029977386594761738,0.008383309798233715,0.0,0.0,0.0,-0.0018162136691899343,0.9999983506825938,-0.0002817902413608143,7.08413771090826e-05,0.0,0.0,0.0,-5.197263497665237e-05,1477,1530
0.02997070786932592,0.00836552095430524,0.0,0.0,0.0,-0.0018231134232584252,0.9999983381273421,-0.00019936293700482098,-0.000536923876164048,0.0,0.0,0.0,-0.00041594920976767565,1477,1530
0.02997070786932592,0.00836552095430524,0.0,0.0,0.0,-0.0018231134232584252,0.9999983381273421,-0.00019936293700482098,-0.000536923876164048,0.0,0.0,0.0,-0.00041594920976767565,1477,1530
0.02997070786932592,0.00836552095430524,0.0,0.0,0.0,-0.0018231134232584252,0.9999983381273421,-0.00019936293700482098,-0.000536923876164048,0.0,0.0,0.0,-0.00041594920976767565,1477,1530
0.029979047374987647,0.00840067185463842,0.0,0.0,0.0,-0.0018145164988938884,0.9999983537635826,1.8939948935890375e-05,8.114783158069477e-05,0.0,0.0,0.0,3.9658989231440624e-05,1477,1530
0.029979047374987647,0.00840067185463842,0.0,0.0,0.0,-0.0018145164988938884,0.9999983537635826,1.8939948935890375e-05,8.114783158069477e-05,0.0,0.0,0.0,3.9658989231440624e-05,1477,1530
0.02990295043437104,0.008360873089504858,0.0,0.0,0.0,-0.00181858581153238,0.9999983463714558,-0.00037958164027220324,-0.00020027917336340605,0.0,0.0,0.0,-4.067407670971818e-05,1477,1530
0.02990295043437104,0.008360873089504858,0.0,0.0,0.0,-0.00181858581153238,0.9999983463714558,-0.00037958164027220324,-0.00020027917336340605,0.0,0.0,0.0,-4.067407670971818e-05,1477,1530
0.02990295043437104,0.008360873089504858,0.0,0.0,0.0,-0.00181858581153238,0.9999983463714558,-0.00037958164027220324,-0.00020027917336340605,0.0,0.0,0.0,-4.067407670971818e-05,1477,1530
0.03005774435129825,0.008187729178398526,0.0,0.0,0.0,-0.0017905876485142663,0.9999983968966515,0.0006662521963841715,-0.0007397997879507628,0.0,0.0,0.0,0.00024004054033115911,1477,1530
0.03005774435129825,0.008187729178398526,0.0,0.0,0.0,-0.0017905876485142663,0.9999983968966515,0.0006662521963841715,-0.0007397997879507628,0.0,0.0,0.0,0.00024004054033115911,1477,1530
0.030134964228199494,0.008238499414179184,0.0,0.0,0.0,-0.0017832762242759612,0.9999984099616899,0.00025681071582961445,0.00017016730458052908,0.0,0.0,0.0,4.8746480818145936e-05,1477,1530
0.030134964228199494,0.008238499414179184,0.0,0.0,0.0,-0.0017832762242759612,0.9999984099616899,0.00025681071582961445,0.00017016730458052908,0.0,0.0,0.0,4.8746480818145936e-05,1477,1530
0.030134964228199494,0.008238499414179184,0.0,0.0,0.0,-0.0017832762242759612,0.9999984099616899,0.00025681071582961445,0.00017016730458052908,0.0,0.0,0.0,4.8746480818145936e-05,1477,1530
0.030134964228199494,0.008238499414179184,0.0,0.0,0.0,-0.0017832762242759612,0.9999984099616899,0.00025681071582961445,0.00017016730458052908,0.0,0.0,0.0,4.8746480818145936e-05,1477,1530
0.030049174875934493,0.008222335816468841,0.0,0.0,0.0,-0.0018141898003543565,0.9999983543563301,-0.00036734263312800466,-7.056870986339501e-05,0.0,0.0,0.0,-0.0002649186833975282,1477,1530
0.030049174875934493,0.008222335816468841,0.0,0.0,0.0,-0.0018141898003543565,0.9999983543563301,-0.00036734263312800466,-7.056870986339501e-05,0.0,0.0,0.0,-0.0002649186833975282,1477,1530
0.030049174875934493,0.008222335816468841,0.0,0.0,0.0,-0.0018141898003543565,0.9999983543563301,-0.00036734263312800466,-7.056870986339501e-05,0.0,0.0,0.0,-0.0002649186833975282,1477,1530
0.03001956771289429,0.008143697415620758,0.0,0.0,0.0,-0.001785294559916721,0.9999984063603973,-7.998810243220164e-05,-0.00021481363719562832,0.0,0.0,0.0,0.00015765007014452244,1477,1530
0.03001956771289429,0.008143697415620758,0.0,0.0,0.0,-0.001785294559916721,0.9999984063603973,-7.998810243220164e-05,-0.00021481363719562832,0.0,0.0,0.0,0.00015765007014452244,1477,1530
0.03001956771289429,0.008143697415620758,0.0,0.0,0.0,-0.001785294559916721,0.9999984063603973,-7.998810243220164e-05,-0.00021481363719562832,0.0,0.0,0.0,0.00015765007014452244,1477,1530
0.030065091417485,0.008129939675648151,0.0,0.0,0.0,-0.0017687303846565998,0.9999984357951899,0.00016969662433785165,-5.0623549496353895e-05,0.0,0.0,0.0,0.00012335890057136282,1477,1530
0.030065091417485,0.008129939675648151,0.0,0.0,0.0,-0.0017687303846565998,0.9999984357951899,0.00016969662433785165,-5.0623549496353895e-05,0.0,0.0,0.0,0.00012335890057136282,1477,1530
0.030130048586896652,0.00825309404817387,0.0,0.0,0.0,-0.0018206426051841872,0.9999983426288787,0.00017679147597731055,0.00033807742591086316,0.0,0.0,0.0,-0.0002844852755528214,1477,1530
0.030130048586896652,0.00825309404817387,0.0,0.0,0.0,-0.0018206426051841872,0.9999983426288787,0.00017679147597731055,0.00033807742591086316,0.0,0.0,0.0,-0.0002844852755528214,1477,1530
0.03011963349325066,0.008201904021668925,0.0,0.0,0.0,-0.0017864758236309916,0.9999984042507926,-6.144353057479897e-05,-0.00030772509133874257,0.0,0.0,0.0,0.00041048148778942433,1477,1530
0.03011963349325066,0.008201904021668925,0.0,0.0,0.0,-0.0017864758236309916,0.9999984042507926,-6.144353057479897e-05,-0.00030772509133874257,0.0,0.0,0.0,0.00041048148778942433,1477,1530
0.03011963349325066,0.008201904021668925,0.0,0.0,0.0,-0.0017864758236309916,0.9999984042507926,-6.144353057479897e-05,-0.00030772509133874257,0.0,0.0,0.0,0.00041048148778942433,1477,1530
0.03011963349325066,0.008201904021668925,0.0,0.0,0.0,-0.0017864758236309916,0.9999984042507926,-6.144353057479897e-05,-0.00030772509133874257,0.0,0.0,0.0,0.00041048148778942433,1477,1530
0.030251895280472448,0.008173666200944276,0.0,0.0,0.0,-0.0017582378310313342,0.9999984542986702,0.0007929087005665102,-0.00016632566713657828,0.0,0.0,0.0,0.00033831784137524826,1477,1530
0.030251895280472448,0.008173666200944276,0.0,0.0,0.0,-0.0017582378310313342,0.9999984542986702,0.0007929087005665102,-0.00016632566713657828,0.0,0.0,0.0,0.00033831784137524826,1477,1530
0.030011158118890425,0.006994318432931681,0.0,0.0,0.0,-0.0016067113524905604,0.9999987092384819,-0.0005912437007729475,-0.0029493320606609613,0.0,0.0,0.0,0.000757341886228382,1477,1530
0.030011158118890425,0.006994318432931681,0.0,0.0,0.0,-0.0016067113524905604,0.9999987092384819,-0.0005912437007729475,-0.0029493320606609613,0.0,0.0,0.0,0.000757341886228382,1477,1530
0.030149666506265816,0.008156862247828378,0.0,0.0,0.0,-0.0017951102359511247,0.9999983887883224,0.0005779638928155376,0.004987404359028132,0.0,0.0,0.0,-0.0016158840671181953,1477,1530
0.030149666506265816,0.008156862247828378,0.0,0.0,0.0,-0.0017951102359511247,0.9999983887883224,0.0005779638928155376,0.004987404359028132,0.0,0.0,0.0,-0.0016158840671181953,1477,1530
0.030149666506265816,0.008156862247828378,0.0,0.0,0.0,-0.0017951102359511247,0.9999983887883224,0.0005779638928155376,0.004987404359028132,0.0,0.0,0.0,-0.0016158840671181953,1477,1530
0.030149666506265816,0.008156862247828378,0.0,0.0,0.0,-0.0017951102359511247,0.9999983887883224,0.0005779638928155376,0.004987404359028132,0.0,0.0,0.0,-0.0016158840671181953,1477,1530
0.030083637053255417,0.008288256358117984,0.0,0.0,0.0,-0.0018140028939678315,0.9999983546953969,-0.0002845329670485694,0.0005611704806344204,0.0,0.0,0.0,-0.000161670114771971,1477,1530
0.030083637053255417,0.008288256358117984,0.0,0.0,0.0,-0.0018140028939678315,0.9999983546953969,-0.0002845329670485694,0.0005611704806344204,0.0,0.0,0.0,-0.000161670114771971,1477,1530
0.030206478716189613,0.008141488853298984,0.0,0.0,0.0,-0.0018020212686873556,0.9999983763583555,0.0003369005736410608,-0.0003995643632320168,0.0,0.0,0.0,6.543753219528287e-05,1477,1530
0.030206478716189613,0.008141488853298984,0.0,0.0,0.0,-0.0018020212686873556,0.9999983763583555,0.0003369005736410608,-0.0003995643632320168,0.0,0.0,0.0,6.543753219528287e-05,1477,1530
0.030206478716189613,0.008141488853298984,0.0,0.0,0.0,-0.0018020212686873556,0.9999983763583555,0.0003369005736410608,-0.0003995643632320168,0.0,0.0,0.0,6.543753219528287e-05,1477,1530
0.03024261691756335,0.008182008879595066,0.0,0.0,0.0,-0.0018297279395575255,0.9999983260464325,0.0001347830667426778,0.00015222669055780288,0.0,0.0,0.0,-0.00020751296864558041,1477,1530
0.03024261691756335,0.008182008879595066,0.0,0.0,0.0,-0.0018297279395575255,0.9999983260464325,0.0001347830667426778,0.00015222669055780288,0.0,0.0,0.0,-0.00020751296864558041,1477,1530
0.03024261691756335,0.008182008879595066,0.0,0.0,0.0,-0.0018297279395575255,0.9999983260464325,0.0001347830667426778,0.00015222669055780288,0.0,0.0,0.0,-0.00020751296864558041,1477,1530
0.029937271078636918,0.008185849964649381,0.0,0.0,0.0,-0.001793232035110163,0.9999983921581415,-0.0010191742369218763,9.090598806450596e-06,0.0,0.0,0.0,0.00024362069951139778,1477,1530
0.029937271078636918,0.008185849964649381,0.0,0.0,0.0,-0.001793232035110163,0.9999983921581415,-0.0010191742369218763,9.090598806450596e-06,0.0,0.0,0.0,0.00024362069951139778,1477,1530
0.030157754246502883,0.008147865220359487,0.0,0.0,0.0,-0.0018120812457258285,0.9999983581794316,0.001087833044354989,-0.00018339659430493922,0.0,0.0,0.0,-0.00018588537009271635,1477,1530
0.030157754246502883,0.008147865220359487,0.0,0.0,0.0,-0.0018120812457258285,0.9999983581794316,0.001087833044354989,-0.00018339659430493922,0.0,0.0,0.0,-0.00018588537009271635,1477,1530
0.030157754246502883,0.008147865220359487,0.0,0.0,0.0,-0.0018120812457258285,0.9999983581794316,0.001087833044354989,-0.00018339659430493922,0.0,0.0,0.0,-0.00018588537009271635,1477,1530
0.030383445981880232,0.007997257795588738,0.0,0.0,0.0,-0.0017583438203067961,0.9999984541123099,0.0007607898512993019,-0.0005037108434308131,0.0,0.0,0.0,0.00036141850912998363,1477,1530
0.030383445981880232,0.007997257795588738,0.0,0.0,0.0,-0.0017583438203067961,0.9999984541123099,0.0007607898512993019,-0.0005037108434308131,0.0,0.0,0.0,0.00036141850912998363,1477,1530
0.030383445981880232,0.007997257795588738,0.0,0.0,0.0,-0.0017583438203067961,0.9999984541123099,0.0007607898512993019,-0.0005037108434308131,0.0,0.0,0.0,0.00036141850912998363,1477,1530
0.03035537812712855,0.007984643616609482,0.0,0.0,0.0,-0.0017502723473031866,0.9999984682721821,-0.00010511649268388441,-4.7686198453132464e-05,0.0,0.0,0.0,6.055286840946712e-05,1477,1530
0.03035537812712855,0.007984643616609482,0.0,0.0,0.0,-0.0017502723473031866,0.9999984682721821,-0.00010511649268388441,-4.7686198453132464e-05,0.0,0.0,0.0,6.055286840946712e-05,1477,1530
0.03035537812712855,0.007984643616609482,0.0,0.0,0.0,-0.0017502723473031866,0.9999984682721821,-0.00010511649268388441,-4.7686198453132464e-05,0.0,0.0,0.0,6.055286840946712e-05,1477,1530
0.03006841285170523,0.008131937175347138,0.0,0.0,0.0,-0.001791090005067292,0.9999983959970105,-0.0010782151865342852,0.0005486661905299088,0.0,0.0,0.0,-0.00030618075382126786,1477,1530
0.03006841285170523,0.008131937175347138,0.0,0.0,0.0,-0.001791090005067292,0.9999983959970105,-0.0010782151865342852,0.0005486661905299088,0.0,0.0,0.0,-0.00030618075382126786,1477,1530
0.03006841285170523,0.008131937175347138,0.0,0.0,0.0,-0.001791090005067292,0.9999983959970105,-0.0010782151865342852,0.0005486661905299088,0.0,0.0,0.0,-0.00030618075382126786,1477,1530
0.030045432012429377,0.008113610499445026,0.0,0.0,0.0,-0.0017946379904688013,0.9999983896359449,-8.588685550819629e-05,-6.899750637754748e-05,0.0,0.0,0.0,-2.6596136532457084e-05,1477,1530
0.030045432012429377,0.008113610499445026,0.0,0.0,0.0,-0.0017946379904688013,0.9999983896359449,-8.588685550819629e-05,-6.899750637754748e-05,0.0,0.0,0.0,-2.6596136532457084e-05,1477,1530
0.030045432012429377,0.008113610499445026,0.0,0.0,0.0,-0.0017946379904688013,0.9999983896359449,-8.588685550819629e-05,-6.899750637754748e-05,0.0,0.0,0.0,-2.6596136532457084e-05,1477,1530
0.030145363392806192,0.0081034782061632,0.0,0.0,0.0,-0.0018002846411121832,0.9999983794862924,0.0004283356008829367,-4.187735839678393e-05,0.0,0.0,0.0,-4.838922608711313e-05,1477,1530
0.030145363392806192,0.0081034782061632,0.0,0.0,0.0,-0.0018002846411121832,0.9999983794862924,0.0004283356008829367,-4.187735839678393e-05,0.0,0.0,0.0,-4.838922608711313e-05,1477,1530
0.030145363392806192,0.0081034782061632,0.0,0.0,0.0,-0.0018002846411121832,0.9999983794862924,0.0004283356008829367,-4.187735839678393e-05,0.0,0.0,0.0,-4.838922608711313e-05,1477,1530
0.030133748348009103,0.008243153825366886,0.0,0.0,0.0,-0.0018112575674770655,0.9999983596716667,-2.596853750730878e-05,0.000299232365015333,0.0,0.0,0.0,-4.702989370783285e-05,1477,1530
0.030133748348009103,0.008243153825366886,0.0,0.0,0.0,-0.0018112575674770655,0.9999983596716667,-2.596853750730878e-05,0.000299232365015333,0.0,0.0,0.0,-4.702989370783285e-05,1477,1530
0.03022290203576191,0.008183538682869109,0.0,0.0,0.0,-0.001806441662536876,0.9999983683829289,0.0003828614846362753,-0.0002540089763306593,0.0,0.0,0.0,4.126321902515224e-05,1477,1530
0.03022290203576191,0.008183538682869109,0.0,0.0,0.0,-0.001806441662536876,0.9999983683829289,0.0003828614846362753,-0.0002540089763306593,0.0,0.0,0.0,4.126321902515224e-05,1477,1530
0.03022290203576191,0.008183538682869109,0.0,0.0,0.0,-0.001806441662536876,0.9999983683829289,0.0003828614846362753,-0.0002540089763306593,0.0,0.0,0.0,4.126321902515224e-05,1777,1568
0.030179182066650094,0.008105953397666591,0.0,0.0,0.0,-0.0017175898391281834,0.9999985249414843,-0.0001861522735810438,-0.00033315363668367387,0.0,0.0,0.0,0.000761520790305184,1777,1568
0.030179182066650094,0.008105953397666591,0.0,0.0,0.0,-0.0017175898391281834,0.9999985249414843,-0.0001861522735810438,-0.00033315363668367387,0.0,0.0,0.0,0.000761520790305184,1777,1568
0.030179182066650094,0.008105953397666591,0.0,0.0,0.0,-0.0017175898391281834,0.9999985249414843,-0.0001861522735810438,-0.00033315363668367387,0.0,0.0,0.0,0.000761520790305184,1777,1568
0.029876006203490305,0.008672047935592229,0.0,0.0,0.0,-0.0018753637077421972,0.9999982415039357,-0.0012863731557708512,0.0023822361360157393,0.0,0.0,0.0,-0.001330343835760574,1777,1568
0.029876006203490305,0.008672047935592229,0.0,0.0,0.0,-0.0018753637077421972,0.9999982415039357,-0.0012863731557708512,0.0023822361360157393,0.0,0.0,0.0,-0.001330343835760574,1777,1568
0.029876006203490305,0.008672047935592229,0.0,0.0,0.0,-0.0018753637077421972,0.9999982415039357,-0.0012863731557708512,0.0023822361360157393,0.0,0.0,0.0,-0.001330343835760574,1777,1568
0.030127281202553997,0.0087840189697517,0.0,0.0,0.0,-0.0017002328460232158,0.9999985546030901,0.0007617102032065717,0.00034285686631959744,0.0,0.0,0.0,0.0010635634330826706,1777,1568
0.030127281202553997,0.0087840189697517,0.0,0.0,0.0,-0.0017002328460232158,0.9999985546030901,0.0007617102032065717,0.00034285686631959744,0.0,0.0,0.0,0.0010635634330826706,1777,1568
0.023722793045908443,-0.002281566052224942,0.0,0.0,0.0,-0.00039665466804037516,0.999999921332534,-0.023866696058420844,-0.041561890406374404,0.0,0.0,0.0,0.00977319911497914,1777,1568
0.023722793045908443,-0.002281566052224942,0.0,0.0,0.0,-0.00039665466804037516,0.999999921332534,-0.023866696058420844,-0.041561890406374404,0.0,0.0,0.0,0.00977319911497914,1777,1568
0.022732409234430914,-6.944567685781156e-05,0.0,0.0,0.0,-0.0006692161088708373,0.9999997760748748,-0.003718840855970724,0.008288762190876615,0.0,0.0,0.0,-0.0020432890433632286,1777,1568
0.022732409234430914,-6.944567685781156e-05,0.0,0.0,0.0,-0.0006692161088708373,0.9999997760748748,-0.003718840855970724,0.008288762190876615,0.0,0.0,0.0,-0.0020432890433632286,1777,1568
0.022732409234430914,-6.944567685781156e-05,0.0,0.0,0.0,-0.0006692161088708373,0.9999997760748748,-0.003718840855970724,0.008288762190876615,0.0,0.0,0.0,-0.0020432890433632286,1777,1568
0.023011040438005136,0.0016791733190221903,0.0,0.0,0.0,-0.0010207260559788878,0.9999994790590236,0.0013621510522278117,0.008622767181722444,0.0,0.0,0.0,-0.0034659876269652412,1777,1568
0.023011040438005136,0.0016791733190221903,0.0,0.0,0.0,-0.0010207260559788878,0.9999994790590236,0.0013621510522278117,0.008622767181722444,0.0,0.0,0.0,-0.0034659876269652412,1777,1568
0.023011040438005136,0.0016791733190221903,0.0,0.0,0.0,-0.0010207260559788878,0.9999994790590236,0.0013621510522278117,0.008622767181722444,0.0,0.0,0.0,-0.0034659876269652412,1777,1568
0.023126201806212172,0.0030328861389135307,0.0,0.0,0.0,-0.0011946721382162496,0.9999992863789865,0.0004878515830884038,0.005876676354620295,0.0,0.0,0.0,-0.00150999542777128,1777,1568
0.023126201806212172,0.0030328861389135307,0.0,0.0,0.0,-0.0011946721382162496,0.9999992863789865,0.0004878515830884038,0.005876676354620295,0.0,0.0,0.0,-0.00150999542777128,1777,1568
0.023126201806212172,0.0030328861389135307,0.0,0.0,0.0,-0.0011946721382162496,0.9999992863789865,0.0004878515830884038,0.005876676354620295,0.0,0.0,0.0,-0.00150999542777128,1477,1530
0.023027297194462584,-0.0005221643618106243,0.0,0.0,0.0,-0.0006435803865492843,0.9999997929021216,-0.00027107767104136337,-0.010659828526216237,0.0,0.0,0.0,0.0033046912399842155,1477,1530
0.023027297194462584,-0.0005221643618106243,0.0,0.0,0.0,-0.0006435803865492843,0.9999997929021216,-0.00027107767104136337,-0.010659828526216237,0.0,0.0,0.0,0.0033046912399842155,1477,1530
0.023027297194462584,-0.0005221643618106243,0.0,0.0,0.0,-0.0006435803865492843,0.9999997929021216,-0.00027107767104136337,-0.010659828526216237,0.0,0.0,0.0,0.0033046912399842155,1477,1530
0.023750422102780878,-0.0016560098450773735,0.0,0.0,0.0,-0.00026708618672994806,0.9999999643324837,0.0024160684170641995,-0.003777613240910679,0.0,0.0,0.0,0.002510781736549972,1477,1530
0.023750422102780878,-0.0016560098450773735,0.0,0.0,0.0,-0.00026708618672994806,0.9999999643324837,0.0024160684170641995,-0.003777613240910679,0.0,0.0,0.0,0.002510781736549972,1477,1530
0.023750422102780878,-0.0016560098450773735,0.0,0.0,0.0,-0.00026708618672994806,0.9999999643324837,0.0024160684170641995,-0.003777613240910679,0.0,0.0,0.0,0.002510781736549972,1477,1530
0.023750422102780878,-0.0016560098450773735,0.0,0.0,0.0,-0.00026708618672994806,0.9999999643324837,0.0024160684170641995,-0.003777613240910679,0.0,0.0,0.0,0.002510781736549972,1477,1530
0.023750422102780878,-0.0016560098450773735,0.0,0.0,0.0,-0.00026708618672994806,0.9999999643324837,0.0024160684170641995,-0.003777613240910679,0.0,0.0,0.0,0.002510781736549972,1477,1530
0.023424917979223737,-0.0009498131079370427,0.0,0.0,0.0,-0.0007465266392658759,0.9999997213489495,-0.0013954639804529647,0.003023276599836202,0.0,0.0,0.0,-0.004106046789332574,1477,1530
0.023424917979223737,-0.0009498131079370427,0.0,0.0,0.0,-0.0007465266392658759,0.9999997213489495,-0.0013954639804529647,0.003023276599836202,0.0,0.0,0.0,-0.004106046789332574,1477,1530
0.023424917979223737,-0.0009498131079370427,0.0,0.0,0.0,-0.0007465266392658759,0.9999997213489495,-0.0013954639804529647,0.003023276599836202,0.0,0.0,0.0,-0.004106046789332574,1477,1530
0.022724388767281764,-0.00015442640616458313,0.0,0.0,0.0,-0.0006290134953998115,0.9999998021709917,-0.001169376572541769,0.0013237299348018254,0.0,0.0,0.0,0.00039166030844945207,1477,1530
0.022724388767281764,-0.00015442640616458313,0.0,0.0,0.0,-0.0006290134953998115,0.9999998021709917,-0.001169376572541769,0.0013237299348018254,0.0,0.0,0.0,0.00039166030844945207,1477,1530
0.022724388767281764,-0.00015442640616458313,0.0,0.0,0.0,-0.0006290134953998115,0.9999998021709917,-0.001169376572541769,0.0013237299348018254,0.0,0.0,0.0,0.00039166030844945207,1477,1530
0.022428911596398586,-1.6365286227874366e-05,0.0,0.0,0.0,-0.0005849436298335058,0.9999998289204604,-0.0011025034089277006,0.000513453729650035,0.0,0.0,0.0,0.00032867974831564964,1477,1530
0.022428911596398586,-1.6365286227874366e-05,0.0,0.0,0.0,-0.0005849436298335058,0.9999998289204604,-0.0011025034089277006,0.000513453729650035,0.0,0.0,0.0,0.00032867974831564964,1477,1530
0.022428911596398586,-1.6365286227874366e-05,0.0,0.0,0.0,-0.0005849436298335058,0.9999998289204604,-0.0011025034089277006,0.000513453729650035,0.0,0.0,0.0,0.00032867974831564964,1477,1530
0.022353134525970077,0.0002627171295619214,0.0,0.0,0.0,-0.0006513876855378518,0.999999787847019,-0.0002550377293630431,0.0009349619277232458,0.0,0.0,0.0,-0.00044533408643252154,1477,1530
0.022353134525970077,0.0002627171295619214,0.0,0.0,0.0,-0.0006513876855378518,0.999999787847019,-0.0002550377293630431,0.0009349619277232458,0.0,0.0,0.0,-0.00044533408643252154,1477,1530
0.022353134525970077,0.0002627171295619214,0.0,0.0,0.0,-0.0006513876855378518,0.999999787847019,-0.0002550377293630431,0.0009349619277232458,0.0,0.0,0.0,-0.00044533408643252154,1477,1530
0.022353134525970077,0.0002627171295619214,0.0,0.0,0.0,-0.0006513876855378518,0.999999787847019,-0.0002550377293630431,0.0009349619277232458,0.0,0.0,0.0,-0.00044533408643252154,1477,1530
0.022772515955083863,-0.00026997407303889706,0.0,0.0,0.0,-0.0005651527907276243,0.9999998403011489,0.001400128822347564,-0.001773660918959477,0.0,0.0,0.0,0.0005748495842574419,1477,1530
0.022772515955083863,-0.00026997407303889706,0.0,0.0,0.0,-0.0005651527907276243,0.9999998403011489,0.001400128822347564,-0.001773660918959477,0.0,0.0,0.0,0.0005748495842574419,1477,1530
0.022772515955083863,-0.00026997407303889706,0.0,0.0,0.0,-0.0005651527907276243,0.9999998403011489,0.001400128822347564,-0.001773660918959477,0.0,0.0,0.0,0.0005748495842574419,1477,1530
0.022772515955083863,-0.00026997407303889706,0.0,0.0,0.0,-0.0005651527907276243,0.9999998403011489,0.001400128822347564,-0.001773660918959477,0.0,0.0,0.0,0.0005748495842574419,1477,1530
0.022176207633374256,0.00019880754337930293,0.0,0.0,0.0,-0.0006319233626319756,0.9999998003364119,-0.0014902503331715097,0.0011688218490768267,0.0,0.0,0.0,-0.00033344028678185917,1477,1530
0.022176207633374256,0.00019880754337930293,0.0,0.0,0.0,-0.0006319233626319756,0.9999998003364119,-0.0014902503331715097,0.0011688218490768267,0.0,0.0,0.0,-0.00033344028678185917,1477,1530
0.022176207633374256,0.00019880754337930293,0.0,0.0,0.0,-0.0006319233626319756,0.9999998003364119,-0.0014902503331715097,0.0011688218490768267,0.0,0.0,0.0,-0.00033344028678185917,1477,1530
0.022111078637433036,0.00044376509399604493,0.0,0.0,0.0,-0.0006636138669378883,0.9999997798082936,-0.00015116001899251493,0.0005656501526384124,0.0,0.0,0.0,-0.00014640726319235895,1477,1530
0.022111078637433036,0.00044376509399604493,0.0,0.0,0.0,-0.0006636138669378883,0.9999997798082936,-0.00015116001899251493,0.0005656501526384124,0.0,0.0,0.0,-0.00014640726319235895,1477,1530
0.022395062271385685,0.00039628588141723533,0.0,0.0,0.0,-0.0006703606232740235,0.9999997753082922,0.0009463765348391396,-0.00015693377408865415,0.0,0.0,0.0,-4.495725566862711e-05,1477,1530
0.022395062271385685,0.00039628588141723533,0.0,0.0,0.0,-0.0006703606232740235,0.9999997753082922,0.0009463765348391396,-0.00015693377408865415,0.0,0.0,0.0,-4.495725566862711e-05,1477,1530
0.022395062271385685,0.00039628588141723533,0.0,0.0,0.0,-0.0006703606232740235,0.9999997753082922,0.0009463765348391396,-0.00015693377408865415,0.0,0.0,0.0,-4.495725566862711e-05,1477,1530
0.02220233621668935,0.00048618701896394886,0.0,0.0,0.0,-0.0006819064269607228,0.9999997675017854,-0.0009643140357864619,0.0004482514258128233,0.0,0.0,0.0,-0.00011546787802590926,1477,1530
0.02220233621668935,0.00048618701896394886,0.0,0.0,0.0,-0.0006819064269607228,0.9999997675017854,-0.0009643140357864619,0.0004482514258128233,0.0,0.0,0.0,-0.00011546787802590926,1477,1530
0.02220233621668935,0.00048618701896394886,0.0,0.0,0.0,-0.0006819064269607228,0.9999997675017854,-0.0009643140357864619,0.0004482514258128233,0.0,0.0,0.0,-0.00011546787802590926,1477,1530
0.022045449017282764,0.0003969179303079879,0.0,0.0,0.0,-0.0006597667317703229,0.9999997823539062,-0.0005225109648272542,-0.00029825370176878334,0.0,0.0,0.0,0.0001475866861588401,1477,1530
0.022045449017282764,0.0003969179303079879,0.0,0.0,0.0,-0.0006597667317703229,0.9999997823539062,-0.0005225109648272542,-0.00029825370176878334,0.0,0.0,0.0,0.0001475866861588401,1477,1530
0.022045449017282764,0.0003969179303079879,0.0,0.0,0.0,-0.0006597667317703229,0.9999997823539062,-0.0005225109648272542,-0.00029825370176878334,0.0,0.0,0.0,0.0001475866861588401,1477,1530
0.022045449017282764,0.0003969179303079879,0.0,0.0,0.0,-0.0006597667317703229,0.9999997823539062,-0.0005225109648272542,-0.00029825370176878334,0.0,0.0,0.0,0.0001475866861588401,1477,1530
0.02223286936305877,0.00029013374735554565,0.0,0.0,0.0,-0.0006509472857940914,0.9999997881337931,0.0005627901937855609,-0.0003196710853771323,0.0,0.0,0.0,5.292674330177114e-05,1477,1530
0.02223286936305877,0.00029013374735554565,0.0,0.0,0.0,-0.0006509472857940914,0.9999997881337931,0.0005627901937855609,-0.0003196710853771323,0.0,0.0,0.0,5.292674330177114e-05,1477,1530
0.02223286936305877,0.00029013374735554565,0.0,0.0,0.0,-0.0006509472857940914,0.9999997881337931,0.0005627901937855609,-0.0003196710853771323,0.0,0.0,0.0,5.292674330177114e-05,1477,1530
0.022121920527980683,0.00045163369878058684,0.0,0.0,0.0,-0.0006857883047939407,0.9999997648471729,-0.000303176335118115,0.0004400825066658423,0.0,0.0,0.0,-0.0001900516395920718,1477,1530
0.022121920527980683,0.00045163369878058684,0.0,0.0,0.0,-0.0006857883047939407,0.9999997648471729,-0.000303176335118115,0.0004400825066658423,0.0,0.0,0.0,-0.0001900516395920718,1477,1530
0.022451767930859737,-5.561376761238141e-05,0.0,0.0,0.0,-0.0006014279633950671,0.999999819142186,0.0012352354162726066,-0.0018938865763343286,0.0,0.0,0.0,0.0006305077359157374,1477,1530
0.022451767930859737,-5.561376761238141e-05,0.0,0.0,0.0,-0.0006014279633950671,0.999999819142186,0.0012352354162726066,-0.0018938865763343286,0.0,0.0,0.0,0.0006305077359157374,1477,1530
0.02222048492953701,0.00020722553402246867,0.0,0.0,0.0,-0.0006523002074496442,0.9999997872521971,-0.0009964632789635068,0.0011296780902332797,0.0,0.0,0.0,-0.000437759531483518,1477,1530
0.02222048492953701,0.00020722553402246867,0.0,0.0,0.0,-0.0006523002074496442,0.9999997872521971,-0.0009964632789635068,0.0011296780902332797,0.0,0.0,0.0,-0.000437759531483518,1477,1530
0.022155598537273356,-0.0003158683171012898,0.0,0.0,0.0,-0.0005521028732961439,0.999999847591197,-0.0002749667393409181,-0.0022406200369674764,0.0,0.0,0.0,0.000858232458625848,1477,1530
0.022155598537273356,-0.0003158683171012898,0.0,0.0,0.0,-0.0005521028732961439,0.999999847591197,-0.0002749667393409181,-0.0022406200369674764,0.0,0.0,0.0,0.000858232458625848,1477,1530
0.02157401440513074,0.0007490075571728186,0.0,0.0,0.0,-0.0006582415573216544,0.9999997833590026,-0.004369790414506861,0.00798009190576979,0.0,0.0,0.0,-0.0015917502614980355,1477,1530
0.02157401440513074,0.0007490075571728186,0.0,0.0,0.0,-0.0006582415573216544,0.9999997833590026,-0.004369790414506861,0.00798009190576979,0.0,0.0,0.0,-0.0015917502614980355,1477,1530
0.02157401440513074,0.0007490075571728186,0.0,0.0,0.0,-0.0006582415573216544,0.9999997833590026,-0.004369790414506861,0.00798009190576979,0.0,0.0,0.0,-0.0015917502614980355,1477,1530
0.021546764339840777,0.0008770801998054002,0.0,0.0,0.0,-0.0007267442047462272,0.9999997359213956,-0.00011751570644048645,0.0005487622414222508,0.0,0.0,0.0,-0.0005872017607609781,1477,1530
0.021546764339840777,0.0008770801998054002,0.0,0.0,0.0,-0.0007267442047462272,0.9999997359213956,-0.00011751570644048645,0.0005487622414222508,0.0,0.0,0.0,-0.0005872017607609781,1477,1530
0.021694599666421684,0.0008188722595167891,0.0,0.0,0.0,-0.0006959285703566292,0.9999997578416832,0.0004930987898011483,-0.00019332289461223472,0.0,0.0,0.0,0.0002054513113026886,1477,1530
0.021694599666421684,0.0008188722595167891,0.0,0.0,0.0,-0.0006959285703566292,0.9999997578416832,0.0004930987898011483,-0.00019332289461223472,0.0,0.0,0.0,0.0002054513113026886,1477,1530
0.021694599666421684,0.0008188722595167891,0.0,0.0,0.0,-0.0006959285703566292,0.9999997578416832,0.0004930987898011483,-0.00019332289461223472,0.0,0.0,0.0,0.0002054513113026886,1477,1530
0.021694599666421684,0.0008188722595167891,0.0,0.0,0.0,-0.0006959285703566292,0.9999997578416832,0.0004930987898011483,-0.00019332289461223472,0.0,0.0,0.0,0.0002054513113026886,1477,1530
0.02189904650736139,0.0002954510530489404,0.0,0.0,0.0,-0.0006365699823740942,0.9999997973893082,0.0010264403935820886,-0.0026171201097511996,0.0,0.0,0.0,0.0005939126632716136,1477,1530
0.02189904650736139,0.0002954510530489404,0.0,0.0,0.0,-0.0006365699823740942,0.9999997973893082,0.0010264403935820886,-0.0026171201097511996,0.0,0.0,0.0,0.0005939126632716136,1477,1530
0.02196406989097681,0.0002817331251298544,0.0,0.0,0.0,-0.0006164439880931564,0.9999998099983867,0.0002167080233512074,-4.543060513555964e-05,0.0,0.0,0.0,0.0001341147580873485,1477,1530
0.02196406989097681,0.0002817331251298544,0.0,0.0,0.0,-0.0006164439880931564,0.9999998099983867,0.0002167080233512074,-4.543060513555964e-05,0.0,0.0,0.0,0.0001341147580873485,1477,1530
0.02196406989097681,0.0002817331251298544,0.0,0.0,0.0,-0.0006164439880931564,0.9999998099983867,0.0002167080233512074,-4.543060513555964e-05,0.0,0.0,0.0,0.0001341147580873485,1477,1530
0.022021753216714825,0.00023971000846479662,0.0,0.0,0.0,-0.0006076258125731827,0.9999998153954189,0.0001729398124391092,-0.00012566301026525623,0.0,0.0,0.0,5.2827972091684655e-05,1477,1530
0.022021753216714825,0.00023971000846479662,0.0,0.0,0.0,-0.0006076258125731827,0.9999998153954189,0.0001729398124391092,-0.00012566301026525623,0.0,0.0,0.0,5.2827972091684655e-05,1477,1530
0.022021753216714825,0.00023971000846479662,0.0,0.0,0.0,-0.0006076258125731827,0.9999998153954189,0.0001729398124391092,-0.00012566301026525623,0.0,0.0,0.0,5.2827972091684655e-05,1477,1530
0.022021753216714825,0.00023971000846479662,0.0,0.0,0.0,-0.0006076258125731827,0.9999998153954189,0.0001729398124391092,-0.00012566301026525623,0.0,0.0,0.0,5.2827972091684655e-05,1477,1530
0.022021753216714825,0.00023971000846479662,0.0,0.0,0.0,-0.0006076258125731827,0.9999998153954189,0.0001729398124391092,-0.00012566301026525623,0.0,0.0,0.0,5.2827972091684655e-05,1477,1530
0.022011186776219757,0.00016963292408733583,0.0,0.0,0.0,-0.0005878359760666128,0.9999998272244177,-3.935652164218794e-05,-0.00026318311146485943,0.0,0.0,0.0,0.00014861923460010175,1477,1530
0.021537391588496307,0.000859831143439833,0.0,0.0,0.0,-0.0006871682628208688,0.9999997638998614,-0.0010170738125836625,0.001477889149295108,0.0,0.0,0.0,-0.00042573512636755466,1477,1530
0.021537391588496307,0.000859831143439833,0.0,0.0,0.0,-0.0006871682628208688,0.9999997638998614,-0.0010170738125836625,0.001477889149295108,0.0,0.0,0.0,-0.00042573512636755466,1477,1530
0.021537391588496307,0.000859831143439833,0.0,0.0,0.0,-0.0006871682628208688,0.9999997638998614,-0.0010170738125836625,0.001477889149295108,0.0,0.0,0.0,-0.00042573512636755466,1477,1530
0.02186582311295804,0.0005655746646290393,0.0,0.0,0.0,-0.0006485767908030313,0.9999997896740511,0.004888658613277487,-0.004367870743792085,0.0,0.0,0.0,0.0011474460898711297,1477,1530
0.02186582311295804,0.0005655746646290393,0.0,0.0,0.0,-0.0006485767908030313,0.9999997896740511,0.004888658613277487,-0.004367870743792085,0.0,0.0,0.0,0.0011474460898711297,1477,1530
0.02320132793330207,0.001210824841674007,0.0,0.0,0.0,-0.0005196024898266822,0.9999998650066172,0.003647756570680916,0.0017682562886634507,0.0,0.0,0.0,0.0007049953822281789,1477,1530
0.02320132793330207,0.001210824841674007,0.0,0.0,0.0,-0.0005196024898266822,0.9999998650066172,0.003647756570680916,0.0017682562886634507,0.0,0.0,0.0,0.0007049953822281789,1477,1530
0.021613833442281797,0.0008713406195180908,0.0,0.0,0.0,-0.0007087386233470442,0.9999997488447503,-0.0067970606078215775,-0.001460933306499983,0.0,0.0,0.0,-0.0016199822559462,1477,1530
0.021613833442281797,0.0008713406195180908,0.0,0.0,0.0,-0.0007087386233470442,0.9999997488447503,-0.0067970606078215775,-0.001460933306499983,0.0,0.0,0.0,-0.0016199822559462,1477,1530
0.021949076234584714,0.0004448828409095453,0.0,0.0,0.0,-0.0006445471261011408,0.9999997922794795,0.0033531714846247143,-0.004253101612145819,0.0,0.0,0.0,0.0012818049862765247,1477,1530
0.021949076234584714,0.0004448828409095453,0.0,0.0,0.0,-0.0006445471261011408,0.9999997922794795,0.0033531714846247143,-0.004253101612145819,0.0,0.0,0.0,0.0012818049862765247,1477,1530
0.021949076234584714,0.0004448828409095453,0.0,0.0,0.0,-0.0006445471261011408,0.9999997922794795,0.0033531714846247143,-0.004253101612145819,0.0,0.0,0.0,0.0012818049862765247,1477,1530
0.0217751668083387,0.000772084170735108,0.0,0.0,0.0,-0.000708260810807961,0.9999997491832805,-0.000581138451686364,0.0010899883071806284,0.0,0.0,0.0,-0.00042478348200699825,1477,1530
0.0217751668083387,0.000772084170735108,0.0,0.0,0.0,-0.000708260810807961,0.9999997491832805,-0.000581138451686364,0.0010899883071806284,0.0,0.0,0.0,-0.00042478348200699825,1477,1530
0.0217751668083387,0.000772084170735108,0.0,0.0,0.0,-0.000708260810807961,0.9999997491832805,-0.000581138451686364,0.0010899883071806284,0.0,0.0,0.0,-0.00042478348200699825,1477,1530
0.0217751668083387,0.000772084170735108,0.0,0.0,0.0,-0.000708260810807961,0.9999997491832805,-0.000581138451686364,0.0010899883071806284,0.0,0.0,0.0,-0.00042478348200699825,1477,1530
0.02171890082206169,0.0007025776754516418,0.0,0.0,0.0,-0.0006821554547264925,0.9999997673319407,-0.00021065698683006762,-0.0002609838634663872,0.0,0.0,0.0,0.00019581714276558187,1477,1530
0.02171890082206169,0.0007025776754516418,0.0,0.0,0.0,-0.0006821554547264925,0.9999997673319407,-0.00021065698683006762,-0.0002609838634663872,0.0,0.0,0.0,0.00019581714276558187,1477,1530
0.022094352886235746,0.0010830703539807542,0.0,0.0,0.0,-0.0004810717926090678,0.9999998842849585,0.0011262450385538848,0.0011444843353002516,0.0,0.0,0.0,0.001208054520730048,1477,1530
0.022094352886235746,0.0010830703539807542,0.0,0.0,0.0,-0.0004810717926090678,0.9999998842849585,0.0011262450385538848,0.0011444843353002516,0.0,0.0,0.0,0.001208054520730048,1477,1530
0.022094352886235746,0.0010830703539807542,0.0,0.0,0.0,-0.0004810717926090678,0.9999998842849585,0.0011262450385538848,0.0011444843353002516,0.0,0.0,0.0,0.001208054520730048,1477,1530
0.021325472793282105,0.00130046860788392,0.0,0.0,0.0,-0.0008007435849215512,0.9999996794048042,-0.0032878990461531776,0.0009262269641303263,0.0,0.0,0.0,-0.0027332309076691257,1477,1530
0.021325472793282105,0.00130046860788392,0.0,0.0,0.0,-0.0008007435849215512,0.9999996794048042,-0.0032878990461531776,0.0009262269641303263,0.0,0.0,0.0,-0.0027332309076691257,1477,1530
0.021325472793282105,0.00130046860788392,0.0,0.0,0.0,-0.0008007435849215512,0.9999996794048042,-0.0032878990461531776,0.0009262269641303263,0.0,0.0,0.0,-0.0027332309076691257,1477,1530
0.022016244333503784,0.0003075842857060173,0.0,0.0,0.0,-0.0006449948043924288,0.9999997919908296,0.002307676844872939,-0.003305647154463916,0.0,0.0,0.0,0.0010382389517496822,1477,1530
0.022016244333503784,0.0003075842857060173,0.0,0.0,0.0,-0.0006449948043924288,0.9999997919908296,0.002307676844872939,-0.003305647154463916,0.0,0.0,0.0,0.0010382389517496822,1477,1530
0.021767700152817628,0.00053363605792147,0.0,0.0,0.0,-0.0006515701452582669,0.9999997877281503,-0.0009323316133057516,0.0008457637611218919,0.0,0.0,0.0,-4.9272692340932474e-05,1477,1530
0.021767700152817628,0.00053363605792147,0.0,0.0,0.0,-0.0006515701452582669,0.9999997877281503,-0.0009323316133057516,0.0008457637611218919,0.0,0.0,0.0,-4.9272692340932474e-05,1477,1530
0.021767700152817628,0.00053363605792147,0.0,0.0,0.0,-0.0006515701452582669,0.9999997877281503,-0.0009323316133057516,0.0008457637611218919,0.0,0.0,0.0,-4.9272692340932474e-05,1477,1530
0.021767700152817628,0.00053363605792147,0.0,0.0,0.0,-0.0006515701452582669,0.9999997877281503,-0.0009323316133057516,0.0008457637611218919,0.0,0.0,0.0,-4.9272692340932474e-05,1477,1530
0.021348317199280566,-0.0001936863535656494,0.0,0.0,0.0,-0.00047139570292833153,0.9999998888930395,-0.0020952749795041933,-0.003644735752087044,0.0,0.0,0.0,0.0018044152345470768,1477,1530
0.021348317199280566,-0.0001936863535656494,0.0,0.0,0.0,-0.00047139570292833153,0.9999998888930395,-0.0020952749795041933,-0.003644735752087044,0.0,0.0,0.0,0.0018044152345470768,1477,1530
0.021348317199280566,-0.0001936863535656494,0.0,0.0,0.0,-0.00047139570292833153,0.9999998888930395,-0.0020952749795041933,-0.003644735752087044,0.0,0.0,0.0,0.0018044152345470768,1477,1530
0.021348317199280566,-0.0001936863535656494,0.0,0.0,0.0,-0.00047139570292833153,0.9999998888930395,-0.0020952749795041933,-0.003644735752087044,0.0,0.0,0.0,0.0018044152345470768,1477,1530
0.021056515292363062,0.0006706827716695298,0.0,0.0,0.0,-0.0006272259545082047,0.9999998032937817,-0.0005853481220815997,0.001728526056679124,0.0,0.0,0.0,-0.0006234432933541768,1477,1530
0.021056515292363062,0.0006706827716695298,0.0,0.0,0.0,-0.0006272259545082047,0.9999998032937817,-0.0005853481220815997,0.001728526056679124,0.0,0.0,0.0,-0.0006234432933541768,1477,1530
0.021056515292363062,0.0006706827716695298,0.0,0.0,0.0,-0.0006272259545082047,0.9999998032937817,-0.0005853481220815997,0.001728526056679124,0.0,0.0,0.0,-0.0006234432933541768,1477,1530
0.021379558160285264,0.00042589709147118523,0.0,0.0,0.0,-0.0006176378733199596,0.9999998092617105,0.0012116056668333543,-0.0009157036609833601,0.0,0.0,0.0,7.185394803935702e-05,1477,1530
0.021379558160285264,0.00042589709147118523,0.0,0.0,0.0,-0.0006176378733199596,0.9999998092617105,0.0012116056668333543,-0.0009157036609833601,0.0,0.0,0.0,7.185394803935702e-05,1477,1530
0.021447312474280122,0.0005112451206331067,0.0,0.0,0.0,-0.0006062356233090292,0.9999998162391677,0.0001845127551138236,0.00023301555849884352,0.0,0.0,0.0,6.219947438529653e-05,1477,1530
0.021447312474280122,0.0005112451206331067,0.0,0.0,0.0,-0.0006062356233090292,0.9999998162391677,0.0001845127551138236,0.00023301555849884352,0.0,0.0,0.0,6.219947438529653e-05,1477,1530
0.021447312474280122,0.0005112451206331067,0.0,0.0,0.0,-0.0006062356233090292,0.9999998162391677,0.0001845127551138236,0.00023301555849884352,0.0,0.0,0.0,6.219947438529653e-05,1477,1530
0.021221593768540253,0.0005619293664020248,0.0,0.0,0.0,-0.0006199012973606451,0.9999998078611724,-0.000966805375735291,0.00021586134287190835,0.0,0.0,0.0,-0.00011703472431563551,1477,1530
0.021221593768540253,0.0005619293664020248,0.0,0.0,0.0,-0.0006199012973606451,0.9999998078611724,-0.000966805375735291,0.00021586134287190835,0.0,0.0,0.0,-0.00011703472431563551,1477,1530
0.021256302684431166,0.000639903540739582,0.0,0.0,0.0,-0.000628208222539918,0.9999998026771951,0.00014851522880909482,0.0003347585188295059,0.0,0.0,0.0,-7.128726520988031e-05,1477,1530
0.021256302684431166,0.000639903540739582,0.0,0.0,0.0,-0.000628208222539918,0.9999998026771951,0.00014851522880909482,0.0003347585188295059,0.0,0.0,0.0,-7.128726520988031e-05,1477,1530
0.021256302684431166,0.000639903540739582,0.0,0.0,0.0,-0.000628208222539918,0.9999998026771951,0.00014851522880909482,0.0003347585188295059,0.0,0.0,0.0,-7.128726520988031e-05,1477,1530
0.021559692083443112,0.00017286520289413988,0.0,0.0,0.0,-0.000586442344919767,0.9999998280426733,0.0011212645991041893,-0.001721339227303676,0.0,0.0,0.0,0.00030812048139691766,1477,1530
0.021559692083443112,0.00017286520289413988,0.0,0.0,0.0,-0.000586442344919767,0.9999998280426733,0.0011212645991041893,-0.001721339227303676,0.0,0.0,0.0,0.00030812048139691766,1477,1530
0.021331224915557345,0.0004502439048175631,0.0,0.0,0.0,-0.0006104354453839942,0.9999998136842662,-0.0023713720205656786,0.0028721773772760837,0.0,0.0,0.0,-0.0004973643465307324,1477,1530
0.021331224915557345,0.0004502439048175631,0.0,0.0,0.0,-0.0006104354453839942,0.9999998136842662,-0.0023713720205656786,0.0028721773772760837,0.0,0.0,0.0,-0.0004973643465307324,1477,1530
0.021331224915557345,0.0004502439048175631,0.0,0.0,0.0,-0.0006104354453839942,0.9999998136842662,-0.0023713720205656786,0.0028721773772760837,0.0,0.0,0.0,-0.0004973643465307324,1477,1530
0.021331224915557345,0.0004502439048175631,0.0,0.0,0.0,-0.0006104354453839942,0.9999998136842662,-0.0023713720205656786,0.0028721773772760837,0.0,0.0,0.0,-0.0004973643465307324,1477,1530
0.02115825408331405,0.0007293682338190509,0.0,0.0,0.0,-0.0006389646827877645,0.9999997958620462,-0.000400497013315693,0.0006445262777638307,0.0,0.0,0.0,-0.00013185366289600136,1477,1530
0.02115825408331405,0.0007293682338190509,0.0,0.0,0.0,-0.0006389646827877645,0.9999997958620462,-0.000400497013315693,0.0006445262777638307,0.0,0.0,0.0,-0.00013185366289600136,1477,1530
0.021172858109590863,0.0007264740157707636,0.0,0.0,0.0,-0.0006602163607661915,0.9999997820571548,4.386608376805381e-05,-8.635112099095908e-06,0.0,0.0,0.0,-0.00012763504947938654,1477,1530
0.021172858109590863,0.0007264740157707636,0.0,0.0,0.0,-0.0006602163607661915,0.9999997820571548,4.386608376805381e-05,-8.635112099095908e-06,0.0,0.0,0.0,-0.00012763504947938654,1477,1530
0.021172858109590863,0.0007264740157707636,0.0,0.0,0.0,-0.0006602163607661915,0.9999997820571548,4.386608376805381e-05,-8.635112099095908e-06,0.0,0.0,0.0,-0.00012763504947938654,1477,1530
0.0214140230491272,0.00018142891470295896,0.0,0.0,0.0,-0.0006048827871744225,0.9999998170583901,0.0012074178090618326,-0.002719117184998342,0.0,0.0,0.0,0.0005524188311463048,1477,1530
0.0214140230491272,0.00018142891470295896,0.0,0.0,0.0,-0.0006048827871744225,0.9999998170583901,0.0012074178090618326,-0.002719117184998342,0.0,0.0,0.0,0.0005524188311463048,1477,1530
0.02165925288043279,0.00018742822389888412,0.0,0.0,0.0,-0.0005819957564045964,0.9999998306404554,0.0008177677981586514,2.0995822692904552e-05,0.0,0.0,0.0,0.0001526473968439,1477,1530
0.02165925288043279,0.00018742822389888412,0.0,0.0,0.0,-0.0005819957564045964,0.9999998306404554,0.0008177677981586514,2.0995822692904552e-05,0.0,0.0,0.0,0.0001526473968439,1477,1530
0.02165925288043279,0.00018742822389888412,0.0,0.0,0.0,-0.0005819957564045964,0.9999998306404554,0.0008177677981586514,2.0995822692904552e-05,0.0,0.0,0.0,0.0001526473968439,1477,1530
0.02158715944009098,0.0002267313705016576,0.0,0.0,0.0,-0.0005556375147065507,0.9999998456334642,-0.0007203397042746591,0.00039162027279021253,0.0,0.0,0.0,0.0005263963804823635,1477,1530
0.02158715944009098,0.0002267313705016576,0.0,0.0,0.0,-0.0005556375147065507,0.9999998456334642,-0.0007203397042746591,0.00039162027279021253,0.0,0.0,0.0,0.0005263963804823635,1477,1530
0.021179954121208454,0.0006431594163454961,0.0,0.0,0.0,-0.0006158267289188925,0.999999810378702,-0.0010192205446884967,0.001039990178710871,0.0,0.0,0.0,-0.00030096117060857884,1477,1530
0.021179954121208454,0.0006431594163454961,0.0,0.0,0.0,-0.0006158267289188925,0.999999810378702,-0.0010192205446884967,0.001039990178710871,0.0,0.0,0.0,-0.00030096117060857884,1477,1530
0.021179954121208454,0.0006431594163454961,0.0,0.0,0.0,-0.0006158267289188925,0.999999810378702,-0.0010192205446884967,0.001039990178710871,0.0,0.0,0.0,-0.00030096117060857884,1477,1530
0.021007306794506395,0.0006374503606546805,0.0,0.0,0.0,-0.0006455582992583448,0.9999997916272194,-0.000740046056398373,-2.538415999956891e-05,0.0,0.0,0.0,-0.0002548970670762772,1477,1530
0.021025418104207577,0.0007374912640466546,0.0,0.0,0.0,-0.0006526019231024167,0.9999997870553423,5.9935239484520256e-05,0.00033351844112337414,0.0,0.0,0.0,-4.6953432887720064e-05,1477,1530
0.021025418104207577,0.0007374912640466546,0.0,0.0,0.0,-0.0006526019231024167,0.9999997870553423,5.9935239484520256e-05,0.00033351844112337414,0.0,0.0,0.0,-4.6953432887720064e-05,1477,1530
0.021025418104207577,0.0007374912640466546,0.0,0.0,0.0,-0.0006526019231024167,0.9999997870553423,5.9935239484520256e-05,0.00033351844112337414,0.0,0.0,0.0,-4.6953432887720064e-05,1477,1530
0.021310437998358345,0.000433353407475904,0.0,0.0,0.0,-0.0006101227603402219,0.9999998138750913,0.008305928271471662,-0.0088399030506585,0.0,0.0,0.0,0.0024723785012428327,1477,1530
0.021310437998358345,0.000433353407475904,0.0,0.0,0.0,-0.0006101227603402219,0.9999998138750913,0.008305928271471662,-0.0088399030506585,0.0,0.0,0.0,0.0024723785012428327,1477,1530
0.021310437998358345,0.000433353407475904,0.0,0.0,0.0,-0.0006101227603402219,0.9999998138750913,0.008305928271471662,-0.0088399030506585,0.0,0.0,0.0,0.0024723785012428327,1477,1530
0.021089219839908323,0.0007915188499267901,0.0,0.0,0.0,-0.0006590159428987307,0.99999978284897,-0.0007407068499995562,0.0011959820462632022,0.0,0.0,0.0,-0.0003267737287334407,1477,1530
0.0213346425083089,0.00037161224082257857,0.0,0.0,0.0,-0.0006192702190802762,0.9999998082521795,0.0009230107560241088,-0.0015744607533384886,0.0,0.0,0.0,0.0002982872490365577,1477,1530
0.0213346425083089,0.00037161224082257857,0.0,0.0,0.0,-0.0006192702190802762,0.9999998082521795,0.0009230107560241088,-0.0015744607533384886,0.0,0.0,0.0,0.0002982872490365577,1477,1530
0.021283400641831825,0.0005626798419964005,0.0,0.0,0.0,-0.0006227053404465347,0.9999998061190107,-0.00025737434419647356,0.0009549531008582513,0.0,0.0,0.0,-3.434881586878276e-05,1477,1530
0.021283400641831825,0.0005626798419964005,0.0,0.0,0.0,-0.0006227053404465347,0.9999998061190107,-0.00025737434419647356,0.0009549531008582513,0.0,0.0,0.0,-3.434881586878276e-05,1477,1530
0.021283400641831825,0.0005626798419964005,0.0,0.0,0.0,-0.0006227053404465347,0.9999998061190107,-0.00025737434419647356,0.0009549531008582513,0.0,0.0,0.0,-3.434881586878276e-05,1477,1530
0.021436215067068803,-0.001218388738838405,0.0,0.0,0.0,-0.0003644525198224439,0.9999999335871782,0.000775166216479371,-0.008904428936610182,0.0,0.0,0.0,0.0025825414119959303,1477,1530
0.021436215067068803,-0.001218388738838405,0.0,0.0,0.0,-0.0003644525198224439,0.9999999335871782,0.000775166216479371,-0.008904428936610182,0.0,0.0,0.0,0.0025825414119959303,1477,1530
0.021436215067068803,-0.001218388738838405,0.0,0.0,0.0,-0.0003644525198224439,0.9999999335871782,0.000775166216479371,-0.008904428936610182,0.0,0.0,0.0,0.0025825414119959303,1477,1530
0.02076381617733505,0.0005526633089889986,0.0,0.0,0.0,-0.0006205782035440713,0.9999998074413281,-0.0028880252059310194,0.0075901807452237085,0.0,0.0,0.0,-0.002195959297687409,1477,1530
0.02076381617733505,0.0005526633089889986,0.0,0.0,0.0,-0.0006205782035440713,0.9999998074413281,-0.0028880252059310194,0.0075901807452237085,0.0,0.0,0.0,-0.002195959297687409,1477,1530
0.02080291163799273,0.0007147084589673316,0.0,0.0,0.0,-0.0006226432740978984,0.9999998061576578,0.0001060521482318763,0.00044197648170997796,0.0,0.0,0.0,-1.1261556074337865e-05,1477,1530
0.02080291163799273,0.0007147084589673316,0.0,0.0,0.0,-0.0006226432740978984,0.9999998061576578,0.0001060521482318763,0.00044197648170997796,0.0,0.0,0.0,-1.1261556074337865e-05,1477,1530
0.02080291163799273,0.0007147084589673316,0.0,0.0,0.0,-0.0006226432740978984,0.9999998061576578,0.0001060521482318763,0.00044197648170997796,0.0,0.0,0.0,-1.1261556074337865e-05,1477,1530
0.02080291163799273,0.0007147084589673316,0.0,0.0,0.0,-0.0006226432740978984,0.9999998061576578,0.0001060521482318763,0.00044197648170997796,0.0,0.0,0.0,-1.1261556074337865e-05,1477,1530
0.02080291163799273,0.0007147084589673316,0.0,0.0,0.0,-0.0006226432740978984,0.9999998061576578,0.0001060521482318763,0.00044197648170997796,0.0,0.0,0.0,-1.1261556074337865e-05,1477,1530
0.021043774535444197,0.0005979739117265502,0.0,0.0,0.0,-0.0006357310846407172,0.9999997979229736,0.000890475478113823,-0.00043020167470426464,0.0,0.0,0.0,-9.671357676947599e-05,1477,1530
0.021388167743795587,6.515728052885615e-05,0.0,0.0,0.0,-0.000550843157990349,0.9999998482858962,0.0008716672123666366,-0.0013448175875921265,0.0,0.0,0.0,0.0004288634338892876,1477,1530
0.021388167743795587,6.515728052885615e-05,0.0,0.0,0.0,-0.000550843157990349,0.9999998482858962,0.0008716672123666366,-0.0013448175875921265,0.0,0.0,0.0,0.0004288634338892876,1477,1530
0.021388167743795587,6.515728052885615e-05,0.0,0.0,0.0,-0.000550843157990349,0.9999998482858962,0.0008716672123666366,-0.0013448175875921265,0.0,0.0,0.0,0.0004288634338892876,1477,1530
0.021388167743795587,6.515728052885615e-05,0.0,0.0,0.0,-0.000550843157990349,0.9999998482858962,0.0008716672123666366,-0.0013448175875921265,0.0,0.0,0.0,0.0004288634338892876,1477,1530
0.02134845879489897,0.00015798288431809188,0.0,0.0,0.0,-0.0005488552993470449,0.9999998493789188,-0.00023827906415530847,0.0005553202735156181,0.0,0.0,0.0,2.379557983459158e-05,1477,1530
0.02091386349782277,-0.00023470136456341128,0.0,0.0,0.0,-0.00042134156164654675,0.9999999112356404,-0.0011846058898032875,-0.0010727304459347195,0.0,0.0,0.0,0.0006958363593655228,1477,1530
0.02091386349782277,-0.00023470136456341128,0.0,0.0,0.0,-0.00042134156164654675,0.9999999112356404,-0.0011846058898032875,-0.0010727304459347195,0.0,0.0,0.0,0.0006958363593655228,1477,1530
0.02091386349782277,-0.00023470136456341128,0.0,0.0,0.0,-0.00042134156164654675,0.9999999112356404,-0.0011846058898032875,-0.0010727304459347195,0.0,0.0,0.0,0.0006958363593655228,1477,1530
0.021515889317556977,-0.00041923447559213137,0.0,0.0,0.0,-0.0004409585175263977,0.9999999027777882,0.004521184681435082,-0.001381667894646216,0.0,0.0,0.0,-0.0002945688177460795,1477,1530
0.021515889317556977,-0.00041923447559213137,0.0,0.0,0.0,-0.0004409585175263977,0.9999999027777882,0.004521184681435082,-0.001381667894646216,0.0,0.0,0.0,-0.0002945688177460795,1477,1530
0.021515889317556977,-0.00041923447559213137,0.0,0.0,0.0,-0.0004409585175263977,0.9999999027777882,0.004521184681435082,-0.001381667894646216,0.0,0.0,0.0,-0.0002945688177460795,1477,1530
0.021069074038204638,0.0001306091478682038,0.0,0.0,0.0,-0.0005453456306263505,0.9999998512990604,-0.0022342770043899786,0.0027445159849161125,0.0,0.0,0.0,-0.0010428336370430452,1477,1530
0.021069074038204638,0.0001306091478682038,0.0,0.0,0.0,-0.0005453456306263505,0.9999998512990604,-0.0022342770043899786,0.0027445159849161125,0.0,0.0,0.0,-0.0010428336370430452,1477,1530
0.021069074038204638,0.0001306091478682038,0.0,0.0,0.0,-0.0005453456306263505,0.9999998512990604,-0.0022342770043899786,0.0027445159849161125,0.0,0.0,0.0,-0.0010428336370430452,1477,1530
0.021069074038204638,0.0001306091478682038,0.0,0.0,0.0,-0.0005453456306263505,0.9999998512990604,-0.0022342770043899786,0.0027445159849161125,0.0,0.0,0.0,-0.0010428336370430452,1477,1530
0.02102510237631662,0.000244828070234376,0.0,0.0,0.0,-0.0005496833361130491,0.9999998489241035,-0.00011019425165300273,0.0002853074082088037,0.0,0.0,0.0,-2.1679425325613532e-05,1477,1530
0.02102510237631662,0.000244828070234376,0.0,0.0,0.0,-0.0005496833361130491,0.9999998489241035,-0.00011019425165300273,0.0002853074082088037,0.0,0.0,0.0,-2.1679425325613532e-05,1477,1530
0.02102510237631662,0.000244828070234376,0.0,0.0,0.0,-0.0005496833361130491,0.9999998489241035,-0.00011019425165300273,0.0002853074082088037,0.0,0.0,0.0,-2.1679425325613532e-05,1477,1530
0.02102510237631662,0.000244828070234376,0.0,0.0,0.0,-0.0005496833361130491,0.9999998489241035,-0.00011019425165300273,0.0002853074082088037,0.0,0.0,0.0,-2.1679425325613532e-05,1477,1530
0.020910643934780627,0.0004218757309237049,0.0,0.0,0.0,-0.0005704541059434716,0.9999998372910432,-0.0003095241650261832,0.00047762851575881073,0.0,0.0,0.0,-0.00011214805522942647,1477,1530
0.020910643934780627,0.0004218757309237049,0.0,0.0,0.0,-0.0005704541059434716,0.9999998372910432,-0.0003095241650261832,0.00047762851575881073,0.0,0.0,0.0,-0.00011214805522942647,1477,1530
0.02110860353147897,0.0001989448786064682,0.0,0.0,0.0,-0.0005330644339701648,0.9999998579211445,0.0005464982201662579,-0.00061402283313698,0.0,0.0,0.0,0.00020617526238467457,1477,1530
0.02110860353147897,0.0001989448786064682,0.0,0.0,0.0,-0.0005330644339701648,0.9999998579211445,0.0005464982201662579,-0.00061402283313698,0.0,0.0,0.0,0.00020617526238467457,1477,1530
0.02110860353147897,0.0001989448786064682,0.0,0.0,0.0,-0.0005330644339701648,0.9999998579211445,0.0005464982201662579,-0.00061402283313698,0.0,0.0,0.0,0.00020617526238467457,1477,1530
0.02110860353147897,0.0001989448786064682,0.0,0.0,0.0,-0.0005330644339701648,0.9999998579211445,0.0005464982201662579,-0.00061402283313698,0.0,0.0,0.0,0.00020617526238467457,1477,1530
0.02110860353147897,0.0001989448786064682,0.0,0.0,0.0,-0.0005330644339701648,0.9999998579211445,0.0005464982201662579,-0.00061402283313698,0.0,0.0,0.0,0.00020617526238467457,1477,1530
0.021110828339176418,0.00025591469778931845,0.0,0.0,0.0,-0.0005530828849955747,0.9999998470496495,6.443942687830247e-05,0.0016964582895334123,0.0,0.0,0.0,-0.0011921778266634133,1477,1530
0.021110828339176418,0.00025591469778931845,0.0,0.0,0.0,-0.0005530828849955747,0.9999998470496495,6.443942687830247e-05,0.0016964582895334123,0.0,0.0,0.0,-0.0011921778266634133,1477,1530
0.021110828339176418,0.00025591469778931845,0.0,0.0,0.0,-0.0005530828849955747,0.9999998470496495,6.443942687830247e-05,0.0016964582895334123,0.0,0.0,0.0,-0.0011921778266634133,1477,1530
0.021430496137964668,0.00029603190815470935,0.0,0.0,0.0,-0.0005840685662340094,0.9999998294319404,0.0004566476652612262,5.782086788801675e-05,0.0,0.0,0.0,-8.853888007502781e-05,1477,1530
0.021430496137964668,0.00029603190815470935,0.0,0.0,0.0,-0.0005840685662340094,0.9999998294319404,0.0004566476652612262,5.782086788801675e-05,0.0,0.0,0.0,-8.853888007502781e-05,1477,1530
0.021430496137964668,0.00029603190815470935,0.0,0.0,0.0,-0.0005840685662340094,0.9999998294319404,0.0004566476652612262,5.782086788801675e-05,0.0,0.0,0.0,-8.853888007502781e-05,1477,1530
0.02098848043972613,0.00033662046520882365,0.0,0.0,0.0,-0.0005351347677691265,0.99999985681538,-0.0018962235752723133,0.00017188923895668915,0.0,0.0,0.0,0.00041980204962206215,1477,1530
0.02098848043972613,0.00033662046520882365,0.0,0.0,0.0,-0.0005351347677691265,0.99999985681538,-0.0018962235752723133,0.00017188923895668915,0.0,0.0,0.0,0.00041980204962206215,1477,1530
0.0209855319066425,7.588421220097166e-05,0.0,0.0,0.0,-0.0005228910146496616,0.999999863292484,-7.2779934033807815e-06,-0.0007108737752397427,0.0,0.0,0.0,6.676220712550534e-05,1477,1530
0.0209855319066425,7.588421220097166e-05,0.0,0.0,0.0,-0.0005228910146496616,0.999999863292484,-7.2779934033807815e-06,-0.0007108737752397427,0.0,0.0,0.0,6.676220712550534e-05,1477,1530
0.0209855319066425,7.588421220097166e-05,0.0,0.0,0.0,-0.0005228910146496616,0.999999863292484,-7.2779934033807815e-06,-0.0007108737752397427,0.0,0.0,0.0,6.676220712550534e-05,1477,1530
0.02002216919887743,0.0008869519438582136,0.0,0.0,0.0,-0.0005449733330395709,0.9999998515020221,-0.004129645934050449,0.0034694298172101134,0.0,0.0,0.0,-0.00018915409157947607,1477,1530
0.02002216919887743,0.0008869519438582136,0.0,0.0,0.0,-0.0005449733330395709,0.9999998515020221,-0.004129645934050449,0.0034694298172101134,0.0,0.0,0.0,-0.00018915409157947607,1477,1530
0.02002216919887743,0.0008869519438582136,0.0,0.0,0.0,-0.0005449733330395709,0.9999998515020221,-0.004129645934050449,0.0034694298172101134,0.0,0.0,0.0,-0.00018915409157947607,1477,1530
0.019714193489972484,0.0011617380890462435,0.0,0.0,0.0,-0.0006073744378245883,0.9999998155481291,-0.0013223707148940157,0.001177276823479397,0.0,0.0,0.0,-0.0005353492801009976,1477,1530
0.019714193489972484,0.0011617380890462435,0.0,0.0,0.0,-0.0006073744378245883,0.9999998155481291,-0.0013223707148940157,0.001177276823479397,0.0,0.0,0.0,-0.0005353492801009976,1477,1530
0.019714193489972484,0.0011617380890462435,0.0,0.0,0.0,-0.0006073744378245883,0.9999998155481291,-0.0013223707148940157,0.001177276823479397,0.0,0.0,0.0,-0.0005353492801009976,1477,1530
0.019714193489972484,0.0011617380890462435,0.0,0.0,0.0,-0.0006073744378245883,0.9999998155481291,-0.0013223707148940157,0.001177276823479397,0.0,0.0,0.0,-0.0005353492801009976,1477,1530
0.020242293112385883,0.000607253300648309,0.0,0.0,0.0,-0.0004853245801786013,0.999999882230019,0.0014411904944851821,-0.0015095199536405448,0.0,0.0,0.0,0.0006653032195941004,1477,1530
0.020242293112385883,0.000607253300648309,0.0,0.0,0.0,-0.0004853245801786013,0.999999882230019,0.0014411904944851821,-0.0015095199536405448,0.0,0.0,0.0,0.0006653032195941004,1477,1530
0.020590609458707214,0.0003997371050464194,0.0,0.0,0.0,-0.0004568045941147184,0.999999895664776,0.0011617176139952464,-0.0006905887457947058,0.0,0.0,0.0,0.00019013199395538999,1477,1530
0.020590609458707214,0.0003997371050464194,0.0,0.0,0.0,-0.0004568045941147184,0.999999895664776,0.0011617176139952464,-0.0006905887457947058,0.0,0.0,0.0,0.00019013199395538999,1477,1530
0.020590609458707214,0.0003997371050464194,0.0,0.0,0.0,-0.0004568045941147184,0.999999895664776,0.0011617176139952464,-0.0006905887457947058,0.0,0.0,0.0,0.00019013199395538999,1477,1530
0.021057949164946677,0.00025029626790152784,0.0,0.0,0.0,-0.0005054525184594995,0.9999998722588677,0.0017528620612733332,-0.0005587466074176102,0.0,0.0,0.0,-0.00036482344839208747,1477,1530
0.021057949164946677,0.00025029626790152784,0.0,0.0,0.0,-0.0005054525184594995,0.9999998722588677,0.0017528620612733332,-0.0005587466074176102,0.0,0.0,0.0,-0.00036482344839208747,1477,1530
0.021057949164946677,0.00025029626790152784,0.0,0.0,0.0,-0.0005054525184594995,0.9999998722588677,0.0017528620612733332,-0.0005587466074176102,0.0,0.0,0.0,-0.00036482344839208747,1477,1530
0.021745331809632333,-0.0004197895932937838,0.0,0.0,0.0,-0.00040732197891458333,0.9999999170443993,0.002292836794649784,-0.002230625511315527,0.0,0.0,0.0,0.000654005282708043,1477,1530
0.021745331809632333,-0.0004197895932937838,0.0,0.0,0.0,-0.00040732197891458333,0.9999999170443993,0.002292836794649784,-0.002230625511315527,0.0,0.0,0.0,0.000654005282708043,1477,1530
0.021745331809632333,-0.0004197895932937838,0.0,0.0,0.0,-0.00040732197891458333,0.9999999170443993,0.002292836794649784,-0.002230625511315527,0.0,0.0,0.0,0.000654005282708043,1477,1530
0.021745331809632333,-0.0004197895932937838,0.0,0.0,0.0,-0.00040732197891458333,0.9999999170443993,0.002292836794649784,-0.002230625511315527,0.0,0.0,0.0,0.000654005282708043,1477,1530
0.020476143586049236,0.00041924263212847365,0.0,0.0,0.0,-0.0004589948134405094,0.9999998946618751,-0.0042346264644761945,0.0027944631169364237,0.0,0.0,0.0,-0.00034462574351082164,1477,1530
0.020476143586049236,0.00041924263212847365,0.0,0.0,0.0,-0.0004589948134405094,0.9999998946618751,-0.0042346264644761945,0.0027944631169364237,0.0,0.0,0.0,-0.00034462574351082164,1477,1530
0.02056118593779518,0.00033297719066321485,0.0,0.0,0.0,-0.0004620259172193343,0.9999998932660202,0.00021270751656180908,-0.00021537088749484982,0.0,0.0,0.0,-1.5148665729878587e-05,1477,1530
0.02056118593779518,0.00033297719066321485,0.0,0.0,0.0,-0.0004620259172193343,0.9999998932660202,0.00021270751656180908,-0.00021537088749484982,0.0,0.0,0.0,-1.5148665729878587e-05,1477,1530
0.02056118593779518,0.00033297719066321485,0.0,0.0,0.0,-0.0004620259172193343,0.9999998932660202,0.00021270751656180908,-0.00021537088749484982,0.0,0.0,0.0,-1.5148665729878587e-05,1477,1530
0.020527420898193146,0.0006116786504001856,0.0,0.0,0.0,-0.0005112563450871425,0.9999998693084663,-0.00020422807807246831,0.0016727802828835842,0.0,0.0,0.0,-0.0005910335334112832,1477,1530
0.020527420898193146,0.0006116786504001856,0.0,0.0,0.0,-0.0005112563450871425,0.9999998693084663,-0.00020422807807246831,0.0016727802828835842,0.0,0.0,0.0,-0.0005910335334112832,1477,1530
0.020309656410930122,0.0006976899947012613,0.0,0.0,0.0,-0.0005266922070884704,0.9999998612976498,-0.0008172455203068801,0.0003218252400491639,0.0,0.0,0.0,-0.00011581139652076718,1477,1530
0.019893043767282882,0.000943039517954117,0.0,0.0,0.0,-0.0005544955492007423,0.9999998462673312,-0.001785750096745749,0.0010491234859299537,0.0,0.0,0.0,-0.00023820244061492253,1477,1530
0.019893043767282882,0.000943039517954117,0.0,0.0,0.0,-0.0005544955492007423,0.9999998462673312,-0.001785750096745749,0.0010491234859299537,0.0,0.0,0.0,-0.00023820244061492253,1477,1530
0.019893043767282882,0.000943039517954117,0.0,0.0,0.0,-0.0005544955492007423,0.9999998462673312,-0.001785750096745749,0.0010491234859299537,0.0,0.0,0.0,-0.00023820244061492253,1477,1530
0.019892149179944373,0.001053637145840439,0.0,0.0,0.0,-0.0005839059978787963,0.9999998295268783,-6.097675120932742e-06,0.0006629535785451167,0.0,0.0,0.0,-0.00035259259386196084,1477,1530
0.019930299699325908,0.0011225949656756917,0.0,0.0,0.0,-0.0005950369371845507,0.999999822965506,0.00016324607262037827,0.00029588572095066437,0.0,0.0,0.0,-9.546016174071885e-05,1477,1530
0.019930299699325908,0.0011225949656756917,0.0,0.0,0.0,-0.0005950369371845507,0.999999822965506,0.00016324607262037827,0.00029588572095066437,0.0,0.0,0.0,-9.546016174071885e-05,1477,1530
0.019930299699325908,0.0011225949656756917,0.0,0.0,0.0,-0.0005950369371845507,0.999999822965506,0.00016324607262037827,0.00029588572095066437,0.0,0.0,0.0,-9.546016174071885e-05,1477,1530
0.020270088697591927,0.0006992242973706995,0.0,0.0,0.0,-0.0005255535654076415,0.9999998618967154,0.0020400256578274024,-0.0025356457397854083,0.0,0.0,0.0,0.0008330941278771197,1477,1530
0.020270088697591927,0.0006992242973706995,0.0,0.0,0.0,-0.0005255535654076415,0.9999998618967154,0.0020400256578274024,-0.0025356457397854083,0.0,0.0,0.0,0.0008330941278771197,1477,1530
0.02068812117526659,0.0003176570391766817,0.0,0.0,0.0,-0.0004903409730628596,0.9999998797828579,0.0017954196191414507,-0.0016353479445015433,0.0,0.0,0.0,0.0003021814231938521,1477,1530
0.02068812117526659,0.0003176570391766817,0.0,0.0,0.0,-0.0004903409730628596,0.9999998797828579,0.0017954196191414507,-0.0016353479445015433,0.0,0.0,0.0,0.0003021814231938521,1477,1530
0.02063738466762894,0.00037117129478261146,0.0,0.0,0.0,-0.0004654967105859633,0.9999998916564004,-0.0001902600299615408,0.00020028273053078227,0.0,0.0,0.0,0.00018613770860869785,1477,1530
0.02063738466762894,0.00037117129478261146,0.0,0.0,0.0,-0.0004654967105859633,0.9999998916564004,-0.0001902600299615408,0.00020028273053078227,0.0,0.0,0.0,0.00018613770860869785,1477,1530
0.02063738466762894,0.00037117129478261146,0.0,0.0,0.0,-0.0004654967105859633,0.9999998916564004,-0.0001902600299615408,0.00020028273053078227,0.0,0.0,0.0,0.00018613770860869785,1477,1530
0.020770862066685866,0.0001514885475086449,0.0,0.0,0.0,-0.0004948882341168379,0.9999998775428103,0.000802166589948696,-0.0013174741555835824,0.0,0.0,0.0,-0.0003527314797549473,1477,1530
0.020770862066685866,0.0001514885475086449,0.0,0.0,0.0,-0.0004948882341168379,0.9999998775428103,0.000802166589948696,-0.0013174741555835824,0.0,0.0,0.0,-0.0003527314797549473,1477,1530
0.020359913535217995,0.0003029579919700704,0.0,0.0,0.0,-0.00048547305627720294,0.9999998821579489,-0.0013704554126615141,0.0005035890787508405,0.0,0.0,0.0,6.277371868478726e-05,1477,1530
0.020359913535217995,0.0003029579919700704,0.0,0.0,0.0,-0.00048547305627720294,0.9999998821579489,-0.0013704554126615141,0.0005035890787508405,0.0,0.0,0.0,6.277371868478726e-05,1477,1530
0.020359913535217995,0.0003029579919700704,0.0,0.0,0.0,-0.00048547305627720294,0.9999998821579489,-0.0013704554126615141,0.0005035890787508405,0.0,0.0,0.0,6.277371868478726e-05,1477,1530
0.020008097317095526,0.00019612830087177113,0.0,0.0,0.0,-0.0004806748951182431,0.9999998844758159,-0.0017582627274685607,-0.0005357650963898535,0.0,0.0,0.0,4.797346169947771e-05,1477,1530
0.020259618199246834,0.00029797735140408416,0.0,0.0,0.0,-0.0004937162687645038,0.9999998781221155,0.0009430148729719246,0.00038291326472366424,0.0,0.0,0.0,-9.782890144425629e-05,1477,1530
0.020259618199246834,0.00029797735140408416,0.0,0.0,0.0,-0.0004937162687645038,0.9999998781221155,0.0009430148729719246,0.00038291326472366424,0.0,0.0,0.0,-9.782890144425629e-05,1477,1530
0.020259618199246834,0.00029797735140408416,0.0,0.0,0.0,-0.0004937162687645038,0.9999998781221155,0.0009430148729719246,0.00038291326472366424,0.0,0.0,0.0,-9.782890144425629e-05,1477,1530
0.020259618199246834,0.00029797735140408416,0.0,0.0,0.0,-0.0004937162687645038,0.9999998781221155,0.0009430148729719246,0.00038291326472366424,0.0,0.0,0.0,-9.782890144425629e-05,1477,1530
0.02071202943394929,0.0004351428904931896,0.0,0.0,0.0,-0.0005201601323253361,0.9999998647167092,0.00271398996943794,0.00082577558260246,0.0,0.0,0.0,-0.00031736575683037556,1477,1530
0.02071202943394929,0.0004351428904931896,0.0,0.0,0.0,-0.0005201601323253361,0.9999998647167092,0.00271398996943794,0.00082577558260246,0.0,0.0,0.0,-0.00031736575683037556,1477,1530
0.02071202943394929,0.0004351428904931896,0.0,0.0,0.0,-0.0005201601323253361,0.9999998647167092,0.00271398996943794,0.00082577558260246,0.0,0.0,0.0,-0.00031736575683037556,1477,1530
0.02071202943394929,0.0004351428904931896,0.0,0.0,0.0,-0.0005201601323253361,0.9999998647167092,0.00271398996943794,0.00082577558260246,0.0,0.0,0.0,-0.00031736575683037556,1477,1530
0.02071202943394929,0.0004351428904931896,0.0,0.0,0.0,-0.0005201601323253361,0.9999998647167092,0.00271398996943794,0.00082577558260246,0.0,0.0,0.0,-0.00031736575683037556,1477,1530
0.020859182851802927,-0.0002769229995822529,0.0,0.0,0.0,-0.00039617661377894535,0.9999999215220422,0.0004032504388462213,-0.0019411116906139123,0.0,0.0,0.0,0.0006761109259389068,1477,1530
0.020859182851802927,-0.0002769229995822529,0.0,0.0,0.0,-0.00039617661377894535,0.9999999215220422,0.0004032504388462213,-0.0019411116906139123,0.0,0.0,0.0,0.0006761109259389068,1477,1530
0.02085953734990754,0.00037306614449346973,0.0,0.0,0.0,-0.0005006562740865265,0.9999998746716398,-3.4337197038483574e-07,0.0013903810154744349,0.0,0.0,0.0,-0.0004469814142303131,1477,1530
0.02085953734990754,0.00037306614449346973,0.0,0.0,0.0,-0.0005006562740865265,0.9999998746716398,-3.4337197038483574e-07,0.0013903810154744349,0.0,0.0,0.0,-0.0004469814142303131,1477,1530
0.02085953734990754,0.00037306614449346973,0.0,0.0,0.0,-0.0005006562740865265,0.9999998746716398,-3.4337197038483574e-07,0.0013903810154744349,0.0,0.0,0.0,-0.0004469814142303131,1477,1530
0.02085953734990754,0.00037306614449346973,0.0,0.0,0.0,-0.0005006562740865265,0.9999998746716398,-3.4337197038483574e-07,0.0013903810154744349,0.0,0.0,0.0,-0.0004469814142303131,1477,1530
0.020450420487994385,0.0006808558071672043,0.0,0.0,0.0,-0.0005351406029717636,0.9999998568122573,-0.004124813371383908,0.0030967454294168572,0.0,0.0,0.0,-0.0006948354004127491,1477,1530
0.02065885046862209,0.0002830854842357129,0.0,0.0,0.0,-0.0005113226985687128,0.9999998692745404,0.000417698643619082,-0.0007950701807927567,0.0,0.0,0.0,9.52687725835924e-05,1477,1530
0.02065885046862209,0.0002830854842357129,0.0,0.0,0.0,-0.0005113226985687128,0.9999998692745404,0.000417698643619082,-0.0007950701807927567,0.0,0.0,0.0,9.52687725835924e-05,1477,1530
0.02065885046862209,0.0002830854842357129,0.0,0.0,0.0,-0.0005113226985687128,0.9999998692745404,0.000417698643619082,-0.0007950701807927567,0.0,0.0,0.0,9.52687725835924e-05,1477,1530
0.020327520986059135,0.0006976043356376312,0.0,0.0,0.0,-0.0005508630181791117,0.999999848274956,-0.00199051530927038,0.002485073842591983,0.0,0.0,0.0,-0.0004744829531825334,1477,1530
0.020327520986059135,0.0006976043356376312,0.0,0.0,0.0,-0.0005508630181791117,0.999999848274956,-0.00199051530927038,0.002485073842591983,0.0,0.0,0.0,-0.0004744829531825334,1477,1530
0.020327520986059135,0.0006976043356376312,0.0,0.0,0.0,-0.0005508630181791117,0.999999848274956,-0.00199051530927038,0.002485073842591983,0.0,0.0,0.0,-0.0004744829531825334,1477,1530
0.020650719219888064,0.00037701215003037487,0.0,0.0,0.0,-0.0005002317682115986,0.9999998748840813,0.00138598488887843,-0.0013717831402888416,0.0,0.0,0.0,0.00043377461023767934,1477,1530
0.020650719219888064,0.00037701215003037487,0.0,0.0,0.0,-0.0005002317682115986,0.9999998748840813,0.00138598488887843,-0.0013717831402888416,0.0,0.0,0.0,0.00043377461023767934,1477,1530
0.020650719219888064,0.00037701215003037487,0.0,0.0,0.0,-0.0005002317682115986,0.9999998748840813,0.00138598488887843,-0.0013717831402888416,0.0,0.0,0.0,0.00043377461023767934,1477,1530
0.020322603532498255,0.0009603956251728886,0.0,0.0,0.0,-0.000578406903760383,0.9999998327227129,-0.0008966373342538241,0.0015904779862037082,0.0,0.0,0.0,-0.0004264979056129933,1477,1530
0.020322603532498255,0.0009603956251728886,0.0,0.0,0.0,-0.000578406903760383,0.9999998327227129,-0.0008966373342538241,0.0015904779862037082,0.0,0.0,0.0,-0.0004264979056129933,1477,1530
0.020322603532498255,0.0009603956251728886,0.0,0.0,0.0,-0.000578406903760383,0.9999998327227129,-0.0008966373342538241,0.0015904779862037082,0.0,0.0,0.0,-0.0004264979056129933,1477,1530
0.020322603532498255,0.0009603956251728886,0.0,0.0,0.0,-0.000578406903760383,0.9999998327227129,-0.0008966373342538241,0.0015904779862037082,0.0,0.0,0.0,-0.0004264979056129933,1477,1530
0.020322603532498255,0.0009603956251728886,0.0,0.0,0.0,-0.000578406903760383,0.9999998327227129,-0.0008966373342538241,0.0015904779862037082,0.0,0.0,0.0,-0.0004264979056129933,1477,1530
0.020430060906977777,0.0007352540888202366,0.0,0.0,0.0,-0.0005376687583511397,0.9999998554561427,0.0005385995188561175,-0.0011251078899311934,0.0,0.0,0.0,0.0004073896652317998,1477,1530
0.020430060906977777,0.0007352540888202366,0.0,0.0,0.0,-0.0005376687583511397,0.9999998554561427,0.0005385995188561175,-0.0011251078899311934,0.0,0.0,0.0,0.0004073896652317998,1477,1530
0.020430060906977777,0.0007352540888202366,0.0,0.0,0.0,-0.0005376687583511397,0.9999998554561427,0.0005385995188561175,-0.0011251078899311934,0.0,0.0,0.0,0.0004073896652317998,1477,1530
0.02068510627699266,0.00033367363305649106,0.0,0.0,0.0,-0.0004957431175073282,0.9999998771193731,0.0005108621588545356,-0.0008024674833822197,0.0,0.0,0.0,0.0001676724046925951,1477,1530
0.02068510627699266,0.00033367363305649106,0.0,0.0,0.0,-0.0004957431175073282,0.9999998771193731,0.0005108621588545356,-0.0008024674833822197,0.0,0.0,0.0,0.0001676724046925951,1477,1530
0.02068510627699266,0.00033367363305649106,0.0,0.0,0.0,-0.0004957431175073282,0.9999998771193731,0.0005108621588545356,-0.0008024674833822197,0.0,0.0,0.0,0.0001676724046925951,1477,1530
0.02068510627699266,0.00033367363305649106,0.0,0.0,0.0,-0.0004957431175073282,0.9999998771193731,0.0005108621588545356,-0.0008024674833822197,0.0,0.0,0.0,0.0001676724046925951,1477,1530
0.02016812169773887,0.0008559304232841255,0.0,0.0,0.0,-0.0005591087621237173,0.9999998436986838,-0.0012933447018053583,0.0013039458734242495,0.0,0.0,0.0,-0.0003167277059436413,1477,1530
0.02016812169773887,0.0008559304232841255,0.0,0.0,0.0,-0.0005591087621237173,0.9999998436986838,-0.0012933447018053583,0.0013039458734242495,0.0,0.0,0.0,-0.0003167277059436413,1477,1530
0.02016812169773887,0.0008559304232841255,0.0,0.0,0.0,-0.0005591087621237173,0.9999998436986838,-0.0012933447018053583,0.0013039458734242495,0.0,0.0,0.0,-0.0003167277059436413,1477,1530
0.020320374456638774,0.0008138290455666402,0.0,0.0,0.0,-0.0005576327013252134,0.9999998445228732,0.0005079384009474569,-0.0001398453827520038,0.0,0.0,0.0,9.845690711383528e-06,1477,1530
0.020320374456638774,0.0008138290455666402,0.0,0.0,0.0,-0.0005576327013252134,0.9999998445228732,0.0005079384009474569,-0.0001398453827520038,0.0,0.0,0.0,9.845690711383528e-06,1477,1530
0.020320374456638774,0.0008138290455666402,0.0,0.0,0.0,-0.0005576327013252134,0.9999998445228732,0.0005079384009474569,-0.0001398453827520038,0.0,0.0,0.0,9.845690711383528e-06,1477,1530
0.020320374456638774,0.0008138290455666402,0.0,0.0,0.0,-0.0005576327013252134,0.9999998445228732,0.0005079384009474569,-0.0001398453827520038,0.0,0.0,0.0,9.845690711383528e-06,1477,1530
0.020320374456638774,0.0008138290455666402,0.0,0.0,0.0,-0.0005576327013252134,0.9999998445228732,0.0005079384009474569,-0.0001398453827520038,0.0,0.0,0.0,9.845690711383528e-06,1477,1530
0.020320374456638774,0.0008138290455666402,0.0,0.0,0.0,-0.0005576327013252134,0.9999998445228732,0.0005079384009474569,-0.0001398453827520038,0.0,0.0,0.0,9.845690711383528e-06,1477,1530
0.020238565359099514,0.0009754644772909154,0.0,0.0,0.0,-0.0005994108063493946,0.9999998203533265,-0.0002458509140798205,0.00048440170186964294,0.0,0.0,0.0,-0.0002505494105188196,1477,1530
0.020238565359099514,0.0009754644772909154,0.0,0.0,0.0,-0.0005994108063493946,0.9999998203533265,-0.0002458509140798205,0.00048440170186964294,0.0,0.0,0.0,-0.0002505494105188196,1477,1530
0.02079741471239452,0.0003466286477893423,0.0,0.0,0.0,-0.0004978941967276121,0.9999998760506768,0.0009856656707215937,-0.0011064295463352784,0.0,0.0,0.0,0.0003576159719669881,1477,1530
0.02079741471239452,0.0003466286477893423,0.0,0.0,0.0,-0.0004978941967276121,0.9999998760506768,0.0009856656707215937,-0.0011064295463352784,0.0,0.0,0.0,0.0003576159719669881,1477,1530
0.02079741471239452,0.0003466286477893423,0.0,0.0,0.0,-0.0004978941967276121,0.9999998760506768,0.0009856656707215937,-0.0011064295463352784,0.0,0.0,0.0,0.0003576159719669881,1477,1530
0.02079741471239452,0.0003466286477893423,0.0,0.0,0.0,-0.0004978941967276121,0.9999998760506768,0.0009856656707215937,-0.0011064295463352784,0.0,0.0,0.0,0.0003576159719669881,1477,1530
0.020723319614960642,0.00015657952759849954,0.0,0.0,0.0,-0.0004951159905970918,0.9999998774300703,-0.0002473453861936406,-0.0006362963660621311,0.0,0.0,0.0,1.8596008467017655e-05,1477,1530
0.020723319614960642,0.00015657952759849954,0.0,0.0,0.0,-0.0004951159905970918,0.9999998774300703,-0.0002473453861936406,-0.0006362963660621311,0.0,0.0,0.0,1.8596008467017655e-05,1477,1530
0.020723319614960642,0.00015657952759849954,0.0,0.0,0.0,-0.0004951159905970918,0.9999998774300703,-0.0002473453861936406,-0.0006362963660621311,0.0,0.0,0.0,1.8596008467017655e-05,1477,1530
0.020723319614960642,0.00015657952759849954,0.0,0.0,0.0,-0.0004951159905970918,0.9999998774300703,-0.0002473453861936406,-0.0006362963660621311,0.0,0.0,0.0,1.8596008467017655e-05,1477,1530
0.02020479198073591,0.0008667563160052274,0.0,0.0,0.0,-0.0005707642499602522,0.9999998371140723,-0.0014152253670269542,0.0019342716124982383,0.0,0.0,0.0,-0.00041237687721383786,1477,1530
0.02020479198073591,0.0008667563160052274,0.0,0.0,0.0,-0.0005707642499602522,0.9999998371140723,-0.0014152253670269542,0.0019342716124982383,0.0,0.0,0.0,-0.00041237687721383786,1477,1530
0.02020479198073591,0.0008667563160052274,0.0,0.0,0.0,-0.0005707642499602522,0.9999998371140723,-0.0014152253670269542,0.0019342716124982383,0.0,0.0,0.0,-0.00041237687721383786,1477,1530
0.020740388148797227,0.0003242037785266043,0.0,0.0,0.0,-0.0004996591950415081,0.9999998751703366,0.0014625073523702628,-0.0014781237935507924,0.0,0.0,0.0,0.00038787296051388977,1477,1530
0.020740388148797227,0.0003242037785266043,0.0,0.0,0.0,-0.0004996591950415081,0.9999998751703366,0.0014625073523702628,-0.0014781237935507924,0.0,0.0,0.0,0.00038787296051388977,1477,1530
0.020740388148797227,0.0003242037785266043,0.0,0.0,0.0,-0.0004996591950415081,0.9999998751703366,0.0014625073523702628,-0.0014781237935507924,0.0,0.0,0.0,0.00038787296051388977,1477,1530
0.02111694533254009,0.00040121556512047685,0.0,0.0,0.0,-0.0001747949809974402,0.9999999847233572,0.001129234588612454,0.00023212189965059958,0.0,0.0,0.0,0.0019488306821991482,1477,1530
0.02111694533254009,0.00040121556512047685,0.0,0.0,0.0,-0.0001747949809974402,0.9999999847233572,0.001129234588612454,0.00023212189965059958,0.0,0.0,0.0,0.0019488306821991482,1477,1530
0.02111694533254009,0.00040121556512047685,0.0,0.0,0.0,-0.0001747949809974402,0.9999999847233572,0.001129234588612454,0.00023212189965059958,0.0,0.0,0.0,0.0019488306821991482,1477,1530
0.02111694533254009,0.00040121556512047685,0.0,0.0,0.0,-0.0001747949809974402,0.9999999847233572,0.001129234588612454,0.00023212189965059958,0.0,0.0,0.0,0.0019488306821991482,1477,1530
0.040167628501208794,0.03773178543362377,0.0,0.0,0.0,0.08396589446799523,0.9964686289924984,0.05192685588571553,0.10184065286196037,0.0,0.0,0.0,0.45899925209668513,1477,1530
0.040167628501208794,0.03773178543362377,0.0,0.0,0.0,0.08396589446799523,0.9964686289924984,0.05192685588571553,0.10184065286196037,0.0,0.0,0.0,0.45899925209668513,1477,1530
0.040167628501208794,0.03773178543362377,0.0,0.0,0.0,0.08396589446799523,0.9964686289924984,0.05192685588571553,0.10184065286196037,0.0,0.0,0.0,0.45899925209668513,1477,1530
0.040167628501208794,0.03773178543362377,0.0,0.0,0.0,0.08396589446799523,0.9964686289924984,0.05192685588571553,0.10184065286196037,0.0,0.0,0.0,0.45899925209668513,1477,1530
0.050782602763941316,0.04594257711730192,0.0,0.0,0.0,0.13350822149696615,0.9910477056089263,0.03227870718610492,0.01722740268352473,0.0,0.0,0.0,0.2716731548212471,1477,1530
0.050782602763941316,0.04594257711730192,0.0,0.0,0.0,0.13350822149696615,0.9910477056089263,0.03227870718610492,0.01722740268352473,0.0,0.0,0.0,0.2716731548212471,1477,1530
0.050782602763941316,0.04594257711730192,0.0,0.0,0.0,0.13350822149696615,0.9910477056089263,0.03227870718610492,0.01722740268352473,0.0,0.0,0.0,0.2716731548212471,1477,1530
0.050782602763941316,0.04594257711730192,0.0,0.0,0.0,0.13350822149696615,0.9910477056089263,0.03227870718610492,0.01722740268352473,0.0,0.0,0.0,0.2716731548212471,1477,1530
0.050782602763941316,0.04594257711730192,0.0,0.0,0.0,0.13350822149696615,0.9910477056089263,0.03227870718610492,0.01722740268352473,0.0,0.0,0.0,0.2716731548212471,1477,1530
0.04802442746862281,0.04554307757701865,0.0,0.0,0.0,0.13369894375074323,0.9910219939234122,-0.0075431079549893604,0.000939973440312492,0.0,0.0,0.0,0.001049804701782634,1477,1530
0.04802442746862281,0.04554307757701865,0.0,0.0,0.0,0.13369894375074323,0.9910219939234122,-0.0075431079549893604,0.000939973440312492,0.0,0.0,0.0,0.001049804701782634,1477,1530
0.04802442746862281,0.04554307757701865,0.0,0.0,0.0,0.13369894375074323,0.9910219939234122,-0.0075431079549893604,0.000939973440312492,0.0,0.0,0.0,0.001049804701782634,1477,1530
0.04802442746862281,0.04554307757701865,0.0,0.0,0.0,0.13369894375074323,0.9910219939234122,-0.0075431079549893604,0.000939973440312492,0.0,0.0,0.0,0.001049804701782634,1477,1530
0.04802442746862281,0.04554307757701865,0.0,0.0,0.0,0.13369894375074323,0.9910219939234122,-0.0075431079549893604,0.000939973440312492,0.0,0.0,0.0,0.001049804701782634,1477,1530
0.04802442746862281,0.04554307757701865,0.0,0.0,0.0,0.13369894375074323,0.9910219939234122,-0.0075431079549893604,0.000939973440312492,0.0,0.0,0.0,0.001049804701782634,1477,1530
0.04799737535296877,0.04402215476714204,0.0,0.0,0.0,0.1338643472656864,0.9909996652527849,-0.0009900316249487043,-0.003366924242283056,0.0,0.0,0.0,0.0007701251868013983,1477,1530
0.04799737535296877,0.04402215476714204,0.0,0.0,0.0,0.1338643472656864,0.9909996652527849,-0.0009900316249487043,-0.003366924242283056,0.0,0.0,0.0,0.0007701251868013983,1477,1530
0.04799737535296877,0.04402215476714204,0.0,0.0,0.0,0.1338643472656864,0.9909996652527849,-0.0009900316249487043,-0.003366924242283056,0.0,0.0,0.0,0.0007701251868013983,1477,1530
0.03289531294347479,0.04401425551905288,0.0,0.0,0.0,0.1341007381468109,0.9909677048362779,-0.02174074930631365,0.005970417973020113,0.0,0.0,0.0,0.0007122304427813493,1477,1530
0.03289531294347479,0.04401425551905288,0.0,0.0,0.0,0.1341007381468109,0.9909677048362779,-0.02174074930631365,0.005970417973020113,0.0,0.0,0.0,0.0007122304427813493,1477,1530
0.03289531294347479,0.04401425551905288,0.0,0.0,0.0,0.1341007381468109,0.9909677048362779,-0.02174074930631365,0.005970417973020113,0.0,0.0,0.0,0.0007122304427813493,1477,1530
0.03289531294347479,0.04401425551905288,0.0,0.0,0.0,0.1341007381468109,0.9909677048362779,-0.02174074930631365,0.005970417973020113,0.0,0.0,0.0,0.0007122304427813493,1477,1530
0.042215321263482625,0.04300670064443485,0.0,0.0,0.0,0.13432121254782406,0.9909378445995906,0.05014160544701769,-0.01983560146928224,0.0,0.0,0.0,0.0025595611215336474,1477,1530
0.042215321263482625,0.04300670064443485,0.0,0.0,0.0,0.13432121254782406,0.9909378445995906,0.05014160544701769,-0.01983560146928224,0.0,0.0,0.0,0.0025595611215336474,1477,1530
0.0414466153568842,0.047495938216897404,0.0,0.0,0.0,0.13376735083432842,0.9910127627083143,0.0009951940811979833,0.00993189038457875,0.0,0.0,0.0,-0.0024497502664199288,1477,1530
0.0414466153568842,0.047495938216897404,0.0,0.0,0.0,0.13376735083432842,0.9910127627083143,0.0009951940811979833,0.00993189038457875,0.0,0.0,0.0,-0.0024497502664199288,1477,1530
0.0414466153568842,0.047495938216897404,0.0,0.0,0.0,0.13376735083432842,0.9910127627083143,0.0009951940811979833,0.00993189038457875,0.0,0.0,0.0,-0.0024497502664199288,1477,1530
0.07106955017982769,0.039900738825027496,0.0,0.0,0.0,0.12251299742989458,0.9924669090003669,0.11373810308790624,-0.06502069033386375,0.0,0.0,0.0,-0.09722885197291743,1477,1530
0.07106955017982769,0.039900738825027496,0.0,0.0,0.0,0.12251299742989458,0.9924669090003669,0.11373810308790624,-0.06502069033386375,0.0,0.0,0.0,-0.09722885197291743,1477,1530
0.07106955017982769,0.039900738825027496,0.0,0.0,0.0,0.12251299742989458,0.9924669090003669,0.11373810308790624,-0.06502069033386375,0.0,0.0,0.0,-0.09722885197291743,1477,1530
0.07106955017982769,0.039900738825027496,0.0,0.0,0.0,0.12251299742989458,0.9924669090003669,0.11373810308790624,-0.06502069033386375,0.0,0.0,0.0,-0.09722885197291743,1477,1530
0.1044888854639575,0.0410811389384467,0.0,0.0,0.0,0.10968564820422051,0.9939663266821568,0.08923127910160614,-0.019050405390934024,0.0,0.0,0.0,-0.07047450493053706,1477,1530
0.1044888854639575,0.0410811389384467,0.0,0.0,0.0,0.10968564820422051,0.9939663266821568,0.08923127910160614,-0.019050405390934024,0.0,0.0,0.0,-0.07047450493053706,1477,1530
0.1044888854639575,0.0410811389384467,0.0,0.0,0.0,0.10968564820422051,0.9939663266821568,0.08923127910160614,-0.019050405390934024,0.0,0.0,0.0,-0.07047450493053706,1477,1530
0.10331995693627836,0.05176613134085148,0.0,0.0,0.0,0.12482321873152465,0.9921789979965823,0.0039627529657066795,0.03560295521967311,0.0,0.0,0.0,0.10159724900166175,1477,1530
0.10331995693627836,0.05176613134085148,0.0,0.0,0.0,0.12482321873152465,0.9921789979965823,0.0039627529657066795,0.03560295521967311,0.0,0.0,0.0,0.10159724900166175,1477,1530
0.10331995693627836,0.05176613134085148,0.0,0.0,0.0,0.12482321873152465,0.9921789979965823,0.0039627529657066795,0.03560295521967311,0.0,0.0,0.0,0.10159724900166175,1477,1530
0.14238480677381848,0.07426500233737994,0.0,0.0,0.0,0.17800844709158284,0.9840289593116877,0.1302549522629678,0.03636321546999941,0.0,0.0,0.0,0.3227043167607339,1477,1530
0.14238480677381848,0.07426500233737994,0.0,0.0,0.0,0.17800844709158284,0.9840289593116877,0.1302549522629678,0.03636321546999941,0.0,0.0,0.0,0.3227043167607339,1477,1530
0.14238480677381848,0.07426500233737994,0.0,0.0,0.0,0.17800844709158284,0.9840289593116877,0.1302549522629678,0.03636321546999941,0.0,0.0,0.0,0.3227043167607339,1477,1530
0.14015542800626712,0.07250299473152201,0.0,0.0,0.0,0.1783177615381148,0.9839729548722546,-0.010137178757771668,-0.003257387353481848,0.0,0.0,0.0,0.002355719198092193,1477,1530
0.14015542800626712,0.07250299473152201,0.0,0.0,0.0,0.1783177615381148,0.9839729548722546,-0.010137178757771668,-0.003257387353481848,0.0,0.0,0.0,0.002355719198092193,1477,1530
0.14015542800626712,0.07250299473152201,0.0,0.0,0.0,0.1783177615381148,0.9839729548722546,-0.010137178757771668,-0.003257387353481848,0.0,0.0,0.0,0.002355719198092193,1477,1530
0.14015542800626712,0.07250299473152201,0.0,0.0,0.0,0.1783177615381148,0.9839729548722546,-0.010137178757771668,-0.003257387353481848,0.0,0.0,0.0,0.002355719198092193,1477,1530
0.14015542800626712,0.07250299473152201,0.0,0.0,0.0,0.1783177615381148,0.9839729548722546,-0.010137178757771668,-0.003257387353481848,0.0,0.0,0.0,0.002355719198092193,1477,1530
0.1370658650733728,0.07240545411941385,0.0,0.0,0.0,0.17850737603666866,0.9839385736419237,-0.02198672680173116,0.007457195103217144,0.0,0.0,0.0,0.002894792285717304,1477,1530
0.1370658650733728,0.07240545411941385,0.0,0.0,0.0,0.17850737603666866,0.9839385736419237,-0.02198672680173116,0.007457195103217144,0.0,0.0,0.0,0.002894792285717304,1477,1530
0.1370658650733728,0.07240545411941385,0.0,0.0,0.0,0.17850737603666866,0.9839385736419237,-0.02198672680173116,0.007457195103217144,0.0,0.0,0.0,0.002894792285717304,1477,1530
0.1370658650733728,0.07240545411941385,0.0,0.0,0.0,0.17850737603666866,0.9839385736419237,-0.02198672680173116,0.007457195103217144,0.0,0.0,0.0,0.002894792285717304,1477,1530
0.1034232807473111,0.07788122369499163,0.0,0.0,0.0,0.17702951960464008,0.9842055421448054,-0.044344878839642055,0.02540706817582364,0.0,0.0,0.0,-0.00450353498321141,1477,1530
0.1034232807473111,0.07788122369499163,0.0,0.0,0.0,0.17702951960464008,0.9842055421448054,-0.044344878839642055,0.02540706817582364,0.0,0.0,0.0,-0.00450353498321141,1477,1530
0.1034232807473111,0.07788122369499163,0.0,0.0,0.0,0.17702951960464008,0.9842055421448054,-0.044344878839642055,0.02540706817582364,0.0,0.0,0.0,-0.00450353498321141,1477,1530
0.10962040841112423,0.07121127088546247,0.0,0.0,0.0,0.1779494753991787,0.984039625322658,0.008040411428539253,-0.019409416440374357,0.0,0.0,0.0,0.00431412601280322,1477,1530
0.10962040841112423,0.07121127088546247,0.0,0.0,0.0,0.1779494753991787,0.984039625322658,0.008040411428539253,-0.019409416440374357,0.0,0.0,0.0,0.00431412601280322,1477,1530
0.04131392420502214,0.10028037671730478,0.0,0.0,0.0,0.1764071896881758,0.9843172778257628,-0.17867505422479302,0.1698753138189824,0.0,0.0,0.0,-0.010408849872745886,1477,1530
0.04131392420502214,0.10028037671730478,0.0,0.0,0.0,0.1764071896881758,0.9843172778257628,-0.17867505422479302,0.1698753138189824,0.0,0.0,0.0,-0.010408849872745886,1477,1530
0.04131392420502214,0.10028037671730478,0.0,0.0,0.0,0.1764071896881758,0.9843172778257628,-0.17867505422479302,0.1698753138189824,0.0,0.0,0.0,-0.010408849872745886,1477,1530
0.042419167310128715,0.10225543682205326,0.0,0.0,0.0,0.17649195527799552,0.9843020825550203,0.008658880847058669,0.007381676830392512,0.0,0.0,0.0,0.0008658782741402485,1777,1530
0.042419167310128715,0.10225543682205326,0.0,0.0,0.0,0.17649195527799552,0.9843020825550203,0.008658880847058669,0.007381676830392512,0.0,0.0,0.0,0.0008658782741402485,1777,1530
0.04607898732586151,0.10348376850663182,0.0,0.0,0.0,0.1762293301327716,0.984349136841677,0.011579262987154795,-0.00035941829905140654,0.0,0.0,0.0,-0.0016013250814384367,1777,1568
0.04607898732586151,0.10348376850663182,0.0,0.0,0.0,0.1762293301327716,0.984349136841677,0.011579262987154795,-0.00035941829905140654,0.0,0.0,0.0,-0.0016013250814384367,1777,1568
0.04607898732586151,0.10348376850663182,0.0,0.0,0.0,0.1762293301327716,0.984349136841677,0.011579262987154795,-0.00035941829905140654,0.0,0.0,0.0,-0.0016013250814384367,1777,1568
0.04607898732586151,0.10348376850663182,0.0,0.0,0.0,0.1762293301327716,0.984349136841677,0.011579262987154795,-0.00035941829905140654,0.0,0.0,0.0,-0.0016013250814384367,1777,1568
0.04621302364612863,0.10663819463292779,0.0,0.0,0.0,0.17535831637199614,0.9845046779366662,0.006099446350433079,0.014557260058572058,0.0,0.0,0.0,-0.008846288902299004,1777,1568
0.04621302364612863,0.10663819463292779,0.0,0.0,0.0,0.17535831637199614,0.9845046779366662,0.006099446350433079,0.014557260058572058,0.0,0.0,0.0,-0.008846288902299004,1777,1568
0.04621302364612863,0.10663819463292779,0.0,0.0,0.0,0.17535831637199614,0.9845046779366662,0.006099446350433079,0.014557260058572058,0.0,0.0,0.0,-0.008846288902299004,1777,1568
0.05218281913491036,0.11038593371115231,0.0,0.0,0.0,0.1748345573581038,0.9845978252837023,0.01880432461077465,0.00396985813498955,0.0,0.0,0.0,-0.002900956272435905,1777,1568
0.05218281913491036,0.11038593371115231,0.0,0.0,0.0,0.1748345573581038,0.9845978252837023,0.01880432461077465,0.00396985813498955,0.0,0.0,0.0,-0.002900956272435905,1777,1568
0.0527905223319972,0.11039642024715236,0.0,0.0,0.0,0.1750643860443913,0.9845569870448843,0.0019135992567916637,-0.0006644937681578558,0.0,0.0,0.0,0.0015559687119081921,1777,1568
0.0527905223319972,0.11039642024715236,0.0,0.0,0.0,0.1750643860443913,0.9845569870448843,0.0019135992567916637,-0.0006644937681578558,0.0,0.0,0.0,0.0015559687119081921,1777,1568
0.0527905223319972,0.11039642024715236,0.0,0.0,0.0,0.1750643860443913,0.9845569870448843,0.0019135992567916637,-0.0006644937681578558,0.0,0.0,0.0,0.0015559687119081921,1777,1568
0.0527905223319972,0.11039642024715236,0.0,0.0,0.0,0.1750643860443913,0.9845569870448843,0.0019135992567916637,-0.0006644937681578558,0.0,0.0,0.0,0.0015559687119081921,1777,1569
0.0527905223319972,0.11039642024715236,0.0,0.0,0.0,0.1750643860443913,0.9845569870448843,0.0019135992567916637,-0.0006644937681578558,0.0,0.0,0.0,0.0015559687119081921,1777,1568
0.0527905223319972,0.11039642024715236,0.0,0.0,0.0,0.1750643860443913,0.9845569870448843,0.0019135992567916637,-0.0006644937681578558,0.0,0.0,0.0,0.0015559687119081921,1777,1568
0.0527905223319972,0.11039642024715236,0.0,0.0,0.0,0.1750643860443913,0.9845569870448843,0.0019135992567916637,-0.0006644937681578558,0.0,0.0,0.0,0.0015559687119081921,1777,1568
0.0527905223319972,0.11039642024715236,0.0,0.0,0.0,0.1750643860443913,0.9845569870448843,0.0019135992567916637,-0.0006644937681578558,0.0,0.0,0.0,0.0015559687119081921,1777,1568
0.048429828808119885,0.10327932684283227,0.0,0.0,0.0,0.17603439734052814,0.9843840159983079,-0.0321179237095385,-0.025400809442777506,0.0,0.0,0.0,0.00966765081115117,1777,1568
0.048429828808119885,0.10327932684283227,0.0,0.0,0.0,0.17603439734052814,0.9843840159983079,-0.0321179237095385,-0.025400809442777506,0.0,0.0,0.0,0.00966765081115117,1777,1568
0.048429828808119885,0.10327932684283227,0.0,0.0,0.0,0.17603439734052814,0.9843840159983079,-0.0321179237095385,-0.025400809442777506,0.0,0.0,0.0,0.00966765081115117,1777,1569
0.0668496259221956,0.09737219765065477,0.0,0.0,0.0,0.17020774119296705,0.9854082021365501,0.019132387836048537,-0.014979334087612014,0.0,0.0,0.0,-0.014862669264354098,1777,1569
0.0668496259221956,0.09737219765065477,0.0,0.0,0.0,0.17020774119296705,0.9854082021365501,0.019132387836048537,-0.014979334087612014,0.0,0.0,0.0,-0.014862669264354098,1777,1569
0.0668496259221956,0.09737219765065477,0.0,0.0,0.0,0.17020774119296705,0.9854082021365501,0.019132387836048537,-0.014979334087612014,0.0,0.0,0.0,-0.014862669264354098,1777,1568
0.1553194704070971,0.09816430395217879,0.0,0.0,0.0,0.11954912647575872,0.9928282864417608,0.2279063424156413,-0.07886092543434448,0.0,0.0,0.0,-0.27903020092331793,1777,1568
0.1553194704070971,0.09816430395217879,0.0,0.0,0.0,0.11954912647575872,0.9928282864417608,0.2279063424156413,-0.07886092543434448,0.0,0.0,0.0,-0.27903020092331793,1777,1565
0.1553194704070971,0.09816430395217879,0.0,0.0,0.0,0.11954912647575872,0.9928282864417608,0.2279063424156413,-0.07886092543434448,0.0,0.0,0.0,-0.27903020092331793,1777,1565
0.19825479830813558,0.11736413763058821,0.0,0.0,0.0,0.1437535380493362,0.9896135206727412,0.15422649363877025,0.028197606186373826,0.0,0.0,0.0,0.16277524222088044,1777,1567
0.19825479830813558,0.11736413763058821,0.0,0.0,0.0,0.1437535380493362,0.9896135206727412,0.15422649363877025,0.028197606186373826,0.0,0.0,0.0,0.16277524222088044,1777,1567
0.19825479830813558,0.11736413763058821,0.0,0.0,0.0,0.1437535380493362,0.9896135206727412,0.15422649363877025,0.028197606186373826,0.0,0.0,0.0,0.16277524222088044,1777,1567
0.19825479830813558,0.11736413763058821,0.0,0.0,0.0,0.1437535380493362,0.9896135206727412,0.15422649363877025,0.028197606186373826,0.0,0.0,0.0,0.16277524222088044,1777,1567
0.21398165174042974,0.12615951014509436,0.0,0.0,0.0,0.16046185813817604,0.9870420416997666,0.06591102528538531,0.014837072187019155,0.0,0.0,0.0,0.12676126524037798,1777,1567
0.21398165174042974,0.12615951014509436,0.0,0.0,0.0,0.16046185813817604,0.9870420416997666,0.06591102528538531,0.014837072187019155,0.0,0.0,0.0,0.12676126524037798,1777,1568
0.21398165174042974,0.12615951014509436,0.0,0.0,0.0,0.16046185813817604,0.9870420416997666,0.06591102528538531,0.014837072187019155,0.0,0.0,0.0,0.12676126524037798,1777,1568
0.20818348823059,0.11843688411866532,0.0,0.0,0.0,0.15988574672098416,0.9871355266605865,-0.01986604121003938,-0.013721707647883673,0.0,0.0,0.0,-0.0029184463873268922,1777,1568
0.20818348823059,0.11843688411866532,0.0,0.0,0.0,0.15988574672098416,0.9871355266605865,-0.01986604121003938,-0.013721707647883673,0.0,0.0,0.0,-0.0029184463873268922,1777,1569
0.20818348823059,0.11843688411866532,0.0,0.0,0.0,0.15988574672098416,0.9871355266605865,-0.01986604121003938,-0.013721707647883673,0.0,0.0,0.0,-0.0029184463873268922,1777,1569
0.20143406479150935,0.11179716195697832,0.0,0.0,0.0,0.16652391427514004,0.9860374161128399,-0.025497033170816658,-0.012507448112820597,0.0,0.0,0.0,0.04036428740415044,1777,1569
0.20143406479150935,0.11179716195697832,0.0,0.0,0.0,0.16652391427514004,0.9860374161128399,-0.025497033170816658,-0.012507448112820597,0.0,0.0,0.0,0.04036428740415044,1777,1569
0.20143406479150935,0.11179716195697832,0.0,0.0,0.0,0.16652391427514004,0.9860374161128399,-0.025497033170816658,-0.012507448112820597,0.0,0.0,0.0,0.04036428740415044,1777,1569
0.22464910926649978,0.11820800347643062,0.0,0.0,0.0,0.17975483629898042,0.9837114408337064,0.09013010984724681,-0.005882225333445512,0.0,0.0,0.0,0.10075916888433761,1777,1569
0.22464910926649978,0.11820800347643062,0.0,0.0,0.0,0.17975483629898042,0.9837114408337064,0.09013010984724681,-0.005882225333445512,0.0,0.0,0.0,0.10075916888433761,1777,1567
0.2751002857814126,0.1345071025843405,0.0,0.0,0.0,0.17599517956929486,0.9843910283867746,0.17652163298972698,-0.008655086041422328,0.0,0.0,0.0,-0.025471189151388837,1777,1567
0.2751002857814126,0.1345071025843405,0.0,0.0,0.0,0.17599517956929486,0.9843910283867746,0.17652163298972698,-0.008655086041422328,0.0,0.0,0.0,-0.025471189151388837,1777,1566
0.2751002857814126,0.1345071025843405,0.0,0.0,0.0,0.17599517956929486,0.9843910283867746,0.17652163298972698,-0.008655086041422328,0.0,0.0,0.0,-0.025471189151388837,1777,1566
0.30326950903652317,0.1462551295378315,0.0,0.0,0.0,0.18322240401195458,0.9830714880760606,0.2283144930015656,0.009431554697407835,0.0,0.0,0.0,0.11000857463294832,1777,1566
0.30326950903652317,0.1462551295378315,0.0,0.0,0.0,0.18322240401195458,0.9830714880760606,0.2283144930015656,0.009431554697407835,0.0,0.0,0.0,0.11000857463294832,1777,1565
0.30326950903652317,0.1462551295378315,0.0,0.0,0.0,0.18322240401195458,0.9830714880760606,0.2283144930015656,0.009431554697407835,0.0,0.0,0.0,0.11000857463294832,1777,1565
0.37555939417456086,0.17833798334838624,0.0,0.0,0.0,0.2002131355612356,0.9797523668502864,0.21548988435997593,0.010603390431757525,0.0,0.0,0.0,0.09444779074492196,1777,1565
0.37555939417456086,0.17833798334838624,0.0,0.0,0.0,0.2002131355612356,0.9797523668502864,0.21548988435997593,0.010603390431757525,0.0,0.0,0.0,0.09444779074492196,1777,1530
0.37555939417456086,0.17833798334838624,0.0,0.0,0.0,0.2002131355612356,0.9797523668502864,0.21548988435997593,0.010603390431757525,0.0,0.0,0.0,0.09444779074492196,1777,1530
0.37555939417456086,0.17833798334838624,0.0,0.0,0.0,0.2002131355612356,0.9797523668502864,0.21548988435997593,0.010603390431757525,0.0,0.0,0.0,0.09444779074492196,1777,1566
0.40384177435170493,0.19760874328002187,0.0,0.0,0.0,0.2221843191240293,0.9750046811863989,0.11193687610235183,0.02210419184046962,0.0,0.0,0.0,0.14987176531649007,1777,1566
0.40384177435170493,0.19760874328002187,0.0,0.0,0.0,0.2221843191240293,0.9750046811863989,0.11193687610235183,0.02210419184046962,0.0,0.0,0.0,0.14987176531649007,1777,1567
0.40384177435170493,0.19760874328002187,0.0,0.0,0.0,0.2221843191240293,0.9750046811863989,0.11193687610235183,0.02210419184046962,0.0,0.0,0.0,0.14987176531649007,1777,1567
0.4005629738049492,0.21091515926070822,0.0,0.0,0.0,0.22021759779121503,0.975450772526767,0.007023529230460691,0.03352510874821613,0.0,0.0,0.0,-0.01008099079873473,1777,1569
0.4005629738049492,0.21091515926070822,0.0,0.0,0.0,0.22021759779121503,0.975450772526767,0.007023529230460691,0.03352510874821613,0.0,0.0,0.0,-0.01008099079873473,1777,1569
0.4005629738049492,0.21091515926070822,0.0,0.0,0.0,0.22021759779121503,0.975450772526767,0.007023529230460691,0.03352510874821613,0.0,0.0,0.0,-0.01008099079873473,1777,1568
0.41675981069796153,0.22179083184971515,0.0,0.0,0.0,0.21971619914860668,0.9755638327816841,0.07240987393673465,0.010739705671593188,0.0,0.0,0.0,-0.0038571003584765796,1777,1568
0.41675981069796153,0.22179083184971515,0.0,0.0,0.0,0.21971619914860668,0.9755638327816841,0.07240987393673465,0.010739705671593188,0.0,0.0,0.0,-0.0038571003584765796,1777,1568
0.41675981069796153,0.22179083184971515,0.0,0.0,0.0,0.21971619914860668,0.9755638327816841,0.07240987393673465,0.010739705671593188,0.0,0.0,0.0,-0.0038571003584765796,1777,1568
0.4766702032380164,0.24528955158379898,0.0,0.0,0.0,0.21048767396821472,0.9775965114030688,0.19246848450304715,-0.013350936896737805,0.0,0.0,0.0,-0.0566592386178603,1777,1568
0.4766702032380164,0.24528955158379898,0.0,0.0,0.0,0.21048767396821472,0.9775965114030688,0.19246848450304715,-0.013350936896737805,0.0,0.0,0.0,-0.0566592386178603,1777,1568
0.4766702032380164,0.24528955158379898,0.0,0.0,0.0,0.21048767396821472,0.9775965114030688,0.19246848450304715,-0.013350936896737805,0.0,0.0,0.0,-0.0566592386178603,1777,1566
0.4766702032380164,0.24528955158379898,0.0,0.0,0.0,0.21048767396821472,0.9775965114030688,0.19246848450304715,-0.013350936896737805,0.0,0.0,0.0,-0.0566592386178603,1777,1566
0.4766702032380164,0.24528955158379898,0.0,0.0,0.0,0.21048767396821472,0.9775965114030688,0.19246848450304715,-0.013350936896737805,0.0,0.0,0.0,-0.0566592386178603,1777,1566
0.4766702032380164,0.24528955158379898,0.0,0.0,0.0,0.21048767396821472,0.9775965114030688,0.19246848450304715,-0.013350936896737805,0.0,0.0,0.0,-0.0566592386178603,1777,1566
0.4766702032380164,0.24528955158379898,0.0,0.0,0.0,0.21048767396821472,0.9775965114030688,0.19246848450304715,-0.013350936896737805,0.0,0.0,0.0,-0.0566592386178603,1777,1566
0.5448130653929092,0.2773497276109962,0.0,0.0,0.0,0.2098092072333475,0.9777423467151836,0.25101637775800656,0.003918752546211843,0.0,0.0,0.0,-0.004626791801601953,1777,1566
0.5448130653929092,0.2773497276109962,0.0,0.0,0.0,0.2098092072333475,0.9777423467151836,0.25101637775800656,0.003918752546211843,0.0,0.0,0.0,-0.004626791801601953,1777,1565
0.5448130653929092,0.2773497276109962,0.0,0.0,0.0,0.2098092072333475,0.9777423467151836,0.25101637775800656,0.003918752546211843,0.0,0.0,0.0,-0.004626791801601953,1777,1565
0.5448130653929092,0.2773497276109962,0.0,0.0,0.0,0.2098092072333475,0.9777423467151836,0.25101637775800656,0.003918752546211843,0.0,0.0,0.0,-0.004626791801601953,1777,1565
0.5994348637943585,0.31150036233572787,0.0,0.0,0.0,0.18204340799528962,0.9832904950244665,0.09118860832687396,0.012478475020774222,0.0,0.0,0.0,-0.08090094012643,1777,1568
0.5994348637943585,0.31150036233572787,0.0,0.0,0.0,0.18204340799528962,0.9832904950244665,0.09118860832687396,0.012478475020774222,0.0,0.0,0.0,-0.08090094012643,1777,1568
0.5994348637943585,0.31150036233572787,0.0,0.0,0.0,0.18204340799528962,0.9832904950244665,0.09118860832687396,0.012478475020774222,0.0,0.0,0.0,-0.08090094012643,1777,1568
0.601537740556339,0.3138480751622393,0.0,0.0,0.0,0.18296259463013606,0.9831198751760685,0.008406976874873906,0.004315253865103575,0.0,0.0,0.0,0.005606001840141192,1777,1568
0.601537740556339,0.3138480751622393,0.0,0.0,0.0,0.18296259463013606,0.9831198751760685,0.008406976874873906,0.004315253865103575,0.0,0.0,0.0,0.005606001840141192,1777,1569
0.601537740556339,0.3138480751622393,0.0,0.0,0.0,0.18296259463013606,0.9831198751760685,0.008406976874873906,0.004315253865103575,0.0,0.0,0.0,0.005606001840141192,1777,1568
0.6151196501320483,0.32748623184168535,0.0,0.0,0.0,0.17404800430107448,0.9847371690958014,0.04395031732525316,0.019598882838971883,0.0,0.0,0.0,-0.04530324734424754,1777,1568
0.6151196501320483,0.32748623184168535,0.0,0.0,0.0,0.17404800430107448,0.9847371690958014,0.04395031732525316,0.019598882838971883,0.0,0.0,0.0,-0.04530324734424754,1777,1568
0.6151196501320483,0.32748623184168535,0.0,0.0,0.0,0.17404800430107448,0.9847371690958014,0.04395031732525316,0.019598882838971883,0.0,0.0,0.0,-0.04530324734424754,1777,1568
0.6151196501320483,0.32748623184168535,0.0,0.0,0.0,0.17404800430107448,0.9847371690958014,0.04395031732525316,0.019598882838971883,0.0,0.0,0.0,-0.04530324734424754,1777,1568
0.6151196501320483,0.32748623184168535,0.0,0.0,0.0,0.17404800430107448,0.9847371690958014,0.04395031732525316,0.019598882838971883,0.0,0.0,0.0,-0.04530324734424754,1777,1568
0.6151196501320483,0.32748623184168535,0.0,0.0,0.0,0.17404800430107448,0.9847371690958014,0.04395031732525316,0.019598882838971883,0.0,0.0,0.0,-0.04530324734424754,1777,1568
0.6690637793048507,0.3639983956759689,0.0,0.0,0.0,0.13350042460425554,0.9910487559300418,0.23657893717924244,0.05918595827650571,0.0,0.0,0.0,-0.3071981006552032,1777,1565
0.6690637793048507,0.3639983956759689,0.0,0.0,0.0,0.13350042460425554,0.9910487559300418,0.23657893717924244,0.05918595827650571,0.0,0.0,0.0,-0.3071981006552032,1777,1565
0.8139361846578849,0.47137932081458866,0.0,0.0,0.0,0.09604881788541678,0.9953766244908577,0.31547974603757456,0.12238169171852438,0.0,0.0,0.0,-0.14146504964914097,1777,1530
0.8139361846578849,0.47137932081458866,0.0,0.0,0.0,0.09604881788541678,0.9953766244908577,0.31547974603757456,0.12238169171852438,0.0,0.0,0.0,-0.14146504964914097,1477,1530
0.8128095981318166,0.4740492110638147,0.0,0.0,0.0,0.08457564411371543,0.9964170614871818,-0.002550183091113477,0.012149383807773152,0.0,0.0,0.0,-0.09870207234389865,1477,1530
0.8128095981318166,0.4740492110638147,0.0,0.0,0.0,0.08457564411371543,0.9964170614871818,-0.002550183091113477,0.012149383807773152,0.0,0.0,0.0,-0.09870207234389865,1477,1530
0.8128095981318166,0.4740492110638147,0.0,0.0,0.0,0.08457564411371543,0.9964170614871818,-0.002550183091113477,0.012149383807773152,0.0,0.0,0.0,-0.09870207234389865,1477,1530
0.8146855566060085,0.47943158825766724,0.0,0.0,0.0,0.08527410817095513,0.996357529441941,0.011811797950291804,0.021380635300452155,0.0,0.0,0.0,0.006008086226678616,1477,1530
0.8146855566060085,0.47943158825766724,0.0,0.0,0.0,0.08527410817095513,0.996357529441941,0.011811797950291804,0.021380635300452155,0.0,0.0,0.0,0.006008086226678616,1477,1530
0.8146855566060085,0.47943158825766724,0.0,0.0,0.0,0.08527410817095513,0.996357529441941,0.011811797950291804,0.021380635300452155,0.0,0.0,0.0,0.006008086226678616,1477,1530
0.8153160080303484,0.4771025925688473,0.0,0.0,0.0,0.08447157028639621,0.996425889774724,0.00338308633499396,-0.036036347770869906,0.0,0.0,0.0,-0.02416501246152321,1477,1530
0.8153160080303484,0.4771025925688473,0.0,0.0,0.0,0.08447157028639621,0.996425889774724,0.00338308633499396,-0.036036347770869906,0.0,0.0,0.0,-0.02416501246152321,1477,1530
0.8153160080303484,0.4771025925688473,0.0,0.0,0.0,0.08447157028639621,0.996425889774724,0.00338308633499396,-0.036036347770869906,0.0,0.0,0.0,-0.02416501246152321,1477,1530
0.8177743246246421,0.4796580468404932,0.0,0.0,0.0,0.08422741014682472,0.9964465582157221,0.0057021025648854844,0.0042068169758920915,0.0,0.0,0.0,-0.0009793206837785521,1477,1530
0.8177743246246421,0.4796580468404932,0.0,0.0,0.0,0.08422741014682472,0.9964465582157221,0.0057021025648854844,0.0042068169758920915,0.0,0.0,0.0,-0.0009793206837785521,1477,1530
0.8177743246246421,0.4796580468404932,0.0,0.0,0.0,0.08422741014682472,0.9964465582157221,0.0057021025648854844,0.0042068169758920915,0.0,0.0,0.0,-0.0009793206837785521,1477,1530
0.8253597847135073,0.4654252841549566,0.0,0.0,0.0,0.06586720726900304,0.9978283975747444,0.01698370260186246,-0.051077131386473865,0.0,0.0,0.0,-0.12289513105425887,1477,1530
0.8253597847135073,0.4654252841549566,0.0,0.0,0.0,0.06586720726900304,0.9978283975747444,0.01698370260186246,-0.051077131386473865,0.0,0.0,0.0,-0.12289513105425887,1477,1530
0.8253597847135073,0.4654252841549566,0.0,0.0,0.0,0.06586720726900304,0.9978283975747444,0.01698370260186246,-0.051077131386473865,0.0,0.0,0.0,-0.12289513105425887,1477,1530
0.8936996722429993,0.4336505742352297,0.0,0.0,0.0,-0.01570370904561561,0.9998766891583235,0.19031446848412822,-0.1211942933254471,0.0,0.0,0.0,-0.48815629851001546,1477,1530
0.8936996722429993,0.4336505742352297,0.0,0.0,0.0,-0.01570370904561561,0.9998766891583235,0.19031446848412822,-0.1211942933254471,0.0,0.0,0.0,-0.48815629851001546,1477,1530
0.8936996722429993,0.4336505742352297,0.0,0.0,0.0,-0.01570370904561561,0.9998766891583235,0.19031446848412822,-0.1211942933254471,0.0,0.0,0.0,-0.48815629851001546,1477,1530
0.8936996722429993,0.4336505742352297,0.0,0.0,0.0,-0.01570370904561561,0.9998766891583235,0.19031446848412822,-0.1211942933254471,0.0,0.0,0.0,-0.48815629851001546,1477,1530
0.9505123705861888,0.42478174422888926,0.0,0.0,0.0,-0.04792982275438927,0.998850705606565,0.19036355968775914,-0.023620093619251093,0.0,0.0,0.0,-0.21509447006929344,1477,1530
0.9505123705861888,0.42478174422888926,0.0,0.0,0.0,-0.04792982275438927,0.998850705606565,0.19036355968775914,-0.023620093619251093,0.0,0.0,0.0,-0.21509447006929344,1477,1530
0.9278886767087055,0.42673468184649405,0.0,0.0,0.0,-0.04869282428768726,0.9988138008972886,-0.06198574275184471,-0.0006066848988248188,0.0,0.0,0.0,-0.00417061195389854,1477,1530
0.9278886767087055,0.42673468184649405,0.0,0.0,0.0,-0.04869282428768726,0.9988138008972886,-0.06198574275184471,-0.0006066848988248188,0.0,0.0,0.0,-0.00417061195389854,1477,1530
0.9384505894248483,0.4292960378969088,0.0,0.0,0.0,-0.04910604871241546,0.9987935702535604,0.04341035263907636,0.015128605548510705,0.0,0.0,0.0,-0.0035000008076328725,1477,1530
0.9384505894248483,0.4292960378969088,0.0,0.0,0.0,-0.04910604871241546,0.9987935702535604,0.04341035263907636,0.015128605548510705,0.0,0.0,0.0,-0.0035000008076328725,1477,1530
0.9384505894248483,0.4292960378969088,0.0,0.0,0.0,-0.04910604871241546,0.9987935702535604,0.04341035263907636,0.015128605548510705,0.0,0.0,0.0,-0.0035000008076328725,1477,1530
0.9384505894248483,0.4292960378969088,0.0,0.0,0.0,-0.04910604871241546,0.9987935702535604,0.04341035263907636,0.015128605548510705,0.0,0.0,0.0,-0.0035000008076328725,1477,1530
0.9384505894248483,0.4292960378969088,0.0,0.0,0.0,-0.04910604871241546,0.9987935702535604,0.04341035263907636,0.015128605548510705,0.0,0.0,0.0,-0.0035000008076328725,1477,1530
0.9384505894248483,0.4292960378969088,0.0,0.0,0.0,-0.04910604871241546,0.9987935702535604,0.04341035263907636,0.015128605548510705,0.0,0.0,0.0,-0.0035000008076328725,1477,1530
0.9384505894248483,0.4292960378969088,0.0,0.0,0.0,-0.04910604871241546,0.9987935702535604,0.04341035263907636,0.015128605548510705,0.0,0.0,0.0,-0.0035000008076328725,1477,1530
0.9384505894248483,0.4292960378969088,0.0,0.0,0.0,-0.04910604871241546,0.9987935702535604,0.04341035263907636,0.015128605548510705,0.0,0.0,0.0,-0.0035000008076328725,1477,1530
0.9384505894248483,0.4292960378969088,0.0,0.0,0.0,-0.04910604871241546,0.9987935702535604,0.04341035263907636,0.015128605548510705,0.0,0.0,0.0,-0.0035000008076328725,1477,1530
0.9384505894248483,0.4292960378969088,0.0,0.0,0.0,-0.04910604871241546,0.9987935702535604,0.04341035263907636,0.015128605548510705,0.0,0.0,0.0,-0.0035000008076328725,1477,1530
0.9384505894248483,0.4292960378969088,0.0,0.0,0.0,-0.04910604871241546,0.9987935702535604,0.04341035263907636,0.015128605548510705,0.0,0.0,0.0,-0.0035000008076328725,1477,1530
0.9384505894248483,0.4292960378969088,0.0,0.0,0.0,-0.04910604871241546,0.9987935702535604,0.04341035263907636,0.015128605548510705,0.0,0.0,0.0,-0.0035000008076328725,1477,1530
0.9384505894248483,0.4292960378969088,0.0,0.0,0.0,-0.04910604871241546,0.9987935702535604,0.04341035263907636,0.015128605548510705,0.0,0.0,0.0,-0.0035000008076328725,1477,1530
0.9384505894248483,0.4292960378969088,0.0,0.0,0.0,-0.04910604871241546,0.9987935702535604,0.04341035263907636,0.015128605548510705,0.0,0.0,0.0,-0.0035000008076328725,1477,1530
0.9384505894248483,0.4292960378969088,0.0,0.0,0.0,-0.04910604871241546,0.9987935702535604,0.04341035263907636,0.015128605548510705,0.0,0.0,0.0,-0.0035000008076328725,1477,1530
0.9384505894248483,0.4292960378969088,0.0,0.0,0.0,-0.04910604871241546,0.9987935702535604,0.04341035263907636,0.015128605548510705,0.0,0.0,0.0,-0.0035000008076328725,1477,1530
0.9384505894248483,0.4292960378969088,0.0,0.0,0.0,-0.04910604871241546,0.9987935702535604,0.04341035263907636,0.015128605548510705,0.0,0.0,0.0,-0.0035000008076328725,1477,1530
0.9384505894248483,0.4292960378969088,0.0,0.0,0.0,-0.04910604871241546,0.9987935702535604,0.04341035263907636,0.015128605548510705,0.0,0.0,0.0,-0.0035000008076328725,1477,1530
0.9384505894248483,0.4292960378969088,0.0,0.0,0.0,-0.04910604871241546,0.9987935702535604,0.04341035263907636,0.015128605548510705,0.0,0.0,0.0,-0.0035000008076328725,1477,1530
0.9384505894248483,0.4292960378969088,0.0,0.0,0.0,-0.04910604871241546,0.9987935702535604,0.04341035263907636,0.015128605548510705,0.0,0.0,0.0,-0.0035000008076328725,1477,1530
0.9384505894248483,0.4292960378969088,0.0,0.0,0.0,-0.04910604871241546,0.9987935702535604,0.04341035263907636,0.015128605548510705,0.0,0.0,0.0,-0.0035000008076328725,1477,1530
0.9384505894248483,0.4292960378969088,0.0,0.0,0.0,-0.04910604871241546,0.9987935702535604,0.04341035263907636,0.015128605548510705,0.0,0.0,0.0,-0.0035000008076328725,1477,1530
0.9384505894248483,0.4292960378969088,0.0,0.0,0.0,-0.04910604871241546,0.9987935702535604,0.04341035263907636,0.015128605548510705,0.0,0.0,0.0,-0.0035000008076328725,1477,1530
0.9384505894248483,0.4292960378969088,0.0,0.0,0.0,-0.04910604871241546,0.9987935702535604,0.04341035263907636,0.015128605548510705,0.0,0.0,0.0,-0.0035000008076328725,1477,1530
0.9384505894248483,0.4292960378969088,0.0,0.0,0.0,-0.04910604871241546,0.9987935702535604,0.04341035263907636,0.015128605548510705,0.0,0.0,0.0,-0.0035000008076328725,1477,1530
0.9586069332960643,0.4283453735394891,0.0,0.0,0.0,-0.05239312684707045,0.99862653692919,0.08172630377847334,-0.010495604545135187,0.0,0.0,0.0,-0.009902097099128367,1477,1530
0.9852257209004446,0.40667702203571576,0.0,0.0,0.0,-0.04977490915793216,0.9987604609806695,0.040213621630913604,-0.021331499900588868,0.0,0.0,0.0,0.0050519494249548795,1477,1530
0.9852257209004446,0.40667702203571576,0.0,0.0,0.0,-0.04977490915793216,0.9987604609806695,0.040213621630913604,-0.021331499900588868,0.0,0.0,0.0,0.0050519494249548795,1477,1530
0.9852257209004446,0.40667702203571576,0.0,0.0,0.0,-0.04977490915793216,0.9987604609806695,0.040213621630913604,-0.021331499900588868,0.0,0.0,0.0,0.0050519494249548795,1477,1530
0.985193671556299,0.4092942715647245,0.0,0.0,0.0,-0.04918305985085607,0.9987897809968357,-0.0005156684106510605,0.004591703261215428,0.0,0.0,0.0,0.002092141738879374,1477,1530
0.985193671556299,0.4092942715647245,0.0,0.0,0.0,-0.04918305985085607,0.9987897809968357,-0.0005156684106510605,0.004591703261215428,0.0,0.0,0.0,0.002092141738879374,1477,1530
0.985193671556299,0.4092942715647245,0.0,0.0,0.0,-0.04918305985085607,0.9987897809968357,-0.0005156684106510605,0.004591703261215428,0.0,0.0,0.0,0.002092141738879374,1477,1530
0.985193671556299,0.4092942715647245,0.0,0.0,0.0,-0.04918305985085607,0.9987897809968357,-0.0005156684106510605,0.004591703261215428,0.0,0.0,0.0,0.002092141738879374,1477,1530
0.9852920214088603,0.40856758808197335,0.0,0.0,0.0,-0.05034031938272783,0.9987321223653742,0.0004618464408431504,-0.0019467870511633626,0.0,0.0,0.0,-0.0063229586706654494,1477,1530
0.9852920214088603,0.40856758808197335,0.0,0.0,0.0,-0.05034031938272783,0.9987321223653742,0.0004618464408431504,-0.0019467870511633626,0.0,0.0,0.0,-0.0063229586706654494,1477,1530
0.988468879187419,0.39224834429560634,0.0,0.0,0.0,-0.04631445860587907,0.9989269097006268,0.013087267203607278,-0.04338275790924073,0.0,0.0,0.0,0.021970962770015732,1477,1530
0.988468879187419,0.39224834429560634,0.0,0.0,0.0,-0.04631445860587907,0.9989269097006268,0.013087267203607278,-0.04338275790924073,0.0,0.0,0.0,0.021970962770015732,1477,1530
0.988468879187419,0.39224834429560634,0.0,0.0,0.0,-0.04631445860587907,0.9989269097006268,0.013087267203607278,-0.04338275790924073,0.0,0.0,0.0,0.021970962770015732,1477,1530
0.9878514305606491,0.39355779513188255,0.0,0.0,0.0,-0.046274853268630636,0.9989287451840431,-0.003154589565346715,0.005343790552916373,0.0,0.0,0.0,0.0003398886970448818,1477,1530
0.9878514305606491,0.39355779513188255,0.0,0.0,0.0,-0.046274853268630636,0.9989287451840431,-0.003154589565346715,0.005343790552916373,0.0,0.0,0.0,0.0003398886970448818,1477,1530
0.9878514305606491,0.39355779513188255,0.0,0.0,0.0,-0.046274853268630636,0.9989287451840431,-0.003154589565346715,0.005343790552916373,0.0,0.0,0.0,0.0003398886970448818,1477,1530
0.9889377179381292,0.3943376360115874,0.0,0.0,0.0,-0.04650476040594571,0.9989180683417362,0.0027531188025555434,0.0023914786512868485,0.0,0.0,0.0,-0.0012553139990461532,1477,1530
0.9889377179381292,0.3943376360115874,0.0,0.0,0.0,-0.04650476040594571,0.9989180683417362,0.0027531188025555434,0.0023914786512868485,0.0,0.0,0.0,-0.0012553139990461532,1477,1530
0.9862421360410067,0.3893701940873387,0.0,0.0,0.0,-0.04518300267515902,0.9989787266349852,-0.009521537165371697,-0.022263158706535238,0.0,0.0,0.0,0.011337645484708078,1477,1530
0.9862421360410067,0.3893701940873387,0.0,0.0,0.0,-0.04518300267515902,0.9989787266349852,-0.009521537165371697,-0.022263158706535238,0.0,0.0,0.0,0.011337645484708078,1477,1530
0.9848726822369299,0.3903678152296554,0.0,0.0,0.0,-0.0452599886148397,0.9989752416504548,-0.005449868178796055,0.0032608100376541817,0.0,0.0,0.0,-0.0005777381301994186,1477,1530
0.9848726822369299,0.3903678152296554,0.0,0.0,0.0,-0.0452599886148397,0.9989752416504548,-0.005449868178796055,0.0032608100376541817,0.0,0.0,0.0,-0.0005777381301994186,1477,1530
0.985264061806346,0.3901003199788932,0.0,0.0,0.0,-0.04519836869103036,0.998978031524052,0.00248427670428552,-0.0013863195727973172,0.0,0.0,0.0,0.0007403416820716318,1477,1530
0.985264061806346,0.3901003199788932,0.0,0.0,0.0,-0.04519836869103036,0.998978031524052,0.00248427670428552,-0.0013863195727973172,0.0,0.0,0.0,0.0007403416820716318,1477,1530
0.985264061806346,0.3901003199788932,0.0,0.0,0.0,-0.04519836869103036,0.998978031524052,0.00248427670428552,-0.0013863195727973172,0.0,0.0,0.0,0.0007403416820716318,1477,1530
0.985264061806346,0.3901003199788932,0.0,0.0,0.0,-0.04519836869103036,0.998978031524052,0.00248427670428552,-0.0013863195727973172,0.0,0.0,0.0,0.0007403416820716318,1477,1530
0.9850120010307832,0.38952586766173153,0.0,0.0,0.0,-0.0451145276517979,0.9989818213534996,-0.0011946502439345275,-0.0035683623514625234,0.0,0.0,0.0,0.0010068821811095388,1477,1530
0.9850120010307832,0.38952586766173153,0.0,0.0,0.0,-0.0451145276517979,0.9989818213534996,-0.0011946502439345275,-0.0035683623514625234,0.0,0.0,0.0,0.0010068821811095388,1477,1530
0.9850120010307832,0.38952586766173153,0.0,0.0,0.0,-0.0451145276517979,0.9989818213534996,-0.0011946502439345275,-0.0035683623514625234,0.0,0.0,0.0,0.0010068821811095388,1477,1530
0.9852165884499653,0.3902834476136233,0.0,0.0,0.0,-0.045255564635948556,0.9989754420752702,0.0003387254264786201,0.001932651849237688,0.0,0.0,0.0,-0.0007060188701647243,1477,1530
0.9852165884499653,0.3902834476136233,0.0,0.0,0.0,-0.045255564635948556,0.9989754420752702,0.0003387254264786201,0.001932651849237688,0.0,0.0,0.0,-0.0007060188701647243,1477,1530
0.9852165884499653,0.3902834476136233,0.0,0.0,0.0,-0.045255564635948556,0.9989754420752702,0.0003387254264786201,0.001932651849237688,0.0,0.0,0.0,-0.0007060188701647243,1477,1530
0.9854650391360674,0.39057540563877374,0.0,0.0,0.0,-0.0453708331756042,0.9989702135183769,0.0006629613325533083,0.000939477928742615,0.0,0.0,0.0,-0.0006921735526120153,1477,1530
0.9854650391360674,0.39057540563877374,0.0,0.0,0.0,-0.0453708331756042,0.9989702135183769,0.0006629613325533083,0.000939477928742615,0.0,0.0,0.0,-0.0006921735526120153,1477,1530
0.9854650391360674,0.39057540563877374,0.0,0.0,0.0,-0.0453708331756042,0.9989702135183769,0.0006629613325533083,0.000939477928742615,0.0,0.0,0.0,-0.0006921735526120153,1477,1530
0.9850435240853805,0.39012494651798646,0.0,0.0,0.0,-0.04526978452997244,0.9989747977845136,-0.0012626704576090806,-0.0016220920618217843,0.0,0.0,0.0,0.0006740921251961135,1477,1530
0.9850435240853805,0.39012494651798646,0.0,0.0,0.0,-0.04526978452997244,0.9989747977845136,-0.0012626704576090806,-0.0016220920618217843,0.0,0.0,0.0,0.0006740921251961135,1477,1530
0.9855213275141896,0.39011139496584724,0.0,0.0,0.0,-0.045269143928709274,0.9989748268139502,0.0017908397172311408,0.00011156274656756897,0.0,0.0,0.0,4.814344666204682e-06,1477,1530
0.9855213275141896,0.39011139496584724,0.0,0.0,0.0,-0.045269143928709274,0.9989748268139502,0.0017908397172311408,0.00011156274656756897,0.0,0.0,0.0,4.814344666204682e-06,1477,1530
0.9855213275141896,0.39011139496584724,0.0,0.0,0.0,-0.045269143928709274,0.9989748268139502,0.0017908397172311408,0.00011156274656756897,0.0,0.0,0.0,4.814344666204682e-06,1477,1530
0.9853223172979176,0.38999828031131134,0.0,0.0,0.0,-0.04515433063686689,0.9989800230358646,-0.0007043273754687799,-0.0004895665173561823,0.0,0.0,0.0,0.0008613243665598343,1477,1530
0.9853223172979176,0.38999828031131134,0.0,0.0,0.0,-0.04515433063686689,0.9989800230358646,-0.0007043273754687799,-0.0004895665173561823,0.0,0.0,0.0,0.0008613243665598343,1477,1530
0.9880828510520333,0.39227078325520975,0.0,0.0,0.0,-0.03983848147433085,0.9992061325841728,0.010916335516624288,0.01077913363451264,0.0,0.0,0.0,0.045657182586700935,1477,1530
0.9880828510520333,0.39227078325520975,0.0,0.0,0.0,-0.03983848147433085,0.9992061325841728,0.010916335516624288,0.01077913363451264,0.0,0.0,0.0,0.045657182586700935,1477,1530
1.0156661374895266,0.40373095692631494,0.0,0.0,0.0,-0.0014071495281132494,0.9999990099646127,0.13258261367518626,0.06792784408118813,0.0,0.0,0.0,0.38335803370377375,1477,1530
1.0557064834742913,0.4110229092512791,0.0,0.0,0.0,0.0044401336333693186,0.9999901425580744,0.20038487890271311,0.037076062990918715,0.0,0.0,0.0,0.058556384576928924,1477,1530
1.0557064834742913,0.4110229092512791,0.0,0.0,0.0,0.0044401336333693186,0.9999901425580744,0.20038487890271311,0.037076062990918715,0.0,0.0,0.0,0.058556384576928924,1477,1530
1.0557064834742913,0.4110229092512791,0.0,0.0,0.0,0.0044401336333693186,0.9999901425580744,0.20038487890271311,0.037076062990918715,0.0,0.0,0.0,0.058556384576928924,1477,1530
1.0982484620976103,0.41047711128628706,0.0,0.0,0.0,-0.0013319743991531492,0.9999991129217065,0.25503929983946744,-0.005537575612524728,0.0,0.0,0.0,-0.0692180233111406,1477,1530
1.0982484620976103,0.41047711128628706,0.0,0.0,0.0,-0.0013319743991531492,0.9999991129217065,0.25503929983946744,-0.005537575612524728,0.0,0.0,0.0,-0.0692180233111406,1477,1530
1.0982484620976103,0.41047711128628706,0.0,0.0,0.0,-0.0013319743991531492,0.9999991129217065,0.25503929983946744,-0.005537575612524728,0.0,0.0,0.0,-0.0692180233111406,1477,1530
1.0982484620976103,0.41047711128628706,0.0,0.0,0.0,-0.0013319743991531492,0.9999991129217065,0.25503929983946744,-0.005537575612524728,0.0,0.0,0.0,-0.0692180233111406,1477,1530
1.1692780503417881,0.4099063214614035,0.0,0.0,0.0,-0.008658437187749746,0.9999625150301714,0.30435708613670903,-0.0016349677827936144,0.0,0.0,0.0,-0.0627860573905654,1477,1530
1.1692780503417881,0.4099063214614035,0.0,0.0,0.0,-0.008658437187749746,0.9999625150301714,0.30435708613670903,-0.0016349677827936144,0.0,0.0,0.0,-0.0627860573905654,1477,1530
1.1692780503417881,0.4099063214614035,0.0,0.0,0.0,-0.008658437187749746,0.9999625150301714,0.30435708613670903,-0.0016349677827936144,0.0,0.0,0.0,-0.0627860573905654,1477,1530
1.1692780503417881,0.4099063214614035,0.0,0.0,0.0,-0.008658437187749746,0.9999625150301714,0.30435708613670903,-0.0016349677827936144,0.0,0.0,0.0,-0.0627860573905654,1477,1530
1.1692780503417881,0.4099063214614035,0.0,0.0,0.0,-0.008658437187749746,0.9999625150301714,0.30435708613670903,-0.0016349677827936144,0.0,0.0,0.0,-0.0627860573905654,1477,1530
1.1692780503417881,0.4099063214614035,0.0,0.0,0.0,-0.008658437187749746,0.9999625150301714,0.30435708613670903,-0.0016349677827936144,0.0,0.0,0.0,-0.0627860573905654,1477,1530
1.1920272796711229,0.4048417159041904,0.0,0.0,0.0,-0.008930618434798495,0.9999601212320279,0.048930924866734206,-0.010007361878120716,0.0,0.0,0.0,-0.0011665828242863226,1477,1530
1.1920272796711229,0.4048417159041904,0.0,0.0,0.0,-0.008930618434798495,0.9999601212320279,0.048930924866734206,-0.010007361878120716,0.0,0.0,0.0,-0.0011665828242863226,1477,1530
1.1919501197709745,0.40817290348177176,0.0,0.0,0.0,-0.009412754051047119,0.9999556990493002,-0.00025616652891710364,0.006241382207748386,0.0,0.0,0.0,-0.001807790791874477,1477,1530
1.1919501197709745,0.40817290348177176,0.0,0.0,0.0,-0.009412754051047119,0.9999556990493002,-0.00025616652891710364,0.006241382207748386,0.0,0.0,0.0,-0.001807790791874477,1477,1530
1.1919501197709745,0.40817290348177176,0.0,0.0,0.0,-0.009412754051047119,0.9999556990493002,-0.00025616652891710364,0.006241382207748386,0.0,0.0,0.0,-0.001807790791874477,1477,1530
1.1919501197709745,0.40817290348177176,0.0,0.0,0.0,-0.009412754051047119,0.9999556990493002,-0.00025616652891710364,0.006241382207748386,0.0,0.0,0.0,-0.001807790791874477,1477,1530
1.1919501197709745,0.40817290348177176,0.0,0.0,0.0,-0.009412754051047119,0.9999556990493002,-0.00025616652891710364,0.006241382207748386,0.0,0.0,0.0,-0.001807790791874477,1477,1530
1.2476387718927415,0.4131063541529639,0.0,0.0,0.0,-0.001994743038845851,0.9999980104981254,0.2085055571745621,0.022434646172381084,0.0,0.0,0.0,0.05565118724134604,1477,1530
1.2476387718927415,0.4131063541529639,0.0,0.0,0.0,-0.001994743038845851,0.9999980104981254,0.2085055571745621,0.022434646172381084,0.0,0.0,0.0,0.05565118724134604,1477,1530
1.2476387718927415,0.4131063541529639,0.0,0.0,0.0,-0.001994743038845851,0.9999980104981254,0.2085055571745621,0.022434646172381084,0.0,0.0,0.0,0.05565118724134604,1477,1530
1.2476387718927415,0.4131063541529639,0.0,0.0,0.0,-0.001994743038845851,0.9999980104981254,0.2085055571745621,0.022434646172381084,0.0,0.0,0.0,0.05565118724134604,1477,1530
1.3990567438833332,0.40183119844547516,0.0,0.0,0.0,-0.055727178630779924,0.9984460333747904,0.3785701406278623,-0.02667153380986132,0.0,0.0,0.0,-0.26861735507207624,1477,1530
1.3990567438833332,0.40183119844547516,0.0,0.0,0.0,-0.055727178630779924,0.9984460333747904,0.3785701406278623,-0.02667153380986132,0.0,0.0,0.0,-0.26861735507207624,1477,1530
1.3990567438833332,0.40183119844547516,0.0,0.0,0.0,-0.055727178630779924,0.9984460333747904,0.3785701406278623,-0.02667153380986132,0.0,0.0,0.0,-0.26861735507207624,1477,1530
1.3990567438833332,0.40183119844547516,0.0,0.0,0.0,-0.055727178630779924,0.9984460333747904,0.3785701406278623,-0.02667153380986132,0.0,0.0,0.0,-0.26861735507207624,1477,1530
1.3968409849550396,0.39617302417451933,0.0,0.0,0.0,-0.08086358631915826,0.9967251779741515,-0.003369178776258888,-0.01257720044686138,0.0,0.0,0.0,-0.10796657695350656,1477,1530
1.3968409849550396,0.39617302417451933,0.0,0.0,0.0,-0.08086358631915826,0.9967251779741515,-0.003369178776258888,-0.01257720044686138,0.0,0.0,0.0,-0.10796657695350656,1477,1530
1.3991233021105995,0.3932044675549926,0.0,0.0,0.0,-0.08001166322762575,0.9967939274230903,0.008191145437085327,-0.007683770009163005,0.0,0.0,0.0,0.005127006682663144,1477,1530
1.3991233021105995,0.3932044675549926,0.0,0.0,0.0,-0.08001166322762575,0.9967939274230903,0.008191145437085327,-0.007683770009163005,0.0,0.0,0.0,0.005127006682663144,1477,1530
1.3987786809438352,0.39443197470421315,0.0,0.0,0.0,-0.07872274349621054,0.9968965491245467,-0.002010708870882651,0.004339533632721641,0.0,0.0,0.0,0.009700749083583834,1477,1530
1.3987786809438352,0.39443197470421315,0.0,0.0,0.0,-0.07872274349621054,0.9968965491245467,-0.002010708870882651,0.004339533632721641,0.0,0.0,0.0,0.009700749083583834,1477,1530
1.3987786809438352,0.39443197470421315,0.0,0.0,0.0,-0.07872274349621054,0.9968965491245467,-0.002010708870882651,0.004339533632721641,0.0,0.0,0.0,0.009700749083583834,1477,1530
1.3987786809438352,0.39443197470421315,0.0,0.0,0.0,-0.07872274349621054,0.9968965491245467,-0.002010708870882651,0.004339533632721641,0.0,0.0,0.0,0.009700749083583834,1477,1530
1.3987786809438352,0.39443197470421315,0.0,0.0,0.0,-0.07872274349621054,0.9968965491245467,-0.002010708870882651,0.004339533632721641,0.0,0.0,0.0,0.009700749083583834,1477,1530
1.400940296118897,0.38904721694595207,0.0,0.0,0.0,-0.07928429041200487,0.9968520458392333,0.014904757681130377,-0.024901647642167173,0.0,0.0,0.0,-0.005634879193755626,1477,1530
1.400940296118897,0.38904721694595207,0.0,0.0,0.0,-0.07928429041200487,0.9968520458392333,0.014904757681130377,-0.024901647642167173,0.0,0.0,0.0,-0.005634879193755626,1477,1530
1.4313715422897026,0.3803386565003829,0.0,0.0,0.0,-0.07875305057785573,0.9968941553769296,0.06282757410473101,-0.007574897118609622,0.0,0.0,0.0,0.0021308489322634464,1477,1530
1.4313715422897026,0.3803386565003829,0.0,0.0,0.0,-0.07875305057785573,0.9968941553769296,0.06282757410473101,-0.007574897118609622,0.0,0.0,0.0,0.0021308489322634464,1477,1530
1.4430114142617227,0.3841726971756603,0.0,0.0,0.0,-0.08004927713818541,0.9967909074774177,0.06544124649195356,0.03372625376711124,0.0,0.0,0.0,-0.015623166477506202,1477,1530
1.4430114142617227,0.3841726971756603,0.0,0.0,0.0,-0.08004927713818541,0.9967909074774177,0.06544124649195356,0.03372625376711124,0.0,0.0,0.0,-0.015623166477506202,1477,1530
1.4430114142617227,0.3841726971756603,0.0,0.0,0.0,-0.08004927713818541,0.9967909074774177,0.06544124649195356,0.03372625376711124,0.0,0.0,0.0,-0.015623166477506202,1477,1530
1.4381406749749148,0.3757033972100827,0.0,0.0,0.0,-0.07858050068264241,0.9969077715177393,-0.05163791933681172,-0.13650705399142515,0.0,0.0,0.0,0.04402073131825653,1477,1530
1.4381406749749148,0.3757033972100827,0.0,0.0,0.0,-0.07858050068264241,0.9969077715177393,-0.05163791933681172,-0.13650705399142515,0.0,0.0,0.0,0.04402073131825653,1477,1530
1.4381406749749148,0.3757033972100827,0.0,0.0,0.0,-0.07858050068264241,0.9969077715177393,-0.05163791933681172,-0.13650705399142515,0.0,0.0,0.0,0.04402073131825653,1477,1530
1.5367604839093956,0.35161768392399106,0.0,0.0,0.0,-0.07459315259005275,0.9972140500347341,0.2529558362327774,-0.020843904174916852,0.0,0.0,0.0,0.019996778884888954,1477,1530
1.5367604839093956,0.35161768392399106,0.0,0.0,0.0,-0.07459315259005275,0.9972140500347341,0.2529558362327774,-0.020843904174916852,0.0,0.0,0.0,0.019996778884888954,1477,1530
1.5367604839093956,0.35161768392399106,0.0,0.0,0.0,-0.07459315259005275,0.9972140500347341,0.2529558362327774,-0.020843904174916852,0.0,0.0,0.0,0.019996778884888954,1477,1530
1.5367604839093956,0.35161768392399106,0.0,0.0,0.0,-0.07459315259005275,0.9972140500347341,0.2529558362327774,-0.020843904174916852,0.0,0.0,0.0,0.019996778884888954,1477,1530
1.6821689243350544,0.3010249966572402,0.0,0.0,0.0,-0.10984895711516396,0.9939482917238255,0.41274539911528463,-0.07745857417256456,0.0,0.0,0.0,-0.19312670283066732,1477,1530
1.6821689243350544,0.3010249966572402,0.0,0.0,0.0,-0.10984895711516396,0.9939482917238255,0.41274539911528463,-0.07745857417256456,0.0,0.0,0.0,-0.19312670283066732,1477,1530
1.6821689243350544,0.3010249966572402,0.0,0.0,0.0,-0.10984895711516396,0.9939482917238255,0.41274539911528463,-0.07745857417256456,0.0,0.0,0.0,-0.19312670283066732,1477,1530
1.7482882064022982,0.27468954816702523,0.0,0.0,0.0,-0.12293216192953997,0.992415076247499,0.17564476224608397,-0.02814718550423089,0.0,0.0,0.0,-0.06584678198937877,1477,1530
1.7482882064022982,0.27468954816702523,0.0,0.0,0.0,-0.12293216192953997,0.992415076247499,0.17564476224608397,-0.02814718550423089,0.0,0.0,0.0,-0.06584678198937877,1477,1530
1.7482882064022982,0.27468954816702523,0.0,0.0,0.0,-0.12293216192953997,0.992415076247499,0.17564476224608397,-0.02814718550423089,0.0,0.0,0.0,-0.06584678198937877,1477,1530
1.7482882064022982,0.27468954816702523,0.0,0.0,0.0,-0.12293216192953997,0.992415076247499,0.17564476224608397,-0.02814718550423089,0.0,0.0,0.0,-0.06584678198937877,1477,1530
1.7508682896706542,0.2741769170636914,0.0,0.0,0.0,-0.12299468191793339,0.9924073297894904,0.011259660956752217,0.0005674521688769074,0.0,0.0,0.0,-0.0005399980960518847,1477,1530
1.7508682896706542,0.2741769170636914,0.0,0.0,0.0,-0.12299468191793339,0.9924073297894904,0.011259660956752217,0.0005674521688769074,0.0,0.0,0.0,-0.0005399980960518847,1477,1530
1.7508682896706542,0.2741769170636914,0.0,0.0,0.0,-0.12299468191793339,0.9924073297894904,0.011259660956752217,0.0005674521688769074,0.0,0.0,0.0,-0.0005399980960518847,1477,1530
1.7540376527879513,0.2716791855956772,0.0,0.0,0.0,-0.12407408726189385,0.9922729568370429,0.009206722880377091,-0.004120531267962237,0.0,0.0,0.0,-0.005437896173579667,1477,1530
1.7540376527879513,0.2716791855956772,0.0,0.0,0.0,-0.12407408726189385,0.9922729568370429,0.009206722880377091,-0.004120531267962237,0.0,0.0,0.0,-0.005437896173579667,1477,1530
1.7540376527879513,0.2716791855956772,0.0,0.0,0.0,-0.12407408726189385,0.9922729568370429,0.009206722880377091,-0.004120531267962237,0.0,0.0,0.0,-0.005437896173579667,1477,1530
1.7540376527879513,0.2716791855956772,0.0,0.0,0.0,-0.12407408726189385,0.9922729568370429,0.009206722880377091,-0.004120531267962237,0.0,0.0,0.0,-0.005437896173579667,1477,1530
1.780511206942796,0.26455334554028825,0.0,0.0,0.0,-0.12883131746453216,0.9916665223956856,0.07474673764288678,-0.0010575218600393141,0.0,0.0,0.0,-0.026152779740321538,1477,1530
1.780511206942796,0.26455334554028825,0.0,0.0,0.0,-0.12883131746453216,0.9916665223956856,0.07474673764288678,-0.0010575218600393141,0.0,0.0,0.0,-0.026152779740321538,1477,1530
1.780511206942796,0.26455334554028825,0.0,0.0,0.0,-0.12883131746453216,0.9916665223956856,0.07474673764288678,-0.0010575218600393141,0.0,0.0,0.0,-0.026152779740321538,1477,1530
1.780511206942796,0.26455334554028825,0.0,0.0,0.0,-0.12883131746453216,0.9916665223956856,0.07474673764288678,-0.0010575218600393141,0.0,0.0,0.0,-0.026152779740321538,1477,1530
1.910354247454787,0.20130978064219657,0.0,0.0,0.0,-0.1822878395108039,0.9832452102941989,0.3542199977780136,-0.0699159679426008,0.0,0.0,0.0,-0.2704710699392728,1477,1530
1.910354247454787,0.20130978064219657,0.0,0.0,0.0,-0.1822878395108039,0.9832452102941989,0.3542199977780136,-0.0699159679426008,0.0,0.0,0.0,-0.2704710699392728,1477,1530
2.052661882932854,0.11060697072790823,0.0,0.0,0.0,-0.21164082899112263,0.9773475121490566,0.4960231147131467,-0.10097269228484769,0.0,0.0,0.0,-0.1795924468612649,1477,1530
2.052661882932854,0.11060697072790823,0.0,0.0,0.0,-0.21164082899112263,0.9773475121490566,0.4960231147131467,-0.10097269228484769,0.0,0.0,0.0,-0.1795924468612649,1477,1530
2.052661882932854,0.11060697072790823,0.0,0.0,0.0,-0.21164082899112263,0.9773475121490566,0.4960231147131467,-0.10097269228484769,0.0,0.0,0.0,-0.1795924468612649,1477,1530
2.052661882932854,0.11060697072790823,0.0,0.0,0.0,-0.21164082899112263,0.9773475121490566,0.4960231147131467,-0.10097269228484769,0.0,0.0,0.0,-0.1795924468612649,1477,1530
2.0890052588735966,0.09782753873232303,0.0,0.0,0.0,-0.20593221795264105,0.9785662581599194,0.12790603167748196,0.011333933719077195,0.0,0.0,0.0,0.03891229392943966,1477,1530
2.0890052588735966,0.09782753873232303,0.0,0.0,0.0,-0.20593221795264105,0.9785662581599194,0.12790603167748196,0.011333933719077195,0.0,0.0,0.0,0.03891229392943966,1477,1530
2.0903957082336952,0.09786721016344395,0.0,0.0,0.0,-0.2060374509042242,0.9785441067345352,0.003426909437431732,0.0016273947359648111,0.0,0.0,0.0,-0.0005865796180493839,1477,1530
2.0903957082336952,0.09786721016344395,0.0,0.0,0.0,-0.2060374509042242,0.9785441067345352,0.003426909437431732,0.0016273947359648111,0.0,0.0,0.0,-0.0005865796180493839,1477,1530
2.0903957082336952,0.09786721016344395,0.0,0.0,0.0,-0.2060374509042242,0.9785441067345352,0.003426909437431732,0.0016273947359648111,0.0,0.0,0.0,-0.0005865796180493839,1477,1530
2.0903957082336952,0.09786721016344395,0.0,0.0,0.0,-0.2060374509042242,0.9785441067345352,0.003426909437431732,0.0016273947359648111,0.0,0.0,0.0,-0.0005865796180493839,1477,1530
2.093917859287276,0.09615400602743575,0.0,0.0,0.0,-0.20824641205168584,0.97807639367669,0.019573768443500318,-0.0007376500140130684,0.0,0.0,0.0,-0.02258406584429918,1477,1530
2.093917859287276,0.09615400602743575,0.0,0.0,0.0,-0.20824641205168584,0.97807639367669,0.019573768443500318,-0.0007376500140130684,0.0,0.0,0.0,-0.02258406584429918,1477,1530
2.093917859287276,0.09615400602743575,0.0,0.0,0.0,-0.20824641205168584,0.97807639367669,0.019573768443500318,-0.0007376500140130684,0.0,0.0,0.0,-0.02258406584429918,1477,1530
2.093917859287276,0.09615400602743575,0.0,0.0,0.0,-0.20824641205168584,0.97807639367669,0.019573768443500318,-0.0007376500140130684,0.0,0.0,0.0,-0.02258406584429918,1477,1530
2.117593055960817,0.06557702659621,0.0,0.0,0.0,-0.24985840372913323,0.9682823855084474,0.08517883274863612,-0.045693203697773896,0.0,0.0,0.0,-0.21365791064720155,1477,1530
2.117593055960817,0.06557702659621,0.0,0.0,0.0,-0.24985840372913323,0.9682823855084474,0.08517883274863612,-0.045693203697773896,0.0,0.0,0.0,-0.21365791064720155,1477,1530
2.217025300078504,-0.053077830369686274,0.0,0.0,0.0,-0.3199390205638016,0.9474381368304082,0.33328823454141265,-0.12859770683642663,0.0,0.0,0.0,-0.3372144342827002,1477,1530
2.217025300078504,-0.053077830369686274,0.0,0.0,0.0,-0.3199390205638016,0.9474381368304082,0.33328823454141265,-0.12859770683642663,0.0,0.0,0.0,-0.3372144342827002,1477,1530
2.217025300078504,-0.053077830369686274,0.0,0.0,0.0,-0.3199390205638016,0.9474381368304082,0.33328823454141265,-0.12859770683642663,0.0,0.0,0.0,-0.3372144342827002,1477,1530
2.217025300078504,-0.053077830369686274,0.0,0.0,0.0,-0.3199390205638016,0.9474381368304082,0.33328823454141265,-0.12859770683642663,0.0,0.0,0.0,-0.3372144342827002,1477,1530
2.242537922465474,-0.0904405418654761,0.0,0.0,0.0,-0.3522804750849347,0.9358944742191465,0.214700754253395,-0.07123352784863693,0.0,0.0,0.0,-0.3433445217893202,1477,1530
2.242537922465474,-0.0904405418654761,0.0,0.0,0.0,-0.3522804750849347,0.9358944742191465,0.214700754253395,-0.07123352784863693,0.0,0.0,0.0,-0.3433445217893202,1477,1530
2.2492822291281014,-0.0966612657177342,0.0,0.0,0.0,-0.3522431766224263,0.935908512902272,0.025015986122283417,-0.0006260938023930873,0.0,0.0,0.0,0.0002173862089777691,1477,1530
2.2492822291281014,-0.0966612657177342,0.0,0.0,0.0,-0.3522431766224263,0.935908512902272,0.025015986122283417,-0.0006260938023930873,0.0,0.0,0.0,0.0002173862089777691,1477,1530
2.2492822291281014,-0.0966612657177342,0.0,0.0,0.0,-0.3522431766224263,0.935908512902272,0.025015986122283417,-0.0006260938023930873,0.0,0.0,0.0,0.0002173862089777691,1477,1530
2.2494445465949657,-0.09600080685922543,0.0,0.0,0.0,-0.3525672583577869,0.9357864758234506,-0.0018794084506336744,0.003619322686821182,0.0,0.0,0.0,-0.004153045947782063,1477,1530
2.2494445465949657,-0.09600080685922543,0.0,0.0,0.0,-0.3525672583577869,0.9357864758234506,-0.0018794084506336744,0.003619322686821182,0.0,0.0,0.0,-0.004153045947782063,1477,1530
2.2494445465949657,-0.09600080685922543,0.0,0.0,0.0,-0.3525672583577869,0.9357864758234506,-0.0018794084506336744,0.003619322686821182,0.0,0.0,0.0,-0.004153045947782063,1477,1530
2.2494445465949657,-0.09600080685922543,0.0,0.0,0.0,-0.3525672583577869,0.9357864758234506,-0.0018794084506336744,0.003619322686821182,0.0,0.0,0.0,-0.004153045947782063,1477,1530
2.2494445465949657,-0.09600080685922543,0.0,0.0,0.0,-0.3525672583577869,0.9357864758234506,-0.0018794084506336744,0.003619322686821182,0.0,0.0,0.0,-0.004153045947782063,1477,1530
2.25064096033609,-0.09825793546576418,0.0,0.0,0.0,-0.3524181407695056,0.9358426438544917,0.007164641906304534,-0.002719429130500824,0.0,0.0,0.0,0.0009560149819112381,1477,1530
2.25064096033609,-0.09825793546576418,0.0,0.0,0.0,-0.3524181407695056,0.9358426438544917,0.007164641906304534,-0.002719429130500824,0.0,0.0,0.0,0.0009560149819112381,1477,1530
2.2495424418528676,-0.09646023495642352,0.0,0.0,0.0,-0.352550487375564,0.9357927942932945,-0.003769235908160381,0.0011741033465272359,0.0,0.0,0.0,-0.0005300263559772763,1477,1530
2.2495424418528676,-0.09646023495642352,0.0,0.0,0.0,-0.352550487375564,0.9357927942932945,-0.003769235908160381,0.0011741033465272359,0.0,0.0,0.0,-0.0005300263559772763,1477,1530
2.2495424418528676,-0.09646023495642352,0.0,0.0,0.0,-0.352550487375564,0.9357927942932945,-0.003769235908160381,0.0011741033465272359,0.0,0.0,0.0,-0.0005300263559772763,1477,1530
2.249230543602011,-0.09672701020162394,0.0,0.0,0.0,-0.35249729081708436,0.9358128338330352,-0.00035058559060690777,-0.002441369885237465,0.0,0.0,0.0,0.0006832194224823587,1477,1530
2.249230543602011,-0.09672701020162394,0.0,0.0,0.0,-0.35249729081708436,0.9358128338330352,-0.00035058559060690777,-0.002441369885237465,0.0,0.0,0.0,0.0006832194224823587,1477,1530
2.249230543602011,-0.09672701020162394,0.0,0.0,0.0,-0.35249729081708436,0.9358128338330352,-0.00035058559060690777,-0.002441369885237465,0.0,0.0,0.0,0.0006832194224823587,1477,1530
2.249230543602011,-0.09672701020162394,0.0,0.0,0.0,-0.35249729081708436,0.9358128338330352,-0.00035058559060690777,-0.002441369885237465,0.0,0.0,0.0,0.0006832194224823587,1477,1530
2.249230543602011,-0.09672701020162394,0.0,0.0,0.0,-0.35249729081708436,0.9358128338330352,-0.00035058559060690777,-0.002441369885237465,0.0,0.0,0.0,0.0006832194224823587,1477,1530
2.2495188736414233,-0.09659685370811144,0.0,0.0,0.0,-0.3524584226362237,0.9358274735830238,0.00043589341017485304,0.0009598261652222917,0.0,0.0,0.0,0.000276808132775732,1477,1530
2.2495188736414233,-0.09659685370811144,0.0,0.0,0.0,-0.3524584226362237,0.9358274735830238,0.00043589341017485304,0.0009598261652222917,0.0,0.0,0.0,0.000276808132775732,1477,1530
2.2495188736414233,-0.09659685370811144,0.0,0.0,0.0,-0.3524584226362237,0.9358274735830238,0.00043589341017485304,0.0009598261652222917,0.0,0.0,0.0,0.000276808132775732,1477,1530
2.24966276185423,-0.09672835674672736,0.0,0.0,0.0,-0.3525163907766716,0.935805639133356,0.0004177927614772816,-8.382803474025035e-06,0.0,0.0,0.0,-0.00026558470438812,1477,1530
2.24966276185423,-0.09672835674672736,0.0,0.0,0.0,-0.3525163907766716,0.935805639133356,0.0004177927614772816,-8.382803474025035e-06,0.0,0.0,0.0,-0.00026558470438812,1477,1530
2.24966276185423,-0.09672835674672736,0.0,0.0,0.0,-0.3525163907766716,0.935805639133356,0.0004177927614772816,-8.382803474025035e-06,0.0,0.0,0.0,-0.00026558470438812,1477,1530
2.249406202700256,-0.09648650598810078,0.0,0.0,0.0,-0.3525286741766384,0.9358010119054486,-0.001320538114568881,4.673825578436589e-05,0.0,0.0,0.0,-9.838436647715908e-05,1477,1530
2.249406202700256,-0.09648650598810078,0.0,0.0,0.0,-0.3525286741766384,0.9358010119054486,-0.001320538114568881,4.673825578436589e-05,0.0,0.0,0.0,-9.838436647715908e-05,1477,1530
2.249406202700256,-0.09648650598810078,0.0,0.0,0.0,-0.3525286741766384,0.9358010119054486,-0.001320538114568881,4.673825578436589e-05,0.0,0.0,0.0,-9.838436647715908e-05,1477,1530
2.2493830072233676,-0.09660381059923834,0.0,0.0,0.0,-0.3524515181796006,0.9358300739626264,0.0001797296943297132,-0.0003100636542377165,0.0,0.0,0.0,0.0004942191859606882,1477,1530
2.2493830072233676,-0.09660381059923834,0.0,0.0,0.0,-0.3524515181796006,0.9358300739626264,0.0001797296943297132,-0.0003100636542377165,0.0,0.0,0.0,0.0004942191859606882,1477,1530
2.2493830072233676,-0.09660381059923834,0.0,0.0,0.0,-0.3524515181796006,0.9358300739626264,0.0001797296943297132,-0.0003100636542377165,0.0,0.0,0.0,0.0004942191859606882,1477,1530
2.249104496597157,-0.09699960276361953,0.0,0.0,0.0,-0.35231495079036035,0.9358814964778318,0.0001727365629074452,-0.001605351583548822,0.0,0.0,0.0,0.0009737024569878139,1477,1530
2.2491858733682735,-0.09677397844065427,0.0,0.0,0.0,-0.3523697029386671,0.9358608830648472,-0.000525665087898678,0.0013396249586569633,0.0,0.0,0.0,-0.0007020289801344096,1477,1530
2.2491858733682735,-0.09677397844065427,0.0,0.0,0.0,-0.3523697029386671,0.9358608830648472,-0.000525665087898678,0.0013396249586569633,0.0,0.0,0.0,-0.0007020289801344096,1477,1530
2.2491858733682735,-0.09677397844065427,0.0,0.0,0.0,-0.3523697029386671,0.9358608830648472,-0.000525665087898678,0.0013396249586569633,0.0,0.0,0.0,-0.0007020289801344096,1477,1530
2.2494838664605195,-0.09654304159526274,0.0,0.0,0.0,-0.35248978506614825,0.935815661027331,0.00023893171072941633,0.0012337257231179316,0.0,0.0,0.0,-0.0008554136522857229,1477,1530
2.2494838664605195,-0.09654304159526274,0.0,0.0,0.0,-0.35248978506614825,0.935815661027331,0.00023893171072941633,0.0012337257231179316,0.0,0.0,0.0,-0.0008554136522857229,1477,1530
2.2494509012707433,-0.09654373278529199,0.0,0.0,0.0,-0.3525043234525832,0.9358101847849469,-9.124729234122251e-05,-8.35556685982698e-05,0.0,0.0,0.0,-0.00011658963761998446,1477,1530
2.2494509012707433,-0.09654373278529199,0.0,0.0,0.0,-0.3525043234525832,0.9358101847849469,-9.124729234122251e-05,-8.35556685982698e-05,0.0,0.0,0.0,-0.00011658963761998446,1477,1530
2.249445012306513,-0.09657426788720479,0.0,0.0,0.0,-0.3525183780158569,0.9358048905413293,6.736379301623072e-05,-0.00011497894080467604,0.0,0.0,0.0,-0.00012871489669594248,1477,1530
2.249445012306513,-0.09657426788720479,0.0,0.0,0.0,-0.3525183780158569,0.9358048905413293,6.736379301623072e-05,-0.00011497894080467604,0.0,0.0,0.0,-0.00012871489669594248,1477,1530
2.249445012306513,-0.09657426788720479,0.0,0.0,0.0,-0.3525183780158569,0.9358048905413293,6.736379301623072e-05,-0.00011497894080467604,0.0,0.0,0.0,-0.00012871489669594248,1477,1530
2.249445012306513,-0.09657426788720479,0.0,0.0,0.0,-0.3525183780158569,0.9358048905413293,6.736379301623072e-05,-0.00011497894080467604,0.0,0.0,0.0,-0.00012871489669594248,1477,1530
2.2495568225950198,-0.09646708108354922,0.0,0.0,0.0,-0.3525581113963476,0.9357899219849724,7.961839540220139e-05,0.0009236698898050769,0.0,0.0,0.0,-0.0005082855944444743,1477,1530
2.2495568225950198,-0.09646708108354922,0.0,0.0,0.0,-0.3525581113963476,0.9357899219849724,7.961839540220139e-05,0.0009236698898050769,0.0,0.0,0.0,-0.0005082855944444743,1477,1530
2.2495568225950198,-0.09646708108354922,0.0,0.0,0.0,-0.3525581113963476,0.9357899219849724,7.961839540220139e-05,0.0009236698898050769,0.0,0.0,0.0,-0.0005082855944444743,1477,1530
2.2492824621179266,-0.09646422416854158,0.0,0.0,0.0,-0.35247061477704783,0.9358228815960262,-0.000624524856143035,-0.0005370077814031905,0.0,0.0,0.0,0.0005613527464597147,1477,1530
2.2492824621179266,-0.09646422416854158,0.0,0.0,0.0,-0.35247061477704783,0.9358228815960262,-0.000624524856143035,-0.0005370077814031905,0.0,0.0,0.0,0.0005613527464597147,1477,1530
2.2492824621179266,-0.09646422416854158,0.0,0.0,0.0,-0.35247061477704783,0.9358228815960262,-0.000624524856143035,-0.0005370077814031905,0.0,0.0,0.0,0.0005613527464597147,1477,1530
2.2490605013314062,-0.09762114788906685,0.0,0.0,0.0,-0.3530885467478565,0.935589909177887,0.001789379699052374,-0.0030479084081167307,0.0,0.0,0.0,-0.003962657903975192,1477,1530
2.2490605013314062,-0.09762114788906685,0.0,0.0,0.0,-0.3530885467478565,0.935589909177887,0.001789379699052374,-0.0030479084081167307,0.0,0.0,0.0,-0.003962657903975192,1477,1530
2.2490605013314062,-0.09762114788906685,0.0,0.0,0.0,-0.3530885467478565,0.935589909177887,0.001789379699052374,-0.0030479084081167307,0.0,0.0,0.0,-0.003962657903975192,1477,1530
2.2654240917702566,-0.11064431406775961,0.0,0.0,0.0,-0.31298128430947697,0.9497592935433643,0.06264582492614074,0.0031052337623656617,0.0,0.0,0.0,0.25509106881896043,1477,1530
2.2848215015419564,-0.11851204696061868,0.0,0.0,0.0,-0.24412051898039258,0.9697449005860994,0.1515272576102857,0.038905978652867886,0.0,0.0,0.0,1.0710792483183562,1477,1530
2.2848215015419564,-0.11851204696061868,0.0,0.0,0.0,-0.24412051898039258,0.9697449005860994,0.1515272576102857,0.038905978652867886,0.0,0.0,0.0,1.0710792483183562,1477,1530
2.2848215015419564,-0.11851204696061868,0.0,0.0,0.0,-0.24412051898039258,0.9697449005860994,0.1515272576102857,0.038905978652867886,0.0,0.0,0.0,1.0710792483183562,1477,1530
2.299574713348881,-0.12532382155514646,0.0,0.0,0.0,-0.1691063123765301,0.9855978161067583,0.12220809671145683,0.007423756842530936,0.0,0.0,0.0,1.1544960412564922,1477,1530
2.299574713348881,-0.12532382155514646,0.0,0.0,0.0,-0.1691063123765301,0.9855978161067583,0.12220809671145683,0.007423756842530936,0.0,0.0,0.0,1.1544960412564922,1477,1530
2.299574713348881,-0.12532382155514646,0.0,0.0,0.0,-0.1691063123765301,0.9855978161067583,0.12220809671145683,0.007423756842530936,0.0,0.0,0.0,1.1544960412564922,1477,1530
2.2971231686153715,-0.09632382107883963,0.0,0.0,0.0,-0.11856684296965292,0.9929460729305543,-0.03264688110693894,0.07229206559253952,0.0,0.0,0.0,0.2782982275341454,1477,1530
2.2971231686153715,-0.09632382107883963,0.0,0.0,0.0,-0.11856684296965292,0.9929460729305543,-0.03264688110693894,0.07229206559253952,0.0,0.0,0.0,0.2782982275341454,1477,1530
2.2905444441184986,-0.09142429976751887,0.0,0.0,0.0,-0.1186664795710955,0.9929341703387001,-0.022655481556704445,0.00964384917598253,0.0,0.0,0.0,-0.0006024231691482734,1477,1530
2.2905444441184986,-0.09142429976751887,0.0,0.0,0.0,-0.1186664795710955,0.9929341703387001,-0.022655481556704445,0.00964384917598253,0.0,0.0,0.0,-0.0006024231691482734,1477,1530
2.29031428947639,-0.09260349675974981,0.0,0.0,0.0,-0.11810088259153723,0.9930016019781136,0.0005356774271189533,-0.011859569779702794,0.0,0.0,0.0,0.011256631580183645,1477,1530
2.29031428947639,-0.09260349675974981,0.0,0.0,0.0,-0.11810088259153723,0.9930016019781136,0.0005356774271189533,-0.011859569779702794,0.0,0.0,0.0,0.011256631580183645,1477,1530
2.29031428947639,-0.09260349675974981,0.0,0.0,0.0,-0.11810088259153723,0.9930016019781136,0.0005356774271189533,-0.011859569779702794,0.0,0.0,0.0,0.011256631580183645,1477,1530
2.2909103070228873,-0.09239497079301694,0.0,0.0,0.0,-0.11806208688096954,0.9930062153084996,0.0015956498067070544,0.0010302271326547614,0.0,0.0,0.0,0.0002350335602344402,1477,1530
2.2909103070228873,-0.09239497079301694,0.0,0.0,0.0,-0.11806208688096954,0.9930062153084996,0.0015956498067070544,0.0010302271326547614,0.0,0.0,0.0,0.0002350335602344402,1477,1530
2.2909103070228873,-0.09239497079301694,0.0,0.0,0.0,-0.11806208688096954,0.9930062153084996,0.0015956498067070544,0.0010302271326547614,0.0,0.0,0.0,0.0002350335602344402,1477,1530
2.2844313605359363,-0.08380545903708643,0.0,0.0,0.0,-0.1189176500478817,0.9929041205006098,-0.031172512534175124,0.025616984831926783,0.0,0.0,0.0,-0.006462506513350323,1477,1530
2.2844313605359363,-0.08380545903708643,0.0,0.0,0.0,-0.1189176500478817,0.9929041205006098,-0.031172512534175124,0.025616984831926783,0.0,0.0,0.0,-0.006462506513350323,1477,1530
2.2911752878335077,-0.09076653544597026,0.0,0.0,0.0,-0.11787224448627975,0.9930287679517481,0.027326172221370588,-0.017240507361472656,0.0,0.0,0.0,0.007019437088259767,1477,1530
2.2911752878335077,-0.09076653544597026,0.0,0.0,0.0,-0.11787224448627975,0.9930287679517481,0.027326172221370588,-0.017240507361472656,0.0,0.0,0.0,0.007019437088259767,1477,1530
2.2911752878335077,-0.09076653544597026,0.0,0.0,0.0,-0.11787224448627975,0.9930287679517481,0.027326172221370588,-0.017240507361472656,0.0,0.0,0.0,0.007019437088259767,1477,1530
2.2906712791268906,-0.08659854439484287,0.0,0.0,0.0,-0.11861950637865472,0.9929397830213493,-0.007328159871406547,0.019669538434647894,0.0,0.0,0.0,-0.00752488735582477,1477,1530
2.2906712791268906,-0.08659854439484287,0.0,0.0,0.0,-0.11861950637865472,0.9929397830213493,-0.007328159871406547,0.019669538434647894,0.0,0.0,0.0,-0.00752488735582477,1477,1530
2.2906712791268906,-0.08659854439484287,0.0,0.0,0.0,-0.11861950637865472,0.9929397830213493,-0.007328159871406547,0.019669538434647894,0.0,0.0,0.0,-0.00752488735582477,1477,1530
2.2907544980440853,-0.08821121533987926,0.0,0.0,0.0,-0.11828826949667189,0.9929792975180715,0.0013825225321147507,-0.004643826189935104,0.0,0.0,0.0,0.0020018451132129142,1477,1530
2.2907544980440853,-0.08821121533987926,0.0,0.0,0.0,-0.11828826949667189,0.9929792975180715,0.0013825225321147507,-0.004643826189935104,0.0,0.0,0.0,0.0020018451132129142,1477,1530
2.3188105506120613,-0.0793199261501266,0.0,0.0,0.0,-0.04141021460884238,0.999142229177633,0.08394689934978582,0.050781316930941,0.0,0.0,0.0,0.5138198098401113,1477,1530
2.3188105506120613,-0.0793199261501266,0.0,0.0,0.0,-0.04141021460884238,0.999142229177633,0.08394689934978582,0.050781316930941,0.0,0.0,0.0,0.5138198098401113,1477,1530
2.355301316519603,-0.04090173144071201,0.0,0.0,0.0,0.07668698764664449,0.9970552170896472,0.1422690603750786,0.17707691551215818,0.0,0.0,0.0,1.0109444008362487,1477,1530
2.355301316519603,-0.04090173144071201,0.0,0.0,0.0,0.07668698764664449,0.9970552170896472,0.1422690603750786,0.17707691551215818,0.0,0.0,0.0,1.0109444008362487,1477,1530
2.355301316519603,-0.04090173144071201,0.0,0.0,0.0,0.07668698764664449,0.9970552170896472,0.1422690603750786,0.17707691551215818,0.0,0.0,0.0,1.0109444008362487,1477,1530
2.357592144437655,-0.017592129400288162,0.0,0.0,0.0,0.12665378100939623,0.9919469843474619,0.03492657561988415,0.13593916905465162,0.0,0.0,0.0,0.6017772009895688,1477,1530
2.357592144437655,-0.017592129400288162,0.0,0.0,0.0,0.12665378100939623,0.9919469843474619,0.03492657561988415,0.13593916905465162,0.0,0.0,0.0,0.6017772009895688,1477,1530
2.357592144437655,-0.017592129400288162,0.0,0.0,0.0,0.12665378100939623,0.9919469843474619,0.03492657561988415,0.13593916905465162,0.0,0.0,0.0,0.6017772009895688,1477,1530
2.346230536200875,-0.01573579569057546,0.0,0.0,0.0,0.12466652381187036,0.9921986987698908,-0.03511427048431003,0.015510601964017151,0.0,0.0,0.0,-0.01335881564366284,1477,1530
2.346230536200875,-0.01573579569057546,0.0,0.0,0.0,0.12466652381187036,0.9921986987698908,-0.03511427048431003,0.015510601964017151,0.0,0.0,0.0,-0.01335881564366284,1477,1530
2.3293957940028656,-0.005624731524695795,0.0,0.0,0.0,0.12475995619130181,0.9921869548281436,-0.05179326567073118,0.052361016237895075,0.0,0.0,0.0,0.0007063299943994398,1477,1530
2.3293957940028656,-0.005624731524695795,0.0,0.0,0.0,0.12475995619130181,0.9921869548281436,-0.05179326567073118,0.052361016237895075,0.0,0.0,0.0,0.0007063299943994398,1477,1530
2.3293957940028656,-0.005624731524695795,0.0,0.0,0.0,0.12475995619130181,0.9921869548281436,-0.05179326567073118,0.052361016237895075,0.0,0.0,0.0,0.0007063299943994398,1477,1530
2.351659144694395,-0.014419636501493362,0.0,0.0,0.0,0.12871198487174956,0.9916820180634388,0.08308918352485936,-0.06012393131650637,0.0,0.0,0.0,0.034140225026592884,1477,1530
2.3781231340402083,0.02635861016796926,0.0,0.0,0.0,0.25092158199371084,0.9680074171667145,0.13502246889376135,0.12254762495357226,0.0,0.0,0.0,0.9320314985546961,1477,1530
2.3781231340402083,0.02635861016796926,0.0,0.0,0.0,0.25092158199371084,0.9680074171667145,0.13502246889376135,0.12254762495357226,0.0,0.0,0.0,0.9320314985546961,1477,1530
2.3781231340402083,0.02635861016796926,0.0,0.0,0.0,0.25092158199371084,0.9680074171667145,0.13502246889376135,0.12254762495357226,0.0,0.0,0.0,0.9320314985546961,1477,1530
2.3781231340402083,0.02635861016796926,0.0,0.0,0.0,0.25092158199371084,0.9680074171667145,0.13502246889376135,0.12254762495357226,0.0,0.0,0.0,0.9320314985546961,1477,1530
2.4082330033057047,0.07979917023774316,0.0,0.0,0.0,0.30489910010846627,0.952384659028613,0.31305983129062265,0.19212749630200932,0.0,0.0,0.0,0.6727274642496315,1477,1530
2.4082330033057047,0.07979917023774316,0.0,0.0,0.0,0.30489910010846627,0.952384659028613,0.31305983129062265,0.19212749630200932,0.0,0.0,0.0,0.6727274642496315,1477,1530
2.4958810239913696,0.16543960987784564,0.0,0.0,0.0,0.30124781481631635,0.9535458846161491,0.3633306095468972,0.05645473976060554,0.0,0.0,0.0,-0.022993001162065197,1477,1530
2.474177105687888,0.18550110650176047,0.0,0.0,0.0,0.31747002058259993,0.9482683090936255,-0.026745993520041166,0.12384260235075709,0.0,0.0,0.0,0.1462520685159093,1477,1530
2.474177105687888,0.18550110650176047,0.0,0.0,0.0,0.31747002058259993,0.9482683090936255,-0.026745993520041166,0.12384260235075709,0.0,0.0,0.0,0.1462520685159093,1477,1530
2.474177105687888,0.18550110650176047,0.0,0.0,0.0,0.31747002058259993,0.9482683090936255,-0.026745993520041166,0.12384260235075709,0.0,0.0,0.0,0.1462520685159093,1477,1530
2.4462858163154086,0.18925945168599378,0.0,0.0,0.0,0.31739144989916873,0.9482946100927198,-0.14997858520171403,0.14838691003608928,0.0,0.0,0.0,-0.0012422727835646862,1477,1530
2.4462858163154086,0.18925945168599378,0.0,0.0,0.0,0.31739144989916873,0.9482946100927198,-0.14997858520171403,0.14838691003608928,0.0,0.0,0.0,-0.0012422727835646862,1477,1530
2.4462858163154086,0.18925945168599378,0.0,0.0,0.0,0.31739144989916873,0.9482946100927198,-0.14997858520171403,0.14838691003608928,0.0,0.0,0.0,-0.0012422727835646862,1477,1530
2.4462858163154086,0.18925945168599378,0.0,0.0,0.0,0.31739144989916873,0.9482946100927198,-0.14997858520171403,0.14838691003608928,0.0,0.0,0.0,-0.0012422727835646862,1477,1530
2.391272295095805,0.18842607005124345,0.0,0.0,0.0,0.31717163863455045,0.9483681519567568,-0.19048648618564645,0.139122189887617,0.0,0.0,0.0,-0.00198744187685573,1477,1530
2.391272295095805,0.18842607005124345,0.0,0.0,0.0,0.31717163863455045,0.9483681519567568,-0.19048648618564645,0.139122189887617,0.0,0.0,0.0,-0.00198744187685573,1477,1530
2.2798438279662516,0.1925403887464467,0.0,0.0,0.0,0.3169707921132864,0.948435299294093,-0.21625004588735486,0.1757323817921599,0.0,0.0,0.0,-0.0010584476431167785,1477,1530
2.2798438279662516,0.1925403887464467,0.0,0.0,0.0,0.3169707921132864,0.948435299294093,-0.21625004588735486,0.1757323817921599,0.0,0.0,0.0,-0.0010584476431167785,1477,1530
2.2146155733037958,0.20317830191439123,0.0,0.0,0.0,0.3168490091850472,0.9484759909341163,-0.2286600662893167,0.23863067846957448,0.0,0.0,0.0,-0.00128420552446855,1477,1530
2.2146155733037958,0.20317830191439123,0.0,0.0,0.0,0.3168490091850472,0.9484759909341163,-0.2286600662893167,0.23863067846957448,0.0,0.0,0.0,-0.00128420552446855,1477,1530
2.2146155733037958,0.20317830191439123,0.0,0.0,0.0,0.3168490091850472,0.9484759909341163,-0.2286600662893167,0.23863067846957448,0.0,0.0,0.0,-0.00128420552446855,1477,1530
2.1542711524767184,0.20328030969893573,0.0,0.0,0.0,0.32022794696189616,0.9473405206073311,-0.24082054927066152,0.1817469067823476,0.0,0.0,0.0,0.03564417961214556,1477,1530
2.0211654212747243,0.250277950002153,0.0,0.0,0.0,0.39869120758184384,0.9170852310428573,-0.2575754635969645,0.3936283342975582,0.0,0.0,0.0,0.5599934378153401,1477,1530
2.0211654212747243,0.250277950002153,0.0,0.0,0.0,0.39869120758184384,0.9170852310428573,-0.2575754635969645,0.3936283342975582,0.0,0.0,0.0,0.5599934378153401,1477,1530
1.93980243663989,0.31354754202027285,0.0,0.0,0.0,0.5015474449322747,0.8651301407776214,-0.055446642900930904,0.6166684534643344,0.0,0.0,0.0,1.3821761195757596,1477,1530
1.93980243663989,0.31354754202027285,0.0,0.0,0.0,0.5015474449322747,0.8651301407776214,-0.055446642900930904,0.6166684534643344,0.0,0.0,0.0,1.3821761195757596,1477,1530
1.8788258180563984,0.35194911220987835,0.0,0.0,0.0,0.5695617825231734,0.8219485238681467,0.030214626756004836,0.7189276356662472,0.0,0.0,0.0,1.607630521117213,1477,1530
1.8788258180563984,0.35194911220987835,0.0,0.0,0.0,0.5695617825231734,0.8219485238681467,0.030214626756004836,0.7189276356662472,0.0,0.0,0.0,1.607630521117213,1477,1530
1.6944562484567325,0.3513044615059825,0.0,0.0,0.0,0.6362615180560919,0.7714734477873866,-0.24502095679734642,0.6463475880759387,0.0,0.0,0.0,0.626649046738465,1477,1530
1.6944562484567325,0.3513044615059825,0.0,0.0,0.0,0.6362615180560919,0.7714734477873866,-0.24502095679734642,0.6463475880759387,0.0,0.0,0.0,0.626649046738465,1477,1530
1.5737184506186583,0.3342157084572043,0.0,0.0,0.0,0.6359308732489022,0.7717460232802555,-0.23596297512621472,0.6841732562042675,0.0,0.0,0.0,-0.005086449045335131,1477,1530
1.5737184506186583,0.3342157084572043,0.0,0.0,0.0,0.6359308732489022,0.7717460232802555,-0.23596297512621472,0.6841732562042675,0.0,0.0,0.0,-0.005086449045335131,1477,1530
1.5737184506186583,0.3342157084572043,0.0,0.0,0.0,0.6359308732489022,0.7717460232802555,-0.23596297512621472,0.6841732562042675,0.0,0.0,0.0,-0.005086449045335131,1477,1530
1.4150674700115622,0.3059915169495816,0.0,0.0,0.0,0.6362674030979835,0.7714685941468702,-0.2929511122409384,0.7588326086031992,0.0,0.0,0.0,0.004403132922460213,1477,1530
1.4150674700115622,0.3059915169495816,0.0,0.0,0.0,0.6362674030979835,0.7714685941468702,-0.2929511122409384,0.7588326086031992,0.0,0.0,0.0,0.004403132922460213,1477,1530
1.1487282498965512,0.25725962923858525,0.0,0.0,0.0,0.6366652881029499,0.7711402666991187,-0.32839669129658433,0.8405346139925903,0.0,0.0,0.0,0.0034385841846151653,1477,1530
1.1487282498965512,0.25725962923858525,0.0,0.0,0.0,0.6366652881029499,0.7711402666991187,-0.32839669129658433,0.8405346139925903,0.0,0.0,0.0,0.0034385841846151653,1477,1530
1.1487282498965512,0.25725962923858525,0.0,0.0,0.0,0.6366652881029499,0.7711402666991187,-0.32839669129658433,0.8405346139925903,0.0,0.0,0.0,0.0034385841846151653,1477,1530
1.1487282498965512,0.25725962923858525,0.0,0.0,0.0,0.6366652881029499,0.7711402666991187,-0.32839669129658433,0.8405346139925903,0.0,0.0,0.0,0.0034385841846151653,1477,1530
0.9358573742339689,0.2529693677341817,0.0,0.0,0.0,0.5958478943903825,0.8030973083945354,-0.2225367599768909,1.040931556122746,0.0,0.0,0.0,-0.5181617525212484,1477,1530
0.9358573742339689,0.2529693677341817,0.0,0.0,0.0,0.5958478943903825,0.8030973083945354,-0.2225367599768909,1.040931556122746,0.0,0.0,0.0,-0.5181617525212484,1477,1530
0.9358573742339689,0.2529693677341817,0.0,0.0,0.0,0.5958478943903825,0.8030973083945354,-0.2225367599768909,1.040931556122746,0.0,0.0,0.0,-0.5181617525212484,1477,1530
0.9358573742339689,0.2529693677341817,0.0,0.0,0.0,0.5958478943903825,0.8030973083945354,-0.2225367599768909,1.040931556122746,0.0,0.0,0.0,-0.5181617525212484,1477,1530
0.9358573742339689,0.2529693677341817,0.0,0.0,0.0,0.5958478943903825,0.8030973083945354,-0.2225367599768909,1.040931556122746,0.0,0.0,0.0,-0.5181617525212484,1477,1530
0.488621406198886,0.23574221932314182,0.0,0.0,0.0,0.6493206001626972,0.7605147981494869,-0.3984769826555048,1.1533562590920468,0.0,0.0,0.0,0.37251718397901706,1477,1530
-0.21428506278170606,0.21525109921894292,0.0,0.0,0.0,0.6866465190312744,0.7269914427984925,-0.2608204410659511,1.3818049108271018,0.0,0.0,0.0,0.20058798963373412,1477,1530
-0.21428506278170606,0.21525109921894292,0.0,0.0,0.0,0.6866465190312744,0.7269914427984925,-0.2608204410659511,1.3818049108271018,0.0,0.0,0.0,0.20058798963373412,1477,1530
-0.5145611109150038,0.10770007898693956,0.0,0.0,0.0,0.6861798912634981,0.7274318915373548,-0.6238369561078972,1.471400659165433,0.0,0.0,0.0,-0.006430366555733834,1477,1530
-0.8317476412289231,-0.014146213569112803,0.0,0.0,0.0,0.6869196363231382,0.7267333852477726,-0.6993136293261482,1.5446947569383016,0.0,0.0,0.0,0.010154350195337076,1477,1530
-0.8317476412289231,-0.014146213569112803,0.0,0.0,0.0,0.6869196363231382,0.7267333852477726,-0.6993136293261482,1.5446947569383016,0.0,0.0,0.0,0.010154350195337076,1477,1530
-1.0123012570627439,-0.08620764089764651,0.0,0.0,0.0,0.686330103369268,0.7272901685085053,-0.8220956376232444,1.7642683397771712,0.0,0.0,0.0,-0.016237782780081013,1477,1530
-1.0123012570627439,-0.08620764089764651,0.0,0.0,0.0,0.686330103369268,0.7272901685085053,-0.8220956376232444,1.7642683397771712,0.0,0.0,0.0,-0.016237782780081013,1477,1530
-1.0123012570627439,-0.08620764089764651,0.0,0.0,0.0,0.686330103369268,0.7272901685085053,-0.8220956376232444,1.7642683397771712,0.0,0.0,0.0,-0.016237782780081013,1477,1530
-1.3657639209468928,-0.23155335127286927,0.0,0.0,0.0,0.6863141500486892,0.7273052230274064,-0.8275505947805478,1.7216666460072625,0.0,0.0,0.0,-0.00021927388139763326,1477,1530
-1.3657639209468928,-0.23155335127286927,0.0,0.0,0.0,0.6863141500486892,0.7273052230274064,-0.8275505947805478,1.7216666460072625,0.0,0.0,0.0,-0.00021927388139763326,1477,1530
-1.3657639209468928,-0.23155335127286927,0.0,0.0,0.0,0.6863141500486892,0.7273052230274064,-0.8275505947805478,1.7216666460072625,0.0,0.0,0.0,-0.00021927388139763326,1477,1530
-1.3657639209468928,-0.23155335127286927,0.0,0.0,0.0,0.6863141500486892,0.7273052230274064,-0.8275505947805478,1.7216666460072625,0.0,0.0,0.0,-0.00021927388139763326,1477,1530
-1.667326650471325,-0.3589757623219764,0.0,0.0,0.0,0.6866179034557134,0.7270184692661396,-0.8679428017480193,1.761724534209979,0.0,0.0,0.0,0.0050118131614215935,1477,1530
-1.667326650471325,-0.3589757623219764,0.0,0.0,0.0,0.6866179034557134,0.7270184692661396,-0.8679428017480193,1.761724534209979,0.0,0.0,0.0,0.0050118131614215935,1477,1530
-1.6513956461299417,-0.44378082384098505,0.0,0.0,0.0,0.6203574564467339,0.7843192119481319,-0.19330335045135053,-0.047885406807282815,0.0,0.0,0.0,-0.4039598449273162,1477,1530
-1.6513956461299417,-0.44378082384098505,0.0,0.0,0.0,0.6203574564467339,0.7843192119481319,-0.19330335045135053,-0.047885406807282815,0.0,0.0,0.0,-0.4039598449273162,1477,1530
-1.6513956461299417,-0.44378082384098505,0.0,0.0,0.0,0.6203574564467339,0.7843192119481319,-0.19330335045135053,-0.047885406807282815,0.0,0.0,0.0,-0.4039598449273162,1477,1530
-1.7885562669018533,-0.5929495811219783,0.0,0.0,0.0,0.5786782377527366,0.8155559436061927,-0.6620289686445138,0.37125525293871864,0.0,0.0,0.0,-0.3900498266521353,1477,1530
-1.7885562669018533,-0.5929495811219783,0.0,0.0,0.0,0.5786782377527366,0.8155559436061927,-0.6620289686445138,0.37125525293871864,0.0,0.0,0.0,-0.3900498266521353,1477,1530
-1.9269575550712683,-0.7890526981080976,0.0,0.0,0.0,0.5796790642121926,0.8148448824862783,-0.8656732146673187,0.24705237096098165,0.0,0.0,0.0,0.009209299747840403,1477,1530
-1.9269575550712683,-0.7890526981080976,0.0,0.0,0.0,0.5796790642121926,0.8148448824862783,-0.8656732146673187,0.24705237096098165,0.0,0.0,0.0,0.009209299747840403,1477,1530
-1.9269575550712683,-0.7890526981080976,0.0,0.0,0.0,0.5796790642121926,0.8148448824862783,-0.8656732146673187,0.24705237096098165,0.0,0.0,0.0,0.009209299747840403,1477,1530
-2.0207544545447154,-0.920401791981514,0.0,0.0,0.0,0.5799651919392914,0.8146412560991623,-0.9301468370708206,0.2735229399839051,0.0,0.0,0.0,0.004219129325855426,1477,1530
-2.0207544545447154,-0.920401791981514,0.0,0.0,0.0,0.5799651919392914,0.8146412560991623,-0.9301468370708206,0.2735229399839051,0.0,0.0,0.0,0.004219129325855426,1477,1530
-2.0207544545447154,-0.920401791981514,0.0,0.0,0.0,0.5799651919392914,0.8146412560991623,-0.9301468370708206,0.2735229399839051,0.0,0.0,0.0,0.004219129325855426,1477,1530
-2.039070304291636,-0.947608444943755,0.0,0.0,0.0,0.5800401711647036,0.8145878711564648,-0.9504356034883021,0.25191658950495444,0.0,0.0,0.0,0.005518801949236795,1477,1530
-2.039070304291636,-0.947608444943755,0.0,0.0,0.0,0.5800401711647036,0.8145878711564648,-0.9504356034883021,0.25191658950495444,0.0,0.0,0.0,0.005518801949236795,1477,1530
-2.334824477989775,-1.3780736223569807,0.0,0.0,0.0,0.5793911656661574,0.8150496163719183,-0.9412764396356976,0.2592358299655398,0.0,0.0,0.0,-0.002977908895506993,1477,1530
-2.4787645810033663,-1.6158453379300728,0.0,0.0,0.0,0.5788857686541946,0.8154086502175718,-1.0251568485550206,0.21799658529764432,0.0,0.0,0.0,-0.004675369757180569,1477,1530
-2.4787645810033663,-1.6158453379300728,0.0,0.0,0.0,0.5788857686541946,0.8154086502175718,-1.0251568485550206,0.21799658529764432,0.0,0.0,0.0,-0.004675369757180569,1477,1530
-2.4787645810033663,-1.6158453379300728,0.0,0.0,0.0,0.5788857686541946,0.8154086502175718,-1.0251568485550206,0.21799658529764432,0.0,0.0,0.0,-0.004675369757180569,1477,1530
-2.565405249998498,-1.772966182508048,0.0,0.0,0.0,0.5787096429351211,0.8155336591299618,-1.0620439635436663,0.17997354525324682,0.0,0.0,0.0,-0.0025932834464496525,1477,1530
-2.565405249998498,-1.772966182508048,0.0,0.0,0.0,0.5787096429351211,0.8155336591299618,-1.0620439635436663,0.17997354525324682,0.0,0.0,0.0,-0.0025932834464496525,1477,1530
-2.682776417675925,-1.9959635518264405,0.0,0.0,0.0,0.5785977420108765,0.8156130534388933,-1.0684152245897673,0.15927627447296766,0.0,0.0,0.0,-0.0011762884230189432,1477,1530
-2.682776417675925,-1.9959635518264405,0.0,0.0,0.0,0.5785977420108765,0.8156130534388933,-1.0684152245897673,0.15927627447296766,0.0,0.0,0.0,-0.0011762884230189432,1477,1530
-2.682776417675925,-1.9959635518264405,0.0,0.0,0.0,0.5785977420108765,0.8156130534388933,-1.0684152245897673,0.15927627447296766,0.0,0.0,0.0,-0.0011762884230189432,1477,1530
-2.682776417675925,-1.9959635518264405,0.0,0.0,0.0,0.5785977420108765,0.8156130534388933,-1.0684152245897673,0.15927627447296766,0.0,0.0,0.0,-0.0011762884230189432,1477,1530
-2.79556789895999,-2.2292252745057333,0.0,0.0,0.0,0.578331228335488,0.8158020534001895,-1.1024501136954994,0.12579538771991167,0.0,0.0,0.0,-0.0027984341661106793,1477,1530
-2.79556789895999,-2.2292252745057333,0.0,0.0,0.0,0.578331228335488,0.8158020534001895,-1.1024501136954994,0.12579538771991167,0.0,0.0,0.0,-0.0027984341661106793,1477,1530
-2.79556789895999,-2.2292252745057333,0.0,0.0,0.0,0.578331228335488,0.8158020534001895,-1.1024501136954994,0.12579538771991167,0.0,0.0,0.0,-0.0027984341661106793,1477,1530
-2.938282585674216,-2.564447132070827,0.0,0.0,0.0,0.5779360666259323,0.8160820442167233,-1.0905874685399963,0.07105115693540522,0.0,0.0,0.0,-0.002905513544707553,1477,1530
-2.938282585674216,-2.564447132070827,0.0,0.0,0.0,0.5779360666259323,0.8160820442167233,-1.0905874685399963,0.07105115693540522,0.0,0.0,0.0,-0.002905513544707553,1477,1530
-2.938282585674216,-2.564447132070827,0.0,0.0,0.0,0.5779360666259323,0.8160820442167233,-1.0905874685399963,0.07105115693540522,0.0,0.0,0.0,-0.002905513544707553,1477,1530
-2.938282585674216,-2.564447132070827,0.0,0.0,0.0,0.5779360666259323,0.8160820442167233,-1.0905874685399963,0.07105115693540522,0.0,0.0,0.0,-0.002905513544707553,1477,1530
-3.0564431619429815,-2.8822332823112244,0.0,0.0,0.0,0.5777503979167045,0.8162135000764749,-1.1294406225729419,0.01985970281665727,0.0,0.0,0.0,-0.0015159191197009377,1477,1530
-3.0564431619429815,-2.8822332823112244,0.0,0.0,0.0,0.5777503979167045,0.8162135000764749,-1.1294406225729419,0.01985970281665727,0.0,0.0,0.0,-0.0015159191197009377,1477,1530
-3.1778935537394326,-3.244808473159717,0.0,0.0,0.0,0.5776445451353515,0.8162884168450346,-1.1425347157417756,-0.01786763611084352,0.0,0.0,0.0,-0.0007750702981602041,1477,1530
-3.1778935537394326,-3.244808473159717,0.0,0.0,0.0,0.5776445451353515,0.8162884168450346,-1.1425347157417756,-0.01786763611084352,0.0,0.0,0.0,-0.0007750702981602041,1477,1530
-3.1778935537394326,-3.244808473159717,0.0,0.0,0.0,0.5776445451353515,0.8162884168450346,-1.1425347157417756,-0.01786763611084352,0.0,0.0,0.0,-0.0007750702981602041,1477,1530
-3.2996611185905236,-3.659757361037938,0.0,0.0,0.0,0.5775517442745206,0.8163540792361234,-1.1821876397440476,-0.06351771018950386,0.0,0.0,0.0,-0.0006224449513514483,1477,1530
-3.2996611185905236,-3.659757361037938,0.0,0.0,0.0,0.5775517442745206,0.8163540792361234,-1.1821876397440476,-0.06351771018950386,0.0,0.0,0.0,-0.0006224449513514483,1477,1530
-3.3602117840247283,-3.9004429431398897,0.0,0.0,0.0,0.5774622815722333,0.8164173646863415,-1.233696059895528,-0.11491900071363552,0.0,0.0,0.0,-0.0010941700318252599,1477,1530
-3.4266293547581195,-4.188705887984397,0.0,0.0,0.0,0.5774570431192207,0.816421069884901,-1.260908227390117,-0.1432306084240256,0.0,0.0,0.0,-5.5051147696049406e-05,1477,1530
-3.4266293547581195,-4.188705887984397,0.0,0.0,0.0,0.5774570431192207,0.816421069884901,-1.260908227390117,-0.1432306084240256,0.0,0.0,0.0,-5.5051147696049406e-05,1477,1530
-3.4772276027978615,-4.402446024877909,0.0,0.0,0.0,0.5775009177261492,0.8163900354765824,-1.310925358390448,-0.14097464489584086,0.0,0.0,0.0,0.0006451872092963641,1477,1530
-3.4772276027978615,-4.402446024877909,0.0,0.0,0.0,0.5775009177261492,0.8163900354765824,-1.310925358390448,-0.14097464489584086,0.0,0.0,0.0,0.0006451872092963641,1477,1530
-3.4772276027978615,-4.402446024877909,0.0,0.0,0.0,0.5775009177261492,0.8163900354765824,-1.310925358390448,-0.14097464489584086,0.0,0.0,0.0,0.0006451872092963641,1477,1530
-3.5357154719187958,-4.664227791454195,0.0,0.0,0.0,0.5775282280309102,0.8163707159296424,-1.332016281606972,-0.16014833870158338,0.0,0.0,0.0,0.0003346362512065096,1477,1530
-3.5357154719187958,-4.664227791454195,0.0,0.0,0.0,0.5775282280309102,0.8163707159296424,-1.332016281606972,-0.16014833870158338,0.0,0.0,0.0,0.0003346362512065096,1477,1530
-3.59871111881985,-4.969298483577012,0.0,0.0,0.0,0.5774945292721773,0.8163945545266127,-1.3217380153035263,-0.18056031602420697,0.0,0.0,0.0,-0.000353543451569581,1477,1530
-3.59871111881985,-4.969298483577012,0.0,0.0,0.0,0.5774945292721773,0.8163945545266127,-1.3217380153035263,-0.18056031602420697,0.0,0.0,0.0,-0.000353543451569581,1477,1530
-3.6494420292623797,-5.237112172571405,0.0,0.0,0.0,0.5774321664938304,0.8164386646271974,-1.3468007308006702,-0.20668476893556,0.0,0.0,0.0,-0.0007636840968654905,1477,1530
-3.6494420292623797,-5.237112172571405,0.0,0.0,0.0,0.5774321664938304,0.8164386646271974,-1.3468007308006702,-0.20668476893556,0.0,0.0,0.0,-0.0007636840968654905,1477,1530
-3.704033134661169,-5.504734618188922,0.0,0.0,0.0,0.5775016284928921,0.8163895326913848,-1.3338138725734026,-0.1858031562978435,0.0,0.0,0.0,0.0008389967546917497,1477,1530
-3.704033134661169,-5.504734618188922,0.0,0.0,0.0,0.5775016284928921,0.8163895326913848,-1.3338138725734026,-0.1858031562978435,0.0,0.0,0.0,0.0008389967546917497,1477,1530
-3.7719801116421876,-5.859995937149694,0.0,0.0,0.0,0.577508001894468,0.8163850242060171,-1.3558261549430966,-0.20559153943346573,0.0,0.0,0.0,5.919651179949867e-05,1477,1530
-3.8075233962298634,-6.038786641834159,0.0,0.0,0.0,0.5774373170911026,0.8164350218055504,-1.3526203296307406,-0.19504497761837908,0.0,0.0,0.0,-0.001298168181733106,1477,1530
-3.8075233962298634,-6.038786641834159,0.0,0.0,0.0,0.5774373170911026,0.8164350218055504,-1.3526203296307406,-0.19504497761837908,0.0,0.0,0.0,-0.001298168181733106,1477,1530
-3.851282711378002,-6.264745443453932,0.0,0.0,0.0,0.577524315888934,0.8163734834969952,-1.367112487810949,-0.20428569664992097,0.0,0.0,0.0,0.0012800098639673867,1477,1530
-3.851282711378002,-6.264745443453932,0.0,0.0,0.0,0.577524315888934,0.8163734834969952,-1.367112487810949,-0.20428569664992097,0.0,0.0,0.0,0.0012800098639673867,1477,1530
-3.851282711378002,-6.264745443453932,0.0,0.0,0.0,0.577524315888934,0.8163734834969952,-1.367112487810949,-0.20428569664992097,0.0,0.0,0.0,0.0012800098639673867,1477,1530
-3.895020702647592,-6.476187486526513,0.0,0.0,0.0,0.5775845574222538,0.8163308636988676,-1.282982911310486,-0.1748268069475656,0.0,0.0,0.0,0.0008850642586868238,1477,1530
-3.895020702647592,-6.476187486526513,0.0,0.0,0.0,0.5775845574222538,0.8163308636988676,-1.282982911310486,-0.1748268069475656,0.0,0.0,0.0,0.0008850642586868238,1477,1530
-3.955001520502705,-6.776119496151993,0.0,0.0,0.0,0.5776442334833417,0.8162886373847443,-1.2964479692532298,-0.18519131116793625,0.0,0.0,0.0,0.0006260060836410125,1477,1530
-4.01439285913612,-7.06268662930413,0.0,0.0,0.0,0.5781688187024079,0.815917163123967,-1.2440792763320763,-0.16867296807449061,0.0,0.0,0.0,0.005515003138380321,1477,1530
-4.01439285913612,-7.06268662930413,0.0,0.0,0.0,0.5781688187024079,0.815917163123967,-1.2440792763320763,-0.16867296807449061,0.0,0.0,0.0,0.005515003138380321,1477,1530
-4.01439285913612,-7.06268662930413,0.0,0.0,0.0,0.5781688187024079,0.815917163123967,-1.2440792763320763,-0.16867296807449061,0.0,0.0,0.0,0.005515003138380321,1477,1530
-4.04794486840726,-7.228457344796661,0.0,0.0,0.0,0.578341909173515,0.815794481529223,-1.254877889372426,-0.17444575549635902,0.0,0.0,0.0,0.0031784946194526086,1477,1530
-4.04794486840726,-7.228457344796661,0.0,0.0,0.0,0.578341909173515,0.815794481529223,-1.254877889372426,-0.17444575549635902,0.0,0.0,0.0,0.0031784946194526086,1477,1530
-4.122206922515277,-7.544481533779794,0.0,0.0,0.0,0.5782749468282996,0.8158419490751424,-1.2098552217538516,-0.12946839065267446,0.0,0.0,0.0,-0.0006152922250960625,1477,1530
-4.1780165420876445,-7.784199361004344,0.0,0.0,0.0,0.5783405035762273,0.8157954779987419,-1.2229469256928864,-0.13362354253473074,0.0,0.0,0.0,0.0008032969214362543,1477,1530
-4.1780165420876445,-7.784199361004344,0.0,0.0,0.0,0.5783405035762273,0.8157954779987419,-1.2229469256928864,-0.13362354253473074,0.0,0.0,0.0,0.0008032969214362543,1477,1530
-4.1780165420876445,-7.784199361004344,0.0,0.0,0.0,0.5783405035762273,0.8157954779987419,-1.2229469256928864,-0.13362354253473074,0.0,0.0,0.0,0.0008032969214362543,1477,1530
-4.222025707406673,-7.9400127407571475,0.0,0.0,0.0,0.578372160472923,0.8157730346057557,-1.2133991347392772,-0.07548939854510966,0.0,0.0,0.0,0.0005827654380762229,1477,1530
-4.222025707406673,-7.9400127407571475,0.0,0.0,0.0,0.578372160472923,0.8157730346057557,-1.2133991347392772,-0.07548939854510966,0.0,0.0,0.0,0.0005827654380762229,1477,1530
-4.222025707406673,-7.9400127407571475,0.0,0.0,0.0,0.578372160472923,0.8157730346057557,-1.2133991347392772,-0.07548939854510966,0.0,0.0,0.0,0.0005827654380762229,1477,1530
-4.222025707406673,-7.9400127407571475,0.0,0.0,0.0,0.578372160472923,0.8157730346057557,-1.2133991347392772,-0.07548939854510966,0.0,0.0,0.0,0.0005827654380762229,1477,1530
-4.222025707406673,-7.9400127407571475,0.0,0.0,0.0,0.578372160472923,0.8157730346057557,-1.2133991347392772,-0.07548939854510966,0.0,0.0,0.0,0.0005827654380762229,1477,1530
-4.222025707406673,-7.9400127407571475,0.0,0.0,0.0,0.578372160472923,0.8157730346057557,-1.2133991347392772,-0.07548939854510966,0.0,0.0,0.0,0.0005827654380762229,1477,1530
-4.222025707406673,-7.9400127407571475,0.0,0.0,0.0,0.578372160472923,0.8157730346057557,-1.2133991347392772,-0.07548939854510966,0.0,0.0,0.0,0.0005827654380762229,1477,1530
-4.222025707406673,-7.9400127407571475,0.0,0.0,0.0,0.578372160472923,0.8157730346057557,-1.2133991347392772,-0.07548939854510966,0.0,0.0,0.0,0.0005827654380762229,1477,1530
-4.222025707406673,-7.9400127407571475,0.0,0.0,0.0,0.578372160472923,0.8157730346057557,-1.2133991347392772,-0.07548939854510966,0.0,0.0,0.0,0.0005827654380762229,1477,1530
-4.558924709437375,-8.950447256821224,0.0,0.0,0.0,0.5778926813273052,0.8161127672499295,-1.1649258134060587,0.02250488197283673,0.0,0.0,0.0,-0.0019616275538226363,1477,1530
-4.627961694175384,-9.135299918943922,0.0,0.0,0.0,0.5777842167712457,0.8161895606107923,-1.1950637987697692,0.022614443074043842,0.0,0.0,0.0,-0.0016100411932126431,1477,1530
-4.683492959946152,-9.283537581194661,0.0,0.0,0.0,0.5776821525288974,0.8162618027628021,-0.9510038521994373,0.018694087148809397,0.0,0.0,0.0,-0.0015027447778006107,1477,1530
-4.683492959946152,-9.283537581194661,0.0,0.0,0.0,0.5776821525288974,0.8162618027628021,-0.9510038521994373,0.018694087148809397,0.0,0.0,0.0,-0.0015027447778006107,1477,1530
-4.683492959946152,-9.283537581194661,0.0,0.0,0.0,0.5776821525288974,0.8162618027628021,-0.9510038521994373,0.018694087148809397,0.0,0.0,0.0,-0.0015027447778006107,1477,1530
-4.748786192173666,-9.448601083296495,0.0,0.0,0.0,0.5777254967195183,0.816231125625693,-1.0643050348018035,0.04009304510085904,0.0,0.0,0.0,0.000637228473574792,1477,1530
-4.748786192173666,-9.448601083296495,0.0,0.0,0.0,0.5777254967195183,0.816231125625693,-1.0643050348018035,0.04009304510085904,0.0,0.0,0.0,0.000637228473574792,1477,1530
-4.869873156644269,-9.758930244288921,0.0,0.0,0.0,0.5776036805180689,0.8163173330586462,-1.1094305991267723,0.0367381223504595,0.0,0.0,0.0,-0.0009945844118999186,1477,1530
-4.869873156644269,-9.758930244288921,0.0,0.0,0.0,0.5776036805180689,0.8163173330586462,-1.1094305991267723,0.0367381223504595,0.0,0.0,0.0,-0.0009945844118999186,1477,1530
-4.936023763663778,-9.928330386692128,0.0,0.0,0.0,0.5773190214893884,0.8165186754915867,-1.0906338287643507,0.036083817199917836,0.0,0.0,0.0,-0.004184336762807298,1477,1530
-4.936023763663778,-9.928330386692128,0.0,0.0,0.0,0.5773190214893884,0.8165186754915867,-1.0906338287643507,0.036083817199917836,0.0,0.0,0.0,-0.004184336762807298,1477,1530
-5.008559059722817,-10.102213654528256,0.0,0.0,0.0,0.5776435883122584,0.8162890939377655,-1.1298985924600762,0.06253458255391307,0.0,0.0,0.0,0.00477571364605177,1477,1530
-5.104518279455,-10.33754401373219,0.0,0.0,0.0,0.5783983999716305,0.8157544305183134,-1.0867254672507378,0.05227161757530929,0.0,0.0,0.0,0.007919735106867122,1477,1530
-5.14747659476406,-10.440481399901998,0.0,0.0,0.0,0.5786090654927414,0.8156050204171236,-1.1140694796916464,0.06478173846120683,0.0,0.0,0.0,0.005167878495107831,1477,1530
-5.14747659476406,-10.440481399901998,0.0,0.0,0.0,0.5786090654927414,0.8156050204171236,-1.1140694796916464,0.06478173846120683,0.0,0.0,0.0,0.005167878495107831,1477,1530
-5.201897353564757,-10.57893454452877,0.0,0.0,0.0,0.5785744834892844,0.8156295525881267,-1.1147409672053918,0.042112423618860875,0.0,0.0,0.0,-0.0006358840132009082,1477,1530
-5.201897353564757,-10.57893454452877,0.0,0.0,0.0,0.5785744834892844,0.8156295525881267,-1.1147409672053918,0.042112423618860875,0.0,0.0,0.0,-0.0006358840132009082,1477,1530
-5.286271634599395,-10.786387245905656,0.0,0.0,0.0,0.5785648725807319,0.8156363700912568,-1.11772238533383,0.055311716860884846,0.0,0.0,0.0,-0.00011776190918348535,1477,1530
-5.3615772556052494,-10.998639373554234,0.0,0.0,0.0,0.5786360918066559,0.8155858466517915,-1.1266244908711176,0.004594838001285854,0.0,0.0,0.0,0.0008736332307490421,1477,1530
-5.3615772556052494,-10.998639373554234,0.0,0.0,0.0,0.5786360918066559,0.8155858466517915,-1.1266244908711176,0.004594838001285854,0.0,0.0,0.0,0.0008736332307490421,1477,1530
-5.3615772556052494,-10.998639373554234,0.0,0.0,0.0,0.5786360918066559,0.8155858466517915,-1.1266244908711176,0.004594838001285854,0.0,0.0,0.0,0.0008736332307490421,1477,1530
-5.401714476423913,-11.103844739958147,0.0,0.0,0.0,0.5784941842012438,0.8156865077009289,-1.1215682427960236,0.03116848418284006,0.0,0.0,0.0,-0.0034672661985374028,1477,1530
-5.401714476423913,-11.103844739958147,0.0,0.0,0.0,0.5784941842012438,0.8156865077009289,-1.1215682427960236,0.03116848418284006,0.0,0.0,0.0,-0.0034672661985374028,1477,1530
-5.513707685194404,-11.36875733238424,0.0,0.0,0.0,0.5781726586365916,0.8159144420863595,-1.0779315670209713,0.06792861781001389,0.0,0.0,0.0,-0.0029600908879296364,1477,1530
-5.513707685194404,-11.36875733238424,0.0,0.0,0.0,0.5781726586365916,0.8159144420863595,-1.0779315670209713,0.06792861781001389,0.0,0.0,0.0,-0.0029600908879296364,1477,1530
-5.513707685194404,-11.36875733238424,0.0,0.0,0.0,0.5781726586365916,0.8159144420863595,-1.0779315670209713,0.06792861781001389,0.0,0.0,0.0,-0.0029600908879296364,1477,1530
-5.584934451252116,-11.535268285581505,0.0,0.0,0.0,0.5781598735361013,0.8159235017038787,-1.0836968210381344,0.07204655595924274,0.0,0.0,0.0,-0.0001879408849280289,1477,1530
-5.584934451252116,-11.535268285581505,0.0,0.0,0.0,0.5781598735361013,0.8159235017038787,-1.0836968210381344,0.07204655595924274,0.0,0.0,0.0,-0.0001879408849280289,1477,1530
-5.695851606513891,-11.799529304469043,0.0,0.0,0.0,0.5782035563994968,0.8158925464587686,-1.073440020104544,0.06399013411148258,0.0,0.0,0.0,0.000401772180555235,1477,1530
-5.695851606513891,-11.799529304469043,0.0,0.0,0.0,0.5782035563994968,0.8158925464587686,-1.073440020104544,0.06399013411148258,0.0,0.0,0.0,0.000401772180555235,1477,1530
-5.81360493297903,-12.053900488860894,0.0,0.0,0.0,0.5779774603951987,0.8160527282443927,-1.0452894407955289,0.10044567091158339,0.0,0.0,0.0,-0.0020761077646513654,1477,1530
-5.81360493297903,-12.053900488860894,0.0,0.0,0.0,0.5779774603951987,0.8160527282443927,-1.0452894407955289,0.10044567091158339,0.0,0.0,0.0,-0.0020761077646513654,1477,1530
-5.882580325452692,-12.214099374502885,0.0,0.0,0.0,0.5774835423338835,0.8164023262665963,-1.045178217852982,0.07146666784939519,0.0,0.0,0.0,-0.007269224495285743,1477,1530
-5.97597970926062,-12.434430911297865,0.0,0.0,0.0,0.5777456641494187,0.8162168508163422,-1.0229985533782366,0.06292338822739876,0.0,0.0,0.0,0.0027505011370715852,1477,1530
-5.97597970926062,-12.434430911297865,0.0,0.0,0.0,0.5777456641494187,0.8162168508163422,-1.0229985533782366,0.06292338822739876,0.0,0.0,0.0,0.0027505011370715852,1477,1530
-5.977884311361626,-12.43771604190443,0.0,0.0,0.0,0.577343895194739,0.8165010879854149,-0.11273225875361799,0.021276358056568783,0.0,0.0,0.0,-0.029737001991918945,1477,1530
-5.977884311361626,-12.43771604190443,0.0,0.0,0.0,0.577343895194739,0.8165010879854149,-0.11273225875361799,0.021276358056568783,0.0,0.0,0.0,-0.029737001991918945,1477,1530
-6.028994300121604,-12.558360154518136,0.0,0.0,0.0,0.5775251280057982,0.8163729089833189,-1.3074584618218816,0.07968062052702776,0.0,0.0,0.0,0.004438404665955231,1477,1530
-6.028994300121604,-12.558360154518136,0.0,0.0,0.0,0.5775251280057982,0.8163729089833189,-1.3074584618218816,0.07968062052702776,0.0,0.0,0.0,0.004438404665955231,1477,1530
-6.028994300121604,-12.558360154518136,0.0,0.0,0.0,0.5775251280057982,0.8163729089833189,-1.3074584618218816,0.07968062052702776,0.0,0.0,0.0,0.004438404665955231,1477,1530
-6.14620684885449,-12.838715510829692,0.0,0.0,0.0,0.5771952777638795,0.816606154352928,-1.0108556714228307,0.05726649402543569,0.0,0.0,0.0,-0.0026920994343350682,1477,1530
-6.14620684885449,-12.838715510829692,0.0,0.0,0.0,0.5771952777638795,0.816606154352928,-1.0108556714228307,0.05726649402543569,0.0,0.0,0.0,-0.0026920994343350682,1477,1530
-6.14620684885449,-12.838715510829692,0.0,0.0,0.0,0.5771952777638795,0.816606154352928,-1.0108556714228307,0.05726649402543569,0.0,0.0,0.0,-0.0026920994343350682,1477,1530
-6.267585937650763,-13.152182367657923,0.0,0.0,0.0,0.5773924352576716,0.8164667633818388,-0.9161081967676614,0.02677629678542963,0.0,0.0,0.0,0.0013166535781525856,1477,1530
-6.267585937650763,-13.152182367657923,0.0,0.0,0.0,0.5773924352576716,0.8164667633818388,-0.9161081967676614,0.02677629678542963,0.0,0.0,0.0,0.0013166535781525856,1477,1530
-6.267585937650763,-13.152182367657923,0.0,0.0,0.0,0.5773924352576716,0.8164667633818388,-0.9161081967676614,0.02677629678542963,0.0,0.0,0.0,0.0013166535781525856,1477,1530
-6.340683617548382,-13.330966635547288,0.0,0.0,0.0,0.5775192410701067,0.8163770735351453,-0.9646121220995527,0.0467111540698747,0.0,0.0,0.0,0.001553174170829211,1477,1530
-6.500235970423891,-13.731456032648676,0.0,0.0,0.0,0.5776086852285509,0.8163137918402118,-0.9939341085237521,0.03947760782991395,0.0,0.0,0.0,0.0005056245134170588,1477,1530
-6.500235970423891,-13.731456032648676,0.0,0.0,0.0,0.5776086852285509,0.8163137918402118,-0.9939341085237521,0.03947760782991395,0.0,0.0,0.0,0.0005056245134170588,1477,1530
-6.500235970423891,-13.731456032648676,0.0,0.0,0.0,0.5776086852285509,0.8163137918402118,-0.9939341085237521,0.03947760782991395,0.0,0.0,0.0,0.0005056245134170588,1477,1530
-6.500235970423891,-13.731456032648676,0.0,0.0,0.0,0.5776086852285509,0.8163137918402118,-0.9939341085237521,0.03947760782991395,0.0,0.0,0.0,0.0005056245134170588,1477,1530
-6.500235970423891,-13.731456032648676,0.0,0.0,0.0,0.5776086852285509,0.8163137918402118,-0.9939341085237521,0.03947760782991395,0.0,0.0,0.0,0.0005056245134170588,1477,1530
-6.500235970423891,-13.731456032648676,0.0,0.0,0.0,0.5776086852285509,0.8163137918402118,-0.9939341085237521,0.03947760782991395,0.0,0.0,0.0,0.0005056245134170588,1477,1530
-6.500235970423891,-13.731456032648676,0.0,0.0,0.0,0.5776086852285509,0.8163137918402118,-0.9939341085237521,0.03947760782991395,0.0,0.0,0.0,0.0005056245134170588,1477,1530
-6.549997957206615,-13.850265060867283,0.0,0.0,0.0,0.5774165386081449,0.8164497173382992,-0.9658845237153475,0.05553934211338419,0.0,0.0,0.0,-0.0035356084172515536,1477,1530
-6.549997957206615,-13.850265060867283,0.0,0.0,0.0,0.5774165386081449,0.8164497173382992,-0.9658845237153475,0.05553934211338419,0.0,0.0,0.0,-0.0035356084172515536,1477,1530
-6.780869896474128,-14.395692238790126,0.0,0.0,0.0,0.5775259368856539,0.816372336758386,-0.9810606061265662,0.05966674397377836,0.0,0.0,0.0,0.0004447376836910598,1477,1530
-6.780869896474128,-14.395692238790126,0.0,0.0,0.0,0.5775259368856539,0.816372336758386,-0.9810606061265662,0.05966674397377836,0.0,0.0,0.0,0.0004447376836910598,1477,1530
-6.897763858449395,-14.669911807635591,0.0,0.0,0.0,0.5774566292285542,0.8164213626308391,-0.9993692046776487,0.06359217755392577,0.0,0.0,0.0,-0.0005703727607861489,1477,1530
-6.897763858449395,-14.669911807635591,0.0,0.0,0.0,0.5774566292285542,0.8164213626308391,-0.9993692046776487,0.06359217755392577,0.0,0.0,0.0,-0.0005703727607861489,1477,1530
-6.897763858449395,-14.669911807635591,0.0,0.0,0.0,0.5774566292285542,0.8164213626308391,-0.9993692046776487,0.06359217755392577,0.0,0.0,0.0,-0.0005703727607861489,1477,1530
-6.96827521140094,-14.837565145804634,0.0,0.0,0.0,0.5775595763912377,0.8163485381372187,-0.9066699674221406,0.05313998382751173,0.0,0.0,0.0,0.0012594004618914415,1477,1530
-6.96827521140094,-14.837565145804634,0.0,0.0,0.0,0.5775595763912377,0.8163485381372187,-0.9066699674221406,0.05313998382751173,0.0,0.0,0.0,0.0012594004618914415,1477,1530
-6.992739956525547,-14.8943804883728,0.0,0.0,0.0,0.5774449162186236,0.8164296471425243,-0.930845943610158,0.06272293936824913,0.0,0.0,0.0,-0.004236484889051332,1477,1530
-7.092831456007605,-15.115482844239157,0.0,0.0,0.0,0.5772195484368149,0.8165889987640047,-0.906660525661412,0.07769627131543744,0.0,0.0,0.0,-0.0020697588198045676,1477,1530
-7.092831456007605,-15.115482844239157,0.0,0.0,0.0,0.5772195484368149,0.8165889987640047,-0.906660525661412,0.07769627131543744,0.0,0.0,0.0,-0.0020697588198045676,1477,1530
-7.092831456007605,-15.115482844239157,0.0,0.0,0.0,0.5772195484368149,0.8165889987640047,-0.906660525661412,0.07769627131543744,0.0,0.0,0.0,-0.0020697588198045676,1477,1530
-7.092831456007605,-15.115482844239157,0.0,0.0,0.0,0.5772195484368149,0.8165889987640047,-0.906660525661412,0.07769627131543744,0.0,0.0,0.0,-0.0020697588198045676,1477,1530
-7.092831456007605,-15.115482844239157,0.0,0.0,0.0,0.5772195484368149,0.8165889987640047,-0.906660525661412,0.07769627131543744,0.0,0.0,0.0,-0.0020697588198045676,1477,1530
-7.092831456007605,-15.115482844239157,0.0,0.0,0.0,0.5772195484368149,0.8165889987640047,-0.906660525661412,0.07769627131543744,0.0,0.0,0.0,-0.0020697588198045676,1477,1530
-7.311304948978292,-15.665390844279386,0.0,0.0,0.0,0.5776046499951847,0.8163166470824543,-0.9334953581580173,0.035500894626848474,0.0,0.0,0.0,0.0014893124116484692,1477,1530
-7.311304948978292,-15.665390844279386,0.0,0.0,0.0,0.5776046499951847,0.8163166470824543,-0.9334953581580173,0.035500894626848474,0.0,0.0,0.0,0.0014893124116484692,1477,1530
-7.367250825586847,-15.807248414876103,0.0,0.0,0.0,0.5774115601199699,0.8164532382444339,-0.9137448259066472,0.03331067330097625,0.0,0.0,0.0,-0.0028363743945868957,1477,1530
-7.367250825586847,-15.807248414876103,0.0,0.0,0.0,0.5774115601199699,0.8164532382444339,-0.9137448259066472,0.03331067330097625,0.0,0.0,0.0,-0.0028363743945868957,1477,1530
-7.430372333518599,-15.972398440916882,0.0,0.0,0.0,0.5771275106179672,0.8166540494529543,-0.8844446653435084,0.022458580888475608,0.0,0.0,0.0,-0.0034814758921830305,1477,1530
-7.430372333518599,-15.972398440916882,0.0,0.0,0.0,0.5771275106179672,0.8166540494529543,-0.8844446653435084,0.022458580888475608,0.0,0.0,0.0,-0.0034814758921830305,1477,1530
-7.489569674663633,-16.136646914468905,0.0,0.0,0.0,0.5765299910513275,0.8170759875423804,-0.8724337213194433,0.004832415239747467,0.0,0.0,0.0,-0.007310548411012251,1477,1530
-7.489569674663633,-16.136646914468905,0.0,0.0,0.0,0.5765299910513275,0.8170759875423804,-0.8724337213194433,0.004832415239747467,0.0,0.0,0.0,-0.007310548411012251,1477,1530
-7.489569674663633,-16.136646914468905,0.0,0.0,0.0,0.5765299910513275,0.8170759875423804,-0.8724337213194433,0.004832415239747467,0.0,0.0,0.0,-0.007310548411012251,1477,1530
-7.5658207248734195,-16.34164743032417,0.0,0.0,0.0,0.5773460058836668,0.8164995955235844,-0.8205026533451132,0.011695670695005626,0.0,0.0,0.0,0.0074963488986537355,1477,1530
-7.5658207248734195,-16.34164743032417,0.0,0.0,0.0,0.5773460058836668,0.8164995955235844,-0.8205026533451132,0.011695670695005626,0.0,0.0,0.0,0.0074963488986537355,1477,1530
-7.640403235957904,-16.550089299657675,0.0,0.0,0.0,0.5772039048690242,0.816600056456005,-0.8299003392708622,0.0031269313079552836,0.0,0.0,0.0,-0.001304754057509756,1477,1530
-7.7032442264385885,-16.696731202191174,0.0,0.0,0.0,0.5773555511397717,0.816492845999333,-0.795552740813223,0.051515820025159136,0.0,0.0,0.0,0.0018560528431700812,1477,1530
-7.7032442264385885,-16.696731202191174,0.0,0.0,0.0,0.5773555511397717,0.816492845999333,-0.795552740813223,0.051515820025159136,0.0,0.0,0.0,0.0018560528431700812,1477,1530
-7.7032442264385885,-16.696731202191174,0.0,0.0,0.0,0.5773555511397717,0.816492845999333,-0.795552740813223,0.051515820025159136,0.0,0.0,0.0,0.0018560528431700812,1477,1530
-7.733634147372136,-16.782557676191505,0.0,0.0,0.0,0.5771021209919007,0.8166719916506563,-0.6760166373952374,0.0003285162264341361,0.0,0.0,0.0,-0.004608668339006774,1477,1530
-7.733634147372136,-16.782557676191505,0.0,0.0,0.0,0.5771021209919007,0.8166719916506563,-0.6760166373952374,0.0003285162264341361,0.0,0.0,0.0,-0.004608668339006774,1477,1530
-7.798004065287618,-16.942210499163465,0.0,0.0,0.0,0.5774126586382882,0.8164524613498716,-0.8658038319140003,0.03708421189153998,0.0,0.0,0.0,0.003829025376183677,1477,1530
-7.852505139750298,-17.092461764894658,0.0,0.0,0.0,0.5771750256322463,0.8166204686305725,-0.7993531959960132,0.006625768588812149,0.0,0.0,0.0,-0.002911085492374658,1477,1530
-7.852505139750298,-17.092461764894658,0.0,0.0,0.0,0.5771750256322463,0.8166204686305725,-0.7993531959960132,0.006625768588812149,0.0,0.0,0.0,-0.002911085492374658,1477,1530
-7.905485271681398,-17.234962407043003,0.0,0.0,0.0,0.5768625176752515,0.8168412548967945,-0.7598927005804591,0.011920808830949797,0.0,0.0,0.0,-0.0038254855247624783,1477,1530
-7.905485271681398,-17.234962407043003,0.0,0.0,0.0,0.5768625176752515,0.8168412548967945,-0.7598927005804591,0.011920808830949797,0.0,0.0,0.0,-0.0038254855247624783,1477,1530
-7.954566500577501,-17.375480689429608,0.0,0.0,0.0,0.5766566168075742,0.8169866255282534,-0.7373466665780944,-0.0036807076488693724,0.0,0.0,0.0,-0.0024972351429681126,1477,1530
-7.954566500577501,-17.375480689429608,0.0,0.0,0.0,0.5766566168075742,0.8169866255282534,-0.7373466665780944,-0.0036807076488693724,0.0,0.0,0.0,-0.0024972351429681126,1477,1530
-7.984522135779315,-17.466771968474596,0.0,0.0,0.0,0.5765290030774807,0.8170766846572519,-0.7244038191346381,-0.017731855982842392,0.0,0.0,0.0,-0.0023559422501940276,1477,1530
-7.984522135779315,-17.466771968474596,0.0,0.0,0.0,0.5765290030774807,0.8170766846572519,-0.7244038191346381,-0.017731855982842392,0.0,0.0,0.0,-0.0023559422501940276,1477,1530
-8.024339654022004,-17.574511838157544,0.0,0.0,0.0,0.5769717814646856,0.8167640806214895,-0.6917520554683572,0.008408341720250529,0.0,0.0,0.0,0.0065289332813525565,1477,1530
-8.091761546591188,-17.769670301882442,0.0,0.0,0.0,0.577350443001092,0.8164964580244319,-0.6890406790318939,-0.005600701692377621,0.0,0.0,0.0,0.0030948835182224455,1477,1530
-8.091761546591188,-17.769670301882442,0.0,0.0,0.0,0.577350443001092,0.8164964580244319,-0.6890406790318939,-0.005600701692377621,0.0,0.0,0.0,0.0030948835182224455,1477,1530
-8.091761546591188,-17.769670301882442,0.0,0.0,0.0,0.577350443001092,0.8164964580244319,-0.6890406790318939,-0.005600701692377621,0.0,0.0,0.0,0.0030948835182224455,1477,1530
-8.098839972055453,-17.791884165990385,0.0,0.0,0.0,0.5762574051733276,0.8172682564390369,-0.701261131370068,-0.0219984327487632,0.0,0.0,0.0,-0.08053323330942086,1477,1530
-8.098839972055453,-17.791884165990385,0.0,0.0,0.0,0.5762574051733276,0.8172682564390369,-0.701261131370068,-0.0219984327487632,0.0,0.0,0.0,-0.08053323330942086,1477,1530
-8.098839972055453,-17.791884165990385,0.0,0.0,0.0,0.5762574051733276,0.8172682564390369,-0.701261131370068,-0.0219984327487632,0.0,0.0,0.0,-0.08053323330942086,1477,1530
-8.179269985211794,-18.037056553645478,0.0,0.0,0.0,0.5769980550289323,0.8167455200322982,-0.7032836683207495,-0.01795176773857522,0.0,0.0,0.0,0.0049433588885642475,1477,1530
-8.179269985211794,-18.037056553645478,0.0,0.0,0.0,0.5769980550289323,0.8167455200322982,-0.7032836683207495,-0.01795176773857522,0.0,0.0,0.0,0.0049433588885642475,1477,1530
-8.179269985211794,-18.037056553645478,0.0,0.0,0.0,0.5769980550289323,0.8167455200322982,-0.7032836683207495,-0.01795176773857522,0.0,0.0,0.0,0.0049433588885642475,1477,1530
-8.224778963150976,-18.164712553400086,0.0,0.0,0.0,0.5770833361762711,0.8166852656364414,-0.677439430531141,0.001186524926874697,0.0,0.0,0.0,0.001043909567353401,1477,1530
-8.268146633425518,-18.345422025714722,0.0,0.0,0.0,0.5768815463199386,0.8168278163208673,-0.6934868954641839,-0.07305638665102324,0.0,0.0,0.0,-0.0018540922456564107,1477,1530
-8.268146633425518,-18.345422025714722,0.0,0.0,0.0,0.5768815463199386,0.8168278163208673,-0.6934868954641839,-0.07305638665102324,0.0,0.0,0.0,-0.0018540922456564107,1477,1530
-8.28363181563723,-18.4148607696143,0.0,0.0,0.0,0.5769401178061477,0.8167864472833939,-0.5290987984984016,-0.06464136560711051,0.0,0.0,0.0,0.0010745083724004014,1477,1530
-8.33475597690213,-18.548707029606877,0.0,0.0,0.0,0.5770365006071947,0.8167183584118843,-0.7158776515193234,0.017197814415152578,0.0,0.0,0.0,0.001179572353713513,1477,1530
-8.33475597690213,-18.548707029606877,0.0,0.0,0.0,0.5770365006071947,0.8167183584118843,-0.7158776515193234,0.017197814415152578,0.0,0.0,0.0,0.001179572353713513,1477,1530
-8.33475597690213,-18.548707029606877,0.0,0.0,0.0,0.5770365006071947,0.8167183584118843,-0.7158776515193234,0.017197814415152578,0.0,0.0,0.0,0.001179572353713513,1477,1530
-8.37399121832142,-18.666527619624528,0.0,0.0,0.0,0.5772092339777891,0.8165962896136462,-0.6210213773408833,-0.011892353613610912,0.0,0.0,0.0,0.0021158989735602977,1477,1530
-8.37399121832142,-18.666527619624528,0.0,0.0,0.0,0.5772092339777891,0.8165962896136462,-0.6210213773408833,-0.011892353613610912,0.0,0.0,0.0,0.0021158989735602977,1477,1530
-8.37399121832142,-18.666527619624528,0.0,0.0,0.0,0.5772092339777891,0.8165962896136462,-0.6210213773408833,-0.011892353613610912,0.0,0.0,0.0,0.0021158989735602977,1477,1530
-8.37399121832142,-18.666527619624528,0.0,0.0,0.0,0.5772092339777891,0.8165962896136462,-0.6210213773408833,-0.011892353613610912,0.0,0.0,0.0,0.0021158989735602977,1477,1530
-8.37399121832142,-18.666527619624528,0.0,0.0,0.0,0.5772092339777891,0.8165962896136462,-0.6210213773408833,-0.011892353613610912,0.0,0.0,0.0,0.0021158989735602977,1477,1530
-8.37399121832142,-18.666527619624528,0.0,0.0,0.0,0.5772092339777891,0.8165962896136462,-0.6210213773408833,-0.011892353613610912,0.0,0.0,0.0,0.0021158989735602977,1477,1530
-8.499600064876105,-18.987439035907858,0.0,0.0,0.0,0.5773674966179733,0.8164843990237013,-0.5683448554343504,0.038296454274160244,0.0,0.0,0.0,-0.0018337168537021565,1477,1530
-8.53623076509944,-19.077795368906475,0.0,0.0,0.0,0.5772515226022936,0.8165663963532505,-0.5856215218259765,0.02658229653884643,0.0,0.0,0.0,-0.001707986163599586,1477,1530
-8.53623076509944,-19.077795368906475,0.0,0.0,0.0,0.5772515226022936,0.8165663963532505,-0.5856215218259765,0.02658229653884643,0.0,0.0,0.0,-0.001707986163599586,1477,1530
-8.53623076509944,-19.077795368906475,0.0,0.0,0.0,0.5772515226022936,0.8165663963532505,-0.5856215218259765,0.02658229653884643,0.0,0.0,0.0,-0.001707986163599586,1477,1530
-8.543526963877378,-19.090665970240003,0.0,0.0,0.0,0.5759962355529838,0.8174523451729719,-0.21714234372439142,0.03853558804976745,0.0,0.0,0.0,-0.04580510173138152,1477,1530
-8.543526963877378,-19.090665970240003,0.0,0.0,0.0,0.5759962355529838,0.8174523451729719,-0.21714234372439142,0.03853558804976745,0.0,0.0,0.0,-0.04580510173138152,1477,1530
-8.543526963877378,-19.090665970240003,0.0,0.0,0.0,0.5759962355529838,0.8174523451729719,-0.21714234372439142,0.03853558804976745,0.0,0.0,0.0,-0.04580510173138152,1477,1530
-8.543526963877378,-19.090665970240003,0.0,0.0,0.0,0.5759962355529838,0.8174523451729719,-0.21714234372439142,0.03853558804976745,0.0,0.0,0.0,-0.04580510173138152,1477,1530
-8.647891195698085,-19.404478835097358,0.0,0.0,0.0,0.577178314831108,0.8166181438645129,-0.5508657682094438,-0.012170457848494987,0.0,0.0,0.0,0.0048210031987470205,1477,1530
-8.647891195698085,-19.404478835097358,0.0,0.0,0.0,0.577178314831108,0.8166181438645129,-0.5508657682094438,-0.012170457848494987,0.0,0.0,0.0,0.0048210031987470205,1477,1530
-8.681440671211849,-19.493571336553423,0.0,0.0,0.0,0.5768334653485515,0.8168617712036605,-0.4760082427583921,0.009467841426115094,0.0,0.0,0.0,-0.00422317559689273,1477,1530
-8.681440671211849,-19.493571336553423,0.0,0.0,0.0,0.5768334653485515,0.8168617712036605,-0.4760082427583921,0.009467841426115094,0.0,0.0,0.0,-0.00422317559689273,1477,1530
-8.681440671211849,-19.493571336553423,0.0,0.0,0.0,0.5768334653485515,0.8168617712036605,-0.4760082427583921,0.009467841426115094,0.0,0.0,0.0,-0.00422317559689273,1477,1530
-8.681440671211849,-19.493571336553423,0.0,0.0,0.0,0.5768334653485515,0.8168617712036605,-0.4760082427583921,0.009467841426115094,0.0,0.0,0.0,-0.00422317559689273,1477,1530
-8.681440671211849,-19.493571336553423,0.0,0.0,0.0,0.5768334653485515,0.8168617712036605,-0.4760082427583921,0.009467841426115094,0.0,0.0,0.0,-0.00422317559689273,1477,1530
-8.681440671211849,-19.493571336553423,0.0,0.0,0.0,0.5768334653485515,0.8168617712036605,-0.4760082427583921,0.009467841426115094,0.0,0.0,0.0,-0.00422317559689273,1477,1530
-8.681440671211849,-19.493571336553423,0.0,0.0,0.0,0.5768334653485515,0.8168617712036605,-0.4760082427583921,0.009467841426115094,0.0,0.0,0.0,-0.00422317559689273,1477,1530
-8.681440671211849,-19.493571336553423,0.0,0.0,0.0,0.5768334653485515,0.8168617712036605,-0.4760082427583921,0.009467841426115094,0.0,0.0,0.0,-0.00422317559689273,1477,1530
-8.681440671211849,-19.493571336553423,0.0,0.0,0.0,0.5768334653485515,0.8168617712036605,-0.4760082427583921,0.009467841426115094,0.0,0.0,0.0,-0.00422317559689273,1477,1530
-8.681440671211849,-19.493571336553423,0.0,0.0,0.0,0.5768334653485515,0.8168617712036605,-0.4760082427583921,0.009467841426115094,0.0,0.0,0.0,-0.00422317559689273,1477,1530
-8.681440671211849,-19.493571336553423,0.0,0.0,0.0,0.5768334653485515,0.8168617712036605,-0.4760082427583921,0.009467841426115094,0.0,0.0,0.0,-0.00422317559689273,1477,1530
-8.681440671211849,-19.493571336553423,0.0,0.0,0.0,0.5768334653485515,0.8168617712036605,-0.4760082427583921,0.009467841426115094,0.0,0.0,0.0,-0.00422317559689273,1477,1530
-8.681440671211849,-19.493571336553423,0.0,0.0,0.0,0.5768334653485515,0.8168617712036605,-0.4760082427583921,0.009467841426115094,0.0,0.0,0.0,-0.00422317559689273,1477,1530
-8.681440671211849,-19.493571336553423,0.0,0.0,0.0,0.5768334653485515,0.8168617712036605,-0.4760082427583921,0.009467841426115094,0.0,0.0,0.0,-0.00422317559689273,1477,1530
-8.681440671211849,-19.493571336553423,0.0,0.0,0.0,0.5768334653485515,0.8168617712036605,-0.4760082427583921,0.009467841426115094,0.0,0.0,0.0,-0.00422317559689273,1477,1530
-8.681440671211849,-19.493571336553423,0.0,0.0,0.0,0.5768334653485515,0.8168617712036605,-0.4760082427583921,0.009467841426115094,0.0,0.0,0.0,-0.00422317559689273,1477,1530
-8.865486948129247,-20.03736305795432,0.0,0.0,0.0,0.5765390452291448,0.8170695988263583,-0.2955148973720039,0.007721519715548722,0.0,0.0,0.0,-0.004629623395379622,1477,1530
-8.865486948129247,-20.03736305795432,0.0,0.0,0.0,0.5765390452291448,0.8170695988263583,-0.2955148973720039,0.007721519715548722,0.0,0.0,0.0,-0.004629623395379622,1477,1530
-8.884255481714177,-20.107132453608173,0.0,0.0,0.0,0.5766876476906257,0.8169647220052116,-0.2670738391188583,-0.021152559913696193,0.0,0.0,0.0,0.0013488935802747173,1477,1530
-8.884255481714177,-20.107132453608173,0.0,0.0,0.0,0.5766876476906257,0.8169647220052116,-0.2670738391188583,-0.021152559913696193,0.0,0.0,0.0,0.0013488935802747173,1477,1530
-8.884255481714177,-20.107132453608173,0.0,0.0,0.0,0.5766876476906257,0.8169647220052116,-0.2670738391188583,-0.021152559913696193,0.0,0.0,0.0,0.0013488935802747173,1477,1530
-8.889845052749703,-20.12220277465573,0.0,0.0,0.0,0.5765978374313596,0.8170281108196213,-0.16580528857942484,0.0022735221147425775,0.0,0.0,0.0,-0.0022681101331106933,1477,1530
-8.937193203897872,-20.231626008155434,0.0,0.0,0.0,0.5766936651209644,0.8169604743250123,-0.29739875758497697,0.01986615775113099,0.0,0.0,0.0,0.0005864487362848918,1477,1530
-8.937193203897872,-20.231626008155434,0.0,0.0,0.0,0.5766936651209644,0.8169604743250123,-0.29739875758497697,0.01986615775113099,0.0,0.0,0.0,0.0005864487362848918,1477,1530
-8.937193203897872,-20.231626008155434,0.0,0.0,0.0,0.5766936651209644,0.8169604743250123,-0.29739875758497697,0.01986615775113099,0.0,0.0,0.0,0.0005864487362848918,1477,1530
-8.937193203897872,-20.231626008155434,0.0,0.0,0.0,0.5766936651209644,0.8169604743250123,-0.29739875758497697,0.01986615775113099,0.0,0.0,0.0,0.0005864487362848918,1477,1530
-8.93753405867716,-20.232752987631446,0.0,0.0,0.0,0.5766771423735186,0.8169721375077075,-0.011778108107389912,-0.0005627374347712983,0.0,0.0,0.0,-0.00040509389321926654,1477,1530
