Position_X,Position_Y,Position_Z,Orientation_X,Orientation_Y,Orientation_Z,Orientation_W,Twist_Linear_X,Twist_Linear_Y,Twist_Linear_Z,Twist_Angular_X,Twist_Angular_Y,Twist_Angular_Z,Steer_PWM,Throttle_PWM
2.285456822596877e-06,0.0005935024991459772,0.0,0.0,0.0,-0.0001384708782614378,0.9999999904129079,-0.0011118587340395137,0.0001382830626622308,0.0,0.0,0.0,0.000290024291118494,1477,1530
2.285456822596877e-06,0.0005935024991459772,0.0,0.0,0.0,-0.0001384708782614378,0.9999999904129079,-0.0011118587340395137,0.0001382830626622308,0.0,0.0,0.0,0.000290024291118494,1477,1530
0.00013801239316922972,0.000564002441036032,0.0,0.0,0.0,-0.00015973647667002233,0.9999999872421289,0.0008145995927428672,-0.00017681583241032254,0.0,0.0,0.0,-0.0002552464008902444,1477,1530
5.4794832310122465e-05,0.0007909978014285542,0.0,0.0,0.0,-0.00023286985092018546,0.9999999728858159,-0.0006237835556877081,0.0016998349588764105,0.0,0.0,0.0,-0.001095434163301936,1477,1530
5.4794832310122465e-05,0.0007909978014285542,0.0,0.0,0.0,-0.00023286985092018546,0.9999999728858159,-0.0006237835556877081,0.0016998349588764105,0.0,0.0,0.0,-0.001095434163301936,1477,1530
7.636315096780495e-05,0.0009285047780757731,0.0,0.0,0.0,-0.00027483811233681093,0.9999999622320053,8.061099938479745e-05,0.0005154967535431416,0.0,0.0,0.0,-0.00031464476552215494,1477,1530
0.00019662298578546232,0.0008720397045698135,0.0,0.0,0.0,-0.00024318074801622208,0.9999999704315614,0.000447582217977671,-0.00020985113320279476,0.0,0.0,0.0,0.00023558355971010399,1477,1530
0.00019480288581633846,0.0011019846312198681,0.0,0.0,0.0,-0.00033387577035786476,0.9999999442634835,-5.8412532777334805e-05,0.006952410177997446,0.0,0.0,0.0,-0.005484369959696756,1477,1530
0.00019781335874660742,0.0008999373968432311,0.0,0.0,0.0,-0.00025942707739681905,0.9999999663487952,1.5834224891783894e-05,-0.0010171168621569975,0.0,0.0,0.0,0.0007495652665336191,1477,1530
0.00019781335874660742,0.0008999373968432311,0.0,0.0,0.0,-0.00025942707739681905,0.9999999663487952,1.5834224891783894e-05,-0.0010171168621569975,0.0,0.0,0.0,0.0007495652665336191,1477,1530
0.0001211758808450629,0.0006953312912306464,0.0,0.0,0.0,-0.0001983849742146573,0.9999999803217008,-0.0011583016536709958,-0.003097315682045365,0.0,0.0,0.0,0.0018477450282410547,1477,1530
0.00023424847584494705,0.0008836181024265884,0.0,0.0,0.0,-0.0002472805523542002,0.9999999694261638,0.0005648481857169746,0.0009414229451741538,0.0,0.0,0.0,-0.0004888335849924711,1477,1530
0.00023424847584494705,0.0008836181024265884,0.0,0.0,0.0,-0.0002472805523542002,0.9999999694261638,0.0005648481857169746,0.0009414229451741538,0.0,0.0,0.0,-0.0004888335849924711,1477,1530
6.251347123134961e-05,0.0009290698442619586,0.0,0.0,0.0,-0.00027987546313480455,0.9999999608348618,-0.0017185541986349407,0.00045392676651523047,0.0,0.0,0.0,-0.0006522700320885862,1477,1530
6.251347123134961e-05,0.0009290698442619586,0.0,0.0,0.0,-0.00027987546313480455,0.9999999608348618,-0.0017185541986349407,0.00045392676651523047,0.0,0.0,0.0,-0.0006522700320885862,1477,1530
8.509559787132619e-05,0.0010548220492807127,0.0,0.0,0.0,-0.00030048988000109557,0.999999954852915,0.00011027109215213075,0.000616044289632344,0.0,0.0,0.0,-0.00020195462856173308,1477,1530
0.00020953465859692262,0.0011499869765024635,0.0,0.0,0.0,-0.0003205452057248316,0.9999999486253842,0.001296008732256085,0.00099235926135005,0.0,0.0,0.0,-0.0004179368507727492,1477,1530
0.00019171284925879347,0.000960902771320491,0.0,0.0,0.0,-0.00026336807013397934,0.9999999653186292,-0.00010611416553923822,-0.001133619043061468,0.0,0.0,0.0,0.0006855484242788191,1477,1530
0.00016209145629092974,0.0010108458560811081,0.0,0.0,0.0,-0.00029026284876646613,0.9999999578737384,-0.00029657185984924446,0.0004994345708084443,0.0,0.0,0.0,-0.0005380677748976781,1477,1530
0.0001756543341795503,0.0008836757930736646,0.0,0.0,0.0,-0.00024269996897545245,0.9999999705483621,0.00013625392014258113,-0.001270567109097764,0.0,0.0,0.0,0.0009504687402723687,1477,1530
0.0001372049942471064,0.0012111826180196178,0.0,0.0,0.0,-0.0003409163058770991,0.9999999418880345,-0.000581205322916317,0.004929971142542848,0.0,0.0,0.0,-0.002957076563041949,1477,1530
3.530243016213681e-05,0.0005897262306968533,0.0,0.0,0.0,-0.0001387389623273769,0.9999999903757502,-0.0007601750729688319,-0.004655832646815116,0.0,0.0,0.0,0.0030290102675933346,1477,1530
3.530243016213681e-05,0.0005897262306968533,0.0,0.0,0.0,-0.0001387389623273769,0.9999999903757502,-0.0007601750729688319,-0.004655832646815116,0.0,0.0,0.0,0.0030290102675933346,1477,1530
0.00020672334915274339,0.001002986800763514,0.0,0.0,0.0,-0.00028426343529255416,0.9999999595971489,0.0017133365509201016,0.004133742595592845,0.0,0.0,0.0,-0.002910955269539218,1477,1530
0.00020672334915274339,0.001002986800763514,0.0,0.0,0.0,-0.00028426343529255416,0.9999999595971489,0.0,0.0,0.0,0.0,0.0,2.4185566203156e-19,1477,1530
0.00020672334915274339,0.001002986800763514,0.0,0.0,0.0,-0.00028426343529255416,0.9999999595971489,0.0,0.0,0.0,0.0,0.0,1.795875336393639e-19,1477,1530
0.00020672334915274339,0.001002986800763514,0.0,0.0,0.0,-0.00028426343529255416,0.9999999595971489,0.0,0.0,0.0,0.0,0.0,1.4452346993818982e-19,1477,1530
0.00020672334915274339,0.001002986800763514,0.0,0.0,0.0,-0.0002842634352925541,0.9999999595971489,0.0,0.0,0.0,0.0,0.0,9.933719202253629e-19,1477,1530
-2.5924361874761037e-07,0.0008520128664769592,0.0,0.0,0.0,-0.00024014700465078208,0.9999999711647076,-0.0020674993413257806,-0.0015098438613427008,0.0,0.0,0.0,0.0008817026340813306,1477,1530
0.00018866874834628556,0.001023309069143713,0.0,0.0,0.0,-0.00026673274753789464,0.99999996442682,0.002838376409244636,0.002575968675534898,0.0,0.0,0.0,-0.0007991746573456302,1477,1530
1.5603306513471904e-05,0.0009732154868348292,0.0,0.0,0.0,-0.0003007179412760617,0.9999999547843589,-0.0012966944982249432,-0.0003760764625335741,0.0,0.0,0.0,-0.000509347527856448,1477,1530
0.00022232279980995086,0.0008707457476221417,0.0,0.0,0.0,-0.0002768626878297001,0.9999999616735252,0.0015524804787296258,-0.0007683934123494915,0.0,0.0,0.0,0.0003582031388715246,1477,1530
0.00022232279980995086,0.0008707457476221417,0.0,0.0,0.0,-0.0002768626878297001,0.9999999616735252,0.0015524804787296258,-0.0007683934123494915,0.0,0.0,0.0,0.0003582031388715246,1477,1530
0.00014412154249533998,0.0008222670893128896,0.0,0.0,0.0,-0.00021360995864461,0.9999999771853926,-0.0023418831510033295,-0.0014535799675297924,0.0,0.0,0.0,0.003789744528653621,1477,1530
4.5593988236316776e-05,0.00044551456364016426,0.0,0.0,0.0,-0.00012305611226786134,0.9999999924285966,-0.0005899258089548598,-0.0022597189957269987,0.0,0.0,0.0,0.0010861422008215994,1477,1530
0.00012275256863780831,0.0008231149120820879,0.0,0.0,0.0,-0.00025398959614586784,0.999999967744642,0.0011444599780756739,0.005607819161183675,0.0,0.0,0.0,-0.0038888439194561105,1477,1530
0.00010779760522679729,0.0004300451457379769,0.0,0.0,0.0,-9.49204420232301e-05,0.9999999954950548,-0.00011110576658473348,-0.002959830369865945,0.0,0.0,0.0,0.0023955476648312005,1477,1530
0.00016205327192491008,0.0005085463980029068,0.0,0.0,0.0,-0.00016381328444709832,0.9999999865826038,0.0005436253505189222,0.0007868781149178022,0.0,0.0,0.0,-0.0013809501876099162,1477,1530
2.445820150076932e-05,0.0010176077262785011,0.0,0.0,0.0,-0.00025668003497154136,0.9999999670576792,-0.0013775908987177497,0.005090060410334488,0.0,0.0,0.0,-0.0018572979035790297,1477,1530
0.00015273725097325998,0.0008572097458996676,0.0,0.0,0.0,-0.0002659161827995491,0.9999999646442912,0.001282113671853592,-0.0016014473656188954,0.0,0.0,0.0,-0.00018450708956952613,1477,1530
0.00011731426296946335,0.0006459603058262016,0.0,0.0,0.0,-0.00016303920239516836,0.9999999867091092,-0.00021205295348673272,-0.0012687412128947763,0.0,0.0,0.0,0.0012356259699790333,1477,1530
0.0001933947511230713,0.0008432967048248982,0.0,0.0,0.0,-0.0002324157002654821,0.9999999729914708,0.0011409722768305833,0.0029623138315242794,0.0,0.0,0.0,-0.0020826278573712505,1477,1530
0.00013852527049032417,0.0009449307823654213,0.0,0.0,0.0,-0.00028605306228389775,0.9999999590868219,-0.00041126567923778143,0.0007609361234749637,0.0,0.0,0.0,-0.000803369461794012,1477,1530
0.00014854656417328404,0.000858808441991559,0.0,0.0,0.0,-0.00023708137173016796,0.9999999718962111,0.00010070865285280735,-0.0008611917661174885,0.0,0.0,0.0,0.0009794632281829915,1477,1530
0.00017081689557332152,0.0005414241168696155,0.0,0.0,0.0,-0.00013218095959771273,0.999999991264097,0.00022419251367020794,-0.003173515150759428,0.0,0.0,0.0,0.002097861425222657,1477,1530
0.0001564900597321763,0.000827256289938468,0.0,0.0,0.0,-0.00021586041745367721,0.9999999767021398,-8.642925672232014e-05,0.001715265279294387,0.0,0.0,0.0,-0.0010043262527126143,1477,1530
0.00012000871428072615,0.0005998592449574615,0.0,0.0,0.0,-0.0001504688427177292,0.9999999886795636,-0.0005452622667606867,-0.003408158342266859,0.0,0.0,0.0,0.001960002871381949,1477,1530
0.00014875469453980584,0.0008521899463824396,0.0,0.0,0.0,-0.00025361813590852136,0.99999996783892,0.0008600324916312701,0.007569574656457594,0.0,0.0,0.0,-0.006188462632527279,1477,1530
0.00014846590389604205,0.0009533207276398697,0.0,0.0,0.0,-0.0002805436571973863,0.9999999606476274,-3.4019326532595823e-06,0.0010116198197685782,0.0,0.0,0.0,-0.0005386774349398984,1477,1530
8.453375235561379e-05,0.0007322493645923145,0.0,0.0,0.0,-0.0002042155391433178,0.9999999791480065,-0.0003190915603716615,-0.0011057129128991888,0.0,0.0,0.0,0.0007634033469409104,1477,1530
0.0001119459300729376,0.0008570356125923745,0.0,0.0,0.0,-0.00024179938897420604,0.9999999707665274,0.00020513265446246058,0.0009356322288219779,0.0,0.0,0.0,-0.0005635478398119451,1477,1530
0.0001119459300729376,0.0008570356125923745,0.0,0.0,0.0,-0.00024179938897420604,0.9999999707665274,0.00020513265446246058,0.0009356322288219779,0.0,0.0,0.0,-0.0005635478398119451,1477,1530
0.0001423795255010545,0.0010039764895294109,0.0,0.0,0.0,-0.0002977577935501699,0.9999999556701472,0.00045309096046914217,0.0021929740554497033,0.0,0.0,0.0,-0.0016701010741479397,1477,1530
0.00014861358799563376,0.0009948590904754419,0.0,0.0,0.0,-0.00027355141213123547,0.9999999625848118,6.264549138723652e-05,-9.150286100457142e-05,0.0,0.0,0.0,0.0004860719358386424,1477,1530
0.00013094012584411658,-0.0001971069029370262,0.0,0.0,0.0,3.763085051993117e-05,0.9999999992919595,-0.00016995328716535977,-0.011901545477645593,0.0,0.0,0.0,0.006214137590476886,1477,1530
0.0002560170349094713,0.0006752860882701716,0.0,0.0,0.0,-0.0001639119985650513,0.9999999865664283,0.0018789046677611509,0.01309806581039441,0.0,0.0,0.0,-0.00605197430975345,1477,1530
0.00011304752674689596,0.0009331677230907372,0.0,0.0,0.0,-0.000232005461869117,0.9999999730867325,-0.0010724575509778803,0.001932953632821866,0.0,0.0,0.0,-0.001020975711622565,1477,1530
0.00022949241391141814,0.0008894464218270025,0.0,0.0,0.0,-0.0002528473127527685,0.9999999680341177,0.0011647447974809304,-0.00043670758519480374,0.0,0.0,0.0,-0.00041687037952963126,1477,1530
0.00022949241391141814,0.0008894464218270025,0.0,0.0,0.0,-0.0002528473127527685,0.9999999680341177,0.0011647447974809304,-0.00043670758519480374,0.0,0.0,0.0,-0.00041687037952963126,1477,1530
0.000181424866683345,0.0009232620791689559,0.0,0.0,0.0,-0.00023292775061353572,0.9999999728723311,-0.0004812265837773455,0.0003381806178745883,0.0,0.0,0.0,0.00039870623243994053,1477,1530
1.921304307490632e-05,0.0007235797908293933,0.0,0.0,0.0,-0.00019594088409784582,0.9999999808035848,-0.0006950936742087411,-0.000856473286114079,0.0,0.0,0.0,0.00031716667332437105,1477,1530
1.921304307490632e-05,0.0007235797908293933,0.0,0.0,0.0,-0.00019594088409784582,0.9999999808035848,-0.0006950936742087411,-0.000856473286114079,0.0,0.0,0.0,0.00031716667332437105,1477,1530
0.0001254814638398245,0.0007218037886470262,0.0,0.0,0.0,-0.00022815697137259353,0.9999999739721979,0.0015747304337011664,-2.5700275475110152e-05,0.0,0.0,0.0,-0.0009547770729317265,1477,1530
0.0001254814638398245,0.0007218037886470262,0.0,0.0,0.0,-0.00022815697137259353,0.9999999739721979,0.0015747304337011664,-2.5700275475110152e-05,0.0,0.0,0.0,-0.0009547770729317265,1477,1530
0.00024954060451873094,0.0007739534291178969,0.0,0.0,0.0,-0.000221584782309033,0.9999999754500918,0.0006216156961141188,0.0002616369142347135,0.0,0.0,0.0,6.587439151328009e-05,1477,1530
0.00024954060451873094,0.0007739534291178969,0.0,0.0,0.0,-0.000221584782309033,0.9999999754500918,0.0006216156961141188,0.0002616369142347135,0.0,0.0,0.0,6.587439151328009e-05,1477,1530
0.0001898660014388463,0.0008182243389296062,0.0,0.0,0.0,-0.00022709006202174863,0.9999999742150516,-0.00035848722196055334,0.00026570536039627075,0.0,0.0,0.0,-6.612273643204748e-05,1477,1530
0.00014084035206308465,0.0006964637338172581,0.0,0.0,0.0,-0.00023854396323783237,0.9999999715483884,-0.000293386672621582,-0.0007296144063944618,0.0,0.0,0.0,-0.00013724314948198734,1477,1530
7.708497310389543e-05,0.000555748963046753,0.0,0.0,0.0,-0.0001694906451799036,0.9999999856364605,-0.0006386450441931216,-0.0014113470345848659,0.0,0.0,0.0,0.0013848886818393798,1477,1530
0.0002075196373831909,0.000777748316826311,0.0,0.0,0.0,-0.00022974290375640317,0.9999999736090988,0.0009773021595729672,0.001664656645212368,0.0,0.0,0.0,-0.0009034202695853297,1477,1530
0.0002075196373831909,0.000777748316826311,0.0,0.0,0.0,-0.00022974290375640317,0.9999999736090988,0.0009773021595729672,0.001664656645212368,0.0,0.0,0.0,-0.0009034202695853297,1477,1530
0.0001691361300575587,0.0007323355512330649,0.0,0.0,0.0,-0.0002120516242904412,0.999999977517054,-0.0003832507817639866,-0.0004538591927481486,0.0,0.0,0.0,0.00035347918833339626,1477,1530
0.0002729023487394735,0.0011551199140788278,0.0,0.0,0.0,-0.0003203384978372558,0.9999999486916221,0.0005161975210034881,0.0021070514339919075,0.0,0.0,0.0,-0.0010792371392732087,1477,1530
0.0002729023487394735,0.0011551199140788278,0.0,0.0,0.0,-0.0003203384978372558,0.9999999486916221,0.0005161975210034881,0.0021070514339919075,0.0,0.0,0.0,-0.0010792371392732087,1477,1530
0.00011786210032028503,0.0005061392614158385,0.0,0.0,0.0,-0.00014629018946497654,0.9999999892995901,-0.00076081220672651,-0.0031937247839255046,0.0,0.0,0.0,0.0017127704978491835,1477,1530
0.0001816776325882188,0.001024487552011459,0.0,0.0,0.0,-0.00029009166029706705,0.9999999579234135,0.001014531345596428,0.008260564437498038,0.0,0.0,0.0,-0.00458316783157135,1477,1530
5.1863151464590085e-05,0.00022809222157806855,0.0,0.0,0.0,-6.137297017462347e-05,0.9999999981166793,-0.0006470434839512857,-0.003984085640196263,0.0,0.0,0.0,0.0022881822808769117,1477,1530
0.00015663691668924652,0.0009810124814231369,0.0,0.0,0.0,-0.000297718767236428,0.9999999556817668,0.003128084462281111,0.022499121910276983,0.0,0.0,0.0,-0.014124954383448152,1477,1530
0.00015663691668924652,0.0009810124814231369,0.0,0.0,0.0,-0.000297718767236428,0.9999999556817668,0.003128084462281111,0.022499121910276983,0.0,0.0,0.0,-0.014124954383448152,1477,1530
0.00017826401652780576,0.0010308501902392849,0.0,0.0,0.0,-0.0003054466502681005,0.9999999533511709,0.001418595954043439,0.0009474682923894896,0.0,0.0,0.0,-0.0005460446651992658,1477,1530
0.00017826401652780576,0.0010308501902392849,0.0,0.0,0.0,-0.0003054466502681005,0.9999999533511709,0.001418595954043439,0.0009474682923894896,0.0,0.0,0.0,-0.0005460446651992658,1477,1530
0.00017826401652780576,0.0010308501902392849,0.0,0.0,0.0,-0.0003054466502681005,0.9999999533511709,0.001418595954043439,0.0009474682923894896,0.0,0.0,0.0,-0.0005460446651992658,1477,1530
0.00017826401652780576,0.0010308501902392849,0.0,0.0,0.0,-0.0003054466502681005,0.9999999533511709,0.001418595954043439,0.0009474682923894896,0.0,0.0,0.0,-0.0005460446651992658,1477,1530
1.866393086768096e-05,0.0006753606648899264,0.0,0.0,0.0,-0.0001453330476287581,0.9999999894391526,-0.00034147085985375766,-0.0007618294811297301,0.0,0.0,0.0,0.0006860727757798902,1477,1530
0.00013432706966984612,0.0008294297377246523,0.0,0.0,0.0,-0.0002577844043824083,0.9999999667735999,0.0011574335408324418,0.0015426929651913255,0.0,0.0,0.0,-0.002251458752655317,1477,1530
0.0001605875273778505,0.0008847307520613974,0.0,0.0,0.0,-0.00027955412084812177,0.999999960924746,0.00039371340058391913,0.0008302121671301274,0.0,0.0,0.0,-0.0006534803383051158,1477,1530
0.0001605875273778505,0.0008847307520613974,0.0,0.0,0.0,-0.00027955412084812177,0.999999960924746,0.00039371340058391913,0.0008302121671301274,0.0,0.0,0.0,-0.0006534803383051158,1477,1530
9.523768567248221e-05,0.000845426099927083,0.0,0.0,0.0,-0.00024576982005939134,0.9999999697985973,-0.0009773912825900334,-0.0005885962331067307,0.0,0.0,0.0,0.0010109158410305968,1477,1530
6.522935775281216e-05,0.0006032343718264507,0.0,0.0,0.0,-0.00018194111624988073,0.999999983448715,-0.00014948824402443068,-0.0012113714296241639,0.0,0.0,0.0,0.0006384658227961948,1477,1530
8.447221159849346e-05,0.00076697312184381,0.0,0.0,0.0,-0.00022827807320138392,0.9999999739445603,0.0005767496753191,0.004923055269219615,0.0,0.0,0.0,-0.002786263666983165,1477,1530
0.00014372375360269696,0.00024962510162808687,0.0,0.0,0.0,-6.865057992145714e-05,0.999999997643549,0.000594211825167894,-0.005167421634187931,0.0,0.0,0.0,0.0031889782349912433,1477,1530
0.00022604883471700056,0.0008814776068396429,0.0,0.0,0.0,-0.0002799922463630849,0.9999999608021702,0.0006166456184331058,0.004737888804961852,0.0,0.0,0.0,-0.003169396065996722,1477,1530
0.00022604883471700056,0.0008814776068396429,0.0,0.0,0.0,-0.0002799922463630849,0.9999999608021702,0.0006166456184331058,0.004737888804961852,0.0,0.0,0.0,-0.003169396065996722,1477,1530
7.078052620197403e-05,0.00045957773839161285,0.0,0.0,0.0,-0.00010548825443404373,0.9999999944361141,-0.0009309164137443978,-0.002533891868710055,0.0,0.0,0.0,0.0020956783718465797,1477,1530
0.00014994789170492872,0.0010478941998623196,0.0,0.0,0.0,-0.00029669577052635087,0.9999999559858089,-0.00028668823596262596,0.00331886262191079,0.0,0.0,0.0,-0.002268306870953464,1477,1530
0.00014994789170492872,0.0010478941998623196,0.0,0.0,0.0,-0.00029669577052635087,0.9999999559858089,-0.00028668823596262596,0.00331886262191079,0.0,0.0,0.0,-0.002268306870953464,1477,1530
0.00017617521386219137,0.0009375827299127363,0.0,0.0,0.0,-0.00025654013202042756,0.9999999670935797,0.00026335702625312633,-0.001104759632782191,0.0,0.0,0.0,0.0008044240118219499,1477,1530
0.00016104497499162796,0.0006056854566364226,0.0,0.0,0.0,-0.00017225579979127716,0.9999999851639696,-0.00014969527441594655,-0.0033211754784743153,0.0,0.0,0.0,0.0016867662122045095,1477,1530
0.00016104497499162796,0.0006056854566364226,0.0,0.0,0.0,-0.00017225579979127716,0.9999999851639696,-0.00014969527441594655,-0.0033211754784743153,0.0,0.0,0.0,0.0016867662122045095,1477,1530
9.955735079886327e-05,0.0010491629632783301,0.0,0.0,0.0,-0.0002941323543506273,0.9999999567430782,-0.00046130430383290973,0.0033187371624782878,0.0,0.0,0.0,-0.0018241989739241932,1477,1530
8.846836194407478e-05,0.0011963103813095858,0.0,0.0,0.0,-0.0003520496885871485,0.9999999380305065,-4.1905426122002924e-05,0.0005517403277655755,0.0,0.0,0.0,-0.0004343501676897342,1477,1530
8.846836194407478e-05,0.0011963103813095858,0.0,0.0,0.0,-0.0003520496885871485,0.9999999380305065,-4.1905426122002924e-05,0.0005517403277655755,0.0,0.0,0.0,-0.0004343501676897342,1477,1530
0.00010124224746866942,0.0008589891670623452,0.0,0.0,0.0,-0.00025986715828174117,0.9999999662345295,4.881315300921314e-05,-0.001265450419419855,0.0,0.0,0.0,0.0006916586409718081,1477,1530
0.00015509612871327105,0.0006946797835099533,0.0,0.0,0.0,-0.00020173612970257252,0.9999999796512667,0.0005387569786979092,-0.0016408774810847176,0.0,0.0,0.0,0.0011612503266728563,1477,1530
0.00015509612871327105,0.0006946797835099533,0.0,0.0,0.0,-0.00020173612970257252,0.9999999796512667,0.0005387569786979092,-0.0016408774810847176,0.0,0.0,0.0,0.0011612503266728563,1477,1530
0.00012718482594190427,0.0007729310957390984,0.0,0.0,0.0,-0.00019676187474862444,0.9999999806423822,-0.00027869019830082515,0.0007803325629454137,0.0,0.0,0.0,9.922216232328451e-05,1477,1530
0.00015895462372492368,0.0006743874932673605,0.0,0.0,0.0,-0.00021326847002032503,0.9999999772582796,0.0004801946614672481,-0.0014874638467377924,0.0,0.0,0.0,-0.0004983800250006668,1477,1530
4.892624941615754e-05,0.0007487511137287663,0.0,0.0,0.0,-0.0002123331604791372,0.9999999774573143,-0.0008241422975793086,0.0005564916884327472,0.0,0.0,0.0,1.4007406677376192e-05,1477,1530
4.892624941615754e-05,0.0007487511137287663,0.0,0.0,0.0,-0.0002123331604791372,0.9999999774573143,-0.0008241422975793086,0.0005564916884327472,0.0,0.0,0.0,1.4007406677376192e-05,1477,1530
0.0001564813815036751,0.0008903627444651073,0.0,0.0,0.0,-0.0002517085372499129,0.9999999683214056,0.0008061116212997184,0.0010622969104486638,0.0,0.0,0.0,-0.0005905568477391127,1477,1530
8.650618936331537e-05,0.0006932393784174092,0.0,0.0,0.0,-0.0001881270182372122,0.9999999823041124,-0.0010479296341989997,-0.0029567871591891547,0.0,0.0,0.0,0.0019070642027022864,1477,1530
8.650618936331537e-05,0.0006932393784174092,0.0,0.0,0.0,-0.0001881270182372122,0.9999999823041124,-0.0010479296341989997,-0.0029567871591891547,0.0,0.0,0.0,0.0019070642027022864,1477,1530
0.00013492466099891521,0.0010051141124144617,0.0,0.0,0.0,-0.0002917362996399392,0.9999999574449648,0.00036199327055110335,0.0023374847641591695,0.0,0.0,0.0,-0.0015530016899513016,1477,1530
0.00018831508095701902,0.0008123508233709067,0.0,0.0,0.0,-0.00024387329602003235,0.9999999702629073,0.00020005639776732984,-0.0007206581851770969,0.0,0.0,0.0,0.00035793586816099484,1477,1530
0.00010542230082694016,0.000503746745710736,0.0,0.0,0.0,-0.0001031771304120557,0.9999999946772399,-0.0006251444932072008,-0.002331908940381165,0.0,0.0,0.0,0.002126010220510974,1477,1530
0.00010542230082694016,0.000503746745710736,0.0,0.0,0.0,-0.0001031771304120557,0.9999999946772399,-0.0006251444932072008,-0.002331908940381165,0.0,0.0,0.0,0.002126010220510974,1477,1530
0.00019476478560068126,0.0009762104490489833,0.0,0.0,0.0,-0.00030481433594187055,0.9999999535441092,0.0005351413510532354,0.0028331532208102877,0.0,0.0,0.0,-0.002418161753090164,1477,1530
0.00017683742047786772,0.0008563800809653303,0.0,0.0,0.0,-0.0002434413373669268,0.9999999703681572,-0.00013388155105192957,-0.0008986365738467597,0.0,0.0,0.0,0.0009204178323475352,1477,1530
0.00017683742047786772,0.0008563800809653303,0.0,0.0,0.0,-0.0002434413373669268,0.9999999703681572,-0.00013388155105192957,-0.0008986365738467597,0.0,0.0,0.0,0.0009204178323475352,1477,1530
0.00017215037003298677,0.000644843882043957,0.0,0.0,0.0,-0.0001649738068827263,0.9999999863918214,-2.750890597072238e-05,-0.0012694414626355998,0.0,0.0,0.0,0.0009417667179938094,1477,1530
0.0001627841459037532,0.0008744155659116188,0.0,0.0,0.0,-0.00023916208438309216,0.9999999714007483,-0.0037650832822828132,0.0002893508872145434,0.0,0.0,0.0,-7.418519658713827e-05,1477,1530
0.0001627841459037532,0.0008744155659116188,0.0,0.0,0.0,-0.00023916208438309216,0.9999999714007483,-0.0037650832822828132,0.0002893508872145434,0.0,0.0,0.0,-7.418519658713827e-05,1477,1530
7.090304248679847e-05,0.00028677560618798096,0.0,0.0,0.0,-7.284713485606193e-05,0.9999999973466475,-0.000915103303950147,-0.005871084751449046,0.0,0.0,0.0,0.0033230424379272804,1477,1530
0.00011051090746128084,0.0005034701166197902,0.0,0.0,0.0,-0.0001603575957296803,0.9999999871427206,0.00023750146070323117,0.0013004409537608233,0.0,0.0,0.0,-0.0010503187952753197,1477,1530
0.0003266866589253951,0.0008950112527711864,0.0,0.0,0.0,-0.000257421449854633,0.999999966867098,0.0032432173525512764,0.005878624457508851,0.0,0.0,0.0,-0.0029141304229712305,1477,1530
0.00013539520533546376,0.0005937966024350422,0.0,0.0,0.0,-0.0001884180890562639,0.9999999822493117,-0.0019118223375499328,-0.0030138542796178647,0.0,0.0,0.0,0.0013803985450868068,1477,1530
-7.817135135250566e-05,6.089693710681181e-05,0.0,0.0,0.0,-2.875448405118229e-05,0.9999999995865898,-0.0012740001651242914,-0.003182407775960005,0.0,0.0,0.0,0.0019066929242534739,1477,1530
0.00018754989555985486,0.0006412540587481171,0.0,0.0,0.0,-0.00016208629335555925,0.9999999868640167,0.004029114536013018,0.008801255679783895,0.0,0.0,0.0,-0.004043911607627529,1477,1530
0.0001501668072399341,0.000894104130801937,0.0,0.0,0.0,-0.00026477879969028726,0.999999964946093,-0.0003743510533223155,0.0025263583153057752,0.0,0.0,0.0,-0.0020522084040438845,1477,1530
0.0001501668072399341,0.000894104130801937,0.0,0.0,0.0,-0.00026477879969028726,0.999999964946093,-0.0003743510533223155,0.0025263583153057752,0.0,0.0,0.0,-0.0020522084040438845,1477,1530
0.00015756817682641342,0.0010323643119369101,0.0,0.0,0.0,-0.0002930246448356131,0.9999999570682778,5.505666197086765e-05,0.0010387828973276753,0.0,0.0,0.0,-0.0004244240693765243,1477,1530
0.00018894833099077546,0.0013893645730760178,0.0,0.0,0.0,-0.0003684779553691132,0.9999999321119959,0.000450486010854627,0.0051596755520541245,0.0,0.0,0.0,-0.0021809207332128566,1477,1530
0.00014766295274184964,0.0010981375159248889,0.0,0.0,0.0,-0.0002837435612227432,0.9999999597447949,-0.0002502086286064497,-0.0017743801467553218,0.0,0.0,0.0,0.0010324272120672874,1477,1530
0.0003551779655791398,0.001358134004698972,0.0,0.0,0.0,-0.00038146690500836947,0.9999999272414976,0.0012434560480774513,0.0015597462867473475,0.0,0.0,0.0,-0.0011719746601468448,1477,1530
0.0003551779655791398,0.001358134004698972,0.0,0.0,0.0,-0.00038146690500836947,0.9999999272414976,0.0012434560480774513,0.0015597462867473475,0.0,0.0,0.0,-0.0011719746601468448,1477,1530
0.0001298961472400324,0.0011498099851663386,0.0,0.0,0.0,-0.00032581276739524666,0.9999999469230189,-0.003372222285689548,-0.0031231587825691085,0.0,0.0,0.0,0.0016673399763821601,1477,1530
0.00023644252062550924,0.0014824944115908833,0.0,0.0,0.0,-0.0004440776293848739,0.9999999013975247,0.0005315096330407045,0.0016633364531564734,0.0,0.0,0.0,-0.0011823412967155802,1477,1530
0.0002269156787472529,0.001267523512070989,0.0,0.0,0.0,-0.0003661268908567012,0.9999999329755477,-7.009310252573802e-05,-0.0016140433509803569,0.0,0.0,0.0,0.001170493116982582,1477,1530
5.07703551915693e-06,0.0013146763005234526,0.0,0.0,0.0,-0.0003611721805019778,0.9999999347773258,-0.006675485499864371,0.0014137958791815878,0.0,0.0,0.0,0.0002981442779021062,1477,1530
5.07703551915693e-06,0.0013146763005234526,0.0,0.0,0.0,-0.0003611721805019778,0.9999999347773258,-0.006675485499864371,0.0014137958791815878,0.0,0.0,0.0,0.0002981442779021062,1477,1530
4.095330750993449e-06,0.001001303149077026,0.0,0.0,0.0,-0.00028255495766144566,0.9999999600813472,-3.7735927758224757e-06,-0.0015655772928291497,0.0,0.0,0.0,0.0007855242110460386,1477,1530
0.0001688717406297253,0.0013536455304867493,0.0,0.0,0.0,-0.0003787365398427136,0.9999999282793142,0.004932336482235392,0.010562395238676185,0.0,0.0,0.0,-0.005765072516417472,1477,1530
0.0002483415728099554,0.0014480649824568093,0.0,0.0,0.0,-0.00040309730426575196,0.9999999187562784,0.00039693389055472434,0.00047232961789018526,0.0,0.0,0.0,-0.00024357234483589108,1477,1530
2.3210293464573216e-05,0.0010176484083098153,0.0,0.0,0.0,-0.0003178264524777573,0.9999999494931718,-0.0022445650019977314,-0.0042997017742226005,0.0,0.0,0.0,0.001702930865940371,1477,1530
2.3210293464573216e-05,0.0010176484083098153,0.0,0.0,0.0,-0.0003178264524777573,0.9999999494931718,-0.0022445650019977314,-0.0042997017742226005,0.0,0.0,0.0,0.001702930865940371,1477,1530
0.00025481540507247007,0.0011912707151485152,0.0,0.0,0.0,-0.0003468385370144369,0.9999999398515128,0.0023168932032828246,0.0017391558130510937,0.0,0.0,0.0,-0.0005807295355247513,1477,1530
0.00036459729450455516,0.001377438532578044,0.0,0.0,0.0,-0.00036981382671550224,0.9999999316188645,0.0005484281418431646,0.0009314990787933482,0.0,0.0,0.0,-0.00022982185830285203,1477,1530
0.00016400044122971837,0.0009795761166084898,0.0,0.0,0.0,-0.00028011719405621085,0.999999960767178,-0.001999945367950224,-0.003973986801467246,0.0,0.0,0.0,0.0017911743376237232,1477,1530
8.586283691304089e-05,0.0013252205760412039,0.0,0.0,0.0,-0.0003678081574987778,0.9999999323585773,-0.0005875914901400539,0.002592477850850726,0.0,0.0,0.0,-0.0013156046172417546,1477,1530
9.990132362978611e-05,0.0010385644914306848,0.0,0.0,0.0,-0.00031259837960602525,0.9999999511411253,0.00010709208682581035,-0.0021543074029329685,0.0,0.0,0.0,0.000829866614558558,1477,1530
9.990132362978611e-05,0.0010385644914306848,0.0,0.0,0.0,-0.00031259837960602525,0.9999999511411253,0.00010709208682581035,-0.0021543074029329685,0.0,0.0,0.0,0.000829866614558558,1477,1530
0.00023957476595798505,0.0011885860538654596,0.0,0.0,0.0,-0.000338294862992848,0.9999999427782912,0.0020875152853701124,0.002244987683872661,0.0,0.0,0.0,-0.000768619428856481,1477,1530
0.00020949997689427623,0.0014025809503629785,0.0,0.0,0.0,-0.00041241891857946543,0.9999999149553142,-0.000302250094217803,0.0021401302156866075,0.0,0.0,0.0,-0.0014827481098094153,1477,1530
0.00026286748688073437,0.0015474558274757044,0.0,0.0,0.0,-0.0004452563500068526,0.9999999008733865,0.00039910053636510863,0.0010861853347859578,0.0,0.0,0.0,-0.000492241559622118,1477,1530
0.0002994392744357859,0.0015000717150437934,0.0,0.0,0.0,-0.0003940117161651032,0.9999999223773808,0.0003661653236108448,-0.00047354840844612925,0.0,0.0,0.0,0.0010249645142526458,1477,1530
0.00010571189328180606,0.001291045168674737,0.0,0.0,0.0,-0.00034996565107465024,0.9999999387620196,-0.001453401836623966,-0.0015706616146110893,0.0,0.0,0.0,0.0006614566579899485,1477,1530
0.00010571189328180606,0.001291045168674737,0.0,0.0,0.0,-0.00034996565107465024,0.9999999387620196,-0.001453401836623966,-0.0015706616146110893,0.0,0.0,0.0,0.0006614566579899485,1477,1530
0.00032347696017662967,0.0016505346026093454,0.0,0.0,0.0,-0.0004402851827807888,0.9999999030744743,0.0021734386744405314,0.0035936146451216455,0.0,0.0,0.0,-0.0018049828866397793,1477,1530
0.0003288857661042427,0.0014440526355588663,0.0,0.0,0.0,-0.0004159090795109236,0.999999913509815,3.3524377195133464e-05,-0.0012381470959579692,0.0,0.0,0.0,0.0002923442910204835,1477,1530
0.00024749252597168334,0.0012938425911971092,0.0,0.0,0.0,-0.00033228073509001605,0.999999944794755,-0.0012219505396715256,-0.0022595771387115557,0.0,0.0,0.0,0.002514873628326857,1477,1530
0.0001921082556321153,0.001002391191661463,0.0,0.0,0.0,-0.0002909860047127544,0.9999999576635716,-0.0005512662386600609,-0.0029115040695508626,0.0,0.0,0.0,0.0008249377197178437,1477,1530
7.822436798628054e-05,0.0012224212954834767,0.0,0.0,0.0,-0.0003276082768740194,0.999999946336407,-0.0004884431846435857,0.0009423559750008828,0.0,0.0,0.0,-0.00031378999915906736,1477,1530
0.00020574838347759658,0.0011116528478088276,0.0,0.0,0.0,-0.00032123673962118724,0.9999999484034773,0.0012777673062456458,-0.001108411540835095,0.0,0.0,0.0,0.00012761068282482124,1477,1530
0.00020574838347759658,0.0011116528478088276,0.0,0.0,0.0,-0.00032123673962118724,0.9999999484034773,0.0012777673062456458,-0.001108411540835095,0.0,0.0,0.0,0.00012761068282482124,1477,1530
0.0001796341428756209,0.001217063068446438,0.0,0.0,0.0,-0.0003215796853469601,0.9999999482932517,-0.00039282758409701815,0.0015812966418042897,0.0,0.0,0.0,-1.0290945040858387e-05,1477,1530
7.599859520822067e-05,0.0010578571914869805,0.0,0.0,0.0,-0.0002773359382929442,0.9999999615423879,-0.0007758138304428631,-0.0011934904811620615,0.0,0.0,0.0,0.0006630710751806842,1477,1530
0.0002441782983405368,0.0011645389886963623,0.0,0.0,0.0,-0.0003538481781038778,0.9999999373957315,0.005032041420855357,0.003195901387202214,0.0,0.0,0.0,-0.004580200153558287,1477,1530
0.00018787531273063758,0.0015876939923693536,0.0,0.0,0.0,-0.00045005601348899004,0.9999998987247872,-0.0003398525172388675,0.0025404686418042115,0.0,0.0,0.0,-0.0011553028285287807,1477,1530
0.00018872319280911727,0.0013708326816239066,0.0,0.0,0.0,-0.0003709510770162318,0.9999999311976469,1.0392029621731717e-05,-0.002160545761387735,0.0,0.0,0.0,0.0015762195625515776,1477,1530
0.00010263392715801913,0.0008783450503479623,0.0,0.0,0.0,-0.00023773450971595835,0.999999971741151,-0.0008548791769634169,-0.004911956655091432,0.0,0.0,0.0,0.002656998148596207,1477,1530
0.00024344924138797755,0.0005440813538135577,0.0,0.0,0.0,-0.00015735033064353832,0.9999999876204366,0.0008460822850820762,-0.002005741840315028,0.0,0.0,0.0,0.0009648803334042714,1477,1530
0.00024344924138797755,0.0005440813538135577,0.0,0.0,0.0,-0.00015735033064353832,0.9999999876204366,0.0008460822850820762,-0.002005741840315028,0.0,0.0,0.0,0.0009648803334042714,1477,1530
0.0001869471781956563,0.0008997937850654095,0.0,0.0,0.0,-0.00025173355706007854,0.9999999683151076,-0.0008552481015528879,0.0053733553749646945,0.0,0.0,0.0,-0.0028516293517982048,1477,1530
0.00016639559808908245,0.0013070143803805613,0.0,0.0,0.0,-0.00036660656052503536,0.9999999327998127,-0.00015593686131901667,0.00305922361868687,0.0,0.0,0.0,-0.0017259991250119764,1477,1530
9.242853057169148e-05,0.000711169974289072,0.0,0.0,0.0,-0.00023741077320776704,0.999999971818062,-0.0005506722689450628,-0.0044627230210057545,0.0,0.0,0.0,0.0019351116311130756,1477,1530
9.242853057169148e-05,0.000711169974289072,0.0,0.0,0.0,-0.00023741077320776704,0.999999971818062,-0.0005506722689450628,-0.0044627230210057545,0.0,0.0,0.0,0.0019351116311130756,1477,1530
0.0002756272842998208,0.0013177491837832274,0.0,0.0,0.0,-0.00037149369341757653,0.9999999309962155,0.0018289974222185396,0.006066297300451381,0.0,0.0,0.0,-0.0026814976325948265,1477,1530
0.0002046093054177927,0.0012692995991766224,0.0,0.0,0.0,-0.00032645438405798035,0.9999999467137661,-0.000532142544379337,-0.0003636157156339242,0.0,0.0,0.0,0.0006753077403786567,1477,1530
0.0002046093054177927,0.0012692995991766224,0.0,0.0,0.0,-0.00032645438405798035,0.9999999467137661,-0.000532142544379337,-0.0003636157156339242,0.0,0.0,0.0,0.0006753077403786567,1477,1530
0.00015437182453776078,0.0007658268736308157,0.0,0.0,0.0,-0.00020657057793714464,0.9999999786642979,-0.0002496973060065331,-0.002519076325555991,0.0,0.0,0.0,0.001199575840772779,1477,1530
0.00025337078349368155,0.0015250392417102355,0.0,0.0,0.0,-0.00043874476839485596,0.9999999037515095,0.000493086213704851,0.00379364840175062,0.0,0.0,0.0,-0.002320141112421329,1477,1530
0.00025337078349368155,0.0015250392417102355,0.0,0.0,0.0,-0.00043874476839485596,0.9999999037515095,0.000493086213704851,0.00379364840175062,0.0,0.0,0.0,-0.002320141112421329,1477,1530
0.00035957486138967604,0.0016159893996230141,0.0,0.0,0.0,-0.00047209363557779,0.9999998885637934,0.0015930024347980496,0.0013666268760513828,0.0,0.0,0.0,-0.001001181964205012,1477,1530
0.00024056345786757768,0.001508729975996186,0.0,0.0,0.0,-0.00042587142759658485,0.9999999093167594,-0.0005094472280629341,-0.00046001347352856976,0.0,0.0,0.0,0.00039606025986650754,1477,1530
0.00018352606967804024,0.0015614793051923698,0.0,0.0,0.0,-0.0004699463319161491,0.9999998895752165,-0.00041552777008860834,0.0003836323650120499,0.0,0.0,0.0,-0.0006416822625999019,1477,1530
0.00018352606967804024,0.0015614793051923698,0.0,0.0,0.0,-0.0004699463319161491,0.9999998895752165,-0.00041552777008860834,0.0003836323650120499,0.0,0.0,0.0,-0.0006416822625999019,1477,1530
0.00036354110816032384,0.0013556523174122507,0.0,0.0,0.0,-0.0003950192979884569,0.9999999219798741,0.0013942623924508499,-0.0015911621049992737,0.0,0.0,0.0,0.0011594126248718093,1477,1530
0.0004378878867406157,0.0015440555062249295,0.0,0.0,0.0,-0.00046418529925792377,0.9999998922659982,0.000742142367310393,0.0018850333756996673,0.0,0.0,0.0,-0.0013836245496145379,1477,1530
0.0003616237915456442,0.0016264499550673699,0.0,0.0,0.0,-0.0004751727562546975,0.9999998871054195,-0.0007633826475763127,0.0008232114236536281,0.0,0.0,0.0,-0.00021974257189315746,1477,1530
0.0003397544948605533,0.0014212168319856892,0.0,0.0,0.0,-0.0004050951944769478,0.9999999179489384,-0.0003251852075537327,-0.0030794846934597106,0.0,0.0,0.0,0.002102789669398445,1477,1530
0.00025309401401722015,0.0014986926932583232,0.0,0.0,0.0,-0.0004664272628889849,0.9999998912227983,-0.0004336096088259934,0.00038702231647429224,0.0,0.0,0.0,-0.0006133115423899309,1477,1530
0.0003854134831398645,0.0018907930783688563,0.0,0.0,0.0,-0.0005530283791879498,0.9999998470797943,0.0019717527714392764,0.005860907464008912,0.0,0.0,0.0,-0.0025881213193938717,1477,1530
0.000571030843222741,0.001758650023865674,0.0,0.0,0.0,-0.0004995977946146065,0.9999998752010141,0.0013948086396094127,-0.0009906569233801832,0.0,0.0,0.0,0.0008023695687789632,1477,1530
0.000571030843222741,0.001758650023865674,0.0,0.0,0.0,-0.0004995977946146065,0.9999998752010141,0.0013948086396094127,-0.0009906569233801832,0.0,0.0,0.0,0.0008023695687789632,1477,1530
0.000430875702417832,0.0018205625427998612,0.0,0.0,0.0,-0.0005687479861375135,0.999999838262851,-0.0010510226635795838,0.00046302710176664326,0.0,0.0,0.0,-0.0010366569424669536,1477,1530
0.00038061513562226803,0.0016443309244165796,0.0,0.0,0.0,-0.0004822593413201112,0.9999998837129571,-0.00024881245927298396,-0.0008762036797627204,0.0,0.0,0.0,0.0008597452899524029,1477,1530
0.0003209491470073228,0.0014325468550298493,0.0,0.0,0.0,-0.0003933780743071992,0.9999999226268423,-0.001693679252408743,-0.006033995665654794,0.0,0.0,0.0,0.005063306109362935,1477,1530
0.0004792769466284544,0.0022707049358407835,0.0,0.0,0.0,-0.0006729883049576564,0.999999773543345,0.001627712018244766,0.008654130870463071,0.0,0.0,0.0,-0.005773195017030089,1477,1530
0.0004792769466284544,0.0022707049358407835,0.0,0.0,0.0,-0.0006729883049576564,0.999999773543345,0.001627712018244766,0.008654130870463071,0.0,0.0,0.0,-0.005773195017030089,1477,1530
0.00022791783456233694,0.0016035656134281008,0.0,0.0,0.0,-0.0004760373357896559,0.999999886694221,-0.0024966201221909273,-0.006653479281390632,0.0,0.0,0.0,0.003926455357184191,1477,1530
0.0002864472528601518,0.001292171864239693,0.0,0.0,0.0,-0.0003582836105389889,0.9999999358164251,0.0003532639237022939,-0.0018696613861746013,0.0,0.0,0.0,0.0014142809050208993,1477,1530
0.0004460610897635515,0.0020233022735215624,0.0,0.0,0.0,-0.0006136046692634105,0.9999998117446371,0.0023912863844797864,0.010991366105184754,0.0,0.0,0.0,-0.0076754824750076365,1477,1530
0.0003787018688164127,0.0013020548337691808,0.0,0.0,0.0,-0.000373502909024796,0.999999930247786,-0.0002847207952909846,-0.0030895895442562857,0.0,0.0,0.0,0.002056801810522558,1477,1530
0.0004122762814311315,0.0020871898018352776,0.0,0.0,0.0,-0.0005930842126457022,0.9999998241255429,0.0004838212856614767,0.011515646787807728,0.0,0.0,0.0,-0.006441035110193031,1477,1530
0.0004122762814311315,0.0020871898018352776,0.0,0.0,0.0,-0.0005930842126457022,0.9999998241255429,0.0004838212856614767,0.011515646787807728,0.0,0.0,0.0,-0.006441035110193031,1477,1530
0.0004371003448480571,0.002300492930305131,0.0,0.0,0.0,-0.0006495923240764656,0.9999997890148841,0.00018635595420359686,0.001617993355529866,0.0,0.0,0.0,-0.0008571577143118301,1477,1530
0.000303270358729142,0.0015849892017311992,0.0,0.0,0.0,-0.00043977231553448976,0.9999999033001505,-0.0013306530288623168,-0.00716565535822611,0.0,0.0,0.0,0.004201610767589988,1477,1530
0.0004114823057438391,0.0014058987539550122,0.0,0.0,0.0,-0.00042595891315830704,0.999999909279498,0.0006503791338932846,-0.0010742397675997143,0.0,0.0,0.0,0.00016580229461341648,1477,1530
0.0003509006587844262,0.001413794657642663,0.0,0.0,0.0,-0.0004429444141983475,0.9999999019001182,-0.0006057441951943087,7.842486470171321e-05,0.0,0.0,0.0,-0.00033963193750277226,1477,1530
0.00041280312678760087,0.0018012815867136402,0.0,0.0,0.0,-0.0005297655788976956,0.9999998596742058,0.0004611104957583984,0.002902889962103723,0.0,0.0,0.0,-0.0013006722728638397,1477,1530
0.00041280312678760087,0.0018012815867136402,0.0,0.0,0.0,-0.0005297655788976956,0.9999998596742058,0.0004611104957583984,0.002902889962103723,0.0,0.0,0.0,-0.0013006722728638397,1477,1530
0.0004641840184146189,0.0015831799661673255,0.0,0.0,0.0,-0.0004686704392698138,0.9999998901740037,0.0005161091599854966,-0.0021804269762328355,0.0,0.0,0.0,0.0012218785066778844,1477,1530
0.00028169494827753243,0.0018094700605990183,0.0,0.0,0.0,-0.0005111275404308185,0.9999998693743102,-0.002747632882689253,0.003400591640975396,0.0,0.0,0.0,-0.0012770206709270834,1477,1530
0.00027363673835855193,0.0016352619753696237,0.0,0.0,0.0,-0.00047941915827772694,0.9999998850786288,-4.725596166540783e-05,-0.0010447499415315474,0.0,0.0,0.0,0.0003803013545470811,1477,1530
0.0004564240120255909,0.0012842199648928183,0.0,0.0,0.0,-0.00038200313048705357,0.9999999270368015,0.0013706972517314603,-0.0026262665565331225,0.0,0.0,0.0,0.0014583348185396854,1477,1530
0.0004564240120255909,0.0012842199648928183,0.0,0.0,0.0,-0.00038200313048705357,0.9999999270368015,0.0013706972517314603,-0.0026262665565331225,0.0,0.0,0.0,0.0014583348185396854,1477,1530
0.00039339482531932984,0.0017977879531657626,0.0,0.0,0.0,-0.0005265040644327635,0.9999998613967255,-0.0009377861189854262,0.00759318759255561,0.0,0.0,0.0,-0.0042733427516945125,1477,1530
0.00040755338624974346,0.0015081649919589928,0.0,0.0,0.0,-0.0004262131289288403,0.9999999091711802,7.273221548279585e-05,-0.0014563405992071377,0.0,0.0,0.0,0.0010086588228574445,1477,1530
0.0005217241345646984,0.002079918136708289,0.0,0.0,0.0,-0.0005954022289583653,0.9999998227480772,0.0017047299996348676,0.008575138470129941,0.0,0.0,0.0,-0.005074126036467071,1477,1530
0.0005217241345646984,0.002079918136708289,0.0,0.0,0.0,-0.0005954022289583653,0.9999998227480772,0.0017047299996348676,0.008575138470129941,0.0,0.0,0.0,-0.005074126036467071,1477,1530
0.00046406821447359155,0.002006696599241972,0.0,0.0,0.0,-0.0005574296190285073,0.9999998446360978,-0.00043164321100422337,-0.0005495208288622588,0.0,0.0,0.0,0.0005694283799524057,1477,1530
0.00046406821447359155,0.002006696599241972,0.0,0.0,0.0,-0.0005574296190285073,0.9999998446360978,-0.00043164321100422337,-0.0005495208288622588,0.0,0.0,0.0,0.0005694283799524057,1477,1530
0.00031484060773434423,0.0013651154325230446,0.0,0.0,0.0,-0.00038753768028910887,0.9999999249072704,-0.0007152321853062911,-0.0030906422388285743,0.0,0.0,0.0,0.0016363929945757893,1477,1530
0.0003413254866958174,0.0015937993602326771,0.0,0.0,0.0,-0.0004887714994255842,0.9999998805512036,0.00016559214289524796,0.001439569376189357,0.0,0.0,0.0,-0.0012744234748435662,1477,1530
0.0003796451129971722,0.001473784044599323,0.0,0.0,0.0,-0.00043151131834037184,0.9999999068989868,0.0002294714577137076,-0.0007162768158749295,0.0,0.0,0.0,0.0006836955633198184,1477,1530
0.0003353829907350555,0.0017856984747596876,0.0,0.0,0.0,-0.0005248036069814011,0.9999998622905776,-0.0013697722229344103,0.009593236382413675,0.0,0.0,0.0,-0.00573929862838857,1477,1530
0.0003353829907350555,0.0017856984747596876,0.0,0.0,0.0,-0.0005248036069814011,0.9999998622905776,-0.0013697722229344103,0.009593236382413675,0.0,0.0,0.0,-0.00573929862838857,1477,1530
0.00025613422004962017,0.0012854721595388172,0.0,0.0,0.0,-0.0003897837992566788,0.999999924034292,-0.0004716619791588242,-0.0029975328760767127,0.0,0.0,0.0,0.0016179048396358048,1477,1530
0.0004707209545179597,0.0024904252615805854,0.0,0.0,0.0,-0.0007079992906573244,0.9999997493684708,0.0021366869380806787,0.012052405448083555,0.0,0.0,0.0,-0.006364947200901851,1477,1530
0.00040477325607144105,0.0022436960138334646,0.0,0.0,0.0,-0.0006356603961956178,0.9999997979679099,-0.0006534733040626078,-0.0024587820989268603,0.0,0.0,0.0,0.0014412438384536854,1477,1530
0.00040477325607144105,0.0022436960138334646,0.0,0.0,0.0,-0.0006356603961956178,0.9999997979679099,-0.0006534733040626078,-0.0024587820989268603,0.0,0.0,0.0,0.0014412438384536854,1477,1530
0.0003421262848881648,0.0018575262020244356,0.0,0.0,0.0,-0.0005356484234961498,0.9999998565403729,-0.00037420815740233244,-0.002325401228869589,0.0,0.0,0.0,0.00120423828688784,1477,1530
0.00046338455486718904,0.0016238438519383413,0.0,0.0,0.0,-0.0004671239048964373,0.9999998908976228,0.0009051522524809506,-0.0017397986636460418,0.0,0.0,0.0,0.001020918008248111,1477,1530
0.00041105811353564487,0.0013702565301224262,0.0,0.0,0.0,-0.0004173941495080734,0.9999999128910582,-0.0005246040015070439,-0.0025544207245815635,0.0,0.0,0.0,0.0010016770615529549,1477,1530
0.00043975572880853447,0.0013749115644883037,0.0,0.0,0.0,-0.00037361772668411444,0.9999999302048947,0.0001719535642074489,2.8039894619430193e-05,0.0,0.0,0.0,0.0005246801531421079,1477,1530
0.00043975572880853447,0.0013749115644883037,0.0,0.0,0.0,-0.00037361772668411444,0.9999999302048947,0.0,0.0,0.0,0.0,0.0,-7.180637663154594e-20,1477,1530
0.00043975572880853447,0.0013749115644883037,0.0,0.0,0.0,-0.00037361772668411444,0.9999999302048947,0.0,0.0,0.0,0.0,0.0,-3.518192694325521e-19,1477,1530
0.00043975572880853447,0.0013749115644883037,0.0,0.0,0.0,-0.00037361772668411444,0.9999999302048947,0.0,0.0,0.0,0.0,0.0,-7.165800476438081e-20,1477,1530
0.00043975572880853447,0.0013749115644883037,0.0,0.0,0.0,-0.00037361772668411444,0.9999999302048947,0.0,0.0,0.0,0.0,0.0,-3.1925282613970273e-19,1477,1530
0.00043975572880853447,0.0013749115644883037,0.0,0.0,0.0,-0.00037361772668411444,0.9999999302048947,0.0,0.0,0.0,0.0,0.0,-3.1925282613970273e-19,1477,1530
0.0004815532494657032,0.0014688006644679762,0.0,0.0,0.0,-0.00041935471265791205,0.9999999120708086,0.0004346010616148513,0.0009782040593960509,0.0,0.0,0.0,-0.000952724934265066,1477,1530
0.0004815532494657032,0.0014688006644679762,0.0,0.0,0.0,-0.00041935471265791205,0.9999999120708086,0.0004346010616148513,0.0009782040593960509,0.0,0.0,0.0,-0.000952724934265066,1477,1530
0.0003060911017279801,0.0012337438776969514,0.0,0.0,0.0,-0.0003326818520162815,0.9999999446613911,-0.0013092076827657389,-0.0017569441166628297,0.0,0.0,0.0,0.0012948714312669709,1477,1530
0.0003060911017279801,0.0012337438776969514,0.0,0.0,0.0,-0.0003326818520162815,0.9999999446613911,-0.0013092076827657389,-0.0017569441166628297,0.0,0.0,0.0,0.0012948714312669709,1477,1530
0.00045075526250726707,0.0011272244897041145,0.0,0.0,0.0,-0.0003414612943426498,0.9999999417020905,0.0005437465592505038,-0.000399814825768061,0.0,0.0,0.0,-6.596596169547626e-05,1477,1530
0.00045075526250726707,0.0011272244897041145,0.0,0.0,0.0,-0.0003414612943426498,0.9999999417020905,0.0005437465592505038,-0.000399814825768061,0.0,0.0,0.0,-6.596596169547626e-05,1477,1530
0.00046121143176938554,0.0017031362010134074,0.0,0.0,0.0,-0.000451927984605477,0.9999998978805431,5.0328158893768473e-05,0.0028803856948924223,0.0,0.0,0.0,-0.0011049708548472065,1477,1530
0.00032123662527801895,0.0012741809427619616,0.0,0.0,0.0,-0.0003553933582901492,0.9999999368477784,-0.0006836067798134246,-0.0021013634230734276,0.0,0.0,0.0,0.0009455280722814636,1477,1530
0.00032123662527801895,0.0012741809427619616,0.0,0.0,0.0,-0.0003553933582901492,0.9999999368477784,-0.0006836067798134246,-0.0021013634230734276,0.0,0.0,0.0,0.0009455280722814636,1477,1530
0.0003805052004390592,0.0011568756773693346,0.0,0.0,0.0,-0.0003065934551727523,0.9999999530002255,0.002029056757322224,-0.004008858105603255,0.0,0.0,0.0,0.0033366316212127423,1477,1530
0.0003805052004390592,0.0011568756773693346,0.0,0.0,0.0,-0.0003065934551727523,0.9999999530002255,0.002029056757322224,-0.004008858105603255,0.0,0.0,0.0,0.0033366316212127423,1477,1530
0.0004357136750509107,0.0017107726249258166,0.0,0.0,0.0,-0.0004725786543362011,0.9999998883347015,0.00020568069472891878,0.0020764588443725764,0.0,0.0,0.0,-0.0012444208705590142,1477,1530
0.0004357136750509107,0.0017107726249258166,0.0,0.0,0.0,-0.0004725786543362011,0.9999998883347015,0.00020568069472891878,0.0020764588443725764,0.0,0.0,0.0,-0.0012444208705590142,1477,1530
0.0004926401614449195,0.001759653840998602,0.0,0.0,0.0,-0.000505593490987395,0.9999998721876028,0.00024401865538824387,0.00020993315566031722,0.0,0.0,0.0,-0.0002832700460352001,1477,1530
0.0004926401614449195,0.001759653840998602,0.0,0.0,0.0,-0.000505593490987395,0.9999998721876028,0.00024401865538824387,0.00020993315566031722,0.0,0.0,0.0,-0.0002832700460352001,1477,1530
0.0002626673884201788,0.0012533560098002563,0.0,0.0,0.0,-0.0003500697617910402,0.999999938725579,-0.000983341163158835,-0.0021707069175582105,0.0,0.0,0.0,0.0013329768668226152,1477,1530
0.00044259892821821935,0.002054962205036777,0.0,0.0,0.0,-0.0005894168747501525,0.9999998262938588,0.0013443527041558506,0.006008858729170227,0.0,0.0,0.0,-0.0035877404931939595,1477,1530
0.0003812592015603923,0.0009150435657854137,0.0,0.0,0.0,-0.00026312854189487105,0.9999999653816847,-0.00035990563655012803,-0.006838614248048089,0.0,0.0,0.0,0.00391470084592836,1477,1530
0.0004917278104798358,0.0018404677647693042,0.0,0.0,0.0,-0.0005185788472879703,0.9999998655379806,0.0010907733152082134,0.009178730382363737,0.0,0.0,0.0,-0.00506700101799221,1477,1530
0.0005032255998609279,0.001790987434894216,0.0,0.0,0.0,-0.0004919937564572867,0.9999998789710645,0.0003549965295235083,-0.0015205599927171143,0.0,0.0,0.0,0.0016343463081862552,1477,1530
0.0005032255998609279,0.001790987434894216,0.0,0.0,0.0,-0.0004919937564572867,0.9999998789710645,0.0003549965295235083,-0.0015205599927171143,0.0,0.0,0.0,0.0016343463081862552,1477,1530
0.00041454875529054293,0.0017169087062658438,0.0,0.0,0.0,-0.0004903052591986746,0.9999998798003692,-0.0006643416417767758,-0.0005560875277449901,0.0,0.0,0.0,2.532030894674005e-05,1477,1530
0.00041454875529054293,0.0017169087062658438,0.0,0.0,0.0,-0.0004903052591986746,0.9999998798003692,-0.0006643416417767758,-0.0005560875277449901,0.0,0.0,0.0,2.532030894674005e-05,1477,1530
0.00039729596720164824,0.0011369561629039078,0.0,0.0,0.0,-0.00031196371908404747,0.9999999513393177,-8.31965627359732e-05,-0.002892066255697496,0.0,0.0,0.0,0.0017786310200955688,1477,1530
0.0003489415616783036,0.0012283993487605175,0.0,0.0,0.0,-0.0003877513123388763,0.9999999248244571,-0.0014792962788432616,0.0027932835793853406,0.0,0.0,0.0,-0.0046316444318662475,1477,1530
0.0004934642625235006,0.0012970021895555668,0.0,0.0,0.0,-0.00037747451614629306,0.9999999287564922,0.0005415769996956452,0.0002575936072584125,0.0,0.0,0.0,7.70498764393911e-05,1477,1530
0.0004934642625235006,0.0012970021895555668,0.0,0.0,0.0,-0.00037747451614629306,0.9999999287564922,0.0005415769996956452,0.0002575936072584125,0.0,0.0,0.0,7.70498764393911e-05,1477,1530
0.00037607447941422447,0.001675420834582688,0.0,0.0,0.0,-0.00043853707384778603,0.9999999038426128,-0.0035319937697196346,0.011355461592904311,0.0,0.0,0.0,-0.003665549884775744,1477,1530
0.00037208145460021556,0.001337636749507906,0.0,0.0,0.0,-0.00040509024997167214,0.9999999179509413,-1.8494257346097072e-05,-0.0016898920756804937,0.0,0.0,0.0,0.00033465734987247597,1477,1530
0.00037208145460021556,0.001337636749507906,0.0,0.0,0.0,-0.00040509024997167214,0.9999999179509413,-1.8494257346097072e-05,-0.0016898920756804937,0.0,0.0,0.0,0.00033465734987247597,1477,1530
0.0003867480152467304,0.001515566808563068,0.0,0.0,0.0,-0.0004038434248959255,0.9999999184552407,7.256374701140041e-05,0.000889118152526825,0.0,0.0,0.0,1.2459965900002282e-05,1477,1530
0.00042131757450771553,0.0011012368513656319,0.0,0.0,0.0,-0.0003029947561225054,0.9999999540970879,0.0003486932748824615,-0.00413888012662891,0.0,0.0,0.0,0.002014958540328977,1477,1530
0.0003679295122264633,0.0011824559590475298,0.0,0.0,0.0,-0.0003476138025008782,0.9999999395823204,-0.0008029521780855615,0.0012199176596112385,0.0,0.0,0.0,-0.0013408979197345524,1477,1530
6.84195972431041e-05,0.0009038694470278903,0.0,0.0,0.0,-0.0003128136118181859,0.9999999510738209,-0.0014934520258994882,-0.0013910590924100334,0.0,0.0,0.0,0.0003472743859090176,1477,1530
6.84195972431041e-05,0.0009038694470278903,0.0,0.0,0.0,-0.0003128136118181859,0.9999999510738209,-0.0014934520258994882,-0.0013910590924100334,0.0,0.0,0.0,0.0003472743859090176,1477,1530
0.00045955802201894124,0.0018676004650086536,0.0,0.0,0.0,-0.0005386551469045343,0.9999998549253059,0.0029370410539042366,0.0072496261249527325,0.0,0.0,0.0,-0.003396905355584373,1477,1530
0.0004239021432844441,0.0014366741171875294,0.0,0.0,0.0,-0.0004041351222599094,0.9999999183373981,-0.0010589677636135139,-0.012968359117559362,0.0,0.0,0.0,0.008095813630622492,1477,1530
0.0004112456078783766,0.0013601247910132893,0.0,0.0,0.0,-0.00037318070711136846,0.9999999303680774,-7.552067646217372e-05,-0.00045906980871677106,0.0,0.0,0.0,0.000371220625681239,1477,1530
0.0004112456078783766,0.0013601247910132893,0.0,0.0,0.0,-0.00037318070711136846,0.9999999303680774,-7.552067646217372e-05,-0.00045906980871677106,0.0,0.0,0.0,0.000371220625681239,1477,1530
0.0004112456078783766,0.0013601247910132893,0.0,0.0,0.0,-0.00037318070711136846,0.9999999303680774,-7.552067646217372e-05,-0.00045906980871677106,0.0,0.0,0.0,0.000371220625681239,1477,1530
0.0003077191155882387,0.0017973403665847714,0.0,0.0,0.0,-0.0005314408207757286,0.999999858785317,-0.0006382982735971026,0.010139239498291909,0.0,0.0,0.0,-0.006533386497517335,1477,1530
0.0004845130358171809,0.0014693526895783733,0.0,0.0,0.0,-0.00041029272710708074,0.9999999158299355,0.002660235660494612,-0.00492272869023554,0.0,0.0,0.0,0.003638682271143795,1477,1530
0.000477926058516371,0.0018411182548642433,0.0,0.0,0.0,-0.0005398026072980685,0.9999998543065619,-6.890386779851507e-05,0.0037167083394229737,0.0,0.0,0.0,-0.0025895763923203543,1477,1530
0.00042520107164591646,0.001355675771379845,0.0,0.0,0.0,-0.00037110884729269975,0.9999999311391093,-0.0015651026889190779,-0.014556385414917791,0.0,0.0,0.0,0.010115658375690603,1477,1530
0.00042520107164591646,0.001355675771379845,0.0,0.0,0.0,-0.00037110884729269975,0.9999999311391093,-0.0015651026889190779,-0.014556385414917791,0.0,0.0,0.0,0.010115658375690603,1477,1530
0.0004844872123562318,0.0012118001038161203,0.0,0.0,0.0,-0.0003237350093648131,0.9999999475978205,0.0003525869042811933,-0.0008538585845831728,0.0,0.0,0.0,0.000562471024151587,1477,1530
0.0002313267967832525,0.001019206683952093,0.0,0.0,0.0,-0.0002630512137893593,0.9999999654020288,-0.003900657685366401,-0.0029714396988622114,0.0,0.0,0.0,0.001870935660839716,1477,1530
0.00038641275574557326,0.0016776608340370513,0.0,0.0,0.0,-0.00046142403526143385,0.9999998935439242,0.0015479524947467013,0.006587728082678962,0.0,0.0,0.0,-0.003968885468991617,1477,1530
0.0004677945951283867,0.0016554361830086186,0.0,0.0,0.0,-0.0004806298122186596,0.9999998844974851,0.00040676751300512904,-0.0001106812837256737,0.0,0.0,0.0,-0.0001919426252938093,1477,1530
0.0005043357455516128,0.0017751484351634654,0.0,0.0,0.0,-0.00047956231874597634,0.9999998850099846,0.00027328425988140534,0.0008983968968044154,0.0,0.0,0.0,1.6017609658753774e-05,1477,1530
0.0003594320044019192,0.0012472491194077335,0.0,0.0,0.0,-0.00033960703431835725,0.9999999423335295,-0.0014452164193018916,-0.005284925572746203,0.0,0.0,0.0,0.002801515219576254,1477,1530
0.0003594320044019192,0.0012472491194077335,0.0,0.0,0.0,-0.00033960703431835725,0.9999999423335295,-0.0014452164193018916,-0.005284925572746203,0.0,0.0,0.0,0.002801515219576254,1477,1530
0.0002760729898409896,0.001400760519894482,0.0,0.0,0.0,-0.00038672849820207505,0.9999999252205316,-0.002495313992757221,0.004587860155008807,0.0,0.0,0.0,-0.002817595490198741,1477,1530
0.0004061691771012696,0.0012707450036365635,0.0,0.0,0.0,-0.0003579587139897492,0.9999999359327775,0.0013011993898535603,-0.0012983824900232653,0.0,0.0,0.0,0.0005750564407732935,1477,1530
0.0004621402206757131,0.001557821462480151,0.0,0.0,0.0,-0.0004004628633395906,0.9999999198147443,0.00033471487343748294,0.0017233260261804155,0.0,0.0,0.0,-0.0005102355544975453,1477,1530
0.00044574061246275,0.0018632902187282294,0.0,0.0,0.0,-0.0004922930272916143,0.9999998788237803,-0.0002490611827212255,0.004570771583836851,0.0,0.0,0.0,-0.0027482544144357838,1477,1530
0.0006364941397639743,0.001894398562818241,0.0,0.0,0.0,-0.0005298312464519341,0.9999998596394153,0.0014339413710960699,0.000235298725258494,0.0,0.0,0.0,-0.0005644591079486556,1477,1530
0.00042103028376915,0.0014003231768045007,0.0,0.0,0.0,-0.0003926937725106078,0.9999999228957975,-0.002148843120214364,-0.004941749420687089,0.0,0.0,0.0,0.0027420368345797714,1477,1530
0.00042103028376915,0.0014003231768045007,0.0,0.0,0.0,-0.0003926937725106078,0.9999999228957975,0.0,0.0,0.0,0.0,0.0,3.242280590539891e-19,1477,1530
0.00042103028376915,0.0014003231768045007,0.0,0.0,0.0,-0.0003926937725106078,0.9999999228957975,0.0,0.0,0.0,0.0,0.0,3.2355385762392453e-19,1477,1530
0.00042103028376915,0.0014003231768045007,0.0,0.0,0.0,-0.00039269377251060773,0.9999999228957975,0.0,0.0,0.0,0.0,0.0,2.227032708795125e-18,1477,1530
0.00044868684820063647,0.001765740531069087,0.0,0.0,0.0,-0.0005105476624864742,0.9999998696705337,0.0008941087088004917,0.01193815826609074,0.0,0.0,0.0,-0.007700101387740741,1477,1530
0.00043723826745244426,0.0015298561431132606,0.0,0.0,0.0,-0.0004397006986778439,0.9999999033316431,-6.715267536329362e-05,-0.001413405443267154,0.0,0.0,0.0,0.0008489801827546487,1477,1530
0.00023961327013109613,0.0007338145264887277,0.0,0.0,0.0,-0.00020120155673905064,0.9999999797589666,-0.0058702939504762285,-0.023735023564609915,0.0,0.0,0.0,0.014219230458988888,1477,1530
0.00023961327013109613,0.0007338145264887277,0.0,0.0,0.0,-0.00020120155673905064,0.9999999797589666,-0.0058702939504762285,-0.023735023564609915,0.0,0.0,0.0,0.014219230458988888,1477,1530
0.00046602354601504316,0.001363086571107675,0.0,0.0,0.0,-0.0003746213775744206,0.9999999298294093,0.0022686713064690627,0.006313391935443708,0.0,0.0,0.0,-0.0034792867148390107,1477,1530
0.0005206691582273986,0.0013932152927630577,0.0,0.0,0.0,-0.0004215853607340418,0.9999999111328878,0.0003275134646599927,0.0001808938429734804,0.0,0.0,0.0,-0.0005631814999100301,1477,1530
0.00042656772732574654,0.0015251488233763702,0.0,0.0,0.0,-0.0004708050147313717,0.9999998891713129,-0.001417818777285906,0.0019842908117620075,0.0,0.0,0.0,-0.0014814266243886255,1477,1530
0.00046367473323287293,0.0014978754901750228,0.0,0.0,0.0,-0.00042903703519773487,0.9999999079636069,0.0002780806870134305,-0.00020398391985160163,0.0,0.0,0.0,0.000625587630711032,1477,1530
0.000463792457021209,0.001276460420792783,0.0,0.0,0.0,-0.00039944371431131775,0.9999999202223564,1.8424017611410105e-06,-0.0013256947565744122,0.0,0.0,0.0,0.0003543728630711913,1477,1530
0.00043674727496259265,0.0011545308516034754,0.0,0.0,0.0,-0.0003300662374468041,0.999999945528138,-0.0002704648510662054,-0.0012239788862801438,0.0,0.0,0.0,0.0013926327382541763,1477,1530
0.00043674727496259265,0.0011545308516034754,0.0,0.0,0.0,-0.0003300662374468041,0.999999945528138,-0.0002704648510662054,-0.0012239788862801438,0.0,0.0,0.0,0.0013926327382541763,1477,1530
0.0004379138528308971,0.0014317401149775831,0.0,0.0,0.0,-0.0004076436525141064,0.9999999169133228,7.3714160545841845e-06,0.0020775374203308335,0.0,0.0,0.0,-0.0011628008316790642,1477,1530
0.00048764369464083867,0.0015610878946811819,0.0,0.0,0.0,-0.0004613051896311196,0.9999998935987554,0.0004964174429893366,0.0012943358257453276,0.0,0.0,0.0,-0.0010736066055617418,1477,1530
0.0004009037909415973,0.0005638288074089296,0.0,0.0,0.0,-0.00017350304902818931,0.9999999849483459,-0.00085865293901243,-0.009978675597674532,0.0,0.0,0.0,0.005759095362951654,1477,1530
0.00035895008198187325,0.0013920909519403155,0.0,0.0,0.0,-0.00038798599594620206,0.9999999247334306,-0.0006348515629566832,0.012447924259763727,0.0,0.0,0.0,-0.006447028093757188,1477,1530
0.000546463046142709,0.0010150417204771052,0.0,0.0,0.0,-0.0002993325090955455,0.9999999552000235,0.002823455370467153,-0.021436683433310372,0.0,0.0,0.0,0.011272070027284465,1477,1530
0.000546463046142709,0.0010150417204771052,0.0,0.0,0.0,-0.0002993325090955455,0.9999999552000235,0.002823455370467153,-0.021436683433310372,0.0,0.0,0.0,0.011272070027284465,1477,1530
0.0005783625786329717,0.0016502715712509678,0.0,0.0,0.0,-0.0005036133081094498,0.9999998731868099,0.0003107793029061091,0.006263545987715229,0.0,0.0,0.0,-0.004028412826096437,1477,1530
0.0004550852613106404,0.0012416224699370408,0.0,0.0,0.0,-0.0003490099457343417,0.999999939096027,-0.0009342614122790877,-0.0031082803887506933,0.0,0.0,0.0,0.0023511854667993006,1477,1530
0.00048793865712631565,0.0014457173308545794,0.0,0.0,0.0,-0.00041004117752900917,0.9999999159331129,0.0002452773673963223,0.0015305425306807246,0.0,0.0,0.0,-0.0009152648959862989,1477,1530
0.0005119750353830234,0.0015502947655721103,0.0,0.0,0.0,-0.00044645463000373017,0.9999999003391267,0.0007126248347857635,0.0031121756481765437,0.0,0.0,0.0,-0.002166887191391108,1477,1530
0.0004432927752027286,0.0010263314624741338,0.0,0.0,0.0,-0.0003072288260400564,0.9999999528052231,-0.0006845397005714625,-0.005258649485633988,0.0,0.0,0.0,0.0027942963073164127,1477,1530
0.0004432927752027286,0.0010263314624741338,0.0,0.0,0.0,-0.0003072288260400564,0.9999999528052231,0.0,0.0,0.0,0.0,0.0,1.3497878291908234e-18,1477,1530
0.0004432927752027286,0.0010263314624741338,0.0,0.0,0.0,-0.0003072288260400564,0.9999999528052231,0.0,0.0,0.0,0.0,0.0,4.585709205279448e-19,1477,1530
0.0004432927752027286,0.0010263314624741338,0.0,0.0,0.0,-0.0003072288260400564,0.9999999528052231,0.0,0.0,0.0,0.0,0.0,6.537709272152603e-19,1477,1530
0.0004432927752027286,0.0010263314624741338,0.0,0.0,0.0,-0.0003072288260400564,0.9999999528052231,0.0,0.0,0.0,0.0,0.0,6.537709272152603e-19,1477,1530
0.0002906433803580387,0.0010746128903464222,0.0,0.0,0.0,-0.0003203711050203344,0.9999999486811763,-0.001538560315605214,0.000485590992829574,0.0,0.0,0.0,-0.00026487186228764365,1477,1530
0.0003664643629083394,0.0008544993524297579,0.0,0.0,0.0,-0.00029582702336737013,0.9999999562431852,0.0003847696964554778,-0.0011146929472468138,0.0,0.0,0.0,0.0002486458734694213,1477,1530
0.0003253630209159237,0.0001916360080714386,0.0,0.0,0.0,-4.1268846131313606e-05,0.9999999991484412,-0.00040638032478761864,-0.006617295194543742,0.0,0.0,0.0,0.005082269603991728,1477,1530
0.0003845070255416697,0.0009622108062974894,0.0,0.0,0.0,-0.00029741798438573597,0.9999999557712703,0.0005910700110927966,0.007709265941783209,0.0,0.0,0.0,-0.005125289176657938,1477,1530
0.0002906004435830823,0.001000267502850928,0.0,0.0,0.0,-0.0003029262470194107,0.9999999541178434,-0.0007016553831839863,0.00028386792071636674,0.0,0.0,0.0,-8.22939445096689e-05,1477,1530
0.00033543069799551735,0.0006420754064579429,0.0,0.0,0.0,-0.00020554331368054655,0.9999999788759729,0.0013808435076414789,-0.010978906603754564,0.0,0.0,0.0,0.00597020116915136,1477,1530
0.00020329054350490733,0.00041551462384452917,0.0,0.0,0.0,-0.00016771112255593753,0.9999999859364896,-0.0007858724674707002,-0.0013486905866902177,0.0,0.0,0.0,0.0004503135440548819,1477,1530
0.00031364944266476166,0.0007749510367849624,0.0,0.0,0.0,-0.00025216261282597557,0.9999999682070078,0.0034447325162431214,0.011232841995809203,0.0,0.0,0.0,-0.005277888385462466,1477,1530
0.00022904673696885736,0.0009500203856074719,0.0,0.0,0.0,-0.0002911697994717064,0.999999957610073,-0.0008469860969772722,0.0017504241309849067,0.0,0.0,0.0,-0.000780213980812802,1477,1530
0.00022904673696885736,0.0009500203856074719,0.0,0.0,0.0,-0.0002911697994717064,0.999999957610073,0.0,0.0,0.0,0.0,0.0,1.6222528683408592e-21,1477,1530
0.00022904673696885736,0.0009500203856074719,0.0,0.0,0.0,-0.0002911697994717064,0.999999957610073,0.0,0.0,0.0,0.0,0.0,2.1745354394749218e-21,1477,1530
0.00022904673696885736,0.0009500203856074719,0.0,0.0,0.0,-0.00029116979947170653,0.999999957610073,0.0,0.0,0.0,0.0,0.0,-6.52499592612732e-18,1477,1530
0.00013215422287308096,0.0006789263767829226,0.0,0.0,0.0,-0.00019634073363799108,0.9999999807251579,-0.0009660614272720037,-0.002707902361892051,0.0,0.0,0.0,0.0018940622680701249,1477,1530
0.00029504541987612754,0.001058904803413704,0.0,0.0,0.0,-0.00030736273944594327,0.999999952764072,0.0012213189691710512,0.0028520788713607983,0.0,0.0,0.0,-0.0016663591141217802,1477,1530
0.00030128233806139934,0.0013293937475899104,0.0,0.0,0.0,-0.0003991229529438002,0.9999999203504311,6.0638490580109316e-05,0.0027019011413353007,0.0,0.0,0.0,-0.001833151253120977,1477,1530
0.00030128233806139934,0.0013293937475899104,0.0,0.0,0.0,-0.0003991229529438002,0.9999999203504311,6.0638490580109316e-05,0.0027019011413353007,0.0,0.0,0.0,-0.001833151253120977,1477,1530
0.00030128233806139934,0.0013293937475899104,0.0,0.0,0.0,-0.0003991229529438002,0.9999999203504311,6.0638490580109316e-05,0.0027019011413353007,0.0,0.0,0.0,-0.001833151253120977,1477,1530
0.00030128233806139934,0.0013293937475899104,0.0,0.0,0.0,-0.0003991229529438002,0.9999999203504311,6.0638490580109316e-05,0.0027019011413353007,0.0,0.0,0.0,-0.001833151253120977,1477,1530
0.000234717890525675,0.0010924539618591671,0.0,0.0,0.0,-0.0003103476911430039,0.9999999518421542,-0.0001422354060780489,-0.0005078512423137072,0.0,0.0,0.0,0.0003804724971990388,1477,1530
0.000234717890525675,0.0010924539618591671,0.0,0.0,0.0,-0.0003103476911430039,0.9999999518421542,-0.0001422354060780489,-0.0005078512423137072,0.0,0.0,0.0,0.0003804724971990388,1477,1530
0.00023815184402294225,0.0013359275821958627,0.0,0.0,0.0,-0.00037064541267660406,0.9999999313109866,3.2827970632357417e-05,0.00243473270142311,0.0,0.0,0.0,-0.001205942440607439,1477,1530
0.00019702575223628103,0.0007310632907784997,0.0,0.0,0.0,-0.0002220296161132584,0.9999999753514245,-0.0006088746881811502,-0.00905422421895092,0.0,0.0,0.0,0.004449042111078298,1477,1530
0.00017702713944691935,0.0005660977753622721,0.0,0.0,0.0,-0.00018874698795380492,0.9999999821872871,-0.00029986841180637894,-0.0024827965103012906,0.0,0.0,0.0,0.001001779729915513,1477,1530
0.00023559563604631112,0.0010921198559347917,0.0,0.0,0.0,-0.00031338059983405204,0.9999999508962986,0.0004372180569969446,0.003940317089108478,0.0,0.0,0.0,-0.001867128312716032,1477,1530
0.00022555819412437353,0.0011600383204052626,0.0,0.0,0.0,-0.00034391502685594393,0.9999999408612253,-0.00010093432872336489,0.0006800260351412135,0.0,0.0,0.0,-0.0006115018708349262,1477,1530
0.00022555819412437353,0.0011600383204052626,0.0,0.0,0.0,-0.00034391502685594393,0.9999999408612253,-0.00010093432872336489,0.0006800260351412135,0.0,0.0,0.0,-0.0006115018708349262,1477,1530
0.00021007309963448796,0.0008360897630758767,0.0,0.0,0.0,-0.00021658095996526962,0.9999999765463436,-0.00011440381154210244,-0.002428351824195508,0.0,0.0,0.0,0.0019089563760963373,1477,1530
0.00040218917246940427,0.001036331005441806,0.0,0.0,0.0,-0.00029505031200151695,0.9999999564726557,0.0014220707070956486,0.0014835001365970254,0.0,0.0,0.0,-0.0011622076431063461,1477,1530
0.0001514374992402643,0.0008394211340501645,0.0,0.0,0.0,-0.00023092280839237626,0.9999999733373279,-0.002547522289579611,-0.0020029456600685965,0.0,0.0,0.0,0.001303616559476491,1477,1530
0.00016069166253859094,0.0011731538344353515,0.0,0.0,0.0,-0.0003389503447564974,0.9999999425563303,5.459122302316061e-05,0.0020020932894225804,0.0,0.0,0.0,-0.0012961179237627365,1477,1530
7.839651752959713e-05,0.0002681154212525636,0.0,0.0,0.0,-8.222934237423861e-05,0.9999999966191676,-0.0008167098274280809,-0.009049763462352128,0.0,0.0,0.0,0.005133752731342519,1477,1530
0.0002188476929485998,0.001055838314600091,0.0,0.0,0.0,-0.00029763836447478154,0.999999955705701,0.0010539641545857794,0.005916807357161373,0.0,0.0,0.0,-0.0032359002341433045,1477,1530
0.0003449884094714593,0.0011839654955388935,0.0,0.0,0.0,-0.0003603899775526435,0.99999993505953,0.0009442320653720407,0.0009602445275064155,0.0,0.0,0.0,-0.0009400287086123261,1477,1530
0.0003449884094714593,0.0011839654955388935,0.0,0.0,0.0,-0.0003603899775526435,0.99999993505953,0.0009442320653720407,0.0009602445275064155,0.0,0.0,0.0,-0.0009400287086123261,1477,1530
0.0004316242771889436,0.0011998012073742004,0.0,0.0,0.0,-0.0003115452252613367,0.9999999514697852,0.002198464708702295,0.0029613373375836885,0.0,0.0,0.0,-0.000298451158290042,1477,1530
0.00015642955326837646,0.0006534097434800465,0.0,0.0,0.0,-0.00020345135414179757,0.999999979303773,-0.0020462033531807775,-0.004068988632145883,0.0,0.0,0.0,0.001609449905382007,1477,1530
0.00025776085539592315,0.0004761539179595453,0.0,0.0,0.0,-0.00016083654796486625,0.9999999870658023,0.0010249188341467875,-0.0017911679927427066,0.0,0.0,0.0,0.0008614446799846566,1477,1530
0.00016262079845837856,0.0007249897636993325,0.0,0.0,0.0,-0.0002102681918758935,0.9999999778936435,-0.0014294736055237122,0.0037351412488673672,0.0,0.0,0.0,-0.0014841663588208418,1477,1530
0.00029839083349092205,0.0009267909596838673,0.0,0.0,0.0,-0.00024764661875964597,0.9999999693355757,0.0010162464295193113,0.0015118658016902136,0.0,0.0,0.0,-0.0005599093420555003,1477,1530
0.00021873675478920897,0.0010712420402297434,0.0,0.0,0.0,-0.0003008577450135591,0.9999999547423076,-0.0024083378012530257,0.004362361367282726,0.0,0.0,0.0,-0.0032147854178466704,1477,1530
0.00024375282707478094,0.001020559547717155,0.0,0.0,0.0,-0.0003084081123868562,0.999999952442217,0.00018760487612133495,-0.00037951141722895003,0.0,0.0,0.0,-0.00011310819243313021,1477,1530
0.0003135720489498325,0.0010311475376238812,0.0,0.0,0.0,-0.00030661772786557345,0.9999999529927834,0.0005233648026089318,7.969783434813592e-05,0.0,0.0,0.0,2.6843957747618792e-05,1477,1530
0.00017430149386537676,0.0008225091482986263,0.0,0.0,0.0,-0.00021775695062168694,0.9999999762909549,-0.0013899524948137493,-0.0020850274282612274,0.0,0.0,0.0,0.0017753337504329634,1477,1530
0.00022926846176636297,0.0007700579227411718,0.0,0.0,0.0,-0.00021792354181612137,0.9999999762546646,0.0008266408996340297,-0.0007881194447719286,0.0,0.0,0.0,-5.008604623648305e-06,1477,1530
0.00022926846176636297,0.0007700579227411718,0.0,0.0,0.0,-0.00021792354181612137,0.9999999762546646,0.0008266408996340297,-0.0007881194447719286,0.0,0.0,0.0,-5.008604623648305e-06,1477,1530
0.00027728990338656066,0.0007893911299198856,0.0,0.0,0.0,-0.0002453081161038651,0.9999999699119636,0.00023998945700749665,9.674020357189923e-05,0.0,0.0,0.0,-0.0002737595159495927,1477,1530
0.00027728990338656066,0.0007893911299198856,0.0,0.0,0.0,-0.0002453081161038651,0.9999999699119636,0.0,0.0,0.0,0.0,0.0,1.8265311833410122e-19,1477,1530
0.00027728990338656066,0.0007893911299198856,0.0,0.0,0.0,-0.0002453081161038651,0.9999999699119636,0.0,0.0,0.0,0.0,0.0,2.426617982186745e-19,1477,1530
0.00027728990338656066,0.0007893911299198856,0.0,0.0,0.0,-0.0002453081161038652,0.9999999699119636,0.0,0.0,0.0,0.0,0.0,-2.903015075856307e-18,1477,1530
0.00030734561464378584,0.0005657465506078529,0.0,0.0,0.0,-0.00018892544347766686,0.9999999821535883,0.00044171898635999294,-0.0032746600075640774,0.0,0.0,0.0,0.0016512475709163526,1477,1530
0.00016621365806667072,0.0007030511351455269,0.0,0.0,0.0,-0.00021466158628447572,0.9999999769602015,-0.002170756425536122,0.0021102914851408965,0.0,0.0,0.0,-0.0007914064892963904,1477,1530
0.0002794384812076357,0.0005384215019917721,0.0,0.0,0.0,-0.00020577627630892855,0.9999999788280618,0.0033952318625380625,-0.0049321528347405115,0.0,0.0,0.0,0.0005325487831094297,1477,1530
1.4608531366723076e-05,0.00024398931381732885,0.0,0.0,0.0,-6.815217350028235e-05,0.9999999976776406,-0.0015898519096031148,-0.0017690265688034299,0.0,0.0,0.0,0.0016531523165144936,1477,1530
0.00027574720809643745,0.0005013695191796329,0.0,0.0,0.0,-0.00020040984939121562,0.999999979917946,0.002552531891674243,0.002516480245846325,0.0,0.0,0.0,-0.002585885050524874,1477,1530
0.0004383626483076379,0.0008443737233402421,0.0,0.0,0.0,-0.0002488046695641658,0.9999999690481177,0.0012378706063689317,0.002613742275234256,0.0,0.0,0.0,-0.0007374111869857906,1477,1530
0.0002711375758681438,0.0006377602500370714,0.0,0.0,0.0,-0.00019749983727218712,0.999999980496907,-0.005050994014115763,-0.006247065629343073,0.0,0.0,0.0,0.0031012079398259006,1477,1530
0.00048159034376101754,0.0011373941834758377,0.0,0.0,0.0,-0.000349610827447853,0.9999999388861328,0.002102596014297322,0.004997270177746972,0.0,0.0,0.0,-0.0030422807541581275,1477,1530
0.0003751277400100025,0.000516051000422431,0.0,0.0,0.0,-0.00017304748732197705,0.9999999850272835,-0.001586273711397027,-0.009296950556037494,0.0,0.0,0.0,0.005283085096478309,1477,1530
0.0003495118387087635,0.00012265740726297267,0.0,0.0,0.0,-7.727485799382702e-05,0.9999999970142981,-0.0001913253104822183,-0.0029540261695765275,0.0,0.0,0.0,0.0014382974277228665,1477,1530
0.00019238303487891778,0.00033113937443098577,0.0,0.0,0.0,-0.00012763855943067912,0.9999999918541991,-0.0015400394197158732,0.0020427014254406684,0.0,0.0,0.0,-0.0009870397194556985,1477,1530
0.0003601520031830429,0.00012975618393021562,0.0,0.0,0.0,-6.612749596106453e-05,0.9999999978135772,0.0012766277032460597,-0.0015316178520611192,0.0,0.0,0.0,0.0009358426200280572,1477,1530
0.0003028375795407584,0.0006531232417779008,0.0,0.0,0.0,-0.00019125554258794214,0.9999999817106585,-0.0005741062404018573,0.005236055677687104,0.0,0.0,0.0,-0.0025037377050841996,1477,1530
0.00017927716017069955,0.0005133161089543808,0.0,0.0,0.0,-0.0001518544604891345,0.9999999884701113,-0.001233478138736935,-0.001396742060989645,0.0,0.0,0.0,0.0007870064151438769,1477,1530
0.000255672240043607,0.0008922457400706986,0.0,0.0,0.0,-0.0002576015268919923,0.9999999668207261,0.0011441769970830724,0.005684178549037931,0.0,0.0,0.0,-0.003172348607162705,1477,1530
0.00028616606542290497,0.0005858050242675916,0.0,0.0,0.0,-0.0001915778433733757,0.9999999816489648,0.00022734771158921927,-0.002272794438795681,0.0,0.0,0.0,0.000979412787844443,1477,1530
0.0003722409811612585,0.000627105087439357,0.0,0.0,0.0,-0.00021103694307748145,0.9999999777317041,0.0008734036826882516,0.00041948423607335485,0.0,0.0,0.0,-0.00039497630433400906,1477,1530
0.0003306392077005811,0.0010467025106834318,0.0,0.0,0.0,-0.0003057316053898484,0.9999999532640916,-0.0003113643677610711,0.003126992300248863,0.0,0.0,0.0,-0.0014114572271165353,1477,1530
0.0003306392077005811,0.0010467025106834318,0.0,0.0,0.0,-0.0003057316053898484,0.9999999532640916,-0.0003113643677610711,0.003126992300248863,0.0,0.0,0.0,-0.0014114572271165353,1477,1530
0.0002772723771618557,0.00032156840620717634,0.0,0.0,0.0,-9.599569035883246e-05,0.9999999953924137,-0.00031926780535752365,-0.004374666550653514,0.0,0.0,0.0,0.002530521136654625,1477,1530
0.0003399937601481432,0.0008605592735183011,0.0,0.0,0.0,-0.00022155242084947194,0.999999975457262,0.0018706987790152747,0.01610261701497331,0.0,0.0,0.0,-0.007501970652514842,1477,1530
0.00036519973655190017,0.0005730356263289873,0.0,0.0,0.0,-0.00017120133776630142,0.9999999853450509,0.0001901105919906648,-0.0021575947805197054,0.0,0.0,0.0,0.0007557045692213577,1477,1530
0.00035640718926422006,2.145692868672387e-05,0.0,0.0,0.0,-2.852684308214659e-05,0.9999999995931096,-8.589340554465084e-05,-0.0055066207024319835,0.0,0.0,0.0,0.002848732517347112,1477,1530
0.0003503959046642785,0.0011690018719349787,0.0,0.0,0.0,-0.00034576771695084003,0.9999999402223412,-6.087775132171952e-05,0.0114962542042558,0.0,0.0,0.0,-0.006356322452304106,1477,1530
0.00035874299400227416,0.0006328243832086324,0.0,0.0,0.0,-0.00019977697120408008,0.9999999800445807,-0.00026981021464057066,-3.453206865090521e-05,0.0,0.0,0.0,-0.00025656143395922726,1477,1530
0.000276768379788009,0.0009859875323534944,0.0,0.0,0.0,-0.00029769773450525494,0.9999999556880285,-0.0008222095822317796,0.003535829538560901,0.0,0.0,0.0,-0.0019609253086551428,1477,1530
0.00031654885465406393,0.00032550053325491846,0.0,0.0,0.0,-0.00011455382908744627,0.9999999934387102,0.0004016648879624462,-0.00660344334934925,0.0,0.0,0.0,0.00366221897139782,1477,1530
0.00040413044859413845,0.000814017640482395,0.0,0.0,0.0,-0.0002650740543831334,0.9999999648678722,0.0013080358994452114,0.007305665535434229,0.0,0.0,0.0,-0.004501808783507924,1477,1530
0.0003253903065542925,0.0006160375146467035,0.0,0.0,0.0,-0.0002106626367227051,0.9999999778106266,-0.0007852680519784055,-0.0019774894840096625,0.0,0.0,0.0,0.00108672869798933,1477,1530
0.0003908740645073809,0.0005530602102084334,0.0,0.0,0.0,-0.0001478220139147702,0.999999989074326,0.0009870912662970873,-0.0009485091820776706,0.0,0.0,0.0,0.001893731034591935,1477,1530
0.0004710000830045266,0.00032570690837057715,0.0,0.0,0.0,-0.00015016609941745476,0.9999999887250712,0.0011720215518259067,-0.003322415023067105,0.0,0.0,0.0,-6.851747303396215e-05,1477,1530
0.00025554536688869557,0.0005817361830397156,0.0,0.0,0.0,-0.00017938393005719383,0.9999999839107027,-0.0013053818680458197,0.0015502668229324709,0.0,0.0,0.0,-0.00035391958128841433,1477,1530
0.0002451246263163096,0.0009960815894045983,0.0,0.0,0.0,-0.0002950553645262472,0.9999999564711649,-0.0001587282049939087,0.006222467127290824,0.0,0.0,0.0,-0.0034742427323299517,1477,1530
0.0004630612885581697,0.0009152458034815857,0.0,0.0,0.0,-0.00029881815423521657,0.9999999553538543,0.0016340286677078702,-0.0006049876321463371,0.0,0.0,0.0,-5.641237265800623e-05,1477,1530
0.0002889824490753568,0.00018906569545157651,0.0,0.0,0.0,-7.111520108763186e-05,0.9999999974713141,-0.002611632252182242,-0.01092337099634236,0.0,0.0,0.0,0.006849342163876343,1477,1530
0.0001901487338963678,-2.3178748645626558e-06,0.0,0.0,0.0,-4.2639332444035146e-05,0.9999999990909436,-0.0014647981382453867,-0.002837454050751123,0.0,0.0,0.0,0.0008443048206709894,1477,1530
0.00032188056609901595,0.0004926481564202985,0.0,0.0,0.0,-0.00019193980407159505,0.9999999815795556,0.0007930100123529442,0.002980659529213711,0.0,0.0,0.0,-0.0017981184518948985,1477,1530
0.00027285744586196876,0.0007773107770208261,0.0,0.0,0.0,-0.00023807582121250165,0.9999999716599512,-0.0014838243778138684,0.008596393472162357,0.0,0.0,0.0,-0.0027866645442756444,1477,1530
0.0002785643930465078,0.000278356329037752,0.0,0.0,0.0,-0.00011685104306799147,0.9999999931729169,-0.001128968301558316,-0.002020488471585606,0.0,0.0,0.0,0.0009948797934896216,1477,1530
0.00035375548574723766,0.0009683689768380494,0.0,0.0,0.0,-0.00033175599399455283,0.9999999449689787,0.0007575633652046755,0.006967116661506906,0.0,0.0,0.0,-0.004339716987753916,1477,1530
0.00035375548574723766,0.0009683689768380494,0.0,0.0,0.0,-0.00033175599399455283,0.9999999449689787,0.0007575633652046755,0.006967116661506906,0.0,0.0,0.0,-0.004339716987753916,1477,1530
0.00044016602380405603,0.0008874162873267871,0.0,0.0,0.0,-0.0002595213232289733,0.9999999663243408,0.00011060460504508048,0.001048308399865094,0.0,0.0,0.0,-0.0005489213882057347,1477,1530
0.0003416264144477222,0.0006378104108570612,0.0,0.0,0.0,-0.00017237622804185617,0.9999999851432179,-0.0009774440062420657,-0.002479683248130785,0.0,0.0,0.0,0.0017311130627695086,1477,1530
0.00047235323807825314,0.0012313851319127646,0.0,0.0,0.0,-0.0003481152753170654,0.9999999394078757,0.001314356573404142,0.005977742854580489,0.0,0.0,0.0,-0.0035393797401536324,1477,1530
0.0002909655640547197,0.0004805301989027164,0.0,0.0,0.0,-0.00014163345038917117,0.9999999899699828,-0.0027146695977350315,-0.011271760430153599,0.0,0.0,0.0,0.006198328856079959,1477,1530
9.928727237531662e-05,9.369224483409054e-05,0.0,0.0,0.0,-7.106830979355129e-05,0.9999999974746476,-0.0019128369289958314,-0.0038631662289563213,0.0,0.0,0.0,0.0014092031063867214,1477,1530
0.00029258743992045377,0.0007644897758803932,0.0,0.0,0.0,-0.00022561756117115854,0.9999999745483578,0.0014501273760951382,0.005034976314446221,0.0,0.0,0.0,-0.0023199845776444065,1477,1530
0.0003503049889731683,0.0009647201581859527,0.0,0.0,0.0,-0.00028842506334488617,0.9999999584054905,0.0008640665766711983,0.003002660040865409,0.0,0.0,0.0,-0.0018834811514638092,1477,1530
0.0003363128280216899,0.0004953811588886377,0.0,0.0,0.0,-0.0001372421982044476,0.9999999905822895,-0.00013728833943875955,-0.00469600576900623,0.0,0.0,0.0,0.003025291019803829,1477,1530
0.000377977385921386,0.0005154068038414209,0.0,0.0,0.0,-0.00013854751483571948,0.999999990402293,0.0006252391541692251,0.00030072611729606145,0.0,0.0,0.0,-3.9181636935324866e-05,1477,1530
0.000377977385921386,0.0005154068038414209,0.0,0.0,0.0,-0.00013854751483571948,0.999999990402293,0.0006252391541692251,0.00030072611729606145,0.0,0.0,0.0,-3.9181636935324866e-05,1477,1530
0.00033397075941637056,0.0004172827828208927,0.0,0.0,0.0,-0.00016055391817003273,0.9999999871112196,-0.00026367832472366424,-0.0005883748097680099,0.0,0.0,0.0,-0.000263878406387264,1477,1530
0.00034569353734923146,0.000615968783219127,0.0,0.0,0.0,-0.00020310846064329892,0.9999999793734764,0.0001167298527995097,0.0019892846859307454,0.0,0.0,0.0,-0.0008521133994216065,1477,1530
0.0002646197288694911,0.0002306360737706892,0.0,0.0,0.0,-8.332336311908524e-05,0.9999999965286086,-0.0006062990171434548,-0.002887477324524314,0.0,0.0,0.0,0.001795057710309619,1477,1530
0.0004999772591138307,0.000883497105731101,0.0,0.0,0.0,-0.0002491667575106908,0.9999999689579631,0.003531679900061254,0.009801688076396415,0.0,0.0,0.0,-0.00497945973227176,1477,1530
0.00046085482626129665,0.0008063501328774288,0.0,0.0,0.0,-0.00024443662823128996,0.9999999701253669,-0.00023368460023445064,-0.0004613811534361524,0.0,0.0,0.0,5.6563242353662604e-05,1477,1530
0.0004512088927829487,0.001255782224398233,0.0,0.0,0.0,-0.00041420769641845837,0.9999999142159884,-0.00014912026556099315,0.006793139590615933,0.0,0.0,0.0,-0.0051322141139261476,1477,1530
0.00035133914794175996,0.0005117743721231493,0.0,0.0,0.0,-0.00018242806685260776,0.9999999833600001,-0.0009925534817490085,-0.007441052127102439,0.0,0.0,0.0,0.0046356854801665225,1477,1530
0.000437768782579668,0.0008733305447139877,0.0,0.0,0.0,-0.000256531548811746,0.9999999670957816,0.002988528830513634,0.0018926195098190124,0.0,0.0,0.0,-0.000726080286205259,1477,1530
0.00030994154493274096,0.0006094573998512917,0.0,0.0,0.0,-0.0002009111676870025,0.9999999798173511,-0.0012752477979254952,-0.00263593386232923,0.0,0.0,0.0,0.0011109523036438712,1477,1530
0.00034996232043161044,0.0005877640406377317,0.0,0.0,0.0,-0.0002262672557290351,0.9999999744015642,0.00040066350186225173,-0.00021697237679757693,0.0,0.0,0.0,-0.0005075887540211323,1477,1530
0.00038104429851439233,0.0004139000417507575,0.0,0.0,0.0,-0.00015148545217285412,0.9999999885260787,0.00046872223763484114,-0.0026150709298583333,0.0,0.0,0.0,0.0022497534548074284,1477,1530
0.0003818039075396499,0.0009563691584543682,0.0,0.0,0.0,-0.0003032791264769084,0.9999999540108846,5.843698235995695e-06,0.005325479535710219,0.0,0.0,0.0,-0.002980349641988464,1477,1530
0.0003067109424171968,0.0005254693576040536,0.0,0.0,0.0,-0.00016500576245833223,0.9999999863865491,-0.0007409361310372224,-0.004266953838163423,0.0,0.0,0.0,0.0027381949280836813,1477,1530
0.00037726657763480925,0.00048487562674107116,0.0,0.0,0.0,-0.00015715860424896945,0.9999999876505865,0.0007243049140350152,-0.00041640608108433453,0.0,0.0,0.0,0.0001610829993043073,1477,1530
0.00020823078355210756,0.0009120937437374175,0.0,0.0,0.0,-0.00024730199478359595,0.9999999694208612,-0.0016920898580376066,0.004272632355786806,0.0,0.0,0.0,-0.0018032826007255008,1477,1530
0.00038510046072982667,0.0006881989341769236,0.0,0.0,0.0,-0.00021718020727255942,0.9999999764163785,0.002654453748988279,-0.003356790630827501,0.0,0.0,0.0,0.0009035678106562953,1477,1530
0.00034101124649515665,0.0007001491845465853,0.0,0.0,0.0,-0.0002232030318540175,0.999999975090203,-0.000439379815767057,0.00011888774595859409,0.0,0.0,0.0,-0.00012002919063009939,1477,1530
0.00032209032018412615,0.0008430859685229569,0.0,0.0,0.0,-0.0002363990534783679,0.9999999720577434,-0.00028725139990723887,0.0021625988911991158,0.0,0.0,0.0,-0.0003993288639147347,1477,1530
0.0004354390641492981,0.000647817934151068,0.0,0.0,0.0,-0.0002050521833356423,0.9999999789768008,0.0005381261986199267,-0.005534441402093012,0.0,0.0,0.0,0.002588506580973208,1477,1530
0.0004512759478358967,0.0009367287649513078,0.0,0.0,0.0,-0.00026901355750324194,0.9999999638158523,0.00023503093340159487,0.0043200649134235184,0.0,0.0,0.0,-0.0019127777724128278,1477,1530
0.0002225727187066097,0.0006111286184369322,0.0,0.0,0.0,-0.00020631253490341567,0.9999999787175687,-0.001714851830400002,-0.0024441945906038386,0.0,0.0,0.0,0.0009410046875346225,1477,1530
0.0004849501434927944,0.00049534346019879,0.0,0.0,0.0,-0.00015631073215444466,0.9999999877834774,0.003834999463795331,-0.0016904658095320635,0.0,0.0,0.0,0.0014614214311248646,1477,1530
0.00030920161716888425,0.0005814347916561114,0.0,0.0,0.0,-0.00016002163201542076,0.9999999871965386,-0.0017768375526508963,0.0008697044709115535,0.0,0.0,0.0,-7.502375325772071e-05,1477,1530
0.00023953065608783576,0.0008445608749479142,0.0,0.0,0.0,-0.00029364299433781417,0.999999956886895,-0.0010564803144579532,0.003984850999524388,0.0,0.0,0.0,-0.004047537802131769,1477,1530
0.00037417413571734677,0.0007552039319648569,0.0,0.0,0.0,-0.0002404070596958774,0.9999999711022224,0.0013468515967548593,-0.0008927071169065749,0.0,0.0,0.0,0.0010646335597352535,1477,1530
0.0003503839673657814,0.0006750293802373205,0.0,0.0,0.0,-0.00019235642519520505,0.9999999814995026,-0.00035564830717328867,-0.0012006765259431403,0.0,0.0,0.0,0.0014389864521949984,1477,1530
0.00034190174268744223,0.0005555194214721135,0.0,0.0,0.0,-0.00017804634527260883,0.9999999841497493,-6.331094726945141e-05,-0.0008969029361281019,0.0,0.0,0.0,0.0002147838315306391,1477,1530
0.0004640614164121708,0.0006063950524870493,0.0,0.0,0.0,-0.00021525413420738312,0.9999999768328286,0.0036721047904407036,0.0015308498573619492,0.0,0.0,0.0,-0.002237255104790602,1477,1530
0.0005018686893714474,0.0008145117315769548,0.0,0.0,0.0,-0.00026442575164716377,0.9999999650395103,0.0029814566392726864,0.004083990348537353,0.0,0.0,0.0,-0.003380773790066558,1477,1530
0.0004513774178794807,0.0006131068400107173,0.0,0.0,0.0,-0.00020283203081424356,0.9999999794295834,-0.00050370647373952,-0.00201375180734676,0.0,0.0,0.0,0.0012315296213995977,1477,1530
0.0002477639946754526,0.000644138200752126,0.0,0.0,0.0,-0.00021430133262618104,0.9999999770374692,-0.0020353847321447154,0.0003093545729489989,0.0,0.0,0.0,-0.0002292874476216534,1477,1530
0.000467385946418318,0.0005949134931563604,0.0,0.0,0.0,-0.00018689485520822791,0.9999999825351564,0.002169613866716876,-0.00048530732667002554,0.0,0.0,0.0,0.0005414373931564412,1477,1530
0.0003768425739242554,0.00027283114682557624,0.0,0.0,0.0,-7.042733927624994e-05,0.9999999975199949,-0.001385113432552567,-0.0049342264025413855,0.0,0.0,0.0,0.0035681356790073907,1477,1530
0.00031430636949286825,0.0008235213406656301,0.0,0.0,0.0,-0.0002621305659823992,0.9999999656437826,-0.00046895378226957966,0.004124398057642001,0.0,0.0,0.0,-0.002871571300883493,1477,1530
0.0003634555081896241,0.001171015691001019,0.0,0.0,0.0,-0.0003499316381242461,0.9999999387739225,0.0007290437746366128,0.005174047428211105,0.0,0.0,0.0,-0.0026144500541567394,1477,1530
0.0003379248692828221,0.0008155692914964478,0.0,0.0,0.0,-0.00023478618097466688,0.9999999724377243,-0.00025451887395584055,-0.0035785464946816205,0.0,0.0,0.0,0.0023183961237003953,1477,1530
0.00032595765736466643,0.0006641979094209624,0.0,0.0,0.0,-0.00021745395730584277,0.9999999763568879,-0.00011896606647593589,-0.0015138304018034517,0.0,0.0,0.0,0.00034665834855942255,1477,1530
0.0002454537404078158,0.0008802739723132745,0.0,0.0,0.0,-0.00027443897270923326,0.9999999623416245,-0.0006040959873113002,0.0016192673507345733,0.0,0.0,0.0,-0.000854226416084094,1477,1530
0.00029128674593235606,0.0007030200390251732,0.0,0.0,0.0,-0.0002127504003897268,0.9999999773686333,0.00045884404986624316,-0.001770516981645991,0.0,0.0,0.0,0.0012325389434647738,1477,1530
0.00029128674593235606,0.0007030200390251732,0.0,0.0,0.0,-0.0002127504003897268,0.9999999773686333,0.00045884404986624316,-0.001770516981645991,0.0,0.0,0.0,0.0012325389434647738,1477,1530
0.0003310450786115124,0.0007357180415223622,0.0,0.0,0.0,-0.0002296555362953421,0.9999999736291669,0.0015974728006499827,-0.009136895918936384,0.0,0.0,0.0,0.005778795851137548,1477,1530
0.0003310450786115124,0.0007357180415223622,0.0,0.0,0.0,-0.0002296555362953421,0.9999999736291669,0.0015974728006499827,-0.009136895918936384,0.0,0.0,0.0,0.005778795851137548,1477,1530
0.0003354552233695793,0.0007254727890854983,0.0,0.0,0.0,-0.00019476294679662126,0.999999981033697,2.6117964034855475e-05,-6.059825318954523e-05,0.0,0.0,0.0,0.00041284456212104583,1477,1530
0.00032411866514697057,0.0008267388683137869,0.0,0.0,0.0,-0.0002505461476049205,0.9999999686133135,-0.00011650965917464459,0.0010370919260838582,0.0,0.0,0.0,-0.0011426301140788334,1477,1530
0.00047424013441180044,0.0008121242847162208,0.0,0.0,0.0,-0.0002680154801531701,0.9999999640838505,0.002254659743378139,-0.00021835456482623402,0.0,0.0,0.0,-0.0005247148990714148,1477,1530
0.0003987720336317773,0.0006001277582511422,0.0,0.0,0.0,-0.00018467158711912534,0.9999999829482024,-0.0007545631927136404,-0.0021232358608698153,0.0,0.0,0.0,0.0016691312290910997,1477,1530
0.0004611455368008844,0.001291495713587571,0.0,0.0,0.0,-0.0003770230232739363,0.9999999289268174,0.0003721989687165543,0.004142670214250991,0.0,0.0,0.0,-0.0023050593828585412,1477,1530
0.0003871982985656555,0.0005568423387230075,0.0,0.0,0.0,-0.00019560462242904536,0.9999999808694157,-0.0010686729877402855,-0.01069803464954262,0.0,0.0,0.0,0.005283236237298171,1477,1530
0.000308568785239911,0.0010294518944467235,0.0,0.0,0.0,-0.00031639411117253543,0.999999949947382,-0.000775365934722776,0.004649169279932564,0.0,0.0,0.0,-0.0023766231009210072,1477,1530
0.0005246339830321667,0.0006945406827456527,0.0,0.0,0.0,-0.00020591638119595514,0.9999999787992218,0.002245354980102465,-0.0034755758927634646,0.0,0.0,0.0,0.0022939252419059584,1477,1530
0.00039605068895873436,0.0007262801282419232,0.0,0.0,0.0,-0.00021554978814780385,0.9999999767691442,-0.0012856421345904243,0.0003167856835050613,0.0,0.0,0.0,-0.00019261998831570528,1477,1530
0.00038058757840470374,0.0005722676056945509,0.0,0.0,0.0,-0.00021349002406515063,0.9999999772110045,-0.0001148725641108793,-0.0011491138329833308,0.0,0.0,0.0,3.0735179098371736e-05,1477,1530
0.00039667748859805173,0.0005272707529621392,0.0,0.0,0.0,-0.00018332672089499343,0.9999999831956565,0.000244815754845124,-0.000683727884989701,0.0,0.0,0.0,0.0009168038102894885,1477,1530
0.0003545574947593955,0.0007010666209528244,0.0,0.0,0.0,-0.0002486102508209713,0.9999999690964712,-0.00031584092437524514,0.0013011411565448778,0.0,0.0,0.0,-0.0009775910663924593,1477,1530
0.00045053389289110993,0.0012026319273910888,0.0,0.0,0.0,-0.0003696980188591555,0.9999999316616851,0.0009571359781841604,0.0050154274988408,0.0,0.0,0.0,-0.0024214164737500032,1477,1530
0.0005016454589313931,0.0005041667856451744,0.0,0.0,0.0,-0.0001581423876993144,0.9999999874954925,0.0017538985091275407,-0.00799713229664488,0.0,0.0,0.0,0.004879518649255549,1477,1530
0.00048818593329686094,0.0009170647310986638,0.0,0.0,0.0,-0.00030600026664657896,0.9999999531819173,-8.162282232097802e-05,0.0024798567424318386,0.0,0.0,0.0,-0.0017760813281137463,1477,1530
0.00028148835002969597,0.0006047116988516694,0.0,0.0,0.0,-0.00020362814365340305,0.9999999792677894,-0.0030415999108178416,-0.0046024607885407085,0.0,0.0,0.0,0.0030156457472705457,1477,1530
0.0004031889792746855,0.0009946543865093891,0.0,0.0,0.0,-0.00031238224687223445,0.9999999512086647,0.0012278439057719298,0.003939792890710246,0.0,0.0,0.0,-0.0021973190018536766,1477,1530
0.0004430007136675175,0.0006395484018111492,0.0,0.0,0.0,-0.0002053476072102552,0.9999999789161799,0.00040018377239541317,-0.003549461628950914,0.0,0.0,0.0,0.00213987970761015,1477,1530
0.0005171840926632013,0.0010320201521900373,0.0,0.0,0.0,-0.0003402838225899862,0.9999999421034583,0.0011113274351514163,0.0058928068226729025,0.0,0.0,0.0,-0.004051712885857774,1477,1530
0.0004527664528003246,0.0005242657056393803,0.0,0.0,0.0,-0.00020722487615118325,0.9999999785289251,-0.0006394226092694932,-0.005067694275826931,0.0,0.0,0.0,0.002655787773422895,1477,1530
0.00037400380067039314,0.0009786809229510303,0.0,0.0,0.0,-0.0003089400059520212,0.9999999522780353,-0.0011888059030848322,0.006841873985477817,0.0,0.0,0.0,-0.0030631552447371612,1477,1530
0.00047326205592158535,0.0008764377557639497,0.0,0.0,0.0,-0.00029470983819303927,0.9999999565730547,0.0009919047887822145,-0.0010204711578825187,0.0,0.0,0.0,0.0002842281869291282,1477,1530
0.000510280619783646,0.0008574338801295335,0.0,0.0,0.0,-0.000260573817395906,0.9999999660506422,0.00037027907294023534,-0.00018981103809120423,0.0,0.0,0.0,0.0006826863078415769,1477,1530
0.0004392789404272351,0.0005812930152415732,0.0,0.0,0.0,-0.00019541192139158254,0.9999999809070903,-0.0003038288949336466,-0.0011842147611859717,0.0,0.0,0.0,0.0005588115537812185,1477,1530
0.0004392789404272351,0.0005812930152415732,0.0,0.0,0.0,-0.00019541192139158254,0.9999999809070903,-0.0003038288949336466,-0.0011842147611859717,0.0,0.0,0.0,0.0005588115537812185,1477,1530
0.0005396535198698268,0.0009137890993052416,0.0,0.0,0.0,-0.0002987802111122641,0.9999999553651917,0.0006009437233653314,0.0019934734158723855,0.0,0.0,0.0,-0.0012393388094174475,1477,1530
0.0003600656660119497,0.0008291005324554684,0.0,0.0,0.0,-0.0002825941404027729,0.9999999600702751,-0.0017349272859658945,-0.0008194104046860331,0.0,0.0,0.0,0.00031282268549369705,1477,1530
0.000440812464738357,0.0009172290103553277,0.0,0.0,0.0,-0.0002731403664228768,0.9999999626971694,0.0012809043912490852,0.0013995889042318491,0.0,0.0,0.0,0.00030011982046839543,1477,1530
0.0002699444269888777,0.0007803378631604887,0.0,0.0,0.0,-0.00024194520996237802,0.9999999707312572,-0.005095871561660516,-0.00408713655217001,0.0,0.0,0.0,0.0018615083835341237,1477,1530
0.00038619857138081455,0.0007658769653868721,0.0,0.0,0.0,-0.00024544466470259564,0.9999999698784579,0.0006977579553068212,-8.645153861461724e-05,0.0,0.0,0.0,-4.2004967490576775e-05,1477,1530
0.00045285850646870106,0.0010867345765403827,0.0,0.0,0.0,-0.00035427425928390735,0.9999999372448726,0.0006650242148345707,0.003208902951444548,0.0,0.0,0.0,-0.0021765919862587173,1477,1530
0.00047430557676600226,0.0009298957938634353,0.0,0.0,0.0,-0.0002914399269964415,0.9999999575313836,0.00016039844642862371,-0.001166807141292405,0.0,0.0,0.0,0.0009350069273426081,1477,1530
0.0004603796481195513,0.00086034987926345,0.0,0.0,0.0,-0.00025214451355617696,0.9999999682115716,-0.00021205218872596648,-0.0010622015535624372,0.0,0.0,0.0,0.0012002081484423248,1477,1530
0.0004359736512205184,0.0005788497028102556,0.0,0.0,0.0,-0.00020788140553321902,0.9999999783926604,-0.0002330122954530489,-0.002703419201930654,0.0,0.0,0.0,0.0008501346211156802,1477,1530
0.000446312319964096,0.0007636042189669737,0.0,0.0,0.0,-0.0002790339763016742,0.9999999610700193,0.00016384362298311247,0.0029499105668410806,0.0,0.0,0.0,-0.0022720836898739434,1477,1530
0.00036008071120497597,0.0007321533170679482,0.0,0.0,0.0,-0.0002342660728732352,0.9999999725597032,-0.0006464421003051264,-0.0002361830145161095,0.0,0.0,0.0,0.0006713490577374844,1477,1530
0.0003833219156623429,0.0008177828265114734,0.0,0.0,0.0,-0.00031996486310205164,0.9999999488112419,0.0011284163289428156,-0.004067835313856803,0.0,0.0,0.0,0.0021859565362648456,1477,1530
0.0004731477897672071,0.0006928583555130439,0.0,0.0,0.0,-0.00025023311008484097,0.9999999686916948,0.0013303019781749099,-0.0018476090610869077,0.0,0.0,0.0,0.002063588648292477,1477,1530
0.00030888885812811913,0.0009104499391685692,0.0,0.0,0.0,-0.00030082579482604933,0.9999999547519196,-0.0012423964527503357,0.0016440740320165543,0.0,0.0,0.0,-0.0007648234173414836,1477,1530
0.00030888885812811913,0.0009104499391685692,0.0,0.0,0.0,-0.00030082579482604933,0.9999999547519196,-0.0012423964527503357,0.0016440740320165543,0.0,0.0,0.0,-0.0007648234173414836,1477,1530
0.0005164501155854335,0.0011136928209576756,0.0,0.0,0.0,-0.00035989266886243587,0.9999999352386314,0.0031130160647839067,0.003051919751463999,0.0,0.0,0.0,-0.0017728218150496523,1477,1530
0.0003505870965327921,0.00048509490101606627,0.0,0.0,0.0,-0.0001912226631425971,0.9999999817169464,-0.0012383807782419827,-0.00470702360460898,0.0,0.0,0.0,0.0025255672909147743,1477,1530
0.0005808134366710644,0.0010027899053402607,0.0,0.0,0.0,-0.00032802561590206065,0.9999999461995962,0.0023022632791208967,0.005182286921254043,0.0,0.0,0.0,-0.0027384141771925885,1477,1530
0.0004901119170614894,0.0013873649806855678,0.0,0.0,0.0,-0.00044224459145360495,0.9999999022098559,-0.0005458035851033332,0.002307434426757162,0.0,0.0,0.0,-0.0013708306889773157,1477,1530
0.00036284254427560694,0.0005526322382954924,0.0,0.0,0.0,-0.00021483703547603192,0.9999999769225238,-0.0037922139601408848,-0.025020829114909996,0.0,0.0,0.0,0.013631095533215171,1477,1530
0.00036284254427560694,0.0005526322382954924,0.0,0.0,0.0,-0.00021483703547603192,0.9999999769225238,-0.0037922139601408848,-0.025020829114909996,0.0,0.0,0.0,0.013631095533215171,1477,1530
0.0003651681840078214,0.0006055585397930699,0.0,0.0,0.0,-0.0002089446028180624,0.9999999781710762,2.3026451676663125e-05,0.0005292147451682707,0.0,0.0,0.0,0.00011783569387812014,1477,1530
0.00030496024828497527,0.0009754642338672627,0.0,0.0,0.0,-0.0002890356164228384,0.9999999582292054,-0.00022628445599531797,0.0013865925719470575,0.0,0.0,0.0,-0.0006004837099452426,1477,1530
0.0004109654004431245,0.001085937021626666,0.0,0.0,0.0,-0.0003397612077633992,0.9999999422811592,0.0007956655248935276,0.0008301592801070665,0.0,0.0,0.0,-0.0007619430082504572,1477,1530
0.00041659965893845244,0.0009346721807610066,0.0,0.0,0.0,-0.0002844629815910753,0.9999999595404052,8.575424939287895e-05,-0.0022609673597945306,0.0,0.0,0.0,0.001653136091974608,1477,1530
0.000384762271810019,0.0008160926618350996,0.0,0.0,0.0,-0.0002707454172442325,0.9999999633484589,-0.0004772049419697083,-0.001781413636509121,0.0,0.0,0.0,0.0004120935749180928,1477,1530
0.00029660440945854965,0.0006231017903877348,0.0,0.0,0.0,-0.00021905854371945753,0.9999999760066769,-0.0013240507442188324,-0.0029027048377729668,0.0,0.0,0.0,0.0015544223586161801,1477,1530
0.00037149115024520766,0.0012787948798116521,0.0,0.0,0.0,-0.0003990667181826758,0.999999920372874,0.0011150891369182566,0.009801581997830605,0.0,0.0,0.0,-0.00538141053307276,1477,1530
0.0005561469939382104,0.0009902601610025422,0.0,0.0,0.0,-0.0003105133944120021,0.9999999517907148,0.0018509152566032808,-0.002887077124778662,0.0,0.0,0.0,0.0017730346536103414,1477,1530
0.0004554723904930143,0.0010309930151225079,0.0,0.0,0.0,-0.0003350626656562009,0.9999999438665035,-0.0007558121817536674,0.00030525484968160624,0.0,0.0,0.0,-0.0003685136304737492,1477,1530
0.00046546231882263494,0.0008779002293023439,0.0,0.0,0.0,-0.0002779462367815527,0.999999961372944,-5.751126470878414e-05,-0.005278562447619013,0.0,0.0,0.0,0.0031896061026448837,1477,1530
0.0004093560587588869,0.0008229080880799663,0.0,0.0,0.0,-0.0002680077782127218,0.9999999640859147,-0.0005599616712132749,-0.000549452994469095,0.0,0.0,0.0,0.00019848732677592816,1477,1530
0.00040958604621669424,0.0007763236131337447,0.0,0.0,0.0,-0.00023908566861344257,0.9999999714190211,3.819873056116431e-06,-0.0006979450891784515,0.0,0.0,0.0,0.0008666450078926566,1477,1530
0.00041371071541458475,0.0009272229464780898,0.0,0.0,0.0,-0.00031370885123031405,0.9999999507933771,4.0472515653575843e-05,0.0015070537140864106,0.0,0.0,0.0,-0.0014905260244754566,1477,1530
0.0005559269407977551,0.0006094269180225863,0.0,0.0,0.0,-0.0002006422595778693,0.9999999798713416,0.002145556265505577,-0.004786397953083687,0.0,0.0,0.0,0.003406800404080764,1477,1530
0.0004636249487946803,0.0002188178373851444,0.0,0.0,0.0,-8.486202413303323e-05,0.9999999963992184,-0.0009221716858896686,-0.003909510303511016,0.0,0.0,0.0,0.002317412310212482,1477,1530
0.0004331999582386599,0.00039271466722541897,0.0,0.0,0.0,-0.00015674131953980494,0.9999999877160792,-0.0004545923393733711,0.0025956691517482356,0.0,0.0,0.0,-0.002145874819304072,1477,1530
0.0005647091405803238,0.0009479286513851513,0.0,0.0,0.0,-0.0002880059892669434,0.9999999585262742,0.000986829210274406,0.0041720905169808815,0.0,0.0,0.0,-0.001972599673748831,1477,1530
0.0005041613261315428,0.0007245315883626774,0.0,0.0,0.0,-0.00020428436539330217,0.9999999791339488,-0.00045251670205720537,-0.0016734215778171533,0.0,0.0,0.0,0.0012540874838827313,1477,1530
0.00048691777056417373,0.0004795318254035118,0.0,0.0,0.0,-0.00016442610496748765,0.9999999864820279,-0.000252157837351889,-0.0036037299437822056,0.0,0.0,0.0,0.0011725259562924593,1477,1530
0.0005172045357514104,0.0008224141228456372,0.0,0.0,0.0,-0.0002675901186034067,0.9999999641977636,0.00045460580874795756,0.005166062596368475,0.0,0.0,0.0,-0.003108567086674469,1477,1530
0.00035273715332466405,0.0003563390031560902,0.0,0.0,0.0,-0.00012031908988369104,0.9999999927616583,-0.003027704822557536,-0.0029858066085305733,0.0,0.0,0.0,0.0028584975363231684,1477,1530
0.000595475262457869,0.0006360651834729407,0.0,0.0,0.0,-0.00021986988654475913,0.9999999758286162,0.0018178676572883912,0.0020958902726317306,0.0,0.0,0.0,-0.001491487100018782,1477,1530
0.0005215020114676593,0.000282790554883582,0.0,0.0,0.0,-0.00010658822277339564,0.9999999943194754,-0.0007379944507553837,-0.0035321881870795445,0.0,0.0,0.0,0.0022650670352166364,1477,1530
0.0005217703242227634,0.000655831115533633,0.0,0.0,0.0,-0.00018975497418445217,0.9999999819965247,5.702225706629435e-06,0.011267385809222718,0.0,0.0,0.0,-0.0050239671530812584,1477,1530
0.0005504518526535535,0.0005017872926253106,0.0,0.0,0.0,-0.0001848906453687436,0.9999999829077245,0.0002851726766706759,-0.0015283925232915721,0.0,0.0,0.0,9.653265796208484e-05,1477,1530
0.000529603589716098,0.0009297764504926219,0.0,0.0,0.0,-0.00027309901434699794,0.9999999627084635,-0.00021143533992865038,0.0043077282722907475,0.0,0.0,0.0,-0.00177567379026546,1477,1530
0.00046507354268677755,0.0007649862281233877,0.0,0.0,0.0,-0.00023655256723567914,0.9999999720214411,-0.0004834972449701201,-0.0012366947829086114,0.0,0.0,0.0,0.0005484202056109457,1477,1530
0.0006636892821874134,0.000528123153821153,0.0,0.0,0.0,-0.0001542449320566316,0.9999999881042504,0.005936248122776569,-0.007072589588982575,0.0,0.0,0.0,0.004917264789594549,1477,1530
0.0005755351795638594,0.0007843344221620985,0.0,0.0,0.0,-0.00026359672319179795,0.9999999652583832,0.004629864949755286,0.002798654339681757,0.0,0.0,0.0,-0.002857198799025608,1477,1530
0.0005755351795638594,0.0007843344221620985,0.0,0.0,0.0,-0.00026359672319179795,0.9999999652583832,0.004629864949755286,0.002798654339681757,0.0,0.0,0.0,-0.002857198799025608,1477,1530
0.0005886519938808555,0.0005854876957245426,0.0,0.0,0.0,-0.00021430624336783756,0.9999999770364167,0.00013217545742389344,-0.001987781624758566,0.0,0.0,0.0,0.000985504118047015,1477,1530
0.0004650996810359101,0.0012697288393655162,0.0,0.0,0.0,-0.0003906775134950216,0.9999999236855374,-0.0007270450202094531,0.00401657924238807,0.0,0.0,0.0,-0.0020708024199751584,1477,1530
0.0004679232993494833,0.0002122146957607299,0.0,0.0,0.0,-7.829427394241417e-05,0.9999999969350033,5.781122009665174e-05,-0.016750005774009803,0.0,0.0,0.0,0.009895723270140733,1477,1530
0.0005718509064974912,0.0001486466697965973,0.0,0.0,0.0,-6.21047205363405e-05,0.9999999980715019,0.001539929771074952,-0.0009415771732980351,0.0,0.0,0.0,0.00047972600771713664,1477,1530
0.0005310341606281432,0.0002635842516102664,0.0,0.0,0.0,-8.529050101423848e-05,0.9999999963627652,-0.0002050182362107257,0.0005770921133063214,0.0,0.0,0.0,-0.00023283805359869915,1477,1530
0.00048179720385957186,0.00017159457005418643,0.0,0.0,0.0,-0.00011345791986222802,0.9999999935636502,-0.0014703887784981858,-0.0027482622586144753,0.0,0.0,0.0,-0.0016828928444675693,1477,1530
0.00048179720385957186,0.00017159457005418643,0.0,0.0,0.0,-0.00011345791986222802,0.9999999935636502,-0.0014703887784981858,-0.0027482622586144753,0.0,0.0,0.0,-0.0016828928444675693,1477,1530
0.0005094461766232205,0.00039332474533329694,0.0,0.0,0.0,-0.00013804965918409176,0.9999999904711457,7.544654142761469e-05,-0.003157168372107259,0.0,0.0,0.0,0.001778508722072855,1477,1530
0.0006310437110953909,0.0004615233529590837,0.0,0.0,0.0,-0.0001461264764216183,0.9999999893235263,0.001205516006113215,0.000676557510237095,0.0,0.0,0.0,-0.00016017168363527173,1477,1530
0.0005688248392268422,0.0006935781528749444,0.0,0.0,0.0,-0.00017828653287546488,0.999999984106956,-0.0006280166153580247,0.002339550376657803,0.0,0.0,0.0,-0.0006485189931996296,1477,1530
0.0004176856624079422,0.0006687006403497575,0.0,0.0,0.0,-0.00021796037709467965,0.9999999762466367,-0.002260602156338968,-0.00037292313253427093,0.0,0.0,0.0,-0.0011868802162941844,1477,1530
0.000453279863035497,0.0005897378608074667,0.0,0.0,0.0,-0.00019300199792269485,0.9999999813751141,0.0005347795620014154,-0.0011849850020165835,0.0,0.0,0.0,0.0007492421445129825,1477,1530
0.000482434480192807,0.0006749629555765331,0.0,0.0,0.0,-0.0002066721179907772,0.9999999786433176,0.0002911240179021704,0.0008520907531424582,0.0,0.0,0.0,-0.0002733149460316723,1477,1530
0.000482434480192807,0.0006749629555765331,0.0,0.0,0.0,-0.0002066721179907772,0.9999999786433176,0.0002911240179021704,0.0008520907531424582,0.0,0.0,0.0,-0.0002733149460316723,1477,1530
0.0004996393255048923,0.0004833618586574178,0.0,0.0,0.0,-0.00017576151975009973,0.999999984553944,0.0001295732956223725,-0.0014363227856825863,0.0,0.0,0.0,0.000463455061804176,1477,1530
0.00044937315708520897,0.0006387340569008232,0.0,0.0,0.0,-0.00021576118623672902,0.999999976723555,-0.0007573070600713935,0.0023380215649739,0.0,0.0,0.0,-0.0012039570558512278,1477,1530
0.0003954572449940172,0.0004988063179500813,0.0,0.0,0.0,-0.00012946426841933128,0.9999999916195016,-0.0002690744743859755,-0.000699227042804777,0.0,0.0,0.0,0.0008623181400310704,1477,1530
0.0003954572449940172,0.0004988063179500813,0.0,0.0,0.0,-0.00012946426841933128,0.9999999916195016,-0.0002690744743859755,-0.000699227042804777,0.0,0.0,0.0,0.0008623181400310704,1477,1530
0.00047641900096549977,0.0007365479512401174,0.0,0.0,0.0,-0.00026195069037135324,0.9999999656909173,0.0012167455543735891,0.0035759687862548773,0.0,0.0,0.0,-0.003985213319452688,1477,1530
0.000445420981295533,0.0005036457076715491,0.0,0.0,0.0,-0.00013620932185702176,0.9999999907235103,-0.000152494394872971,-0.0011503679577556897,0.0,0.0,0.0,0.0012420556889813999,1477,1530
0.0005212291514747691,0.000631175099662933,0.0,0.0,0.0,-0.00018603749374254477,0.9999999826950253,0.0007768764967050489,0.0013077226748892162,0.0,0.0,0.0,-0.001021739101805425,1477,1530
0.0005212291514747691,0.000631175099662933,0.0,0.0,0.0,-0.00018603749374254477,0.9999999826950253,0.0007768764967050489,0.0013077226748892162,0.0,0.0,0.0,-0.001021739101805425,1477,1530
0.0003668598722929326,0.0006559641513082855,0.0,0.0,0.0,-0.00019411320201375437,0.9999999811600322,-0.0011556833396889692,0.00018514180789950177,0.0,0.0,0.0,-0.00012091012886505603,1477,1530
0.0005509517416438438,0.00044067298259839027,0.0,0.0,0.0,-0.00015788870850561113,0.9999999875355777,0.0004605154956445362,-0.0014182314068155492,0.0,0.0,0.0,0.0005752873654408245,1477,1530
0.0005296054855262898,0.0007211463026315213,0.0,0.0,0.0,-0.00020522911063453015,0.9999999789405059,-0.00016074951210574026,0.0021033467477396188,0.0,0.0,0.0,-0.000710054564482771,1477,1530
0.00047513712572482756,0.0007008959212924626,0.0,0.0,0.0,-0.00023052964438228312,0.9999999734280411,-0.0008155142749000965,-0.0003035749718301335,0.0,0.0,0.0,-0.0007577278929695941,1477,1530
0.00047513712572482756,0.0007008959212924626,0.0,0.0,0.0,-0.00023052964438228312,0.9999999734280411,-0.0008155142749000965,-0.0003035749718301335,0.0,0.0,0.0,-0.0007577278929695941,1477,1530
0.0004775844515303715,2.8717618377005353e-05,0.0,0.0,0.0,-3.012424839194989e-05,0.9999999995462648,4.147721865715634e-05,-0.010111575652999822,0.0,0.0,0.0,0.006029406001750831,1477,1530
0.0004127293068393919,0.00033450464886414715,0.0,0.0,0.0,-0.00013531740159683517,0.9999999908446005,-0.0003889022839015529,0.001833100271606251,0.0,0.0,0.0,-0.0012612180588840918,1477,1530
0.0005147569348050028,0.0008041998750163498,0.0,0.0,0.0,-0.0002450768184412489,0.9999999699686761,0.006881229748375331,0.019679173903947866,0.0,0.0,0.0,-0.010725052916119632,1477,1530
0.0005339393418761705,0.00048248205370680046,0.0,0.0,0.0,-0.00016316591238580515,0.9999999866884424,0.00019346286734059375,-0.003218113599719848,0.0,0.0,0.0,0.001638742551480032,1477,1530
0.00046624545360492424,0.0005512650663170868,0.0,0.0,0.0,-0.0001920473522094839,0.999999981558907,-0.0005045249575505633,0.0005123077253278909,0.0,0.0,0.0,-0.000430366124904068,1477,1530
0.0004373706757110088,0.0008546934287996581,0.0,0.0,0.0,-0.00028116697456291454,0.9999999604725655,-0.00029219819981290144,0.00305808673276314,0.0,0.0,0.0,-0.0017964406611611491,1477,1530
0.0005706215014087333,0.00038955072331203603,0.0,0.0,0.0,-0.0001581406246381241,0.9999999874957713,0.001335364067068239,-0.004651514277409484,0.0,0.0,0.0,0.0024609700278031546,1477,1530
0.0006560739822481349,0.00015705175949987324,0.0,0.0,0.0,-0.00010567325394060093,0.9999999944165817,0.0012864923529955267,-0.003496870113812069,0.0,0.0,0.0,0.0015784407682286538,1477,1530
0.0006930801405428327,0.00046080981170852544,0.0,0.0,0.0,-0.00017878670762253165,0.9999999840176564,0.00036937157434531204,0.003037263821172259,0.0,0.0,0.0,-0.0014620790171796867,1477,1530
0.0005389825008795047,0.0003548819635329365,0.0,0.0,0.0,-0.00015417647856113062,0.9999999881148066,-0.00459783784970681,-0.003163009001763897,0.0,0.0,0.0,0.0014689604799348133,1477,1530
0.0005389825008795047,0.0003548819635329365,0.0,0.0,0.0,-0.00015417647856113062,0.9999999881148066,-0.00459783784970681,-0.003163009001763897,0.0,0.0,0.0,0.0014689604799348133,1477,1530
0.0005550517283589339,0.00022066808232062003,0.0,0.0,0.0,-0.00010992668230178929,0.9999999939580623,0.00012054690721871619,-0.0010042120215938508,0.0,0.0,0.0,0.0006621941043400704,1477,1530
0.0007087775166923965,0.0004321215923891408,0.0,0.0,0.0,-0.00014968666762191896,0.9999999887969506,0.000769940209384271,0.0010595609301136393,0.0,0.0,0.0,-0.00039839864575720525,1477,1530
0.000564066796248305,0.00034427847135173694,0.0,0.0,0.0,-0.00015450864134513627,0.9999999880635397,-0.004351411009667897,-0.0026432011919248176,0.0,0.0,0.0,-0.0002900435355776439,1477,1530
0.0006266922122949252,3.847635528730155e-05,0.0,0.0,0.0,-9.114115238138401e-05,0.9999999958466451,0.00023498436255656852,-0.0011456356205926067,0.0,0.0,0.0,0.0004748211157271582,1477,1530
0.0006266922122949252,3.847635528730155e-05,0.0,0.0,0.0,-9.114115238138401e-05,0.9999999958466451,0.00023498436255656852,-0.0011456356205926067,0.0,0.0,0.0,0.0004748211157271582,1477,1530
0.0006085814933363995,0.00019405832049763922,0.0,0.0,0.0,-0.00011290847786025649,0.9999999936258378,-0.0002716732341349906,0.0023301381105021914,0.0,0.0,0.0,-0.0006520286841262877,1477,1530
0.0006298310928270967,-0.00010385224797994738,0.0,0.0,0.0,-2.791774761552743e-05,0.9999999996102996,0.00016019412640153144,-0.0022387315029197543,0.0,0.0,0.0,0.0012773933880720653,1477,1530
0.0006900903818410539,0.00032471849317749303,0.0,0.0,0.0,-0.00011684145043614379,0.9999999931740378,0.0009023483156134494,0.006420201112991384,0.0,0.0,0.0,-0.0026642209595124995,1477,1530
0.0006900903818410539,0.00032471849317749303,0.0,0.0,0.0,-0.00011684145043614379,0.9999999931740378,0.0009023483156134494,0.006420201112991384,0.0,0.0,0.0,-0.0026642209595124995,1477,1530
0.000502840159124568,0.00012309564074678342,0.0,0.0,0.0,-5.7184967506773624e-05,0.9999999983649397,-0.0014032584875576628,-0.0015116756675154369,0.0,0.0,0.0,0.0008943598208276956,1477,1530
0.0005290823670196796,0.00025358051727946806,0.0,0.0,0.0,-0.00010884099538871551,0.9999999940768188,0.0001966623489199048,0.0009784487110187966,0.0,0.0,0.0,-0.00077467386575932,1477,1530
0.0006142502827078475,0.00035891003600784714,0.0,0.0,0.0,-0.00014023613151422935,0.9999999901669137,0.0008468767190284395,0.0010478223170296735,0.0,0.0,0.0,-0.0006245302638773171,1477,1530
0.0005894115872567426,0.0002171848606397697,0.0,0.0,0.0,-9.56637852961818e-05,0.99999999542422,-0.00010661306191932335,-0.0006093201681752883,0.0,0.0,0.0,0.00038324166097347136,1477,1530
0.0007051002743200369,0.0003700586562266978,0.0,0.0,0.0,-0.00018523191108430932,0.9999999828445695,0.0011383690709151231,0.001504866361789749,0.0,0.0,0.0,-0.0017631347443765413,1477,1530
0.0005960539919667429,0.0003251865639126094,0.0,0.0,0.0,-0.0001150337099078318,0.9999999933836228,-0.0034174288924212677,-0.001407738432069615,0.0,0.0,0.0,0.004400589388438198,1477,1530
0.0007281738440560333,0.0005482677689584578,0.0,0.0,0.0,-0.00020407312358555171,0.99999997917708,0.001981582716296912,0.0033476112653818024,0.0,0.0,0.0,-0.0026719305822480166,1477,1530
0.0007868118259929016,0.00022100992150932543,0.0,0.0,0.0,-9.96715238539349e-05,0.9999999950327937,0.00029256022595949263,-0.0016289450652332196,0.0,0.0,0.0,0.0010394062412539952,1477,1530
0.0006495977028653826,0.00033459357857446096,0.0,0.0,0.0,-0.00014371182029141057,0.9999999896734564,-0.0020639279700644018,0.0017077933335389404,0.0,0.0,0.0,-0.0013246596409514308,1477,1530
0.0006003469472415523,0.0002461465238129038,0.0,0.0,0.0,-0.00010927675381161442,0.9999999940292955,-0.0004953991024531179,-0.0008902652537561955,0.0,0.0,0.0,0.000693102536108016,1477,1530
0.0007506703237408239,0.0002761230511114754,0.0,0.0,0.0,-0.00011691725301568665,0.999999993165178,0.002256839898415696,0.0004505574699146186,0.0,0.0,0.0,-0.00022942719774434446,1477,1530
0.0007406837904289649,0.0004955874903950588,0.0,0.0,0.0,-0.00018929540529017566,0.9999999820836246,-0.00010036546646170862,0.002194335717231899,0.0,0.0,0.0,-0.0014473749027710794,1477,1530
0.0006826230679611321,0.00045952801421363885,0.0,0.0,0.0,-0.00017873512110085337,0.9999999840268781,-0.0005813252132716094,-0.00036134572674619356,0.0,0.0,0.0,0.00021151661678605983,1477,1530
0.0006633526114931971,0.00048096018396742745,0.0,0.0,0.0,-0.00019572139124549587,0.9999999808465683,-0.00019197104817159625,0.00021335245035752204,0.0,0.0,0.0,-0.00033829779215215365,1477,1530
0.0006902236780744669,0.0005105455997042383,0.0,0.0,0.0,-0.00016347024340702284,0.9999999866387397,-9.03289775468261e-05,4.623065744014533e-06,0.0,0.0,0.0,0.0006844831897015923,1477,1530
0.0006525921921809454,0.00011162128324400877,0.0,0.0,0.0,-8.043383970538322e-05,0.9999999967651987,-0.00037172086409101795,-0.003954369811130061,0.0,0.0,0.0,0.0016461595727321867,1477,1530
0.0006236667123736487,0.0004363470077036297,0.0,0.0,0.0,-0.00015716565175574127,0.9999999876494788,-0.00028830393993288116,0.003230701784711432,0.0,0.0,0.0,-0.0015268341283114924,1477,1530
0.0006495522970678621,3.2349857558624194e-05,0.0,0.0,0.0,-5.347702952155561e-05,0.9999999985701037,0.00026407630517200526,-0.004101244553898579,0.0,0.0,0.0,0.002105267251480636,1477,1530
0.0005979713034241064,0.00033446230357437755,0.0,0.0,0.0,-0.00013551017852142397,0.9999999908184958,-0.0005153239963365168,0.0030163336311107925,0.0,0.0,0.0,-0.001638091182785076,1477,1530
0.0007061061862510728,0.0003572838331847588,0.0,0.0,0.0,-0.00013561063804868906,0.9999999908048774,0.001622969106576555,0.00034298204140431095,0.0,0.0,0.0,-3.015715903822759e-06,1477,1530
0.0005034175212781224,0.0002919405337059837,0.0,0.0,0.0,-0.0001147272635362227,0.9999999934188275,-0.0020256965019995587,-0.0006536558775939575,0.0,0.0,0.0,0.00041745876411635407,1477,1530
0.0006283245135147638,0.00041008947244458604,0.0,0.0,0.0,-0.00015796037038736123,0.9999999875242606,0.0012494860087029827,0.0011824262954926335,0.0,0.0,0.0,-0.0008651379707415381,1477,1530
0.0005193279765861253,0.000429695685322193,0.0,0.0,0.0,-0.00014437043007066707,0.9999999895785895,-0.001636775864895906,0.0002938881859712321,0.0,0.0,0.0,0.0004081308328323675,1477,1530
0.0006060491220062477,0.0005144868817514251,0.0,0.0,0.0,-0.00015999716176549978,0.999999987200454,0.0007889073251676207,0.007968067314619355,0.0,0.0,0.0,-0.003873215711321636,1477,1530
0.0006434640163645918,0.00033283640902143,0.0,0.0,0.0,-0.00012090685785365192,0.9999999926907659,0.0003746253005375079,-0.0018158764633519006,0.0,0.0,0.0,0.0007815872413712966,1477,1530
0.0006788760782932651,0.000430203340898493,0.0,0.0,0.0,-0.00017357402286125492,0.9999999849360292,0.000532062127644951,0.0014640289294047006,0.0,0.0,0.0,-0.0015836891255787593,1477,1530
0.0007484640186442787,0.00021538402575781992,0.0,0.0,0.0,-0.00011459601409953366,0.9999999934338768,0.0006906235836802385,-0.0021294465582033214,0.0,0.0,0.0,0.0011693981173261133,1477,1530
0.0005902656272019683,0.0002308491363106359,0.0,0.0,0.0,-9.237217357470146e-05,0.9999999957336908,-0.0015871776450197199,0.00015479159605395827,0.0,0.0,0.0,0.00044592607258504624,1477,1530
0.0006194140466501293,0.00034061767301500276,0.0,0.0,0.0,-0.0001302337012645239,0.9999999915195915,0.0008840371432872571,0.003331631304040765,0.0,0.0,0.0,-0.002298189803487752,1477,1530
0.0006232460889105026,-1.640219815095338e-05,0.0,0.0,0.0,-1.4163636838520747e-05,0.9999999998996957,0.0006994751111937098,-0.00526756671677095,0.0,0.0,0.0,0.004065960636027704,1477,1530
0.0006416705920082241,0.0005807363664842807,0.0,0.0,0.0,-0.0002191184028493677,0.9999999759935625,0.0001841071760478028,0.005972406172165202,0.0,0.0,0.0,-0.004099792291267253,1477,1530
0.0006036771234584232,0.00037062561291857724,0.0,0.0,0.0,-0.00013272123838657066,0.9999999911925365,-0.000379002496306856,-0.002101210798931592,0.0,0.0,0.0,0.0017278914776373466,1477,1530
0.0005553358016820003,0.00014602686287507055,0.0,0.0,0.0,-4.899014407233542e-05,0.9999999987999829,-0.0007258441628641659,-0.0033767036587238836,0.0,0.0,0.0,0.0025175469673305393,1477,1530
0.0005690898170495021,0.00028960729067910177,0.0,0.0,0.0,-0.00013054429087171754,0.999999991479094,0.00013728552551192807,0.0014346270069564519,0.0,0.0,0.0,-0.0016297302650833242,1477,1530
0.0006127985827732964,0.00023749437373625314,0.0,0.0,0.0,-6.619251368982542e-05,0.9999999978092755,0.0013094842709125872,-0.0015604391658059907,0.0,0.0,0.0,0.003854669349781408,1477,1530
0.0005613263398328087,0.00033310747752114954,0.0,0.0,0.0,-0.00013870231727085863,0.9999999903808335,-0.0005146637233873445,0.0009557188291492313,0.0,0.0,0.0,-0.001449674195567425,1477,1530
0.0006545445018987092,3.060082906612265e-05,0.0,0.0,0.0,-6.341595641669426e-05,0.9999999979892082,0.000933356760680148,-0.0030258970996123397,0.0,0.0,0.0,0.0015062694807184893,1477,1530
0.0008312491329043748,-5.6639002864478875e-05,0.0,0.0,0.0,-1.9881440298193326e-05,0.9999999998023642,0.001768749873354608,0.0027000551733064727,0.0,0.0,0.0,-0.001552369049554919,1477,1530
0.0005104985302550395,-0.00011791070283994916,0.0,0.0,0.0,4.200924159159804e-05,0.9999999991176118,-0.003208027025159062,-0.0006129487402352819,0.0,0.0,0.0,0.0012380241013761478,1477,1530
0.0007301566030244499,2.024348864233191e-05,0.0,0.0,0.0,-5.360469067488331e-05,0.9999999985632686,0.003280904494126103,0.002063143884705646,0.0,0.0,0.0,-0.0028561081386870154,1477,1530
0.0007667984115734189,0.0002577157089929135,0.0,0.0,0.0,-9.926276254849317e-05,0.9999999950734519,0.0003664016519597367,0.0023763060722616384,0.0,0.0,0.0,-0.0009137553808992246,1477,1530
0.0005124670838722279,-0.0002283288824581246,0.0,0.0,0.0,2.4092842434750515e-05,0.9999999997097675,-0.0025276625847031344,-0.004832871746483747,0.0,0.0,0.0,0.0024528609744532237,1477,1530
0.0008158032456881795,-0.00011848086436716968,0.0,0.0,0.0,-1.1648525125935602e-05,0.9999999999321559,0.004593716185083157,0.0016632856029125983,0.0,0.0,0.0,-0.00108251408534,1477,1530
0.0007070843287326687,9.32617316129801e-05,0.0,0.0,0.0,-3.618942606915345e-05,0.9999999993451627,-0.0010854908587564595,0.0021139970956022447,0.0,0.0,0.0,-0.0004900290721616298,1477,1530
0.0008404903507142303,9.619360938880952e-05,0.0,0.0,0.0,-9.116309757693675e-05,0.9999999958446448,0.0013355672852941502,2.9448612360796134e-05,0.0,0.0,0.0,-0.0011007172424532966,1477,1530
0.0007702085012457275,-9.890510576740226e-05,0.0,0.0,0.0,-2.220740173179809e-05,0.9999999997534157,-0.0007021538192600509,-0.0019502571482102142,0.0,0.0,0.0,0.0013785073750537545,1477,1530
0.0005899282037101101,-0.0005120970842292709,0.0,0.0,0.0,0.00012876312977235486,0.9999999917100282,-0.001271307504742479,-0.0012019059809627287,0.0,0.0,0.0,0.0011798981683793653,1477,1530
0.0006686810185096714,-0.00016555301450663524,0.0,0.0,0.0,1.1289724260574794e-05,0.9999999999362711,0.0007844824618955854,0.003447929168709255,0.0,0.0,0.0,-0.0023377326938203344,1477,1530
0.0006870572963123695,-0.00022703784368495727,0.0,0.0,0.0,3.3603927694511965e-05,0.999999999435388,0.0001846518425548788,-0.0006178738439857624,0.0,0.0,0.0,0.0004484771218894382,1477,1530
0.0007344941640013365,-0.00037267636857250336,0.0,0.0,0.0,8.705134170935611e-05,0.999999996211032,0.0007054976501140813,-0.0021664814085350843,0.0,0.0,0.0,0.0015901052909785983,1477,1530
0.000655150761169657,-0.00042261148121994707,0.0,0.0,0.0,8.453487102182125e-05,0.9999999964269278,-0.0007902729329081162,-0.0004971696128047852,0.0,0.0,0.0,-5.0123406734203624e-05,1477,1530
0.0008211531999696489,0.00019664192931824888,0.0,0.0,0.0,-6.748241777159293e-05,0.9999999977230616,0.002526305811948752,0.009417732592633437,0.0,0.0,0.0,-0.004624029698706147,1477,1530
0.0006702756591578627,-5.200661765281513e-05,0.0,0.0,0.0,-3.326778565917561e-05,0.9999999994466272,-0.001508696284642961,-0.0024871118877096187,0.0,0.0,0.0,0.0006844089925451944,1477,1530
0.0006572409951965464,-0.0002482414079702334,0.0,0.0,0.0,5.235665566142156e-05,0.9999999986293903,-0.0022392417373937328,0.0012870421554336145,0.0,0.0,0.0,-0.0009341531382573914,1477,1530
0.0007710776603466025,1.5289089857738203e-05,0.0,0.0,0.0,-2.955130128593762e-05,0.9999999995633603,0.0011367101894477175,0.002630713548657685,0.0,0.0,0.0,-0.0016353789933911326,1477,1530
0.0007218272362507222,-0.00023134038769926567,0.0,0.0,0.0,2.3490085133665604e-05,0.9999999997241079,-0.0004929204049203426,-0.002469138697660248,0.0,0.0,0.0,0.0010620384518589903,1477,1530
0.0007015081574725105,-0.00020377895551301685,0.0,0.0,0.0,4.825053198691701e-05,0.999999998835943,-0.0003053836336651782,0.0004142726319607604,0.0,0.0,0.0,0.0007443169262094409,1477,1530
0.0007459096673845207,-0.0004000726575679982,0.0,0.0,0.0,8.790477415229264e-05,0.9999999961363754,0.000667597767094193,-0.0029526930391230097,0.0,0.0,0.0,0.0011929496322098468,1477,1530
0.000690587631016186,-0.0003875587979362754,0.0,0.0,0.0,6.19771188091038e-05,0.9999999980794183,-0.0005531651646637146,0.0001252283421046239,0.0,0.0,0.0,-0.0005185219969565199,1477,1530
0.0007701223610759019,9.070625465764406e-05,0.0,0.0,0.0,-6.41552011004146e-05,0.9999999979420551,0.0007955344017407513,0.004780114044366587,0.0,0.0,0.0,-0.0025213604993204984,1477,1530
0.0007696510484890368,-0.00015995493130399689,0.0,0.0,0.0,-1.3976663170497317e-05,0.9999999999023265,0.0004462819523463387,0.003065059606092867,0.0,0.0,0.0,-0.00252916814080247,1477,1530
0.000702137081555191,-2.1322577330049568e-05,0.0,0.0,0.0,-2.1307243324387526e-05,0.9999999997730007,-0.0010011542429255653,0.0020556119021327753,0.0,0.0,0.0,-0.00021739561550954177,1477,1530
0.0005614253547105729,-0.00015484675434045193,0.0,0.0,0.0,6.033328363823915e-05,0.9999999981799474,-0.0010614516947238608,-0.0010073187480926853,0.0,0.0,0.0,0.0012317520656329325,1477,1530
0.0006682422946543272,-0.0002743556332777825,0.0,0.0,0.0,6.708485439137282e-05,0.9999999977498112,0.0010678329744640996,-0.0011950025725442153,0.0,0.0,0.0,0.00013500711405540987,1477,1530
0.0007180596518096601,-2.9318276100420107e-05,0.0,0.0,0.0,-1.9133441247023262e-05,0.9999999998169558,0.0007494810532936193,0.003683951573249654,0.0,0.0,0.0,-0.002592524636779659,1477,1530
0.0006633869462815839,-0.0003725505236004344,0.0,0.0,0.0,0.00011798836100630812,0.9999999930393734,-0.0005465355916845677,-0.0034319658777804962,0.0,0.0,0.0,0.0027421344071862806,1477,1530
0.0006871494827411035,-0.00019634682566880402,0.0,0.0,0.0,1.6034442721064232e-06,0.9999999999987145,0.00035601860202605346,0.0026352500017985756,0.0,0.0,0.0,-0.0034813471551916183,1477,1530
0.0008101784671088178,0.00032285914907934603,0.0,0.0,0.0,-0.00012613413213391673,0.9999999920450904,0.0012301342752292104,0.005191329015990158,0.0,0.0,0.0,-0.0025543939127143354,1477,1530
0.0007080039757680132,0.00010168344145611863,0.0,0.0,0.0,-6.419357257182975e-05,0.9999999979395926,-0.0010212073489293063,-0.0022120590008487596,0.0,0.0,0.0,0.0012388359729765264,1477,1530
0.0007346320772550795,-0.0007765162675991404,0.0,0.0,0.0,0.00017112781979449645,0.9999999853576346,0.000401309403921222,-0.01317940215372841,0.0,0.0,0.0,0.007063102652513355,1477,1530
0.0006530027067162931,-0.00028275421366210436,0.0,0.0,0.0,5.020794235221717e-05,0.9999999987395812,-0.0006636395715911565,-0.005962280155624947,0.0,0.0,0.0,0.003218127602709416,1477,1530
0.0007339255710103237,-3.443319302623936e-05,0.0,0.0,0.0,-1.2518967103728808e-05,0.9999999999216377,0.0008092433120494085,0.00248240903580872,0.0,0.0,0.0,-0.001254174478125992,1477,1530
0.0007527262002824567,0.0002676862515839455,0.0,0.0,0.0,-0.0001007820558541725,0.9999999949214886,0.000280113052711446,0.004503136266330873,0.0,0.0,0.0,-0.00263114542356274,1477,1530
0.0006494989484799504,-0.00027137760933770963,0.0,0.0,0.0,5.367015488527348e-05,0.9999999985597572,-0.0007761330837847866,-0.00405747811172717,0.0,0.0,0.0,0.0023250020370268526,1477,1530
0.0007624271948664438,0.0001304327693132781,0.0,0.0,0.0,-7.679381527963813e-05,0.999999997051355,0.001698281387627492,0.006040171593680767,0.0,0.0,0.0,-0.00392248973695692,1477,1530
0.0007768747486636318,4.9734303264769764e-05,0.0,0.0,0.0,-1.682842849006298e-05,0.9999999998584019,0.00014422737250831654,-0.0008048858558035795,0.0,0.0,0.0,0.0011962214851347994,1477,1530
0.0007841813727452121,-0.00022357840311008524,0.0,0.0,0.0,-8.985904053745419e-06,0.9999999999596267,0.00010982740233155955,-0.004103051406684248,0.0,0.0,0.0,0.00023546881753769682,1477,1530
0.0008238896035718151,-0.00011437009472673437,0.0,0.0,0.0,3.018552783845438e-06,0.9999999999954442,0.00039696344063412626,0.0010918172656277849,0.0,0.0,0.0,0.00024002912946619444,1477,1530
0.0007513824921900216,-0.0004570222187167867,0.0,0.0,0.0,9.282737428933871e-05,0.9999999956915393,-0.0007246787331972547,-0.003424564860536717,0.0,0.0,0.0,0.0017951531930414802,1477,1530
0.0007109927662107659,-0.0002973228236567766,0.0,0.0,0.0,2.265036895205283e-05,0.9999999997434804,-0.000403968374543587,0.0015985235649657726,0.0,0.0,0.0,-0.0014048184930499168,1477,1530
0.000705050039867084,-1.9899099505197736e-05,0.0,0.0,0.0,-1.945270164248221e-05,0.9999999998107962,-0.00047744612576909796,0.0029290467685863224,0.0,0.0,0.0,-0.0012667024009932449,1477,1530
0.0008960782887084528,-0.0001647975791512241,0.0,0.0,0.0,-3.4209008029270503e-06,0.9999999999941487,0.0019100332549850095,-0.0014486786864632303,0.0,0.0,0.0,0.00032058472324605235,1477,1530
0.0006638823337947471,-0.0005495266871877198,0.0,0.0,0.0,8.972165220593564e-05,0.9999999959750125,-0.002322420935076785,-0.0038481150708263557,0.0,0.0,0.0,0.0018632423407829368,1477,1530
0.0007731653760712113,-0.000271108817159155,0.0,0.0,0.0,3.477680749935488e-05,0.9999999993952868,0.0016340796427843733,0.004160911332514912,0.0,0.0,0.0,-0.0016423998562892662,1477,1530
0.0007060267639963009,-0.0004233736608697695,0.0,0.0,0.0,7.154062973351263e-05,0.9999999974409691,-0.0006678655150813371,-0.0015143786599677283,0.0,0.0,0.0,0.0007313054569664943,1477,1530
0.0008727269834130187,-0.0001751465678019282,0.0,0.0,0.0,-1.1631422191896021e-05,0.999999999932355,0.0025242337232472345,0.003757580749836068,0.0,0.0,0.0,-0.0025183047776305484,1477,1530
0.0007526751595863575,-0.0002483264461881772,0.0,0.0,0.0,6.566303206947689e-05,0.9999999978441831,-0.0018046408223028828,-0.0011001108054859746,0.0,0.0,0.0,0.002323841505399814,1477,1530
0.0008626486492814824,0.00013374247642015718,0.0,0.0,0.0,-0.00010626606190757624,0.9999999943537621,0.0008241287787879057,0.0028617669784807955,0.0,0.0,0.0,-0.0025756588747401004,1477,1530
0.0008628719791700679,8.451878262593967e-05,0.0,0.0,0.0,-9.260307863032199e-05,0.9999999957123349,2.3407004301790534e-06,-0.0004928229114418908,0.0,0.0,0.0,0.0002735852333172471,1477,1530
0.001008430344315211,0.00015260084218391513,0.0,0.0,0.0,-9.98494996637298e-05,0.9999999950150387,0.0011857205251590245,0.0006125053674074952,0.0,0.0,0.0,-0.0006995547200782375,1477,1530
0.0009608581249141976,0.00024055717431439443,0.0,0.0,0.0,-0.00012627868359477818,0.999999992026847,-0.00047611208287583504,0.0008798642414294517,0.0,0.0,0.0,-0.0005288216516966507,1477,1530
0.000998730936182682,0.0005247127550718154,0.0,0.0,0.0,-0.00017113207315885964,0.9999999853569067,0.0005618550286990793,0.004223682527272746,0.0,0.0,0.0,-0.0013333548372814637,1477,1530
0.00091417054206344,-0.00045062818192319104,0.0,0.0,0.0,9.325964818624456e-05,0.999999995651319,-0.0008437168423494198,-0.00977050348457001,0.0,0.0,0.0,0.005296945130330081,1477,1530
0.0009124340155115041,0.00041739625980607346,0.0,0.0,0.0,-0.00017227077537659166,0.9999999851613899,-2.3846004487575227e-05,0.013145317500733394,0.0,0.0,0.0,-0.008042355229350234,1477,1530
0.0010755234428702796,0.0006925331715104796,0.0,0.0,0.0,-0.0002546649768950373,0.9999999675728742,0.0016295551225893024,0.002751270559637573,0.0,0.0,0.0,-0.0016474886692357318,1477,1530
0.0009574078875398755,0.0002511122189134155,0.0,0.0,0.0,-0.00013746174003045737,0.999999990552135,-0.0017627990355984086,-0.006601388446392654,0.0,0.0,0.0,0.0035050387701610034,1477,1530
0.0006293651875403515,-5.830820780990803e-05,0.0,0.0,0.0,-3.8019382020675425e-05,0.9999999992772632,-0.009389562126965765,-0.0040137344133524796,0.0,0.0,0.0,0.0024745885086779515,1477,1530
0.0009287420860475856,0.0002113262089753989,0.0,0.0,0.0,-9.674862706520329e-05,0.9999999953198516,0.0022444547367890086,0.002021781881711378,0.0,0.0,0.0,-0.0008806568670906373,1477,1530
0.0009614926058192617,0.0006581402193202174,0.0,0.0,0.0,-0.0002480189736867468,0.9999999692432939,0.0003265426559518431,0.004466863332158477,0.0,0.0,0.0,-0.0030244996188432877,1477,1530
0.0009417310723011351,0.000164435445256659,0.0,0.0,0.0,-9.34815067994964e-05,0.9999999956306039,-0.00019527374847891452,-0.004939862082093656,0.0,0.0,0.0,0.003092450221196468,1477,1530
0.0009417310723011351,0.000164435445256659,0.0,0.0,0.0,-9.34815067994964e-05,0.9999999956306039,-0.00019527374847891452,-0.004939862082093656,0.0,0.0,0.0,0.003092450221196468,1477,1530
0.0008457994611412782,0.00028003537064280387,0.0,0.0,0.0,-0.00014493382767292182,0.9999999894970928,-0.0009583055927765631,0.0011543423188588,0.0,0.0,0.0,-0.0010277309288506654,1477,1530
0.0009485472326910548,0.0003195486427234719,0.0,0.0,0.0,-0.0001673199441006296,0.999999986002018,0.0010299792835177608,0.0003964374879791615,0.0,0.0,0.0,-0.0004488624445921249,1477,1530
0.0010293782140203336,0.0001671107092750179,0.0,0.0,0.0,-0.00012188262377825306,0.999999992572313,0.0004196950236208966,-0.0012679213923140926,0.0,0.0,0.0,0.0005702648778662494,1477,1530
0.0009153374984466897,0.0003316860093206236,0.0,0.0,0.0,-0.0001514844448913857,0.9999999885262314,-0.0008545316508780327,0.0012325562804240686,0.0,0.0,0.0,-0.0004434696577015396,1477,1530
0.001045839494251207,2.8905089724746698e-05,0.0,0.0,0.0,-7.842522987771996e-05,0.9999999969247416,0.0019457622213913518,-0.004510651066874182,0.0,0.0,0.0,0.002177070353193524,1477,1530
0.0008642481839975024,0.00022092689349423114,0.0,0.0,0.0,-0.0001146059536985087,0.9999999934327377,-0.0013672502896636895,0.0014453301318684139,0.0,0.0,0.0,-0.0005447386493730645,1477,1530
0.0008923065235361098,-5.7596917319957416e-05,0.0,0.0,0.0,-7.059292683090474e-05,0.9999999975083194,0.0002813624789900392,-0.002786567005424222,0.0,0.0,0.0,0.0008807008913585752,1477,1530
0.0008893465764097234,-0.00013951628400451366,0.0,0.0,0.0,-1.437592228875189e-05,0.9999999998966664,-2.9452298452630243e-05,-0.0008183222329182716,0.0,0.0,0.0,0.001123138333396834,1477,1530
0.0009464773404416135,0.0002626750474504911,0.0,0.0,0.0,-0.0001226263873774931,0.9999999924813845,0.0005715921171382447,0.0040247470619795165,0.0,0.0,0.0,-0.0021665258717933917,1477,1530
0.0009400384037614173,0.0002836571598541529,0.0,0.0,0.0,-0.00013930482323656784,0.9999999902970831,-0.00019291349562319352,0.000628084439155809,0.0,0.0,0.0,-0.0009985891510914252,1477,1530
0.0009755575906240522,1.26739734106811e-05,0.0,0.0,0.0,-8.701440754087494e-05,0.9999999962142464,0.0002672775221559499,-0.002034715824577914,0.0,0.0,0.0,0.0007852887706042836,1477,1530
0.0010516420318621177,0.0003419013148541136,0.0,0.0,0.0,-0.00016243223544559516,0.9999999868078844,0.0022702802508961645,0.009831598702312557,0.0,0.0,0.0,-0.004504170355810794,1477,1530
0.0009184952164544484,0.0004324490667893746,0.0,0.0,0.0,-0.00019598001461988864,0.9999999807959167,-0.0009975149363997023,0.0006778956503582386,0.0,0.0,0.0,-0.0005025583441930768,1477,1530
0.0009300925207452886,0.0002531491180512526,0.0,0.0,0.0,-0.00013982687139401073,0.999999990224223,0.0015065468617552454,0.0009293210047402083,0.0,0.0,0.0,-0.0004390187158537001,1477,1530
0.0009524816895309874,4.555552800570927e-05,0.0,0.0,0.0,-9.415584649536962e-05,0.9999999955673383,0.0003355139040129172,-0.0031027639709613948,0.0,0.0,0.0,0.0013652703933780476,1477,1530
0.0009970145100482385,-6.522382665988523e-05,0.0,0.0,0.0,-3.727901457726661e-05,0.9999999993051375,0.0003346101852437344,-0.0008319199003433455,0.0,0.0,0.0,0.0008543207639134953,1477,1530
0.0009726710650810568,3.270715741655395e-05,0.0,0.0,0.0,-2.3171027615581676e-06,0.9999999999973155,-0.00024327635187253275,0.0009783622439179438,0.0,0.0,0.0,0.0006985745904834094,1477,1530
0.0009773606285335482,0.00023644608260474755,0.0,0.0,0.0,-0.00014643015851166136,0.9999999892791043,7.024780181572323e-05,0.0030525432536019225,0.0,0.0,0.0,-0.004318382349710881,1477,1530
0.0009773606285335482,0.00023644608260474755,0.0,0.0,0.0,-0.00014643015851166136,0.9999999892791043,7.024780181572323e-05,0.0030525432536019225,0.0,0.0,0.0,-0.004318382349710881,1477,1530
0.0009099176881658099,0.00026223564274763125,0.0,0.0,0.0,-8.635865725401974e-05,0.9999999962710912,-0.0003137909766075693,0.0016238734587908032,0.0,0.0,0.0,-0.0002083378623874914,1477,1530
0.0009471952140996584,3.466140070300085e-05,0.0,0.0,0.0,-3.231304869247193e-05,0.9999999994779334,0.00028018794451042613,-0.001708659384886205,0.0,0.0,0.0,0.0008115870201142059,1477,1530
0.0009602818458342745,0.0003296377933793157,0.0,0.0,0.0,-0.00014204905369257967,0.9999999899110331,0.00013072928434876573,0.002950982280717715,0.0,0.0,0.0,-0.002195620309365919,1477,1530
0.0008799541036001322,7.312420670862611e-05,0.0,0.0,0.0,-7.050859642761453e-05,0.9999999975142689,-0.000801514685742293,-0.002562058916779059,0.0,0.0,0.0,0.0014289657865998525,1477,1530
0.0007977541773842454,-0.0001301444435092158,0.0,0.0,0.0,-2.5344353398110112e-05,0.9999999996788319,-0.002462871988496619,-0.006092801816316273,0.0,0.0,0.0,0.0027073638094867853,1477,1530
0.0009444277884080214,0.00012813859475566093,0.0,0.0,0.0,-9.222801501732527e-05,0.9999999957469966,0.0010990993412783232,0.0019356735585237162,0.0,0.0,0.0,-0.0010024755007589212,1477,1530
0.0008694618425041274,0.00018417368462036646,0.0,0.0,0.0,-0.00010406105206181052,0.9999999945856487,-0.0007500328182020274,0.0005604143590765217,0.0,0.0,0.0,-0.00023674597057476914,1477,1530
0.0009180977168279598,0.0003320922060776546,0.0,0.0,0.0,-0.00015164267867284815,0.9999999885022489,0.0007309365558859454,0.002224591191395133,0.0,0.0,0.0,-0.0014310909360259554,1477,1530
0.0008571677440881269,0.00020767420739133504,0.0,0.0,0.0,-0.00010028004991037992,0.9999999949719558,-0.0006088675597280682,-0.0012442527385790663,0.0,0.0,0.0,0.0010271601386474657,1477,1530
0.000840056378100817,4.628855580151824e-05,0.0,0.0,0.0,-6.358266362214479e-05,0.9999999979786224,-0.00017079339707727484,-0.0016139230804741423,0.0,0.0,0.0,0.0007339624073527015,1477,1530
0.0008816913675771225,-8.605283285562918e-06,0.0,0.0,0.0,-4.8204109890675784e-05,0.9999999988381819,0.00041634891801056284,-0.0005487921464969515,0.0,0.0,0.0,0.00030751879690525056,1477,1530
0.0009997706238145817,-0.00012643729265248647,0.0,0.0,0.0,4.101581015648378e-06,0.9999999999915885,0.001181366889716548,-0.0011786659297971446,0.0,0.0,0.0,0.0010465219615880875,1477,1530
0.0009411071647893843,0.00015008878567110726,0.0,0.0,0.0,-0.00010168772450872236,0.9999999948298033,-0.0008770717616583766,0.004134481999015436,0.0,0.0,0.0,-0.003163413887005948,1477,1530
0.0008624303666716351,-3.7192301536015957e-05,0.0,0.0,0.0,-4.7838569751610716e-05,0.9999999988557357,-0.0005902566135920743,-0.0014058387445812046,0.0,0.0,0.0,0.0008083759403141804,1477,1530
0.0008948150248196129,-0.00022948643926979268,0.0,0.0,0.0,7.2520298864575955e-06,0.999999999973704,0.000485271833716801,-0.0028797723388522835,0.0,0.0,0.0,0.0016500861015234334,1477,1530
0.0009439281968392168,8.396912368791108e-05,0.0,0.0,0.0,-8.681782703179224e-05,0.9999999962313324,0.0007175497924481266,0.004579191997083368,0.0,0.0,0.0,-0.0027484911146098403,1477,1530
0.0009057743313959345,-0.00025062778988274223,0.0,0.0,0.0,9.76004870965285e-06,0.9999999999523708,-0.00028955412006360904,-0.0025432177779995857,0.0,0.0,0.0,0.0014681170156730437,1477,1530
0.001272859979440476,0.0015735137859622418,0.0,0.0,0.0,-0.0005262375085568036,0.9999998615370327,0.0027563725159236497,0.013695730985433164,0.0,0.0,0.0,-0.008048615600119931,1477,1530
0.0014372236272836504,0.0018220076580602498,0.0,0.0,0.0,-0.0006009188532580147,0.9999998194482496,0.0019006939380524872,0.00832786813062956,0.0,0.0,0.0,-0.004305190526042424,1477,1530
0.0014372236272836504,0.0018220076580602498,0.0,0.0,0.0,-0.0006009188532580147,0.9999998194482496,0.0019006939380524872,0.00832786813062956,0.0,0.0,0.0,-0.004305190526042424,1477,1530
0.0012099934363209133,0.001299663035993554,0.0,0.0,0.0,-0.00044234636295368646,0.9999999021648428,-7.666104019139342e-05,0.002716167865025638,0.0,0.0,0.0,-0.0014506284927912666,1477,1530
0.001353622712112835,0.0012742534422242775,0.0,0.0,0.0,-0.0004406541761389944,0.9999999029119438,0.002151569650189166,-0.00037867351739480874,0.0,0.0,0.0,5.0690081167484515e-05,1477,1530
0.0010425674358779963,0.0011442547832830128,0.0,0.0,0.0,-0.0004157398133984668,0.9999999135802,-0.004659542446548121,-0.001952178026169594,0.0,0.0,0.0,0.0007466991854777984,1477,1530
0.0011184123724351422,0.0012972923415548584,0.0,0.0,0.0,-0.0004214802808230783,0.9999999111771825,0.0005686473011572238,0.0011498007486372187,0.0,0.0,0.0,-8.622298883325387e-05,1477,1530
0.0012174066464906883,0.0014338447150813306,0.0,0.0,0.0,-0.0004982321605366215,0.9999998758823494,0.0009891177151308786,0.0013668087796178106,0.0,0.0,0.0,-0.0015355444851261133,1477,1530
0.0012087822980014836,0.0009310954021566723,0.0,0.0,0.0,-0.000354471698974167,0.9999999371749053,-0.00012147644031695588,-0.007518208774657778,0.0,0.0,0.0,0.004299571547349154,1477,1530
0.00119574888305992,0.0012238159389823277,0.0,0.0,0.0,-0.00042940788038239354,0.9999999078044319,-0.0001323894810303487,0.002926673232134989,0.0,0.0,0.0,-0.0014984989673820018,1477,1530
0.0011744308883367967,0.0012362009250188148,0.0,0.0,0.0,-0.0004276268971417514,0.9999999085676142,-0.00021197411305667494,0.00012290594461240756,0.0,0.0,0.0,3.54005387483448e-05,1477,1530
0.0012976481659881306,0.001003398785314077,0.0,0.0,0.0,-0.00035933725452285824,0.9999999354383666,0.0012417754583822077,-0.0023413190108115176,0.0,0.0,0.0,0.0013742169069529155,1477,1530
0.001126663610605334,0.0013554084539974358,0.0,0.0,0.0,-0.00046150961263476494,0.9999998935044331,-0.002561633156104489,0.005264061147764664,0.0,0.0,0.0,-0.0030569020773981454,1477,1530
0.0011643598935356483,0.0011933659488247794,0.0,0.0,0.0,-0.0004122983522566427,0.9999999150050307,0.00028413642454746234,-0.0012163101125804508,0.0,0.0,0.0,0.0007389300738771985,1477,1530
0.0011306019890303905,0.0008821766848038071,0.0,0.0,0.0,-0.0003122689538034711,0.9999999512440491,-0.00033513687472833527,-0.0031133218778681055,0.0,0.0,0.0,0.0020013285894273595,1477,1530
0.001188327594295227,0.0011184558803075458,0.0,0.0,0.0,-0.00037799898432558,0.9999999285583814,0.0005739322252326849,0.0023555670864879295,0.0,0.0,0.0,-0.0013103812603697798,1477,1530
0.0013126081593238539,0.0013404673002862027,0.0,0.0,0.0,-0.0004941500162194292,0.9999998779078733,0.001244374711425608,0.0022268652421142234,0.0,0.0,0.0,-0.0023290998053253392,1477,1530
0.0012351123663537499,0.0013109459101656878,0.0,0.0,0.0,-0.00045592760030673375,0.9999998960650062,-0.0007747975069396798,-0.00029602997298094544,0.0,0.0,0.0,0.0007645783826927951,1477,1530
0.0011542928852863155,0.0013118953355185782,0.0,0.0,0.0,-0.0004532389426156401,0.9999998972872252,-0.0008084780145839856,8.760271509449742e-06,0.0,0.0,0.0,5.379144847030801e-05,1477,1530
0.0012346371245872884,0.0014227949798399314,0.0,0.0,0.0,-0.0004730782542391938,0.9999998880984764,0.001205964595601433,0.0016677802345506586,0.0,0.0,0.0,-0.0005963213679346455,1477,1530
0.001282918650686388,0.0011896748637631183,0.0,0.0,0.0,-0.00042787405360187025,0.9999999084618929,0.00048505953054641337,-0.002330929772939718,0.0,0.0,0.0,0.000904156436762825,1477,1530
0.001186506388816125,0.001404885552800429,0.0,0.0,0.0,-0.00048698788141319436,0.9999998814213946,-0.0009660508714945977,0.002151474689065451,0.0,0.0,0.0,-0.0011823830938801254,1477,1530
0.0011258516690413373,0.0013375348589813704,0.0,0.0,0.0,-0.000413923169867525,0.9999999143338011,-0.0003630828833117824,-0.00040395590741284756,0.0,0.0,0.0,0.0008756872719501046,1477,1530
0.0011243125137195863,0.0008325308009394855,0.0,0.0,0.0,-0.00027751906622588285,0.9999999614915832,-1.682660026340197e-05,-0.007579701005294782,0.0,0.0,0.0,0.004094621063132103,1477,1530
0.0011840799944056806,0.0011823796563685941,0.0,0.0,0.0,-0.0003840922372313536,0.9999999262365739,0.0005956257076927155,0.003498190073488687,0.0,0.0,0.0,-0.0021310799393198013,1477,1530
0.0011934036538635668,0.0014985254779598918,0.0,0.0,0.0,-0.0004885400501783287,0.9999998806643026,0.0001360174712112788,0.004735521563182916,0.0,0.0,0.0,-0.0031289602692100944,1477,1530
0.0013129871745244366,0.0010421203508261135,0.0,0.0,0.0,-0.00035410750706268073,0.9999999373039348,0.0009000675477124985,-0.003421578831156228,0.0,0.0,0.0,0.002016145576408642,1477,1530
0.001352993934710234,0.0013557680328999029,0.0,0.0,0.0,-0.0004514557893165611,0.9999998980938299,0.0005972590549610918,0.0047090004323897105,0.0,0.0,0.0,-0.002922845434309692,1477,1530
0.0011540030417435156,0.0012302683230960682,0.0,0.0,0.0,-0.00043855798193401376,0.9999999038334436,-0.0014849361362172327,-0.0009383956530280805,0.0,0.0,0.0,0.0001926052215241243,1477,1530
0.001223683342543117,0.0006132959066771132,0.0,0.0,0.0,-0.0002475055930731352,0.9999999693704903,0.0007079486873637528,-0.006219488470533267,0.0,0.0,0.0,0.003852251219474204,1477,1530
0.0012283291345060834,0.0011038766964009254,0.0,0.0,0.0,-0.0003954749453479308,0.9999999217997807,6.582863755086173e-05,0.007334724218251275,0.0,0.0,0.0,-0.004424590252420828,1477,1530
0.0012151884891033731,0.001435389737956901,0.0,0.0,0.0,-0.0004932543991974794,0.9999998783500414,-0.00010060086074836416,0.002488234787485943,0.0,0.0,0.0,-0.0014678515535241413,1477,1530
0.001269340835407064,0.0011942814292135481,0.0,0.0,0.0,-0.00041809966192366433,0.9999999125963326,0.0005436734110891028,-0.0024095356916146544,0.0,0.0,0.0,0.0015024638656439917,1477,1530
0.0013235101937282567,0.001067039532821303,0.0,0.0,0.0,-0.0003644077256255118,0.9999999336035026,0.0005431375859223437,-0.0012728565548861313,0.0,0.0,0.0,0.0010745910214824592,1477,1530
0.0012804540314877663,0.0012309551925461667,0.0,0.0,0.0,-0.0004174896323501044,0.9999999128511996,-1.318274824591411e-05,0.002258164577628377,0.0,0.0,0.0,-0.0006133080894341109,1477,1530
0.0012574455261089598,0.0013967915187349336,0.0,0.0,0.0,-0.00045726710644813706,0.9999998954533912,-0.0002314534706549183,0.0016580545037426688,0.0,0.0,0.0,-0.0007954938733264294,1477,1530
0.0012572395741455088,0.0012738848341986933,0.0,0.0,0.0,-0.00045347108531076577,0.9999998971819821,-1.4040150243735446e-06,-0.0018446168616003578,0.0,0.0,0.0,0.0001139433147512509,1477,1530
0.0011625010498288399,0.0016656314132070726,0.0,0.0,0.0,-0.0005383464591887656,0.9999998550915344,-0.0009508997321060236,0.003916448297467198,0.0,0.0,0.0,-0.0016974397871701754,1477,1530
0.0012869237090792078,0.0012868402329503192,0.0,0.0,0.0,-0.00046154675237735705,0.999999893487292,0.0012476555076661457,-0.0037846019641774933,0.0,0.0,0.0,0.0015351960251209563,1477,1530
0.0012595672603156918,0.0011944393354859657,0.0,0.0,0.0,-0.00042235102421541386,0.9999999108098022,-0.000410413292335074,-0.0013909539888988902,0.0,0.0,0.0,0.0011797415116255824,1477,1530
0.0012403838861486673,0.001517162773386597,0.0,0.0,0.0,-0.000508923840441944,0.9999998704982539,-0.0002908695368133272,0.004824517013732571,0.0,0.0,0.0,-0.002588551945184029,1477,1530
0.0012082497384309982,0.0013516635762864727,0.0,0.0,0.0,-0.0004261474249881074,0.9999999091991819,-0.0003197143297775168,-0.001655616201255084,0.0,0.0,0.0,0.001655826537376151,1477,1530
0.0011418990260258044,0.0010858061562722295,0.0,0.0,0.0,-0.00038375773275597713,0.9999999263649986,-0.002427256273869095,-0.0005864960521005745,0.0,0.0,0.0,0.000714563192941308,1477,1530
0.0012330462042265751,0.0009990758562260613,0.0,0.0,0.0,-0.0003941964368912139,0.9999999223045816,0.0009118180456439607,-0.0008662999713787219,0.0,0.0,0.0,-0.00020870105312738877,1477,1530
0.0011181013026099298,0.0013201348424836635,0.0,0.0,0.0,-0.0004528399620496262,0.9999998974679791,-0.0017323005487374556,0.004826590447279484,0.0,0.0,0.0,-0.0017637151997768206,1477,1530
0.0012616335088369444,0.0012819867337575458,0.0,0.0,0.0,-0.00043186516850852026,0.9999999067462337,0.002147466080310859,-0.0005686735102790395,0.0,0.0,0.0,0.000627480647143998,1477,1530
0.0012282818629540118,0.0010713501605114444,0.0,0.0,0.0,-0.00035079961209672427,0.9999999384698142,-0.0002491358674831183,-0.0015822959576167926,0.0,0.0,0.0,0.0012177583210394689,1477,1530
0.001212836971032197,0.0010314420807250224,0.0,0.0,0.0,-0.0003388921799542089,0.9999999425760435,-0.00023057083997984196,-0.0005970164227048844,0.0,0.0,0.0,0.00035616872608017805,1477,1530
0.0012653884528216297,0.0012499077426871147,0.0,0.0,0.0,-0.0004607808714631101,0.9999998938404886,0.0005239972913718534,0.0021848593633630106,0.0,0.0,0.0,-0.002437603388276195,1477,1530
0.0011760594680110326,0.0016955532876704415,0.0,0.0,0.0,-0.0005281146934876621,0.9999998605474255,-0.0027092846879714118,0.01345177168671579,0.0,0.0,0.0,-0.004065684280846121,1477,1530
0.0011051381407755651,0.0009641764656702225,0.0,0.0,0.0,-0.000361280925421907,0.9999999347380444,-0.0005858605073073961,-0.005601824898722555,0.0,0.0,0.0,0.0029560867137515857,1477,1530
0.0009794732678720369,0.0011188090886865855,0.0,0.0,0.0,-0.00039292473876894593,0.9999999228050719,-0.001238860702933077,0.0015221892127398834,0.0,0.0,0.0,-0.0006233637805696504,1477,1530
0.0012137706601603024,0.0007666228347593643,0.0,0.0,0.0,-0.0003168842387514965,0.9999999497921884,0.0035610591040846898,-0.0053437275733263035,0.0,0.0,0.0,0.002308735266924162,1477,1530
0.0009589556511089162,0.000473640249685054,0.0,0.0,0.0,-0.00018775468557683485,0.9999999823740889,-0.002565585953963978,-0.0029536516599475773,0.0,0.0,0.0,0.002602159378849753,1477,1530
0.0011340006948734392,0.000978396212980525,0.0,0.0,0.0,-0.0003545126351958154,0.9999999371603937,0.001745709401996618,0.005040001385356722,0.0,0.0,0.0,-0.0033297316408015514,1477,1530
0.0012220981779453336,0.0011238267659020847,0.0,0.0,0.0,-0.00038710443980672146,0.9999999250750735,0.0008802603637031507,0.0014554537603957104,0.0,0.0,0.0,-0.000652070882462659,1477,1530
0.0011860736492414203,0.001153737024636094,0.0,0.0,0.0,-0.00040715320931904224,0.9999999171131286,-0.0005411344996403425,0.0004485830407865654,0.0,0.0,0.0,-0.0006019296282300503,1477,1530
0.0009571777961523045,0.0005191365414466955,0.0,0.0,0.0,-0.00021641968095780523,0.9999999765812606,-0.0022837901799537506,-0.006347866641361333,0.0,0.0,0.0,0.0038146707352914476,1477,1530
0.001125587704683551,0.0007062409224474681,0.0,0.0,0.0,-0.00029830396502153635,0.9999999555073712,0.0016822292617297931,0.0018705941048081675,0.0,0.0,0.0,-0.0016366546417138975,1477,1530
0.0011825944107390239,0.0005581642351568474,0.0,0.0,0.0,-0.0002353327387997226,0.9999999723092506,-0.0006636542153765452,-0.005321213674369634,0.0,0.0,0.0,0.0030434752248132023,1477,1530
0.0010611687449361318,0.001012703840035695,0.0,0.0,0.0,-0.0003461913449270567,0.9999999400757745,-0.0009109055051986767,0.0034034193045019276,0.0,0.0,0.0,-0.0016603429857368138,1477,1530
0.0009718501326987808,0.0007510068125056969,0.0,0.0,0.0,-0.0002744155621575978,0.9999999623480489,-0.002670863437015848,-0.007843195525238883,0.0,0.0,0.0,0.004301299585235171,1477,1530
0.001212494299923396,0.0008134948595296186,0.0,0.0,0.0,-0.0003278238446501366,0.9999999462657619,0.00240455943793885,0.00062580059378617,0.0,0.0,0.0,-0.001067482509091034,1477,1530
0.0010915425336578196,0.0009146747661055133,0.0,0.0,0.0,-0.0003676875264761426,0.9999999324029392,-0.0036633291550464218,0.003060408145505887,0.0,0.0,0.0,-0.002413421173211761,1477,1530
0.0010386727051461425,0.001177789572213534,0.0,0.0,0.0,-0.0004400254181105809,0.999999903188811,-0.0005305693543544027,0.002630442904996996,0.0,0.0,0.0,-0.0014465843596024469,1477,1530
0.0012248224151590215,0.001036242556150637,0.0,0.0,0.0,-0.00036558028933918267,0.9999999331755238,0.0011168790598759728,-0.00084771730627266,0.0,0.0,0.0,0.000892729204875767,1477,1530
0.0011643500444919012,0.0011127420484795686,0.0,0.0,0.0,-0.00038766479037834255,0.9999999248580024,-0.0009090242380128693,0.0011482181970714845,0.0,0.0,0.0,-0.0006633377167601767,1477,1530
0.0010095716925182644,0.0006329703435665095,0.0,0.0,0.0,-0.0002522605323397452,0.9999999681823114,-0.0023082928344995302,-0.007174124931752314,0.0,0.0,0.0,0.004048444198390245,1477,1530
0.0010895083011495707,0.0006920883453690019,0.0,0.0,0.0,-0.00028982871697410113,0.9999999579996566,0.00047951447831837173,0.00035500461459130826,0.0,0.0,0.0,-0.0004508876687934555,1477,1530
0.0010895083011495707,0.0006920883453690019,0.0,0.0,0.0,-0.00028982871697410113,0.9999999579996566,0.00047951447831837173,0.00035500461459130826,0.0,0.0,0.0,-0.0004508876687934555,1477,1530
0.0012056824282373228,0.0009810928986393108,0.0,0.0,0.0,-0.0003528549060087528,0.9999999377467057,0.0017450634646513476,0.004348449026140144,0.0,0.0,0.0,-0.0018961804009632458,1477,1530
0.0011690669817468915,0.0004439301142747014,0.0,0.0,0.0,-0.0002431754111614381,0.9999999704328593,-0.00021712198370657531,-0.0032187405807413876,0.0,0.0,0.0,0.0013143612059495788,1477,1530
0.0010823144294592932,0.0010256866031040364,0.0,0.0,0.0,-0.00040963609214922066,0.9999999160991324,-0.000652537710045486,0.004361330243304363,0.0,0.0,0.0,-0.0024960367263254244,1477,1530
0.0010823144294592932,0.0010256866031040364,0.0,0.0,0.0,-0.00040963609214922066,0.9999999160991324,-0.000652537710045486,0.004361330243304363,0.0,0.0,0.0,-0.0024960367263254244,1477,1530
0.001132028587488134,0.0008540738883481217,0.0,0.0,0.0,-0.00028761931985936656,0.9999999586375625,0.000499116381239341,-0.001717677429656537,0.0,0.0,0.0,0.0024431207472081643,1477,1530
0.0011275205077675376,0.0008629787839189068,0.0,0.0,0.0,-0.00031435560501825836,0.9999999505902756,-2.2572778906366756e-05,4.4524861838218476e-05,0.0,0.0,0.0,-0.00026744309660467225,1477,1530
0.0011486982291143732,0.001149372409916816,0.0,0.0,0.0,-0.00040863380353676804,0.9999999165092038,0.00021010264445710404,0.002865788313643646,0.0,0.0,0.0,-0.001886696109142001,1477,1530
0.0011867067651717472,0.0008607085248275564,0.0,0.0,0.0,-0.00034680155559204865,0.9999999398643388,0.0005719820975254097,-0.004316777972023912,0.0,0.0,0.0,0.0018495207312263396,1477,1530
0.0011867067651717472,0.0008607085248275564,0.0,0.0,0.0,-0.00034680155559204865,0.9999999398643388,0.0005719820975254097,-0.004316777972023912,0.0,0.0,0.0,0.0018495207312263396,1477,1530
0.0012582569382992052,0.0009171250700054641,0.0,0.0,0.0,-0.00034788378574805414,0.999999939488434,0.0005362897860247637,0.0004234623157174353,0.0,0.0,0.0,-1.6232154746958242e-05,1477,1530
0.0011742975899563435,0.0009294434563808838,0.0,0.0,0.0,-0.00035046873630698917,0.9999999385858306,-0.00035861495549369094,5.236057658901255e-05,0.0,0.0,0.0,-2.2079913869753472e-05,1477,1530
0.0010867633323607122,0.00042267206308419533,0.0,0.0,0.0,-0.00020602254442422517,0.9999999787773554,-0.0008792373509067985,-0.0051116216840885655,0.0,0.0,0.0,0.002913602152180852,1477,1530
0.0010867633323607122,0.00042267206308419533,0.0,0.0,0.0,-0.00020602254442422517,0.9999999787773554,-0.0008792373509067985,-0.0051116216840885655,0.0,0.0,0.0,0.002913602152180852,1477,1530
0.0012673669482444905,0.0011847907522790349,0.0,0.0,0.0,-0.0004284937464816267,0.9999999081965504,0.0013525809554582402,0.005718177558682884,0.0,0.0,0.0,-0.0033380779467370573,1477,1530
0.0012673669482444905,0.0011847907522790349,0.0,0.0,0.0,-0.0004284937464816267,0.9999999081965504,0.0013525809554582402,0.005718177558682884,0.0,0.0,0.0,-0.0033380779467370573,1477,1530
0.0012673669482444905,0.0011847907522790349,0.0,0.0,0.0,-0.0004284937464816267,0.9999999081965504,0.0013525809554582402,0.005718177558682884,0.0,0.0,0.0,-0.0033380779467370573,1477,1530
0.0011266603154741835,0.0008742933203933852,0.0,0.0,0.0,-0.0003001482464585774,0.9999999549555141,-0.0003239748108606326,-0.000716548175468301,0.0,0.0,0.0,0.0005921470674264493,1477,1530
0.0011266603154741835,0.0008742933203933852,0.0,0.0,0.0,-0.0003001482464585774,0.9999999549555141,0.0,0.0,0.0,0.0,0.0,3.664180806442301e-19,1477,1530
0.0011266603154741835,0.0008742933203933852,0.0,0.0,0.0,-0.0003001482464585774,0.9999999549555141,0.0,0.0,0.0,0.0,0.0,3.664180806442301e-19,1477,1530
0.0011266603154741835,0.0008742933203933852,0.0,0.0,0.0,-0.0003001482464585774,0.9999999549555141,0.0,0.0,0.0,0.0,0.0,3.664180806442301e-19,1477,1530
0.0011266603154741835,0.0008742933203933852,0.0,0.0,0.0,-0.0003001482464585774,0.9999999549555141,0.0,0.0,0.0,0.0,0.0,3.664180806442301e-19,1477,1530
0.0011266603154741835,0.0008742933203933852,0.0,0.0,0.0,-0.0003001482464585774,0.9999999549555141,0.0,0.0,0.0,0.0,0.0,5.575400061328899e-19,1477,1530
0.0011266603154741835,0.0008742933203933852,0.0,0.0,0.0,-0.0003001482464585774,0.9999999549555141,0.0,0.0,0.0,0.0,0.0,1.1078774360554332e-19,1477,1530
0.0011266603154741835,0.0008742933203933852,0.0,0.0,0.0,-0.00030014824645857737,0.9999999549555141,0.0,0.0,0.0,0.0,0.0,2.1792704639228557e-18,1477,1530
0.0012693586279975066,0.0014427071563740685,0.0,0.0,0.0,-0.0004582369334780745,0.9999998950094509,0.001066584775570093,0.0042593795973458,0.0,0.0,0.0,-0.002368902343465637,1477,1530
0.0011796279551541718,0.0012937421066793312,0.0,0.0,0.0,-0.00040381177485816213,0.9999999184680219,-0.001347746026430868,-0.002242087081895129,0.0,0.0,0.0,0.0016374133506436438,1477,1530
0.001155922219891651,0.0007698910177546576,0.0,0.0,0.0,-0.00025294536006863205,0.9999999680093219,-0.00023278928461399276,-0.005237862575895048,0.0,0.0,0.0,0.003016845754568331,1477,1530
0.001190138637475318,0.000723738833501443,0.0,0.0,0.0,-0.0002515878429015547,0.9999999683517781,0.0005119581514088262,-0.0006898156187182695,0.0,0.0,0.0,4.059561035502858e-05,1477,1530
0.001312379167271361,0.0014735544677931616,0.0,0.0,0.0,-0.0004357308692337185,0.9999999050693003,0.0009154388922565469,0.005633090804017881,0.0,0.0,0.0,-0.002766572061680687,1477,1530
0.0011606457559862737,0.0008724642048624725,0.0,0.0,0.0,-0.00028944782033323203,0.9999999581099788,-0.0015095441359369904,-0.006002079131596128,0.0,0.0,0.0,0.0029207251370223365,1477,1530
0.0010697503696774887,0.0010045685933365938,0.0,0.0,0.0,-0.0003454270600240478,0.9999999403400713,-0.0006821728735845686,0.0009902197681245135,0.0,0.0,0.0,-0.0008395459145341069,1477,1530
0.0011538682955018497,0.0007989916522535975,0.0,0.0,0.0,-0.0002624520220471052,0.9999999655594675,0.0012648222615320903,-0.0030850337568227295,0.0,0.0,0.0,0.0024910697330487153,1477,1530
0.0011650459538987948,0.0009797066697960865,0.0,0.0,0.0,-0.00033192259110793995,0.9999999449136953,8.309440091783683e-05,0.0013549728575208266,0.0,0.0,0.0,-0.0010417252292279876,1477,1530
0.0011853681459504549,0.0008845915551378228,0.0,0.0,0.0,-0.00028808641666032154,0.9999999585031074,0.00030658318716395813,-0.001430271354622529,0.0,0.0,0.0,0.0013185398707657588,1477,1530
0.001223115454653059,0.0005611431180023315,0.0,0.0,0.0,-0.0002009242020559134,0.9999999798147323,0.0003788554998326551,-0.003230164036415445,0.0,0.0,0.0,0.0017410332303382054,1477,1530
0.0010897100108097533,0.00023118737444246997,0.0,0.0,0.0,-0.00010395378377678966,0.9999999945968054,-0.001330931651128045,-0.0032956441372398054,0.0,0.0,0.0,0.0019367937143221878,1477,1530
0.0011769465128351653,0.0009283015461566395,0.0,0.0,0.0,-0.0003295144156680274,0.9999999457101235,0.00010068915566804615,0.000530815552345224,0.0,0.0,0.0,-0.00023652173434469628,1477,1530
0.001270492989302947,0.000735979864132705,0.0,0.0,0.0,-0.00021694336829695553,0.9999999764677873,0.000936844438129971,-0.001922830644054677,0.0,0.0,0.0,0.002251691230841645,1477,1530
0.0012007472516765397,0.0006302535325503186,0.0,0.0,0.0,-0.00022823143690579569,0.9999999739552052,-0.0010458063800233843,-0.0015868168616781889,0.0,0.0,0.0,-0.00033874199553753163,1477,1530
0.0010508435120084479,0.0007899213396370411,0.0,0.0,0.0,-0.0002726461660737727,0.9999999628320334,-0.0022557622127278416,0.002400495818106666,0.0,0.0,0.0,-0.0013360626462672438,1477,1530
0.0011070081886598692,0.0009204518382284038,0.0,0.0,0.0,-0.00029618409007829954,0.9999999561374914,0.00042008470837021506,0.0009777734076607133,0.0,0.0,0.0,-0.0003525515049900958,1477,1530
0.0012243121769404184,0.0007557438744858311,0.0,0.0,0.0,-0.0002746427935643094,0.9999999622856673,0.001174297185844811,-0.0016467797041043895,0.0,0.0,0.0,0.0004309293708515388,1477,1530
0.0012139579664035974,0.0010515294379801559,0.0,0.0,0.0,-0.0003487399864459113,0.999999939190209,-0.00015811465000215223,0.004446947686234353,0.0,0.0,0.0,-0.002228051551729044,1477,1530
0.0008645130950967722,0.00013981702380576398,0.0,0.0,0.0,-6.33165481449559e-05,0.9999999979955073,-0.00474721743384991,-0.01677858320934282,0.0,0.0,0.0,0.009897541782927644,1477,1530
0.0011056676628017602,0.0005639777025673678,0.0,0.0,0.0,-0.00018469382195989236,0.999999982944096,0.002407036918998147,0.004234924509661336,0.0,0.0,0.0,-0.0024235466385392106,1477,1530
0.0011076712146422026,0.0001496998972700994,0.0,0.0,0.0,-8.597777438407774e-05,0.9999999963039111,3.2517804637664156e-05,-0.006246638072172156,0.0,0.0,0.0,0.0029769616513751055,1477,1530
0.0009678663491404949,0.0006403444685262447,0.0,0.0,0.0,-0.00019637818244640847,0.9999999807178045,-0.0013988083964059312,0.004905910883147037,0.0,0.0,0.0,-0.002207875707344355,1477,1530
0.001241027777004632,0.0006165451370973851,0.0,0.0,0.0,-0.00018088117290034989,0.9999999836410005,0.002730151355070089,-0.00023678546934125517,0.0,0.0,0.0,0.00030976363115612396,1477,1530
0.000976973948851789,0.0006118129569263311,0.0,0.0,0.0,-0.00022493412251886955,0.9999999747023199,-0.003951751731538127,-7.22504765429982e-05,0.0,0.0,0.0,-0.0013185755702628445,1477,1530
0.0011139473102540873,0.0002581007736218557,0.0,0.0,0.0,-0.00014908967307445588,0.9999999888861346,2.0150365079804185e-05,-0.004315237809104442,0.0,0.0,0.0,0.0014664428938450536,1477,1530
0.0013043283447886865,0.0005328632792777905,0.0,0.0,0.0,-0.0001774113104297745,0.9999999842626134,0.002859533540214735,0.004129577621497043,0.0,0.0,0.0,-0.0008511514141422125,1477,1530
0.0010180521935254532,0.0006727031071231719,0.0,0.0,0.0,-0.00019816957401645952,0.9999999803644097,-0.0028404487125950144,0.0013862508237834725,0.0,0.0,0.0,-0.00041185805881947183,1477,1530
0.0011550444792270927,0.0006954255722044797,0.0,0.0,0.0,-0.00026022250613245984,0.999999966142123,0.002083173945582483,0.0003463777042956304,0.0,0.0,0.0,-0.0018873407763729747,1477,1530
0.0013204979542869152,0.0012444247188865467,0.0,0.0,0.0,-0.00038375326092233156,0.9999999263667146,0.001652784653660502,0.005494533154846021,0.0,0.0,0.0,-0.002472271641156356,1477,1530
0.0011646923597676234,0.0010244748231190987,0.0,0.0,0.0,-0.00033612704466253835,0.9999999435093033,-0.0023288453637936857,-0.0032929734069436604,0.0,0.0,0.0,0.0014252946081533063,1477,1530
0.0011580592424718123,0.00103048955420363,0.0,0.0,0.0,-0.0003166106616747564,0.9999999498788432,-9.972892211072303e-05,9.030939093416622e-05,0.0,0.0,0.0,0.0005865003013061224,1477,1530
0.0009830805114624326,0.0004455379616127488,0.0,0.0,0.0,-0.00016674113415782152,0.999999986098697,-0.0013075159285157042,-0.00438111062867964,0.0,0.0,0.0,0.0022445302822017435,1477,1530
0.001127600239657823,0.0007029070185369141,0.0,0.0,0.0,-0.0002665158462611949,0.9999999644846512,0.0014431987943887934,0.0025721403828896107,0.0,0.0,0.0,-0.0019939190903251504,1477,1530
0.0011269689743757202,0.0006245088417909711,0.0,0.0,0.0,-0.0002454537231271092,0.9999999698762344,-5.8899939155977024e-06,-0.0007833505070191009,0.0,0.0,0.0,0.00042090154620755976,1477,1530
0.0011957656913914277,0.0005117223981587017,0.0,0.0,0.0,-0.00016466426389803702,0.99999998644284,0.002283279344186085,0.005208739776445478,0.0,0.0,0.0,-0.0024897702842526935,1477,1530
0.001189114196845052,0.00047789695760769,0.0,0.0,0.0,-0.00016277677889286354,0.9999999867518601,-4.980577163537626e-05,-0.0002537230770191712,0.0,0.0,0.0,2.8314045084854175e-05,1477,1530
0.001189114196845052,0.00047789695760769,0.0,0.0,0.0,-0.00016277677889286354,0.9999999867518601,-4.980577163537626e-05,-0.0002537230770191712,0.0,0.0,0.0,2.8314045084854175e-05,1477,1530
0.0010431514230812016,0.000672268650835848,0.0,0.0,0.0,-0.00023160294294216247,0.9999999731800381,-0.0010937297353371563,0.0014554808873227193,0.0,0.0,0.0,-0.0010310109255596163,1477,1530
0.0010220843451365126,0.0007747988809142372,0.0,0.0,0.0,-0.00023949129249919683,0.99999997132196,-0.00021016839983472547,0.0010204594703102701,0.0,0.0,0.0,-0.00015703677451461712,1477,1530
0.0010220843451365126,0.0007747988809142372,0.0,0.0,0.0,-0.00023949129249919683,0.99999997132196,-0.00021016839983472547,0.0010204594703102701,0.0,0.0,0.0,-0.00015703677451461712,1477,1530
0.0011746218881031974,0.0007624344666779444,0.0,0.0,0.0,-0.00025037990470932054,0.9999999686549512,0.0011489041281563046,-9.257416789106186e-05,0.0,0.0,0.0,-0.00016401847569287475,1477,1530
0.0011915009988989502,0.0011468412965037946,0.0,0.0,0.0,-0.00035840871201191893,0.9999999357715955,0.0002503730579716656,0.00576793004949792,0.0,0.0,0.0,-0.0032418207015998215,1477,1530
0.0011920639892245386,0.00048254214233292927,0.0,0.0,0.0,-0.0001746892604558024,0.999999984741831,7.782539421821654e-06,-0.004975050401735413,0.0,0.0,0.0,0.002751815486234416,1477,1530
0.0011973690903164635,0.00034238680260234474,0.0,0.0,0.0,-0.00010191834716034548,0.9999999948063253,3.214170043094896e-05,-0.0008413735250856041,0.0,0.0,0.0,0.0008737210292329082,1477,1530
0.001085826251812954,0.00040334020658122047,0.0,0.0,0.0,-0.00016373767062241763,0.9999999865949876,-0.0016722670213397104,0.0009133799965406389,0.0,0.0,0.0,-0.0018534028085532281,1477,1530
0.001099547170355528,0.0007189407233097651,0.0,0.0,0.0,-0.00020724942644229639,0.9999999785238374,0.00010213583359332213,0.0023671321332987146,0.0,0.0,0.0,-0.0006527024564705757,1477,1530
0.0010423308190994438,0.00045785214093261033,0.0,0.0,0.0,-0.00014687351529431663,0.9999999892140852,-0.00034275294944879973,-0.0015671500699805793,0.0,0.0,0.0,0.0007247312631065995,1477,1530
0.0010317260698707096,0.0008666184975088958,0.0,0.0,0.0,-0.0003051146183890326,0.9999999534525337,-0.00016064984007190338,0.0061229680466610755,0.0,0.0,0.0,-0.004740667374896738,1477,1530
0.000968615882226313,0.00017891903385510084,0.0,0.0,0.0,-0.00010124739716650672,0.9999999948744823,-0.0006264353894041003,-0.0068722243046812305,0.0,0.0,0.0,0.004074288770851167,1477,1530
0.0010854734846668305,0.0006800685660253879,0.0,0.0,0.0,-0.00021818100552797187,0.9999999761985241,0.001170135496830707,0.005022781969851023,0.0,0.0,0.0,-0.002343828616015475,1477,1530
0.0010215091077511206,0.0007819028493472896,0.0,0.0,0.0,-0.0002799473692680444,0.9999999608147344,-0.0009617141313089655,0.0015296116411976837,0.0,0.0,0.0,-0.0018560441614373414,1477,1530
0.0010399888910964748,0.0004006431136617948,0.0,0.0,0.0,-0.00015674860030127615,0.999999987714938,0.0001867736999597802,-0.003809255424822711,0.0,0.0,0.0,0.0024618828329886194,1477,1530
0.0010274958793928205,0.0005318441892747398,0.0,0.0,0.0,-0.00016916884965804957,0.99999998569095,-0.0010250963839086998,-0.00021826092881405078,0.0,0.0,0.0,0.0011975821005345414,1477,1530
0.0011638538482459748,0.00047983157866023226,0.0,0.0,0.0,-0.00016516023048504928,0.999999986361049,0.0013654350738939033,-0.0005203047007489049,0.0,0.0,0.0,8.027111805522071e-05,1477,1530
0.0009772003009251024,0.00011920565357974701,0.0,0.0,0.0,-9.4471349855925e-05,0.999999995537582,-0.0028000182383051755,-0.0054141845553250575,0.0,0.0,0.0,0.002122183796832748,1477,1530
0.0008893328348717536,0.0004503216315576761,0.0,0.0,0.0,-0.00013920848437592713,0.9999999903104989,-0.0008790629173269328,0.0033100999745212657,0.0,0.0,0.0,-0.0008945011809646579,1477,1530
0.0011300316513466813,0.0004099233424524864,0.0,0.0,0.0,-0.00016198645825970227,0.9999999868801935,0.00721423169438975,-0.001208753608620058,0.0,0.0,0.0,-0.0013653404148292003,1477,1530
0.001164315221999412,0.0007203338099254944,0.0,0.0,0.0,-0.0002369205211265887,0.9999999719343329,0.0004180562290194356,0.003643134395981057,0.0,0.0,0.0,-0.0016476449816370095,1477,1530
0.001164315221999412,0.0007203338099254944,0.0,0.0,0.0,-0.0002369205211265887,0.9999999719343329,0.0004180562290194356,0.003643134395981057,0.0,0.0,0.0,-0.0016476449816370095,1477,1530
0.0011327856627173939,0.0006834453405059314,0.0,0.0,0.0,-0.00024156879031894565,0.9999999708222593,-0.00031499161815775044,-0.0003688828108193414,0.0,0.0,0.0,-9.292728632007316e-05,1477,1530
0.001166717624442567,0.0008380645202068352,0.0,0.0,0.0,-0.00028224915503367246,0.9999999601677064,0.0005095837725308162,0.0023274116202430225,0.0,0.0,0.0,-0.0012245561054641898,1477,1530
0.001009334455431501,0.0004953795044309239,0.0,0.0,0.0,-0.00016424076159662822,0.999999986512486,-0.002348217789524208,-0.005120612544152865,0.0,0.0,0.0,0.0035257961210723348,1477,1530
0.0011518346265994958,0.0011202221751544937,0.0,0.0,0.0,-0.000360144443049051,0.999999935147988,0.0010692353845450178,0.004695557184616303,0.0,0.0,0.0,-0.0029441270691731116,1477,1530
0.0012921514246093872,0.001131642244100394,0.0,0.0,0.0,-0.00033779090557199215,0.9999999429486504,0.0013990979295246458,0.00011488392687867027,0.0,0.0,0.0,0.00044580024603384753,1477,1530
0.0010910709316910789,0.0006923203035860968,0.0,0.0,0.0,-0.00023879918107513933,0.9999999714874751,-0.0010046415876197885,-0.0021988716204392306,0.0,0.0,0.0,0.0009906305388819626,1477,1530
0.0010729702512724717,0.0012190591888095886,0.0,0.0,0.0,-0.0003807830982089863,0.9999999275021134,0.001348315481909747,0.011386409836615931,0.0,0.0,0.0,-0.006738730263029733,1477,1530
0.001030122378277065,0.0004997204494008296,0.0,0.0,0.0,-0.000149148131799986,0.9999999888774173,-0.0004229326961875577,-0.007192560813228976,0.0,0.0,0.0,0.004631958346397239,1477,1530
0.0009264927865757597,0.0005673029670761771,0.0,0.0,0.0,-0.00017000628572404474,0.9999999855489313,-0.0015588537802570788,0.0010159510662934807,0.0,0.0,0.0,-0.0006273978189078116,1477,1530
0.0009315041936908989,0.0007892631464610512,0.0,0.0,0.0,-0.0002558595328208059,0.9999999672679492,4.933372221642079e-05,0.0022184651031066063,0.0,0.0,0.0,-0.0017161725695432754,1477,1530
0.0012686786142602502,0.001151142545826456,0.0,0.0,0.0,-0.00035184281741221376,0.999999938103314,0.00015144209483747346,-0.0011894807653022679,0.0,0.0,0.0,0.00022561462418113192,1477,1530
0.0009946498294917186,0.0005534939611273555,0.0,0.0,0.0,-0.00020057200946706002,0.9999999798854343,-0.004113542415505672,-0.008988201985095956,0.0,0.0,0.0,0.004548540556355983,1477,1530
0.0012074443504763185,0.0004272992056692576,0.0,0.0,0.0,-0.00018459286771157623,0.9999999829627365,0.002128685416734614,-0.0012612325761538702,0.0,0.0,0.0,0.0003196179990057101,1477,1530
0.001033853088174556,0.0004460111634224609,0.0,0.0,0.0,-0.00015215969902822126,0.9999999884237128,-0.0017328278399258252,0.00018613991596551358,0.0,0.0,0.0,0.0006474849601493245,1477,1530
0.0010289630384241503,0.0004765427086701142,0.0,0.0,0.0,-0.00020152964140105153,0.9999999796929017,-4.8975287796866116e-05,0.00030518763754317163,0.0,0.0,0.0,-0.0009870336601414923,1477,1530
0.0010289630384241503,0.0004765427086701142,0.0,0.0,0.0,-0.00020152964140105153,0.9999999796929017,-4.8975287796866116e-05,0.00030518763754317163,0.0,0.0,0.0,-0.0009870336601414923,1477,1530
0.0010656076865692159,0.0005201763118275115,0.0,0.0,0.0,-0.00015660444108313377,0.9999999877375244,0.0005503607495010165,0.0006558634667910302,0.0,0.0,0.0,0.0013500984516189763,1477,1530
0.0010450287618876443,0.00034084155324135603,0.0,0.0,0.0,-0.00011980978888913504,0.9999999928228073,-0.000122753290827611,-0.0010726982079451144,0.0,0.0,0.0,0.000440161645811972,1477,1530
0.0009499292117910481,0.0003830530572647272,0.0,0.0,0.0,-0.00011969244832661794,0.9999999928368589,-0.0007161171125500052,0.0003176550119164033,0.0,0.0,0.0,1.7670041842056085e-06,1477,1530
0.0011586790277218935,0.0008217373919171344,0.0,0.0,0.0,-0.0002858744308730497,0.999999959137904,0.0023797092333760015,0.006040497632041492,0.0,0.0,0.0,-0.004226559079144299,1477,1530
0.0012089398525967248,0.0007012226197098322,0.0,0.0,0.0,-0.00021907198936705778,0.9999999760037315,0.0007522789836150608,-0.00180090602725019,0.0,0.0,0.0,0.0019969939643308355,1477,1530
0.001196748194433153,0.00117097923686047,0.0,0.0,0.0,-0.00037654477296591846,0.9999999291070144,-0.00012398221915005582,0.0046977941712455515,0.0,0.0,0.0,-0.003149644780564005,1477,1530
0.001193450526421929,0.00038519134014946036,0.0,0.0,0.0,-0.00015496316991054878,0.9999999879932079,-2.7053303483441838e-05,-0.007856251760357792,0.0,0.0,0.0,0.0044307017430354955,1477,1530
0.0011851867834203448,0.0011288453838385181,0.0,0.0,0.0,-0.0003695228715450157,0.9999999317264214,-0.00025636738531936216,0.02244443445573504,0.0,0.0,0.0,-0.012951420503882698,1477,1530
0.0011549993612367188,0.0005651980809146598,0.0,0.0,0.0,-0.0001895056036795431,0.9999999820438129,-0.0002225458820714266,-0.004213595010086611,0.0,0.0,0.0,0.0026913641539981835,1477,1530
0.0010614553824960288,0.0003172287009008581,0.0,0.0,0.0,-0.00011561122009499066,0.9999999933170228,-0.0028235184110190596,-0.0074932717895625145,0.0,0.0,0.0,0.004465322198025652,1477,1530
0.0010213296100171055,0.0006824386190529887,0.0,0.0,0.0,-0.0002407748627019636,0.9999999710137323,-0.00040236369774530634,0.0036543816521779904,0.0,0.0,0.0,-0.002504901072677597,1477,1530
0.0013141290454748405,0.0012440647179625755,0.0,0.0,0.0,-0.0003932434614668206,0.999999922679787,0.001462827606566891,0.002809186304665414,0.0,0.0,0.0,-0.0015248766694132808,1477,1530
0.0011159072766926963,0.0009675925370837138,0.0,0.0,0.0,-0.0003201992019522623,0.9999999487362342,-0.005882304914825631,-0.00821805633190479,0.0,0.0,0.0,0.004339993708641342,1477,1530
0.001204918198549698,0.0010493578480303236,0.0,0.0,0.0,-0.0003624733835246594,0.999999934306521,0.0008860500725397804,0.0008149712310838187,0.0,0.0,0.0,-0.0008421236073197153,1477,1530
0.0011005469327481387,0.0006107679736344226,0.0,0.0,0.0,-0.00019399685262163575,0.9999999811826104,-0.0015782627384746876,-0.006653603463614964,0.0,0.0,0.0,0.005110847633865185,1477,1530
0.0010852252986552225,0.00045979638772804515,0.0,0.0,0.0,-0.00017618783513132852,0.9999999844789232,0.0013135030728874276,0.0005167848077886119,0.0,0.0,0.0,-0.00046163468143403885,1477,1530
0.0011452048179487716,0.0004815593298619062,0.0,0.0,0.0,-0.00019539891247587172,0.9999999809096323,0.0005993468733241384,0.00021770578347133702,0.0,0.0,0.0,-0.000383983483744723,1477,1530
0.001143574076179451,0.001095949541073888,0.0,0.0,0.0,-0.0003292451146251089,0.9999999457988258,-1.851514190277827e-05,0.006080415729839653,0.0,0.0,0.0,-0.0026492657942020783,1477,1530
0.0010662949421879487,0.0005443184867816532,0.0,0.0,0.0,-0.00019254303152361506,0.9999999814635903,-0.0007777135854126326,-0.005578178182486702,0.0,0.0,0.0,0.0027644507064616764,1477,1530
0.0011399220469036004,0.0003584911800737136,0.0,0.0,0.0,-0.0001730708869631006,0.999999985023234,0.0011061546357449554,-0.0027886852003465978,0.0,0.0,0.0,0.0005845209043002851,1477,1530
0.001039914825429579,0.00045242814508409946,0.0,0.0,0.0,-0.00015855343485968762,0.9999999874304041,-0.001504130671930558,0.0014118529951341167,0.0,0.0,0.0,0.00043654946030971455,1477,1530
0.0010146286063128442,7.056074836005275e-05,0.0,0.0,0.0,-6.719119029106611e-05,0.999999997742672,-0.00025110885559275533,-0.003810523229405102,0.0,0.0,0.0,0.0018233065589383036,1477,1530
0.001147387797397841,0.0008018041843006933,0.0,0.0,0.0,-0.00024933097942291975,0.9999999689170309,0.0019905906556147257,0.010972649748426225,0.0,0.0,0.0,-0.005466052177466344,1477,1530
0.0011190420141591194,0.0005268742221892313,0.0,0.0,0.0,-0.00017634822350109727,0.9999999844506519,-0.00028203887944296216,-0.0027489733034610116,0.0,0.0,0.0,0.0014594070513275677,1477,1530
0.0011798358505576848,0.001020308197762605,0.0,0.0,0.0,-0.0003398521417507105,0.9999999422502592,0.0004545882686296954,0.003700425093571338,0.0,0.0,0.0,-0.0024522339262427447,1477,1530
0.001303261761701953,0.00022951966890098156,0.0,0.0,0.0,-0.0001397145856632415,0.9999999902399173,0.0018578251772556308,-0.011850197872980793,0.0,0.0,0.0,0.00599887780708775,1477,1530
0.0011355052635486041,0.0002112177426175505,0.0,0.0,0.0,-7.22385235166512e-05,0.9999999973907978,-0.0012584310626399795,-0.00013764835957242886,0.0,0.0,0.0,0.0010123788463353987,1477,1530
0.001040296077351635,-0.0007540847293289489,0.0,0.0,0.0,0.00020092000004833405,0.9999999798155765,-0.0014294479033050477,-0.014514287264898337,0.0,0.0,0.0,0.008214305695033721,1477,1530
0.0009808583881207643,-0.00023062947104670565,0.0,0.0,0.0,2.9913274212498492e-05,0.999999999552598,-0.0005915339742843032,0.005228255684996131,0.0,0.0,0.0,-0.0034158646961243593,1477,1530
0.0011056970327402394,-0.00017049082474211556,0.0,0.0,0.0,4.6156642003637e-05,0.9999999989347822,0.0009357506879615082,0.00045071115124163273,0.0,0.0,0.0,0.0002435031976007329,1477,1530
0.001117427823463291,-0.00011191595605032041,0.0,0.0,0.0,6.656751734082907e-06,0.9999999999778438,0.00017612662882196648,0.0008790243195678049,0.0,0.0,0.0,-0.0011855598491970387,1477,1530
0.000924364551762177,-0.0007850759226382241,0.0,0.0,0.0,0.00018366876049657064,0.9999999831328931,-0.00115982287060831,-0.004043788836103899,0.0,0.0,0.0,0.0021266918833246044,1477,1530
0.0010993047634255116,-0.00033519738485057374,0.0,0.0,0.0,4.634013265404067e-05,0.999999998926296,0.0026189867951604126,0.006727703340300066,0.0,0.0,0.0,-0.004107945809959559,1477,1530
0.0011061710900301955,-2.9593969403402236e-05,0.0,0.0,0.0,-4.717091734710808e-06,0.9999999999888745,6.891962115561567e-05,0.0030548363914242485,0.0,0.0,0.0,-0.0010207463965687614,1477,1530
0.0011671631821234883,-0.00039661247469140344,0.0,0.0,0.0,8.140264025663806e-05,0.9999999966868051,0.0018411529056263107,-0.01107844878689611,0.0,0.0,0.0,0.005199054120245982,1477,1530
0.0011160469017923301,8.841384013452512e-05,0.0,0.0,0.0,-5.6089841492142126e-05,0.9999999984269649,-0.0005100110402488777,0.004846905001432106,0.0,0.0,0.0,-0.002747898620677207,1477,1530
0.0012083131679768227,-0.00021240307546620247,0.0,0.0,0.0,3.834909793710858e-05,0.9999999992646733,0.0006924595526405404,-0.0022567318862016074,0.0,0.0,0.0,0.0014170127362679492,1477,1530
0.0010745149927280137,-0.00015699715077851747,0.0,0.0,0.0,3.311982682872944e-05,0.9999999994515385,-0.00033334404272769325,0.0014284313042294428,0.0,0.0,0.0,-0.0002397127893725231,1477,1530
0.0010745149927280137,-0.00015699715077851747,0.0,0.0,0.0,3.311982682872944e-05,0.9999999994515385,-0.00033334404272769325,0.0014284313042294428,0.0,0.0,0.0,-0.0002397127893725231,1477,1530
0.0011315935075488605,0.00018618559091542202,0.0,0.0,0.0,-6.151567692356867e-05,0.9999999981079107,0.002209325590380395,0.003335457061943706,0.0,0.0,0.0,-0.0015831323155639499,1477,1530
0.0011315935075488605,0.00018618559091542202,0.0,0.0,0.0,-6.151567692356867e-05,0.9999999981079107,0.002209325590380395,0.003335457061943706,0.0,0.0,0.0,-0.0015831323155639499,1477,1530
0.0011422593774514378,0.00021396406156236434,0.0,0.0,0.0,-7.675875245727203e-05,0.999999997054047,-0.0004932976810575788,0.0028851068860383656,0.0,0.0,0.0,-0.0017433451781660822,1477,1530
0.0011152380473107607,5.478800781827408e-07,0.0,0.0,0.0,-2.5970950917636385e-05,0.9999999996627549,-0.00020255755974353957,-0.0016017857175188637,0.0,0.0,0.0,0.0007623563910005079,1477,1530
0.0010680774955245031,2.072629924246267e-05,0.0,0.0,0.0,-1.8032124223206757e-05,0.9999999998374213,-0.00047212116793074607,0.00020197580939914787,0.0,0.0,0.0,0.0001589466067950417,1477,1530
0.00111407262667179,-0.00020797297649581502,0.0,0.0,0.0,2.4316282839389363e-05,0.9999999997043592,0.0006869046614237884,-0.0034148243565925215,0.0,0.0,0.0,0.0012646600684856888,1477,1530
0.0009715818149900951,-0.0006897476645767275,0.0,0.0,0.0,0.00016767072682992247,0.9999999859432636,-0.001071197377161679,-0.00362117044104439,0.0,0.0,0.0,0.0021550253947290386,1477,1530
0.0010918197961075676,-1.7873839203947175e-05,0.0,0.0,0.0,-2.286390496216718e-05,0.9999999997386209,0.0009019210522297912,0.005030086676823382,0.0,0.0,0.0,-0.0028531049980439513,1477,1530
0.001037969395706706,-0.0006305457251647284,0.0,0.0,0.0,0.00017363122988351814,0.9999999849260979,-0.0015687998193138698,-0.01785806073746928,0.0,0.0,0.0,0.011454770575705576,1477,1530
0.0009910661709127437,-6.268987256980915e-05,0.0,0.0,0.0,-1.033862549679384e-05,0.9999999999465564,-0.0004663374464451219,0.005669932665215644,0.0,0.0,0.0,-0.003673702864863244,1477,1530
0.0012921992428652769,-1.9268959334186342e-05,0.0,0.0,0.0,-2.9756182741378993e-05,0.9999999995572848,0.00460834301114144,0.0006645824444173455,0.0,0.0,0.0,-0.0005943088911951012,1477,1530
0.0009849835656281832,0.00037935009860191833,0.0,0.0,0.0,-0.00012456925258300474,0.9999999922412507,-0.0030711041308261653,0.003984334320570841,0.0,0.0,0.0,-0.0018954653049188903,1477,1530
0.0011119697901691148,-0.0003270580588610621,0.0,0.0,0.0,7.324725874166554e-05,0.9999999973174195,0.001270161455036072,-0.007055650985183957,0.0,0.0,0.0,0.003951785654940741,1477,1530
0.0010822557882115822,0.0003194250493571288,0.0,0.0,0.0,-0.0001299986549191495,0.9999999915501748,-0.0002965725669651782,0.006473160187235529,0.0,0.0,0.0,-0.004070128017725822,1477,1530
0.0010363655976820322,-5.059875623555888e-06,0.0,0.0,0.0,-9.518265991712159e-06,0.9999999999547013,-0.00045809946666828556,-0.003245260526840476,0.0,0.0,0.0,0.0024098246642593087,1477,1530
0.0011012814651695957,1.1737856985965488e-05,0.0,0.0,0.0,-1.2834546941611455e-05,0.9999999999176372,0.0006489997171201622,0.00016794937594442652,0.0,0.0,0.0,-6.630970467291567e-05,1477,1530
0.0009948454539006981,-0.00015732581080758843,0.0,0.0,0.0,4.6698322188448005e-05,0.9999999989096333,0.002121927249373214,0.003900572309184143,0.0,0.0,0.0,-0.0002148066434438347,1477,1530
0.0010224421426266411,-0.00032175456850199575,0.0,0.0,0.0,6.306971348463296e-05,0.9999999980111056,0.0002756617011782517,-0.0016434094689458485,0.0,0.0,0.0,0.0003272478400938258,1477,1530
0.0010255000394941481,-8.96103803122792e-05,0.0,0.0,0.0,-1.916062398598837e-06,0.9999999999981644,4.6460079731428104e-05,0.0034936160700324713,0.0,0.0,0.0,-0.0019559889200368766,1477,1530
0.0012021827335844397,0.00012712073243092048,0.0,0.0,0.0,-7.606027978718752e-05,0.9999999971074169,0.0017641019185286938,0.002163985360661996,0.0,0.0,0.0,-0.0014806042173850554,1477,1530
0.0010778274608082843,0.000400551768863419,0.0,0.0,0.0,-0.00014120598444193396,0.9999999900304349,-0.001243570715565723,0.0027332465238642093,0.0,0.0,0.0,-0.0013024973009553805,1477,1530
0.00113195618561238,0.00010444757898219349,0.0,0.0,0.0,-7.246288532869731e-05,0.9999999973745651,0.0005406960226199013,-0.0029530927498754578,0.0,0.0,0.0,0.0013712419106545316,1477,1530
0.00102624623472865,-0.00023383677988968578,0.0,0.0,0.0,4.506095531632797e-05,0.9999999989847551,-0.0031906306212196403,-0.01021559594804212,0.0,0.0,0.0,0.0070977074799585165,1477,1530
0.001110723805806245,7.410197035727497e-05,0.0,0.0,0.0,-4.587344541525569e-05,0.9999999989478134,0.0006337772451778611,0.0023094373291258504,0.0,0.0,0.0,-0.0013639887297893793,1477,1530
0.001065380518240006,0.00015090151440124322,0.0,0.0,0.0,-8.091495480522804e-05,0.9999999967263851,-0.0004420713693367173,0.0007485951651793482,0.0,0.0,0.0,-0.0006831635789485255,1477,1530
0.001009206123986871,-0.00011839620881147147,0.0,0.0,0.0,-6.366131265252804e-06,0.9999999999797362,-0.0008769069378456241,-0.004207261527628826,0.0,0.0,0.0,0.002329286785164064,1477,1530
0.0011093548106610068,-5.242888725732209e-06,0.0,0.0,0.0,-1.5330839763686107e-05,0.9999999998824827,0.001000991983530312,0.0011310030704855508,0.0,0.0,0.0,-0.00017920815006538407,1477,1530
0.0012072370132836135,6.789044510896203e-05,0.0,0.0,0.0,-6.032619586049142e-05,0.999999998180375,0.000979132506909857,0.0007316120984439149,0.0,0.0,0.0,-0.0009002131948384913,1477,1530
0.001195138701296157,0.0004297294634789488,0.0,0.0,0.0,-0.00016365291295934226,0.9999999866088619,-9.103153830579599e-05,0.002712791501447475,0.0,0.0,0.0,-0.0015493352567647859,1477,1530
0.0011118533374233548,0.0003477877112792454,0.0,0.0,0.0,-0.00014854963202092268,0.9999999889665033,-0.0006252377867661238,-0.0006155539271041839,0.0,0.0,0.0,0.00022683900365723744,1477,1530
0.00119750438173921,0.0003360077273139578,0.0,0.0,0.0,-0.00012479169494872,0.9999999922135164,0.0025602146210025427,-0.00035134315469392884,0.0,0.0,0.0,0.0014202497185803536,1477,1530
0.0010994733738842696,-0.00019636123906616046,0.0,0.0,0.0,2.436744779162434e-05,0.9999999997031137,-0.0005879555953022853,-0.0031974428351534147,0.0,0.0,0.0,0.0017916368480842576,1477,1530
0.0011381048720041055,-0.00022851440975774745,0.0,0.0,0.0,2.2304207854830036e-05,0.9999999997512612,0.0011523411118498752,-0.0009591937880091338,0.0,0.0,0.0,-0.0001230939914300621,1477,1530
0.001174697252853069,0.00021933100529263852,0.0,0.0,0.0,-9.837974901099087e-05,0.9999999951607125,0.00021987819788963533,0.0026895586040445343,0.0,0.0,0.0,-0.0014495526656747092,1477,1530
0.0011718909353212572,0.0004344723273575952,0.0,0.0,0.0,-0.00015290656483768104,0.9999999883097911,-8.505713701644906e-05,0.006423838217157077,0.0,0.0,0.0,-0.0032562071145568164,1477,1530
0.0011447159576806131,-0.0003413408171426671,0.0,0.0,0.0,6.090719784323192e-05,0.9999999981451566,-0.00016136556840304087,-0.004647418284177504,0.0,0.0,0.0,0.0025616255533291487,1477,1530
0.0010292960186608546,-0.0008285352232782481,0.0,0.0,0.0,0.00018684447427191563,0.9999999825445711,-0.0017383081264371089,-0.007333519127992654,0.0,0.0,0.0,0.003791464268583747,1477,1530
0.0010292960186608546,-0.0008285352232782481,0.0,0.0,0.0,0.00018684447427191563,0.9999999825445711,-0.0017383081264371089,-0.007333519127992654,0.0,0.0,0.0,0.003791464268583747,1477,1530
0.0012769294550296715,-0.00032548104171056184,0.0,0.0,0.0,3.68901639590802e-05,0.9999999993195579,0.0037257972617231426,0.007561626829538222,0.0,0.0,0.0,-0.00450888704291159,1477,1530
0.0010402922646099422,-0.0008925878643886104,0.0,0.0,0.0,0.00021386711146095875,0.9999999771304291,-0.0010135409032446074,-0.0024284714259134033,0.0,0.0,0.0,0.0015157521568024304,1477,1530
0.0013605888606671036,-0.00035605588416062046,0.0,0.0,0.0,5.7629645756581034e-05,0.999999998339412,0.0032090151461346373,0.0053702324653292334,0.0,0.0,0.0,-0.0031284095725438326,1477,1530
0.0012841084732334058,-0.0008589514523361241,0.0,0.0,0.0,0.00018348808781680723,0.9999999831660606,-0.0011490001998481515,-0.007549378496086929,0.0,0.0,0.0,0.0037787952119154532,1477,1530
0.0012841084732334058,-0.0008589514523361241,0.0,0.0,0.0,0.00018348808781680723,0.9999999831660606,-0.0011490001998481515,-0.007549378496086929,0.0,0.0,0.0,0.0037787952119154532,1477,1530
0.0012795746179064965,-0.00033677713183761593,0.0,0.0,0.0,3.3469545069871665e-05,0.9999999994398948,-2.1694659507243877e-05,0.0026088969840639413,0.0,0.0,0.0,-0.001499046156996555,1477,1530
0.0013686225700575221,-0.0007207913494314962,0.0,0.0,0.0,0.00013050623038793108,0.9999999914840619,0.0026685325656237617,-0.011511396208705615,0.0,0.0,0.0,0.005817547094123908,1477,1530
0.001214605202970653,-0.000491460610631259,0.0,0.0,0.0,5.894278945774419e-05,0.9999999982628738,-0.0007688111281697426,0.0011453999992010896,0.0,0.0,0.0,-0.0007147267091337427,1477,1530
0.0012281808543048109,-0.0010338076724605723,0.0,0.0,0.0,0.00023432942769349873,0.9999999725448593,0.0004077900749255025,-0.016368342440825922,0.0,0.0,0.0,0.010586505670729602,1477,1530
0.001225995906022977,-0.0005950529818376422,0.0,0.0,0.0,9.342205784666885e-05,0.9999999956361595,-9.825765115636556e-06,0.002178074415633167,0.0,0.0,0.0,-0.0013989870174955508,1477,1530
0.0012343363614369376,-0.0008831525918501339,0.0,0.0,0.0,0.00018359612838381425,0.9999999831462307,6.250283264252099e-05,-0.0021730363806653965,0.0,0.0,0.0,0.0013602967462735703,1477,1530
0.0010593087974731916,-0.0008325243025484809,0.0,0.0,0.0,0.00017550537076737574,0.9999999845989322,-0.0053958488576419114,0.0015629448928182834,0.0,0.0,0.0,-0.0004989059472645453,1477,1530
0.0010221422935260075,-0.0011401736315687736,0.0,0.0,0.0,0.00025794241121502567,0.9999999667328557,-0.0005539297955895683,-0.004571729714610726,0.0,0.0,0.0,0.0024501654697841875,1477,1530
0.0011065707143402626,-0.0010330025124333949,0.0,0.0,0.0,0.00025948744732749463,0.9999999663331318,0.0006363976522670745,0.0008069689538830743,0.0,0.0,0.0,2.327685497391016e-05,1477,1530
0.0011623776217498717,-0.0009839590456769862,0.0,0.0,0.0,0.00023757710849186406,0.9999999717785584,0.0005583626075962372,0.0004901792902396182,0.0,0.0,0.0,-0.00043823746684263764,1477,1530
0.001335819534796249,-0.00011552802858049436,0.0,0.0,0.0,-3.7734898767269045e-05,0.9999999992880387,0.0017378501810829854,0.008680013068861778,0.0,0.0,0.0,-0.0055040385050990435,1477,1530
0.0011046760040819524,-0.0007826987619517826,0.0,0.0,0.0,0.00018970844530654397,0.9999999820053528,-0.00345322363407455,-0.009969787896575684,0.0,0.0,0.0,0.006797368337583772,1477,1530
0.0013097399544091792,-0.00025875082356153936,0.0,0.0,0.0,2.8826325949531903e-05,0.9999999995845215,0.0012332239687886796,0.0031474255362296043,0.0,0.0,0.0,-0.0019331681502116247,1477,1530
0.001056163058281366,-0.0006499261760682851,0.0,0.0,0.0,0.0001397331328668909,0.9999999902373258,-0.0025311347014014126,-0.003904111430814135,0.0,0.0,0.0,0.0022138854826877375,1477,1530
0.001056163058281366,-0.0006499261760682851,0.0,0.0,0.0,0.0001397331328668909,0.9999999902373258,-0.0025311347014014126,-0.003904111430814135,0.0,0.0,0.0,0.0022138854826877375,1477,1530
0.001275439885988385,-0.0005801970486093596,0.0,0.0,0.0,9.801988614484598e-05,0.999999995196051,0.002194103994905148,0.0006970409038735294,0.0,0.0,0.0,-0.0008346989836256912,1477,1530
0.00129970397562696,-0.0001369611157458482,0.0,0.0,0.0,2.248859613254948e-05,0.9999999997471315,0.00036642812494549554,0.006669643632831169,0.0,0.0,0.0,-0.0022731559730808644,1477,1530
0.0013635601567267982,-0.00030263490865903254,0.0,0.0,0.0,2.6373166712429648e-05,0.9999999996522281,0.0004782031598227511,-0.0012408564000160544,0.0,0.0,0.0,5.818796837927657e-05,1477,1530
0.0011998339606118737,-0.00033409787160868464,0.0,0.0,0.0,3.253038973536905e-05,0.9999999994708869,-0.0016393113004435573,-0.0003149337873899304,0.0,0.0,0.0,0.00012329734922465117,1477,1530
0.0012739975154277914,-0.0006507977669047819,0.0,0.0,0.0,0.00011941279614715097,0.9999999928702921,0.0007402820619731291,-0.0031621458715440976,0.0,0.0,0.0,0.0017349589452454943,1477,1530
0.0012455306487559258,-0.0005708478865845671,0.0,0.0,0.0,9.22102288945932e-05,0.9999999957486368,-0.00017062793468629938,0.00047957508610867535,0.0,0.0,0.0,-0.0003263185552448671,1477,1530
0.0011199086725400301,-0.0009185207398256319,0.0,0.0,0.0,0.00023354449816043377,0.9999999727284833,-0.0035731653750140763,-0.009883430847660751,0.0,0.0,0.0,0.008036063726377876,1477,1530
0.0013326777289896263,-0.00026850898722607973,0.0,0.0,0.0,2.1862453074206287e-05,0.9999999997610166,0.0016210022942545962,0.004944366842481744,0.0,0.0,0.0,-0.0032208459146660044,1477,1530
0.0012077386517126503,-0.0008299484621899128,0.0,0.0,0.0,0.00017395876602769534,0.9999999848691737,-0.0018744169023502642,-0.0084213417453307,0.0,0.0,0.0,0.0045627981413185565,1477,1530
0.0011577178728702443,-0.00047298332397920475,0.0,0.0,0.0,9.522952682758754e-05,0.9999999954656686,-0.0003741523360774015,0.002676853603518782,0.0,0.0,0.0,-0.0011807113108559981,1477,1530
0.0012375494937702665,-0.0008148412344006915,0.0,0.0,0.0,0.00020086796240144567,0.9999999798260306,0.000797633189855225,-0.003418594344986181,0.0,0.0,0.0,0.0021126842243153034,1477,1530
0.0009701312876665209,-0.0011449703083335826,0.0,0.0,0.0,0.0003022792760762625,0.9999999543136187,-0.002004576378439681,-0.0024726276750930178,0.0,0.0,0.0,0.0015196121488510424,1477,1530
0.0010508080809045073,-0.0008587557870787876,0.0,0.0,0.0,0.00020879790225092695,0.9999999782017178,0.0006071720206321316,0.002149068738696053,0.0,0.0,0.0,-0.00140406699973546,1477,1530
0.0010508080809045073,-0.0008587557870787876,0.0,0.0,0.0,0.00020879790225092695,0.9999999782017178,0.0006071720206321316,0.002149068738696053,0.0,0.0,0.0,-0.00140406699973546,1477,1530
0.0012453056692243723,-0.00045122059413759124,0.0,0.0,0.0,5.314104522983634e-05,0.9999999985880147,0.001948314147324364,0.004077964850792971,0.0,0.0,0.0,-0.0031157543913818515,1477,1530
0.0010805002219439195,-0.0009434527352694883,0.0,0.0,0.0,0.00020850930740687288,0.9999999782619341,-0.0016493033115622707,-0.004924312922529587,0.0,0.0,0.0,0.0031087331033216215,1477,1530
0.001183373301096741,-0.0004936862937832029,0.0,0.0,0.0,6.870801303287768e-05,0.9999999976396045,0.0007648170801332494,0.0033374161599830678,0.0,0.0,0.0,-0.002074942047248428,1477,1530
0.001175356495987967,-0.0006797250047102584,0.0,0.0,0.0,0.0001487878404730516,0.9999999889310892,-0.00011918506377444885,-0.002757011285649524,0.0,0.0,0.0,0.0023735092281780327,1477,1530
0.0012572393221909814,-0.000803582837637541,0.0,0.0,0.0,0.0001877685020190408,0.9999999823714947,0.0008348392000962248,-0.0012636140453792697,0.0,0.0,0.0,0.0007952153673168289,1477,1530
0.0011386593628605372,-0.0010139471035848174,0.0,0.0,0.0,0.0002261325680072867,0.9999999744320305,-0.0008919311354347125,-0.0015809233587282042,0.0,0.0,0.0,0.0005767471481813351,1477,1530
0.0010454197872779704,-0.0011728693249134952,0.0,0.0,0.0,0.0002766121538975028,0.9999999617428574,-0.001392271691335368,-0.0023706007977671076,0.0,0.0,0.0,0.0015063812079494745,1477,1530
0.0011681884499555042,-0.0007092207678011823,0.0,0.0,0.0,0.00016303228238393814,0.9999999867102374,0.0012324945954905612,0.0046442582255205285,0.0,0.0,0.0,-0.002275739327067344,1477,1530
0.0011638420529412896,-0.0005670388349173603,0.0,0.0,0.0,0.00011349969059041063,0.9999999935589101,-2.149588229212538e-05,0.0007107745577464381,0.0,0.0,0.0,-0.0004952268771426301,1477,1530
0.0011372338351677942,-0.0007360108223341897,0.0,0.0,0.0,0.00014985614886290008,0.9999999887715673,-0.000802100286694717,-0.005086118509811397,0.0,0.0,0.0,0.002188763648395664,1477,1530
0.001078312690327373,-0.0009185953776113855,0.0,0.0,0.0,0.000221978556770898,0.9999999753627599,-0.0005901127179310545,-0.0018267649358128457,0.0,0.0,0.0,0.0014433141706537633,1477,1530
0.0013429759200962788,-0.0005841438276814713,0.0,0.0,0.0,7.328254764857225e-05,0.9999999973148341,0.0026211971634086746,0.0033093531219318406,0.0,0.0,0.0,-0.002943688525478461,1477,1530
0.001116964286474618,-0.00037737416404410294,0.0,0.0,0.0,6.82358240725028e-05,0.9999999976719361,-0.0022734082410693123,0.002080469073389429,0.0,0.0,0.0,-0.00010154169108644708,1477,1530
0.0013581239862571887,-0.0004357346134708481,0.0,0.0,0.0,6.137467007230176e-05,0.9999999981165749,0.0024203030298998248,-0.0005860610048967411,0.0,0.0,0.0,-0.00013772301483521413,1477,1530
0.001224709639910327,-0.0006488288941054418,0.0,0.0,0.0,0.0001266706376414747,0.9999999919772747,-0.0019940898192421347,-0.003184164238415018,0.0,0.0,0.0,0.0019515217975130874,1477,1530
0.001259830647623369,-0.0013102253900349838,0.0,0.0,0.0,0.0003751418040869575,0.999999929634311,0.00017488266033369518,-0.003309210940748617,0.0,0.0,0.0,0.002486352716283646,1477,1530
0.0012609284301213733,-0.0010751392670029275,0.0,0.0,0.0,0.0002733113606159468,0.9999999626504494,1.273985083316738e-05,0.0023505232589029024,0.0,0.0,0.0,-0.0020363238884831152,1477,1530
0.001170443172791311,-0.001100189308403365,0.0,0.0,0.0,0.0003001066220182904,0.9999999549680066,-0.001359108185276611,-0.00037545731692763875,0.0,0.0,0.0,0.0008048196345007746,1477,1530
0.0013190619041536943,-0.0006460440037324824,0.0,0.0,0.0,0.00017181732957379433,0.9999999852394025,0.0010837758120153917,0.0033050619436298238,0.0,0.0,0.0,-0.001867628885181754,1477,1530
0.0013157758932769391,-0.0005176552152044913,0.0,0.0,0.0,0.00012603857737070696,0.9999999920571385,-5.1772523009489895e-05,0.0020503674683768442,0.0,0.0,0.0,-0.0014621595291695944,1477,1530
0.001288332563625215,-0.000929627349226812,0.0,0.0,0.0,0.0002575809631820054,0.9999999668260232,-0.00027507291969007064,-0.0041136871845521,0.0,0.0,0.0,0.002627038553029495,1477,1530
0.0011217478276384879,-0.0012899297368742621,0.0,0.0,0.0,0.00036997320105941803,0.999999931559913,-0.0010001938847026546,-0.002160374490075159,0.0,0.0,0.0,0.0013481299191881134,1477,1530
0.0011936035229239345,-0.001257818828389666,0.0,0.0,0.0,0.0003535892793886969,0.9999999374873088,0.0010787039238205585,0.0004810944748907266,0.0,0.0,0.0,-0.0004917512641219095,1477,1530
0.001194127758214977,-0.0015250226623327637,0.0,0.0,0.0,0.00044467792393027857,0.9999999011307671,3.3524417760587936e-06,-0.002671800916482628,0.0,0.0,0.0,0.0018216090892353431,1477,1530
0.001241261500068929,-0.0012305339679351004,0.0,0.0,0.0,0.0003728606668877308,0.9999999304874592,0.00035525494839515093,0.0022070312433524393,0.0,0.0,0.0,-0.0010766156670834713,1477,1530
0.0013991831443697356,-0.0009682605606292157,0.0,0.0,0.0,0.0002762584639372471,0.9999999618406298,0.002380601684038959,0.003946996625207992,0.0,0.0,0.0,-0.002908872699853451,1477,1530
0.0013193738695624333,-0.0011103287252947362,0.0,0.0,0.0,0.0002967689815748664,0.9999999559640848,-0.0011800782558800285,-0.0020979370874181203,0.0,0.0,0.0,0.0006059505880141265,1477,1530
0.0013193738695624333,-0.0011103287252947362,0.0,0.0,0.0,0.0002967689815748664,0.9999999559640848,-0.0011800782558800285,-0.0020979370874181203,0.0,0.0,0.0,0.0006059505880141265,1477,1530
0.0012041387173295048,-0.001451074936034978,0.0,0.0,0.0,0.0004035156885388991,0.9999999185875412,-0.0011501527169084965,-0.0033943203870338903,0.0,0.0,0.0,0.002127127708420945,1477,1530
0.001293848510488367,-0.000548115716978812,0.0,0.0,0.0,0.00012638675948791587,0.9999999920131935,0.000546852583792221,0.005459466237729115,0.0,0.0,0.0,-0.003351420197335087,1477,1530
0.0011004232116534015,-0.0020631719091693977,0.0,0.0,0.0,0.0005798267362845077,0.9999998319004638,-0.0029036685155312872,-0.022698098028281672,0.0,0.0,0.0,0.013587031235165657,1477,1530
0.001274434082186628,-0.0009220189686499904,0.0,0.0,0.0,0.0002514465004190855,0.9999999683873282,0.0013144470745663267,0.008553492622640334,0.0,0.0,0.0,-0.004923611362224903,1477,1530
0.0013499108279752686,-0.0008725432145133451,0.0,0.0,0.0,0.0002532817886930996,0.9999999679241672,0.0010692159806020664,0.0007001131667150869,0.0,0.0,0.0,5.198086307122942e-05,1477,1530
0.0013006504550820551,-0.0007353985162404924,0.0,0.0,0.0,0.0001954142607128353,0.9999999809066331,-0.000380190084369868,0.0010601664349549572,0.0,0.0,0.0,-0.0008945013627906993,1477,1530
0.0013725744668368581,-0.0005520546558402605,0.0,0.0,0.0,0.00014630697621505366,0.9999999892971343,0.00043205347146007715,0.0011000968364758708,0.0,0.0,0.0,-0.0005893958712376898,1477,1530
0.0013725744668368581,-0.0005520546558402605,0.0,0.0,0.0,0.00014630697621505366,0.9999999892971343,0.00043205347146007715,0.0011000968364758708,0.0,0.0,0.0,-0.0005893958712376898,1477,1530
0.0012126597538284975,-0.000862937537063064,0.0,0.0,0.0,0.00024340886087361138,0.9999999703760628,-0.001199946565498423,-0.0023310840730571183,0.0,0.0,0.0,0.001456411782870981,1477,1530
0.0012491608582201957,-0.0010603105503158843,0.0,0.0,0.0,0.00031763847615384896,0.999999949552898,0.00035743054028072917,-0.0019380155446030757,0.0,0.0,0.0,0.001457597654435984,1477,1530
0.0013217942481056019,-0.0007378724285271136,0.0,0.0,0.0,0.00019596325170358357,0.9999999807992018,0.0011244282430117442,0.004976873543614538,0.0,0.0,0.0,-0.0037566836962280793,1477,1530
0.0013194110550613042,-0.0009778146144436412,0.0,0.0,0.0,0.00027556178208537494,0.9999999620328515,-2.474955602247276e-05,-0.002397206904165197,0.0,0.0,0.0,0.0015905073838259013,1477,1530
0.001346623136134823,-0.0012711601373311316,0.0,0.0,0.0,0.00032591771658046126,0.9999999468888195,0.0002704635036433453,-0.002933164780843467,0.0,0.0,0.0,0.0010069676899731339,1477,1530
0.0013840893539547366,-0.0009098859986150923,0.0,0.0,0.0,0.0002507782110326787,0.999999968555144,0.00022638361664598848,0.0021691594170628685,0.0,0.0,0.0,-0.0009023653152531685,1477,1530
0.0012789472165912646,-0.0011456861774307961,0.0,0.0,0.0,0.00034613155692875535,0.9999999400964709,-0.0010505867856619798,-0.002352956468024667,0.0,0.0,0.0,0.001903412448788716,1477,1530
0.0012473025385536006,-0.0008576349803392947,0.0,0.0,0.0,0.00022344895978105049,0.9999999750352808,-0.0002358365264067862,0.002160520752333697,0.0,0.0,0.0,-0.001840216025679814,1477,1530
0.0010850209383040008,-0.0015719032681643782,0.0,0.0,0.0,0.00041211220579429774,0.9999999150817613,-0.002441636595062859,-0.010724464196881618,0.0,0.0,0.0,0.005665988578718339,1477,1530
0.0012411367134800302,-0.0009698769772933441,0.0,0.0,0.0,0.0002927907647848984,0.9999999571367831,0.002349625331877189,0.00903017691296826,0.0,0.0,0.0,-0.0035803237077510885,1477,1530
0.0010666253093028918,-0.0016777896622457147,0.0,0.0,0.0,0.00044939610658536165,0.9999998990215646,-0.0013118099007232717,-0.005308033723504153,0.0,0.0,0.0,0.0023488395255004428,1477,1530
0.0013297973302321816,-0.0008104114623035986,0.0,0.0,0.0,0.00020413579385012884,0.9999999791642886,0.003961332502757827,0.013013886911047382,0.0,0.0,0.0,-0.007361637771192769,1477,1530
0.0012561514973640753,-0.0011414873531205747,0.0,0.0,0.0,0.0003219369749548653,0.9999999481782907,-0.0007376476735821107,-0.003309729816677166,0.0,0.0,0.0,0.0023555054883048995,1477,1530
0.001323208449749102,-0.000962607413313038,0.0,0.0,0.0,0.00025630106386860497,0.9999999671548818,0.0006719025598155344,0.0017888502546239203,0.0,0.0,0.0,-0.001313072805540727,1477,1530
0.0012802170744495177,-0.0009898842797113987,0.0,0.0,0.0,0.0002859837424438943,0.9999999591066486,-0.0004299890199535254,-0.0002725073773432394,0.0,0.0,0.0,0.0005935645585787924,1477,1530
0.0011422364180200153,-0.001144744353681422,0.0,0.0,0.0,0.0003439249558141795,0.9999999408578106,-0.001382627766702714,-0.0015499812556903708,0.0,0.0,0.0,0.001160448952929016,1477,1530
0.0011876536670806185,-0.0010573087298521985,0.0,0.0,0.0,0.0003275578326970558,0.9999999463529317,0.000272432207911463,0.0005235957545080435,0.0,0.0,0.0,-0.00019609448261911176,1477,1530
0.0012608884217644978,-0.0008948322778508867,0.0,0.0,0.0,0.00028526821397147436,0.9999999593110223,0.0005496273912364819,0.0012172577519394816,0.0,0.0,0.0,-0.0006338467408293206,1477,1530
0.0013502951133745316,-0.0010146019751269574,0.0,0.0,0.0,0.00027566556189211646,0.9999999620042482,0.002700593817783236,-0.0036220394654101974,0.0,0.0,0.0,-0.0005805539407471108,1477,1530
0.001127458316831697,-0.001102903111336443,0.0,0.0,0.0,0.0003439494570326949,0.9999999408493837,-0.001329770218350935,-0.0005260856378566166,0.0,0.0,0.0,0.0008147853182081014,1477,1530
0.001165909163765418,-0.0010980913484479734,0.0,0.0,0.0,0.0003130841645038655,0.9999999509891517,0.0005848183812760606,7.277597493245453e-05,0.0,0.0,0.0,-0.0009388111503694397,1477,1530
0.001165909163765418,-0.0010980913484479734,0.0,0.0,0.0,0.0003130841645038655,0.9999999509891517,0.0005848183812760606,7.277597493245453e-05,0.0,0.0,0.0,-0.0009388111503694397,1477,1530
0.001432040719452406,-0.000895738310085957,0.0,0.0,0.0,0.00024998753599937945,0.9999999687531155,0.007952754198666272,0.006039018982935716,0.0,0.0,0.0,-0.0037692133198137688,1477,1530
0.0012440063437575682,-0.0017013998040904224,0.0,0.0,0.0,0.00048160387437041536,0.9999998840288473,-0.001415628664912024,-0.006051801346304102,0.0,0.0,0.0,0.0034800221214279395,1477,1530
0.0014548314243849648,-0.0006551029749277881,0.0,0.0,0.0,0.00016519807546201855,0.9999999863547978,0.0015868456317960377,0.007836315578149613,0.0,0.0,0.0,-0.004740410530814736,1477,1530
0.001299641898865021,-0.0008512848282416452,0.0,0.0,0.0,0.00020980465673144558,0.9999999779910028,-0.0015518295062062013,-0.001960403900054946,0.0,0.0,0.0,0.0008917214489823489,1477,1530
0.0011610253870099425,-0.001236405447481308,0.0,0.0,0.0,0.0003536473751875768,0.9999999374667651,-0.0008316489974106937,-0.0023075454725931684,0.0,0.0,0.0,0.0017239990626588327,1477,1530
0.0011610253870099425,-0.001236405447481308,0.0,0.0,0.0,0.0003536473751875768,0.9999999374667651,0.0,0.0,0.0,0.0,0.0,-5.489366106252422e-19,1477,1530
0.0011610253870099425,-0.001236405447481308,0.0,0.0,0.0,0.0003536473751875768,0.9999999374667651,0.0,0.0,0.0,0.0,0.0,-2.7175849208674136e-19,1477,1530
0.0011610253870099425,-0.001236405447481308,0.0,0.0,0.0,0.0003536473751875768,0.9999999374667651,0.0,0.0,0.0,0.0,0.0,-3.617088242997032e-19,1477,1530
0.0011610253870099425,-0.001236405447481308,0.0,0.0,0.0,0.00035364737518757676,0.9999999374667651,0.0,0.0,0.0,0.0,0.0,-1.4488143952195973e-18,1477,1530
0.0012173384066994993,-0.001174394728443006,0.0,0.0,0.0,0.0003876660212644686,0.9999999248575252,0.0004230455982128114,0.00046518742823112254,0.0,0.0,0.0,0.0005107253339862096,1477,1530
0.0011772889605968638,-0.0010566727632331124,0.0,0.0,0.0,0.0003373102722459391,0.9999999431108885,-0.000399501704260145,0.0011772943555562025,0.0,0.0,0.0,-0.0010069136634849542,1477,1530
0.0010083484997385464,-0.0010565073177102801,0.0,0.0,0.0,0.0002994295534988301,0.9999999551709702,-0.0016894875823979733,2.7943015589912806e-06,0.0,0.0,0.0,-0.0007576522958167519,1477,1530
0.0012979593598296637,-0.0007182629775720538,0.0,0.0,0.0,0.0002332567383052496,0.9999999727956467,0.0021728397724818157,0.0025346441999721794,0.0,0.0,0.0,-0.0009922449768251071,1477,1530
0.0012108532744052826,-0.0011885279280657705,0.0,0.0,0.0,0.0003458930551315775,0.9999999401789954,-0.0013107207744467006,-0.0070578809912203114,0.0,0.0,0.0,0.0033812536434373016,1477,1530
0.001133302945905541,-0.001046112155668234,0.0,0.0,0.0,0.000319559122193711,0.9999999489409824,-0.0007743088235761793,0.0014243093020545685,0.0,0.0,0.0,-0.0005265365230038811,1477,1530
0.0011440754219349326,-0.0012896186776732497,0.0,0.0,0.0,0.0003671545455138922,0.9999999325987676,0.00015466078688297855,-0.003547378684232408,0.0,0.0,0.0,0.0013866919008335367,1477,1530
0.0011440754219349326,-0.0012896186776732497,0.0,0.0,0.0,0.0003671545455138922,0.9999999325987676,0.00015466078688297855,-0.003547378684232408,0.0,0.0,0.0,0.0013866919008335367,1477,1530
0.0011003232624569328,-0.0008002185983835854,0.0,0.0,0.0,0.0002468909852335959,0.9999999695224202,-0.0002633712075155363,0.0029705938671106664,0.0,0.0,0.0,-0.0014598724892852103,1477,1530
0.0011918139659431149,-0.0006307610480619629,0.0,0.0,0.0,0.00017682968589401114,0.999999984365631,0.0013749492119317678,0.0025436526411298285,0.0,0.0,0.0,-0.0021038797894640062,1477,1530
0.0012166817248719652,-0.0006916983491016381,0.0,0.0,0.0,0.00018792618260757442,0.9999999823418748,0.00024866845808437275,-0.0006099671922162725,0.0,0.0,0.0,0.00022211429282177676,1477,1530
0.00111143580652663,-0.0010213131335042123,0.0,0.0,0.0,0.0002839313712844607,0.9999999596914874,-0.0010517732290477714,-0.003289731832690347,0.0,0.0,0.0,0.001916596453254854,1477,1530
0.0011758103283342394,-0.0008319264394325331,0.0,0.0,0.0,0.00024807550388051896,0.9999999692292717,0.0006345722292123335,0.0018634070525519295,0.0,0.0,0.0,-0.0007057199954085763,1477,1530
0.0010745748153136643,-0.001104686802887324,0.0,0.0,0.0,0.00032114614155197947,0.9999999484325766,-0.0006142197702693566,-0.0016523879167619398,0.0,0.0,0.0,0.0008854900700699755,1477,1530
0.001144745672797073,-0.0010645351264012616,0.0,0.0,0.0,0.0002754030965352003,0.9999999620765665,0.0005258332243656638,0.0003004329568380509,0.0,0.0,0.0,-0.0006853096278486679,1477,1530
0.0010453125820110826,-0.0011280492915013457,0.0,0.0,0.0,0.0003089299347604811,0.9999999522811466,-0.0009945910837701802,-0.0006345367627439476,0.0,0.0,0.0,0.0006704764501498255,1477,1530
0.001092383179546443,-0.0011307957733113002,0.0,0.0,0.0,0.00033731119016337525,0.9999999431105788,0.0007060510254245709,-4.163450562637449e-05,0.0,0.0,0.0,0.0008514589929239058,1477,1530
0.0011010738058715613,-0.0008193301657208254,0.0,0.0,0.0,0.00024341032685781133,0.999999970375706,5.342648774372108e-05,0.0018695282885953007,0.0,0.0,0.0,-0.0011272748431605498,1477,1530
0.001089971261836621,-0.0011812634874623902,0.0,0.0,0.0,0.00033688266176454577,0.9999999432550345,-0.00011278739330392073,-0.00361927873905904,0.0,0.0,0.0,0.001869446774782681,1477,1530
0.001089971261836621,-0.0011812634874623902,0.0,0.0,0.0,0.00033688266176454577,0.9999999432550345,-0.00011278739330392073,-0.00361927873905904,0.0,0.0,0.0,0.001869446774782681,1477,1530
0.0012648481560044856,-0.0009492576653374048,0.0,0.0,0.0,0.0002717042584369782,0.9999999630883973,0.0017499467311518147,0.0023183693935718815,0.0,0.0,0.0,-0.001303281404301801,1477,1530
0.001193324537039369,-0.0007156140337485743,0.0,0.0,0.0,0.0001981719994122731,0.9999999803639291,-0.0007140878396355264,0.0023372219640784547,0.0,0.0,0.0,-0.0014708952722832305,1477,1530
0.0011732838838523975,-0.0008372967878475153,0.0,0.0,0.0,0.00025231175170184125,0.9999999681693894,-0.000150763087185499,-0.0009131454246892194,0.0,0.0,0.0,0.0008126163791290293,1477,1530
0.0010971200818617843,-0.0010520451634204748,0.0,0.0,0.0,0.0002940920310434022,0.9999999567549377,-0.0011428424065004655,-0.003217158096275081,0.0,0.0,0.0,0.0012520499525515655,1477,1530
0.0011472677750780846,-0.0008301250547717033,0.0,0.0,0.0,0.0002547722573895388,0.9999999675455479,0.0005014883042456364,0.002213195696985298,0.0,0.0,0.0,-0.0007843718232342521,1477,1530
0.0010869174881931786,-0.0013408082053639615,0.0,0.0,0.0,0.00039095877577508334,0.999999923575615,-0.00036393956310852305,-0.003066244344540906,0.0,0.0,0.0,0.0016354812677795698,1477,1530
0.0011555473287339884,-0.0011080468183583565,0.0,0.0,0.0,0.0003471209016282802,0.9999999397535381,0.0010334898284934488,0.0034950535126347425,0.0,0.0,0.0,-0.0013168086606416627,1477,1530
0.0011555473287339884,-0.0011080468183583565,0.0,0.0,0.0,0.0003471209016282802,0.9999999397535381,0.0010334898284934488,0.0034950535126347425,0.0,0.0,0.0,-0.0013168086606416627,1477,1530
0.001370597372675187,-0.0001800976464745869,0.0,0.0,0.0,6.267881286317216e-05,0.9999999980356832,0.0012936814422493386,0.005564716705191399,0.0,0.0,0.0,-0.003412029003465856,1477,1530
0.0010507454515971133,-0.0011136978552905674,0.0,0.0,0.0,0.00034142615671428904,0.9999999417140881,-0.003198282280498947,-0.009331495198143844,0.0,0.0,0.0,0.0055724950388576925,1477,1530
0.0011533145201727245,-0.0010267307737576292,0.0,0.0,0.0,0.00029035929039106717,0.9999999578457404,0.0015403429590352352,0.0013042313436810219,0.0,0.0,0.0,-0.0015329181519357332,1477,1530
0.0011382790159648382,-0.0006434000225582304,0.0,0.0,0.0,0.00020150544041998693,0.9999999796977785,-0.00014816302141713847,0.003834276063090521,0.0,0.0,0.0,-0.001777485873159912,1477,1530
0.001166780953019752,-0.0009466769618433346,0.0,0.0,0.0,0.0002812024582512614,0.999999960462588,0.000170306535903029,-0.0018200325328815408,0.0,0.0,0.0,0.0009565230238928882,1477,1530
0.0010869427982565215,-0.0009049817888990213,0.0,0.0,0.0,0.0002448756089980586,0.9999999700179676,-0.0007834263446590905,0.00040970236966621714,0.0,0.0,0.0,-0.0007131371627897692,1477,1530
0.0011166327063687846,-0.001057232029664212,0.0,0.0,0.0,0.00031258501837590685,0.9999999511453019,0.0009391558258701318,-0.004828590193896385,0.0,0.0,0.0,0.004294375085256423,1477,1530
0.001144042501495039,-0.0008080768895617149,0.0,0.0,0.0,0.0002466398265671379,0.9999999695843975,0.00013783535139607833,0.00124575829486178,0.0,0.0,0.0,-0.0006594882153600603,1477,1530
0.0012222787735064002,-0.0008899667678079498,0.0,0.0,0.0,0.0002695631905058102,0.9999999636678425,0.0007563487114642232,-0.0007924521757613367,0.0,0.0,0.0,0.00044345200898965944,1477,1530
0.0010972917217333187,-0.0010015865761431309,0.0,0.0,0.0,0.0002700473438900062,0.9999999635372154,-0.004174641476597964,-0.003724123933337118,0.0,0.0,0.0,3.232646069425995e-05,1477,1530
0.0010378736415365781,-0.0009344539376690642,0.0,0.0,0.0,0.00028158468023281927,0.9999999603550331,-0.0003565682914334455,0.0004033020894515774,0.0,0.0,0.0,0.0001385558378194578,1477,1530
0.0010650867823632515,-0.0013544149531657195,0.0,0.0,0.0,0.0004158446170771161,0.9999999135366234,0.0007687839083521178,-0.011968545867933956,0.0,0.0,0.0,0.007652319447415959,1477,1530
0.001146169723516818,-0.000891239688017356,0.0,0.0,0.0,0.00026024503943390535,0.9999999661362592,0.0004936953826514321,0.002806423999673857,0.0,0.0,0.0,-0.0018858612877803045,1477,1530
0.0011511919870097087,-0.0007404261094271867,0.0,0.0,0.0,0.0002119903797035974,0.9999999775300392,0.0001527997058701357,0.004517732434350516,0.0,0.0,0.0,-0.0028910587179557475,1477,1530
0.001127831739276237,-0.001185286840044972,0.0,0.0,0.0,0.00034020125168598037,0.9999999421315525,-0.00017657714673497207,-0.003335638717923424,0.0,0.0,0.0,0.00192273534047117,1477,1530
0.0012698875018837227,-0.000681848706901514,0.0,0.0,0.0,0.0002262129043867701,0.9999999744138606,0.0014246522892915905,0.005035780432001294,0.0,0.0,0.0,-0.002280839028050447,1477,1530
0.0011729531047446596,-0.0007454906343274246,0.0,0.0,0.0,0.00025590273256614963,0.9999999672568952,-0.0009691472310655281,-0.0006356628214952951,0.0,0.0,0.0,0.0005934998308591573,1477,1530
0.00120992206074309,-0.0011603572939292812,0.0,0.0,0.0,0.00033239213110828616,0.999999944757734,0.00027598375285157296,-0.0031151303923809778,0.0,0.0,0.0,0.0011486274897169778,1477,1530
0.0011834027817153128,-0.0011539775980002108,0.0,0.0,0.0,0.000350393567812698,0.999999938612172,-0.00039660507137267325,9.56895388186984e-05,0.0,0.0,0.0,0.0005385218084723112,1477,1530
0.001234802452960685,-0.0008216357019269217,0.0,0.0,0.0,0.0002627295871852605,0.9999999654865814,0.0005164392119787958,0.0033237891760200247,0.0,0.0,0.0,-0.0017536654996610536,1477,1530
0.001149039185345695,-0.0011605129829264933,0.0,0.0,0.0,0.0003265863132856097,0.9999999466706886,-0.0008602476596818625,-0.0033916115544286125,0.0,0.0,0.0,0.0012783746001606975,1477,1530
0.001074013499772281,-0.000976137582328085,0.0,0.0,0.0,0.00027630258911460353,0.9999999618284389,-0.0004495438296226874,0.001106822901662113,0.0,0.0,0.0,-0.0006035556061782277,1477,1530
0.0009962051966757829,-0.0009376818672342475,0.0,0.0,0.0,0.0002778360975973066,0.9999999614035506,-0.002322001205664436,0.0011492151191563576,0.0,0.0,0.0,9.155274875011118e-05,1477,1530
0.0011245250998457817,-0.0009349766359199663,0.0,0.0,0.0,0.00027056713625978556,0.9999999633967117,0.0009622540330770769,1.9751243651174253e-05,0.0,0.0,0.0,-0.00010901670894585147,1477,1530
0.001156618248593814,-0.0006287801730972086,0.0,0.0,0.0,0.0002064447054498102,0.9999999786902916,0.0002423235462186551,0.002299971089064279,0.0,0.0,0.0,-0.0009633561833916548,1477,1530
0.001156618248593814,-0.0006287801730972086,0.0,0.0,0.0,0.0002064447054498102,0.9999999786902916,0.0002423235462186551,0.002299971089064279,0.0,0.0,0.0,-0.0009633561833916548,1477,1530
0.001119348827355771,-0.0010784468027645365,0.0,0.0,0.0,0.00029732106669601077,0.9999999558000907,-0.0005611920626758152,-0.006737155062617509,0.0,0.0,0.0,0.0027232136895871434,1477,1530
0.0011066868322883226,-0.0010874096744125281,0.0,0.0,0.0,0.0003245436439912642,0.9999999473357102,-9.495388126153255e-05,-6.71289734862415e-05,0.0,0.0,0.0,0.0004081193149980381,1477,1530
0.0010712717494510949,-0.0010749636396882479,0.0,0.0,0.0,0.00032519339157328957,0.9999999471246276,-0.0005301083485190942,0.00018668432718433155,0.0,0.0,0.0,1.9455851488573304e-05,1477,1530
0.0010521241423893696,-0.0011865581526312448,0.0,0.0,0.0,0.0003846218140554683,0.9999999260330273,-0.0001924963454528439,-0.001117530181083943,0.0,0.0,0.0,0.0011903898203997668,1477,1530
0.001222019248582817,-0.00028855160324618137,0.0,0.0,0.0,0.00011616644456614351,0.9999999932526785,0.000852924943835099,0.0044893555181001596,0.0,0.0,0.0,-0.002684540332164719,1477,1530
0.0012054329344798078,-0.0009356388421275175,0.0,0.0,0.0,0.00029386491595549013,0.9999999568217047,-0.0002510485442883597,-0.009706201987050026,0.0,0.0,0.0,0.0053309275780345465,1477,1530
0.0011030090384158554,-0.0009114793029878082,0.0,0.0,0.0,0.00029176063172623064,0.999999957437866,-0.001024537341984366,0.00024230151508805388,0.0,0.0,0.0,-4.2103791019503e-05,1477,1530
0.0011508134868314643,-0.001023837322781335,0.0,0.0,0.0,0.00028978134867309324,0.9999999580133841,0.000476645203343717,-0.0011221084665490797,0.0,0.0,0.0,-3.952400528791967e-05,1477,1530
0.001079499446420597,-0.0008471761839655323,0.0,0.0,0.0,0.00027958290042460647,0.9999999609167002,-0.0007132504906010286,0.0017698384441469294,0.0,0.0,0.0,-0.00020429380037490224,1477,1530
0.0011749506289618623,-0.000830645782360455,0.0,0.0,0.0,0.00029695988350396315,0.9999999559074129,0.0009545372909293103,0.00016475872674897812,0.0,0.0,0.0,0.0003475153499398621,1477,1530
0.0011909668119116591,-0.0008657755255013604,0.0,0.0,0.0,0.00027724309763382484,0.9999999615681316,0.00015973751312803463,-0.0003509187524071193,0.0,0.0,0.0,-0.0003938040981031729,1477,1530
0.0010916208028858643,-0.0007691979864509044,0.0,0.0,0.0,0.00023919005828107532,0.9999999713940576,-0.0009942268656286317,0.00096759364960376,0.0,0.0,0.0,-0.0007620591097231425,1477,1530
0.0011150435511181336,-0.0010052537429169216,0.0,0.0,0.0,0.0003201896770989674,0.999999948739284,0.00023278162873579018,-0.0023574631943790157,0.0,0.0,0.0,0.0016177922409446803,1477,1530
0.0011150435511181336,-0.0010052537429169216,0.0,0.0,0.0,0.0003201896770989674,0.999999948739284,0.00023278162873579018,-0.0023574631943790157,0.0,0.0,0.0,0.0016177922409446803,1477,1530
0.0011046491181327122,-0.001145422383260578,0.0,0.0,0.0,0.00035209565494005723,0.999999938014323,-6.28729607614777e-05,-0.0008405413741552507,0.0,0.0,0.0,0.00038267582565232604,1477,1530
0.0012528384522665637,-0.0008235276429191792,0.0,0.0,0.0,0.0002542303762439137,0.9999999676834573,0.0014725705979559032,0.0031927759224414064,0.0,0.0,0.0,-0.00194202194878846,1477,1530
0.0012219520966505616,-0.001055103590965234,0.0,0.0,0.0,0.0002912136782783239,0.9999999575972959,-0.00047071476786866704,-0.003515625870889514,0.0,0.0,0.0,0.0011229861659565272,1477,1530
0.001210709698872379,-0.0010743707942874037,0.0,0.0,0.0,0.0003255791828444121,0.9999999469990964,-8.439791223319148e-05,-0.00014444766892531937,0.0,0.0,0.0,0.0005154568200875736,1477,1530
0.0011404652826223836,-0.0009325381760277173,0.0,0.0,0.0,0.00027416824565840983,0.9999999624158858,-0.0005268054358646279,0.0010654325718283287,0.0,0.0,0.0,-0.0007721389175918869,1477,1530
0.0011812559077498984,-0.0006499559701661859,0.0,0.0,0.0,0.0002227781041596178,0.9999999751849579,0.0006126457959218946,0.004227785205010985,0.0,0.0,0.0,-0.0015378443028462505,1477,1530
0.001145279346844597,-0.0009383540882290193,0.0,0.0,0.0,0.0002942119082198921,0.9999999567196757,-0.00036141557876499044,-0.002886736202131356,0.0,0.0,0.0,0.0014301205497813192,1477,1530
0.0010555731558772833,-0.0011040377081028242,0.0,0.0,0.0,0.00032480163033903064,0.9999999472519491,-0.0008979468815215488,-0.001656142445090286,0.0,0.0,0.0,0.0006117332982846388,1477,1530
0.0012160820208472012,-0.0006582186641694012,0.0,0.0,0.0,0.00019041863625837363,0.9999999818703713,0.0009648928982060204,0.0026745716013449263,0.0,0.0,0.0,-0.0016127669321308379,1477,1530
0.0010858602531504035,-0.0008622712079909647,0.0,0.0,0.0,0.0002544218254140431,0.9999999676347668,-0.0009770139771764616,-0.0015296587239683821,0.0,0.0,0.0,0.0009598199033635481,1477,1530
0.0010858602531504035,-0.0008622712079909647,0.0,0.0,0.0,0.0002544218254140431,0.9999999676347668,-0.0009770139771764616,-0.0015296587239683821,0.0,0.0,0.0,0.0009598199033635481,1477,1530
0.0011365312528334355,-0.0007158823489873879,0.0,0.0,0.0,0.0002180333355405778,0.999999976230732,0.0005075715630811312,0.0014639672768367086,0.0,0.0,0.0,-0.0007279372432208309,1477,1530
0.0011447929005181238,-0.0010054873185564913,0.0,0.0,0.0,0.00031036376530029717,0.9999999518371655,0.00024273787340558625,-0.008641162006964914,0.0,0.0,0.0,0.005509797576231735,1477,1530
0.001188040242452653,-0.0009814054849464054,0.0,0.0,0.0,0.00030209591729613705,0.9999999543690273,0.00032492607202118227,0.00018066757412007523,0.0,0.0,0.0,-0.00012419314869886657,1477,1530
0.0011504025666383862,-0.0012431607702328954,0.0,0.0,0.0,0.00035641826254801843,0.999999936483009,-0.00037762588265633125,-0.002615023750444965,0.0,0.0,0.0,0.0010854917308047527,1477,1530
0.0010418407670855483,-0.0010881486758819298,0.0,0.0,0.0,0.0003475415608820521,0.9999999396074299,-0.0006500939534784976,0.0009296590525247906,0.0,0.0,0.0,-0.00010641996614091052,1477,1530
0.0011781811541346403,-0.0008885054645572013,0.0,0.0,0.0,0.0002750803898081442,0.9999999621653889,0.0020535837543672556,0.003002578961476008,0.0,0.0,0.0,-0.0021806278920122133,1477,1530
0.0010156846162747842,-0.0010970425456006808,0.0,0.0,0.0,0.00035087241773559423,0.9999999384442714,-0.002435831543584714,-0.0031224370152675494,0.0,0.0,0.0,0.0022706501568382042,1477,1530
0.0008924440275552812,-0.0009603970530487273,0.0,0.0,0.0,0.000275446488812235,0.9999999620646152,-0.0007389019981642804,0.0008204293938403203,0.0,0.0,0.0,-0.0009051528278483415,1477,1530
0.0012578548786251764,-0.0008876667082234656,0.0,0.0,0.0,0.0002670071074392885,0.9999999643536016,0.005486591134046897,0.0010888936993286348,0.0,0.0,0.0,-0.00025340444641149874,1477,1530
0.0010818480845244463,-0.0010228688908437958,0.0,0.0,0.0,0.00031451204489463323,0.9999999505410856,-0.001301396665850152,-0.0009985822114991312,0.0,0.0,0.0,0.0007022163998522499,1477,1530
0.0010117105333886283,-0.000729936129429988,0.0,0.0,0.0,0.00021905813155814584,0.9999999760067672,-0.0022263223801153825,0.00932423607359234,0.0,0.0,0.0,-0.006075803865230517,1477,1530
0.0010885515172107394,-0.00084562196617602,0.0,0.0,0.0,0.00026105854165706734,0.9999999659242184,0.0005763133244437436,-0.0008684780622557251,0.0,0.0,0.0,0.0006304285566308455,1477,1530
0.0010439648141920283,-0.0012347691689718978,0.0,0.0,0.0,0.0003868139914652354,0.9999999251874652,-0.00033577130408402354,-0.0029171017457708497,0.0,0.0,0.0,0.001885473951716421,1477,1530
0.0011716459021995271,-0.0009485432573315087,0.0,0.0,0.0,0.00027954989234796313,0.9999999609259281,0.0012642582848038483,0.002828236678910966,0.0,0.0,0.0,-0.0021205144891015067,1477,1530
0.0011279160474059044,-0.0009286874212467015,0.0,0.0,0.0,0.00028618457447667666,0.9999999590491938,-0.0006679512706343998,0.00030373834768774655,0.0,0.0,0.0,0.0002027342905980062,1477,1530
0.0011656569526291738,-0.0010201663999692796,0.0,0.0,0.0,0.0002811151142354606,0.9999999604871455,0.00037691177680570874,-0.0009150697095491231,0.0,0.0,0.0,-0.00010139630664420874,1477,1530
0.001114892622917533,-0.0008326997697390534,0.0,0.0,0.0,0.00025635990553967265,0.9999999671397989,-0.0005019163813504899,0.0018576566351311708,0.0,0.0,0.0,-0.0004905372895899254,1477,1530
0.0010566244565823472,-0.0006557652250194198,0.0,0.0,0.0,0.00019188608150061276,0.9999999815898657,-0.000881823761375849,0.0026823354155495914,0.0,0.0,0.0,-0.001954522254974833,1477,1530
0.0011290098643259854,-0.0010663417725156718,0.0,0.0,0.0,0.00034430815677053436,0.9999999407259448,0.0005428052258035878,-0.003085765471992146,0.0,0.0,0.0,0.002290958941637533,1477,1530
0.0011290098643259854,-0.0010663417725156718,0.0,0.0,0.0,0.00034430815677053436,0.9999999407259448,0.0,0.0,0.0,0.0,0.0,2.5285635791993226e-19,1477,1530
0.0011290098643259854,-0.0010663417725156718,0.0,0.0,0.0,0.00034430815677053436,0.9999999407259448,0.0,0.0,0.0,0.0,0.0,1.0098035859599451e-19,1477,1530
0.0011290098643259854,-0.0010663417725156718,0.0,0.0,0.0,0.00034430815677053436,0.9999999407259448,0.0,0.0,0.0,0.0,0.0,2.530880922623769e-19,1477,1530
0.0011290098643259854,-0.0010663417725156718,0.0,0.0,0.0,0.00034430815677053447,0.9999999407259448,0.0,0.0,0.0,0.0,0.0,3.4895691597067916e-18,1477,1530
0.001020466850884639,-0.001343409069293437,0.0,0.0,0.0,0.00042299827618952747,0.9999999105362252,-0.0010882519391830102,-0.002772253558997677,0.0,0.0,0.0,0.001575125608496682,1477,1530
0.0008684599454709129,-0.0019134495061115069,0.0,0.0,0.0,0.000592519053966438,0.9999998244605699,-0.0011426513144681461,-0.004270536488923275,0.0,0.0,0.0,0.0025405508950153716,1477,1530
0.0010367626235699148,-0.00042648848796751496,0.0,0.0,0.0,0.00017660996210379753,0.9999999844044605,0.0012767425795872423,0.011161698240347151,0.0,0.0,0.0,-0.006244787820363032,1477,1530
0.001045485687946361,-0.0009680207159860543,0.0,0.0,0.0,0.00032383599310524156,0.9999999475651234,0.0001276735332993501,-0.008103782647163195,0.0,0.0,0.0,0.004406316055714735,1477,1530
0.0010439483642072118,-0.001225892628670346,0.0,0.0,0.0,0.0004390923736460326,0.9999999035989391,-2.5638808903051655e-05,-0.0038792156888589387,0.0,0.0,0.0,0.003467661187970513,1477,1530
0.001160580359746433,-0.0007445008211227208,0.0,0.0,0.0,0.00024364007246866287,0.9999999703197571,0.0007019940596328367,0.0028863612769796892,0.0,0.0,0.0,-0.0023443118471467126,1477,1530
0.0012093336124515842,-0.0004540541772885493,0.0,0.0,0.0,0.0001825781831833247,0.9999999833326034,0.0007325718535841606,0.0043512952903740415,0.0,0.0,0.0,-0.0018297342275997032,1477,1530
0.0010334571441653153,-0.0011619995336324587,0.0,0.0,0.0,0.0003801643204287772,0.9999999277375421,-0.0017633069438102043,-0.007086677078902254,0.0,0.0,0.0,0.003956114168780373,1477,1530
0.0010233457705744735,-0.0012140257110856132,0.0,0.0,0.0,0.0003816878945066636,0.9999999271571729,-7.618643073360863e-05,-0.0003904177070251226,0.0,0.0,0.0,2.2869964851240934e-05,1477,1530
0.0012436803595607295,-0.001365542675873289,0.0,0.0,0.0,0.00045552457412054344,0.9999998962486758,0.001319094445620242,-0.0009085824765850441,0.0,0.0,0.0,0.0008845524152312596,1477,1530
0.0012436803595607295,-0.001365542675873289,0.0,0.0,0.0,0.00045552457412054344,0.9999998962486758,0.001319094445620242,-0.0009085824765850441,0.0,0.0,0.0,0.0008845524152312596,1477,1530
0.001092938431309137,-0.0015970258284175637,0.0,0.0,0.0,0.0005068100214644641,0.9999998715717928,-0.001509995680660749,-0.0023141746259986193,0.0,0.0,0.0,0.0010260271336897284,1477,1530
0.0010655389745610187,-0.001154753676812607,0.0,0.0,0.0,0.000358544279330666,0.9999999357229978,-0.0008111951243963553,0.01331265642424307,0.0,0.0,0.0,-0.008925220058076588,1477,1530
0.001125548793879348,-0.0012564200453628422,0.0,0.0,0.0,0.00042229765948382603,0.9999999108323394,0.00044974712687458854,-0.0007631942759182481,0.0,0.0,0.0,0.0009567695917952856,1477,1530
0.0011365260457468814,-0.0013491871799431612,0.0,0.0,0.0,0.0004247729289739163,0.9999999097839753,4.667522010935925e-05,-0.0003973207118807852,0.0,0.0,0.0,2.1200999653951465e-05,1477,1530
0.001197663384561132,-0.0009728469033450234,0.0,0.0,0.0,0.00030694153641331944,0.9999999528934456,0.001838929833821065,0.011259371688275862,0.0,0.0,0.0,-0.0070515499845633135,1477,1530
0.0011495648343170246,-0.0012795435234865481,0.0,0.0,0.0,0.00040936671222006123,0.999999916209444,-0.0007265217795737272,-0.004614101612437152,0.0,0.0,0.0,0.00308217150118678,1477,1530
0.0011495648343170246,-0.0012795435234865481,0.0,0.0,0.0,0.00040936671222006123,0.999999916209444,-0.0007265217795737272,-0.004614101612437152,0.0,0.0,0.0,0.00308217150118678,1477,1530
0.0010216780437850245,-0.0014955253809244458,0.0,0.0,0.0,0.00046220150426322284,0.999999893184879,-0.001279228640696444,-0.0021563987600415682,0.0,0.0,0.0,0.0010555348524941659,1477,1530
0.0010729544681974564,-0.0010049837937784975,0.0,0.0,0.0,0.00032656193050898226,0.9999999466786513,0.0002587812813263366,0.0024537212852604497,0.0,0.0,0.0,-0.0013570879547647814,1477,1530
0.0009826419906294572,-0.001721977775296906,0.0,0.0,0.0,0.000519123567467862,0.9999998652553518,-0.0026903578270525324,-0.021246920646153758,0.0,0.0,0.0,0.011413428164714664,1477,1530
0.0011528638133819589,-0.00109974410966328,0.0,0.0,0.0,0.00034017126743275347,0.9999999421417527,0.0012860931463678862,0.004682116229109731,0.0,0.0,0.0,-0.002693888449860551,1477,1530
0.0011027700106886259,-0.0015315705732552136,0.0,0.0,0.0,0.0004576865118978255,0.999999895261523,-0.00030183952432886346,-0.002586589287508993,0.0,0.0,0.0,0.0014079162981178678,1477,1530
0.0010215663554241532,-0.0012377778670861414,0.0,0.0,0.0,0.0003914412791361088,0.9999999233868596,-0.00019725059047969012,-0.00017719368891488377,0.0,0.0,0.0,-0.0013660656180206655,1477,1530
0.0010215663554241532,-0.0012377778670861414,0.0,0.0,0.0,0.0003914412791361088,0.9999999233868596,-0.00019725059047969012,-0.00017719368891488377,0.0,0.0,0.0,-0.0013660656180206655,1477,1530
0.001077184871029299,-0.0013951867067774966,0.0,0.0,0.0,0.00047615879068861627,0.9999998866363966,0.000416065751006806,-0.0011804704884163654,0.0,0.0,0.0,0.0012703086563705644,1477,1530
0.0009721871614443991,-0.0009356805217867364,0.0,0.0,0.0,0.000288374880885992,0.9999999584199631,-0.001564029530523939,0.006874874243177885,0.0,0.0,0.0,-0.0056178158854543496,1477,1530
0.0010894310827353091,-0.0017839933629673075,0.0,0.0,0.0,0.0005311718610631487,0.9999998589282171,-0.000744241496415688,-0.01327230338495496,0.0,0.0,0.0,0.0076568409914454,1477,1530
0.0009785757614884628,-0.0012235036161068141,0.0,0.0,0.0,0.0003832162914942041,0.9999999265726343,-0.001104896444732292,0.0056177569045749295,0.0,0.0,0.0,-0.0029652794738536073,1477,1530
0.0011096013204454824,-0.0011982809528226905,0.0,0.0,0.0,0.00037430666998542275,0.999999929947256,0.0009824998833633913,0.00018835224155057306,0.0,0.0,0.0,-0.00013359857470488353,1477,1530
0.001140496807402345,-0.0010009331173786618,0.0,0.0,0.0,0.0003333233599260938,0.9999999444477673,0.00046510870657267655,0.002956440299846285,0.0,0.0,0.0,-0.0012280748116976423,1477,1530
0.00108485147510921,-0.0012893415434451013,0.0,0.0,0.0,0.0004154358006754381,0.999999913706544,-0.0008140301841091015,-0.0042040304721014336,0.0,0.0,0.0,0.0023941582772424035,1477,1530
0.0011300333684330392,-0.0010986893117050347,0.0,0.0,0.0,0.00036563903762458017,0.9999999331540449,0.0006749074909145648,0.0028373716222550006,0.0,0.0,0.0,-0.001482487848553475,1477,1530
0.0011489052512420076,-0.0010202498533221542,0.0,0.0,0.0,0.00033164580956479355,0.9999999450055269,0.00019415400442323748,0.0008043985067718141,0.0,0.0,0.0,-0.000697325636351056,1477,1530
0.0011652706646411548,-0.0010390372798708956,0.0,0.0,0.0,0.0003130903718110396,0.9999999509872083,0.00012261799015655229,-0.00014095360444552356,0.0,0.0,0.0,-0.0002782654927020878,1477,1530
0.001100840107247117,-0.0011736611876861378,0.0,0.0,0.0,0.0003906683029886279,0.9999999236891356,-0.0004749745535303869,-0.0009908379439416402,0.0,0.0,0.0,0.0011422966681691703,1477,1530
0.001211415989327332,-0.0015255438943292238,0.0,0.0,0.0,0.0004546844643805577,0.9999998966310136,0.0017186448761888145,-0.005484177008227154,0.0,0.0,0.0,0.0019949256634585076,1477,1530
0.0008941425167240903,-0.001886204416348145,0.0,0.0,0.0,0.0006080449368139557,0.9999998151406603,-0.002380944388813145,-0.0027015799501202975,0.0,0.0,0.0,0.002299378432647577,1477,1530
0.0011189136166336261,-0.0010472082868378948,0.0,0.0,0.0,0.00036222452681202263,0.999999934396694,0.003396020698992317,0.012614829475194716,0.0,0.0,0.0,-0.00739454140125925,1477,1530
0.0010205190060741157,-0.0010779643217092407,0.0,0.0,0.0,0.00037977140903996585,0.9999999278868359,-0.0005895943993239896,-0.00018382574553974383,0.0,0.0,0.0,0.00021023925324658695,1477,1530
