Position_X,Position_Y,Position_Z,Orientation_X,Orientation_Y,Orientation_Z,Orientation_W,Twist_Linear_X,Twist_Linear_Y,Twist_Linear_Z,Twist_Angular_X,Twist_Angular_Y,Twist_Angular_Z,Steer_PWM,Throttle_PWM
0.0008625884436435539,0.00033017445990715514,0.0,0.0,0.0,-0.00015719512192166631,0.9999999876448468,-0.0010035144229035902,0.0034160195346936784,0.0,0.0,0.0,-0.0026518525757821872,1477,1530
0.0008772673460843168,-0.0004054549440306778,0.0,0.0,0.0,8.693791376255046e-05,0.9999999962208995,0.00014848998546137385,-0.007326064142521974,0.0,0.0,0.0,0.004862626658487618,1477,1530
0.0008497625741450853,-0.0005785578567033679,0.0,0.0,0.0,0.00014143956438338512,0.9999999899974248,-0.00020689531532642482,-0.001300648660573112,0.0,0.0,0.0,0.0008190440911278925,1477,1530
0.0008533348558237112,-3.9142575611829074e-05,0.0,0.0,0.0,-2.0245781808235548e-05,0.9999999997950542,0.00011154645760878723,0.016153512681863037,0.0,0.0,0.0,-0.009683786779272499,1477,1530
0.000851784679850985,0.00022142714303206645,0.0,0.0,0.0,-8.322935406000226e-05,0.9999999965364373,-7.804609810187403e-06,0.0013030111547005165,0.0,0.0,0.0,-0.0006299144623561119,1477,1530
0.000851784679850985,0.00022142714303206645,0.0,0.0,0.0,-8.322935406000226e-05,0.9999999965364373,-7.804609810187403e-06,0.0013030111547005165,0.0,0.0,0.0,-0.0006299144623561119,1477,1530
0.000851784679850985,0.00022142714303206645,0.0,0.0,0.0,-8.322935406000226e-05,0.9999999965364373,-7.804609810187403e-06,0.0013030111547005165,0.0,0.0,0.0,-0.0006299144623561119,1477,1530
0.0010037860403147615,0.00036651674330136707,0.0,0.0,0.0,-0.00018663225673524276,0.9999999825842002,0.002284444014168273,0.002181293312627964,0.0,0.0,0.0,-0.0031085996205550757,1477,1530
0.0009145737518700407,-8.850745236031228e-05,0.0,0.0,0.0,-3.191264967717414e-06,0.9999999999949079,-0.00029669735914543383,-0.0015162921300851029,0.0,0.0,0.0,0.0012224835516217508,1477,1530
0.0008403343222885637,-0.00017672619389177318,0.0,0.0,0.0,2.331478980577447e-05,0.9999999997282103,-0.0011141958055111251,-0.0013240164395174202,0.0,0.0,0.0,0.0007956192337537388,1477,1530
0.0008403343222885637,-0.00017672619389177318,0.0,0.0,0.0,2.331478980577447e-05,0.9999999997282103,0.0,0.0,0.0,0.0,0.0,-4.4322476638687304e-20,1477,1530
0.0008403343222885637,-0.00017672619389177318,0.0,0.0,0.0,2.331478980577447e-05,0.9999999997282103,0.0,0.0,0.0,0.0,0.0,-1.2598297033260357e-20,1477,1530
0.0008403343222885637,-0.00017672619389177318,0.0,0.0,0.0,2.331478980577447e-05,0.9999999997282103,0.0,0.0,0.0,0.0,0.0,-2.9313800290362236e-20,1477,1530
0.0008403343222885637,-0.00017672619389177318,0.0,0.0,0.0,2.331478980577447e-05,0.9999999997282103,0.0,0.0,0.0,0.0,0.0,-2.9313800290362236e-20,1477,1530
0.0008403343222885637,-0.00017672619389177318,0.0,0.0,0.0,2.331478980577447e-05,0.9999999997282103,0.0,0.0,0.0,0.0,0.0,-2.903976922637625e-20,1477,1530
0.0007739217903929557,-0.0003103014952347822,0.0,0.0,0.0,5.0154003342857954e-05,0.999999998742288,-0.001019020856158477,-0.0020493134968218147,0.0,0.0,0.0,0.0008235540144149322,1477,1530
0.0007739217903929557,-0.0003103014952347822,0.0,0.0,0.0,5.0154003342857954e-05,0.999999998742288,-0.001019020856158477,-0.0020493134968218147,0.0,0.0,0.0,0.0008235540144149322,1477,1530
0.0009197563644199867,-8.035091925200498e-05,0.0,0.0,0.0,-4.079958195361995e-05,0.999999999167697,0.0006249416830648749,0.0009851836227603224,0.0,0.0,0.0,-0.0007793995150125577,1477,1530
0.0009036201976188663,0.00043310184310403784,0.0,0.0,0.0,-0.0001705762570154998,0.9999999854518702,-0.00016176122928727448,0.00513389837168471,0.0,0.0,0.0,-0.002595222083619293,1477,1530
0.000966201988049831,-0.00014512263425013963,0.0,0.0,0.0,-1.7509910180301538e-06,0.999999999998467,0.00047159034209542044,-0.004343407504176704,0.0,0.0,0.0,0.002536399183045354,1477,1530
0.0008692376150654983,-0.000588896984322557,0.0,0.0,0.0,0.00011721817120102817,0.9999999931299501,-0.0014494994901476383,-0.006633998409979797,0.0,0.0,0.0,0.003556945681431795,1477,1530
0.0007330615435523808,-0.0004491040071895948,0.0,0.0,0.0,9.681100328881382e-05,0.9999999953138148,-0.000817122884870596,0.0008392196161844049,0.0,0.0,0.0,-0.0002449648950322569,1477,1530
0.0007330615435523808,-0.0004491040071895948,0.0,0.0,0.0,9.681100328881382e-05,0.9999999953138148,-0.000817122884870596,0.0008392196161844049,0.0,0.0,0.0,-0.0002449648950322569,1477,1530
0.0009399191622451609,-0.00045592308478944945,0.0,0.0,0.0,0.0001031619339891171,0.9999999946788076,0.002037732058867396,-6.756897795407746e-05,0.0,0.0,0.0,0.00012512546633470218,1477,1530
0.0008171290359861043,-0.00012895077784082063,0.0,0.0,0.0,2.3099479374487493e-05,0.999999999733207,-0.0007412982190066183,0.0019752078484742658,0.0,0.0,0.0,-0.0009672240543400341,1477,1530
0.0005981874158181541,-4.7986565519935796e-05,0.0,0.0,0.0,-1.9404443618700923e-05,0.9999999998117338,-0.002201885504384882,0.0008143688863681509,0.0,0.0,0.0,-0.0008549344875626074,1477,1530
0.0008774174694665577,-0.00018874063908351637,0.0,0.0,0.0,3.093693780176707e-07,0.9999999999999521,0.004174423188828161,-0.0021040369079997658,0.0,0.0,0.0,0.0005894221430562525,1477,1530
0.000824399794432127,-0.000222988850952814,0.0,0.0,0.0,3.181618984088214e-05,0.999999999493865,-0.0003979112595700727,-0.0002570412718793213,0.0,0.0,0.0,0.0004729333602975011,1477,1530
0.0008817897815572249,-0.00022418122582436412,0.0,0.0,0.0,1.3495795448862085e-05,0.9999999999089317,0.0004306967492083168,-8.975877722046277e-06,0.0,0.0,0.0,-0.000274979840688535,1477,1530
0.0009184117615925099,-0.0001887656271553543,0.0,0.0,0.0,1.2988934632551948e-05,0.9999999999156438,0.0005315915397107869,0.0005140523735445692,0.0,0.0,0.0,-1.4714435903634979e-05,1477,1530
0.0009184117615925099,-0.0001887656271553543,0.0,0.0,0.0,1.2988934632551948e-05,0.9999999999156438,0.0005315915397107869,0.0005140523735445692,0.0,0.0,0.0,-1.4714435903634979e-05,1477,1530
0.0008296975883191654,-0.00041497709175211754,0.0,0.0,0.0,5.3138287368163565e-05,0.9999999985881612,-0.0006767356959211534,-0.0017254703273473593,0.0,0.0,0.0,0.0006124996605563288,1477,1530
0.0009208173546765171,-0.00018540374266463845,0.0,0.0,0.0,1.3341739322269258e-05,0.999999999910999,0.0013621701082321789,0.0034308807803552673,0.0,0.0,0.0,-0.0011895367894666446,1477,1530
0.0007917138997605561,-0.00012949106385084846,0.0,0.0,0.0,2.3780468578568988e-05,0.9999999997172446,-0.0012931533322505006,0.0005600853781055414,0.0,0.0,0.0,0.00020911963255282605,1477,1530
0.0008683368115487058,-0.00038324360343274606,0.0,0.0,0.0,8.417696411088465e-05,0.9999999964571193,0.000328429774816956,-0.0010878497477209916,0.0,0.0,0.0,0.000517838119836456,1477,1530
0.0010089644272763384,0.0002799598144309347,0.0,0.0,0.0,-0.00013499572588038347,0.999999990888077,0.0014048218423778197,0.006619683312075284,0.0,0.0,0.0,-0.0043754467074449835,1477,1530
0.0008633715480992807,-0.00021507679246047747,0.0,0.0,0.0,5.017913647724051e-05,0.9999999987410271,-0.0014555382820791698,-0.004953979063200352,0.0,0.0,0.0,0.0037059060735566036,1477,1530
0.0008633715480992807,-0.00021507679246047747,0.0,0.0,0.0,5.017913647724051e-05,0.9999999987410271,-0.0014555382820791698,-0.004953979063200352,0.0,0.0,0.0,0.0037059060735566036,1477,1530
0.0009050678157860477,-0.0005408383426208753,0.0,0.0,0.0,0.000136340016868829,0.9999999907056999,0.0006216124522232182,-0.004860361552932585,0.0,0.0,0.0,0.0025710072565854544,1477,1530
0.0008692943275520046,0.00011522892558323179,0.0,0.0,0.0,-9.084586133802044e-05,0.9999999958735147,-0.00021411567890351098,0.0039465651980825954,0.0,0.0,0.0,-0.0027332275842143366,1477,1530
0.0007448751591863697,-8.669405412364129e-05,0.0,0.0,0.0,-2.7652378145293967e-05,0.9999999996176729,-0.000932311533194666,-0.0015136874390568032,0.0,0.0,0.0,0.0009473362156926353,1477,1530
0.0008308732555919731,-0.00021799684725119607,0.0,0.0,0.0,1.2690977376242446e-05,0.9999999999194695,0.0008603288846736684,-0.0013134006564399711,0.0,0.0,0.0,0.0008071253904140815,1477,1530
0.0008572627486989143,-1.5800991316933846e-05,0.0,0.0,0.0,-3.165098546519527e-05,0.9999999994991076,0.0003953244151228389,0.0030283700937920022,0.0,0.0,0.0,-0.0013282598538958475,1477,1530
0.0008928919583297413,-2.1895948145326476e-06,0.0,0.0,0.0,-5.216681927689418e-05,0.9999999986393114,0.000356383266626817,0.00013617464764455057,0.0,0.0,0.0,-0.0004104315974199991,1477,1530
0.0009878865957327909,-0.00018597375131635427,0.0,0.0,0.0,1.5951586853934077e-05,0.9999999998727734,0.0005697569695479029,-0.0011020151135473298,0.0,0.0,0.0,0.0008169535757844847,1477,1530
0.0007947812141468423,-0.00046003229680267486,0.0,0.0,0.0,0.00011149319632156003,0.9999999937846336,-0.0019112073555323744,-0.002712235233240488,0.0,0.0,0.0,0.00189110793528668,1477,1530
0.0009034132606782992,1.691789379871096e-05,0.0,0.0,0.0,-6.15832481611136e-05,0.9999999981037517,0.0016614979866228124,0.0072873201612883,0.0,0.0,0.0,-0.005289137422867476,1477,1530
0.00070143255941307,-0.00011947707275202624,0.0,0.0,0.0,2.1523050067305062e-05,0.9999999997683792,-0.0015123171075366753,-0.001021519497187746,0.0,0.0,0.0,0.0012446093207335548,1477,1530
0.00070143255941307,-0.00011947707275202624,0.0,0.0,0.0,2.1523050067305062e-05,0.9999999997683792,-0.0015123171075366753,-0.001021519497187746,0.0,0.0,0.0,0.0012446093207335548,1477,1530
0.0009473529865162813,-3.3439177089878924e-05,0.0,0.0,0.0,-4.00836773126e-05,0.9999999991966494,0.0074387214298621065,0.002602156977226463,0.0,0.0,0.0,-0.0037269647521675922,1477,1530
0.000924745758069229,5.248888950998698e-05,0.0,0.0,0.0,-7.040649079627008e-05,0.999999997521463,-0.00011296326989454025,0.00042922350747812523,0.0,0.0,0.0,-0.000302940341939736,1477,1530
0.0007529913061478299,-0.00020004258802516057,0.0,0.0,0.0,3.487298107788337e-05,0.9999999993919376,-0.0025728374587356048,-0.0037840022217750183,0.0,0.0,0.0,0.0031547719384776816,1477,1530
0.0008529478369919532,-2.899917631634199e-05,0.0,0.0,0.0,-4.131941403938834e-05,0.999999999146353,0.0009731089952236118,0.0016648960851971173,0.0,0.0,0.0,-0.0014833379420501644,1477,1530
0.0010303279961146252,1.1857470792382677e-05,0.0,0.0,0.0,-4.772796631982335e-05,0.9999999988610206,0.0008992804924461622,0.0002072129579132231,0.0,0.0,0.0,-6.49812899494951e-05,1477,1530
0.0010303279961146252,1.1857470792382677e-05,0.0,0.0,0.0,-4.772796631982335e-05,0.9999999988610206,0.0008992804924461622,0.0002072129579132231,0.0,0.0,0.0,-6.49812899494951e-05,1477,1530
0.0007472770162354724,-0.0001490170594033131,0.0,0.0,0.0,1.577136906423667e-05,0.9999999998756319,-0.0028262581472993722,-0.0016066857891857088,0.0,0.0,0.0,0.0012681478927587181,1477,1530
0.0009026563224873577,-2.5632306487708898e-05,0.0,0.0,0.0,-2.800639226813938e-05,0.9999999996078209,0.0011662165769834075,0.0009260179361998291,0.0,0.0,0.0,-0.0006571412043607669,1477,1530
0.0007900888704547551,-1.082198762566394e-06,0.0,0.0,0.0,-3.8454578862186254e-05,0.9999999992606227,-0.0016930189047362014,0.0003691352454533964,0.0,0.0,0.0,-0.00031427843584518224,1477,1530
0.0008089093386189965,-0.00019177074346885762,0.0,0.0,0.0,1.2229351513116807e-05,0.9999999999252215,0.00011295026148342384,-0.001143509658878689,0.0,0.0,0.0,0.0006078813399624047,1477,1530
0.000826830931624165,7.090799327287724e-06,0.0,0.0,0.0,-3.132912937019388e-05,0.9999999995092428,0.000134409447974284,0.0014910258854762771,0.0,0.0,0.0,-0.0006531877886657815,1477,1530
0.000826830931624165,7.090799327287724e-06,0.0,0.0,0.0,-3.132912937019388e-05,0.9999999995092428,0.000134409447974284,0.0014910258854762771,0.0,0.0,0.0,-0.0006531877886657815,1477,1530
0.0009034495619305147,-0.00024844999871741766,0.0,0.0,0.0,4.3091952047268276e-05,0.9999999990715418,0.0005740551615195832,-0.0019141703315663401,0.0,0.0,0.0,0.0011149476223020246,1477,1530
0.0008940837232974137,0.00020678042305160443,0.0,0.0,0.0,-8.875474510819465e-05,0.9999999960612976,-0.00028279578724510674,0.013803251281470898,0.0,0.0,0.0,-0.00799555469395582,1477,1530
0.000841864870272119,-9.442662448431554e-06,0.0,0.0,0.0,-3.068330776548534e-05,0.9999999995292673,-0.0002229763118780077,-0.0009239988010983178,0.0,0.0,0.0,0.0004962988951429545,1477,1530
0.0008331141586890836,-0.00048474848357894914,0.0,0.0,0.0,8.835460024259928e-05,0.9999999960967323,-8.774806733861751e-05,-0.004782090863914992,0.0,0.0,0.0,0.002395297613448192,1477,1530
0.0008331141586890836,-0.00048474848357894914,0.0,0.0,0.0,8.835460024259928e-05,0.9999999960967323,-8.774806733861751e-05,-0.004782090863914992,0.0,0.0,0.0,0.002395297613448192,1477,1530
0.0009595619768005967,-0.0006026857952648033,0.0,0.0,0.0,0.00013291434058049003,0.999999991166889,0.0018949739276241493,-0.001768059929811666,0.0,0.0,0.0,0.0013357837012916197,1477,1530
0.0008446835107011147,0.0002750131622034761,0.0,0.0,0.0,-0.00011456959828962903,0.9999999934369036,-0.0006877787045713026,0.00526567118674836,0.0,0.0,0.0,-0.0029694093429774426,1477,1530
0.0007748360940723035,-0.0005633282467072412,0.0,0.0,0.0,0.0001160199771311814,0.9999999932696825,-0.0010459070530573539,-0.012588326851903656,0.0,0.0,0.0,0.006924819781022564,1477,1530
0.0008316975389681144,-0.0008040538914287428,0.0,0.0,0.0,0.0001852535240322536,0.9999999828405658,0.00033244525374440267,-0.0014088840323039794,0.0,0.0,0.0,0.0008103556772917074,1477,1530
0.0007803794822179935,-0.00048687420685704515,0.0,0.0,0.0,0.00011478404536552167,0.9999999934123115,-0.0008176909403530332,0.005065776742407606,0.0,0.0,0.0,-0.0022508457715589847,1477,1530
0.0009365054641760547,-0.000440588674691921,0.0,0.0,0.0,0.00010787230233893191,0.9999999941817832,0.0011705533787040826,0.00034673311043887316,0.0,0.0,0.0,-0.0001036344331813508,1477,1530
0.0008395458858051921,0.00018018157993844266,0.0,0.0,0.0,-0.00010385483043920251,0.9999999946070871,-0.0014559591038289007,0.009334784275732578,0.0,0.0,0.0,-0.006367446027762313,1477,1530
0.0008395458858051921,0.00018018157993844266,0.0,0.0,0.0,-0.00010385483043920251,0.9999999946070871,-0.0014559591038289007,0.009334784275732578,0.0,0.0,0.0,-0.006367446027762313,1477,1530
0.000784001183641369,-0.0002695409659649006,0.0,0.0,0.0,2.312596864255191e-05,0.9999999997325948,-0.00041540280211432455,-0.0033690973973186577,0.0,0.0,0.0,0.0019025050780484653,1477,1530
0.0008193969478542093,-0.0005118975148767532,0.0,0.0,0.0,9.603267318246883e-05,0.9999999953888629,0.00021253133631897415,-0.0014556834049605628,0.0,0.0,0.0,0.0008758035523947154,1477,1530
0.0008758220422819546,-0.0007103988796275926,0.0,0.0,0.0,0.00016866445066455435,0.9999999857761515,0.0005631151072943344,-0.001982465480204788,0.0,0.0,0.0,0.001450691634615711,1477,1530
0.0006656012750807356,-0.0008877918902961611,0.0,0.0,0.0,0.000260666378090602,0.9999999660265191,-0.0015768600494110924,-0.0013297095477923081,0.0,0.0,0.0,0.0013798150703913956,1477,1530
0.000861218020253818,-0.0004077410724555749,0.0,0.0,0.0,8.184655181098235e-05,0.9999999966505709,0.005882244723329489,0.01441374170193845,0.0,0.0,0.0,-0.01074057470041134,1477,1530
0.0008023594728612596,-0.0014153947003484643,0.0,0.0,0.0,0.0003490306303516259,0.9999999390888077,-0.0002530601338247959,-0.004320220802071555,0.0,0.0,0.0,0.002291075526451076,1477,1530
0.000803552599594515,-0.0009538298931971604,0.0,0.0,0.0,0.0002585814783125673,0.999999966567809,1.507923032019807e-05,0.004593086563154466,0.0,0.0,0.0,-0.0018001444133445984,1477,1530
0.0008503706885300231,-0.0006008263123921764,0.0,0.0,0.0,0.00014947632367926463,0.9999999888284142,0.00047156258697730473,0.0035414800944894584,0.0,0.0,0.0,-0.002189327916963149,1477,1530
0.0008643716275633209,-0.001055513859370966,0.0,0.0,0.0,0.00027931432061407437,0.9999999609917544,0.00013871389202308452,-0.004549009667229013,0.0,0.0,0.0,0.002597955052228725,1477,1530
0.0006991458874134569,-0.0008116113550556796,0.0,0.0,0.0,0.0002309777452152325,0.9999999733246403,-0.0024729910488778197,0.0036549690082772947,0.0,0.0,0.0,-0.0014481350857009304,1477,1530
0.0009013236567176534,-0.0005067529333297776,0.0,0.0,0.0,0.00010664470135836469,0.9999999943134539,0.0015190679106625428,0.0022882659744191468,0.0,0.0,0.0,-0.001867058780775577,1477,1530
0.0009013236567176534,-0.0005067529333297776,0.0,0.0,0.0,0.00010664470135836469,0.9999999943134539,0.0015190679106625428,0.0022882659744191468,0.0,0.0,0.0,-0.001867058780775577,1477,1530
0.0008076507109695656,-0.0006848343386798095,0.0,0.0,0.0,0.00017506453823393152,0.9999999846762037,-0.0007024912404515197,-0.0013348132794556418,0.0,0.0,0.0,0.0010258000496897398,1477,1530
0.0008459280783528791,-0.0004421139074347512,0.0,0.0,0.0,0.00010625110796847683,0.999999994355351,0.0003834700971233971,0.0024260997036023428,0.0,0.0,0.0,-0.0013757183307766324,1477,1530
0.0008685969772283383,-0.0006062365652478743,0.0,0.0,0.0,0.00012634346440941151,0.9999999920186645,0.000677766789500027,-0.004914731884973219,0.0,0.0,0.0,0.0012033152613143236,1477,1530
0.0009886384150850664,7.780519491918747e-05,0.0,0.0,0.0,-7.290271117635057e-05,0.9999999973425974,0.0012023592490102717,0.0068413454964571,0.0,0.0,0.0,-0.003985640908726684,1477,1530
0.0007769854182697421,-0.0004351971419666352,0.0,0.0,0.0,9.414473474157448e-05,0.9999999955683845,-0.0012660861939497855,-0.0030699961198915604,0.0,0.0,0.0,0.0019992274085005,1477,1530
0.0008224084786363422,-0.0007058316859037256,0.0,0.0,0.0,0.00018495366353482066,0.9999999828960711,0.0003417191505011,-0.002038343464358003,0.0,0.0,0.0,0.0013678515632922744,1477,1530
0.0009454082110399966,-0.0005580102948486774,0.0,0.0,0.0,0.00013070342223151494,0.9999999914583076,0.0012290077823046525,0.0014759139319877796,0.0,0.0,0.0,-0.0010836502763351906,1477,1530
0.0009454082110399966,-0.0005580102948486774,0.0,0.0,0.0,0.00013070342223151494,0.9999999914583076,0.0012290077823046525,0.0014759139319877796,0.0,0.0,0.0,-0.0010836502763351906,1477,1530
0.0007104492032708379,-0.0006219837110357132,0.0,0.0,0.0,0.00016934160837904266,0.9999999856617098,-0.0035246710891621005,-0.00095868949852993,0.0,0.0,0.0,0.00115915718882571,1477,1530
0.0009311347763630055,-0.0008506653419008567,0.0,0.0,0.0,0.00019392019574532787,0.9999999811974787,0.0013231458634073536,-0.0013720167951073265,0.0,0.0,0.0,0.00029483101745157275,1477,1530
0.0008142322578192044,-0.00024195535901925787,0.0,0.0,0.0,3.6448087057173245e-05,0.9999999993357684,-0.0017548045761074343,0.009156417733863415,0.0,0.0,0.0,-0.004737143049294947,1477,1530
0.0009117442485552787,-0.0005920628764570289,0.0,0.0,0.0,0.00012176256368315264,0.9999999925869391,0.0009733559880031876,-0.003495727869388562,0.0,0.0,0.0,0.0017036488805410165,1477,1530
0.0007462380500802628,-0.00037767612118946007,0.0,0.0,0.0,0.0001022329208294623,0.999999994774215,-0.00099369375514036,0.0012878192345426248,0.0,0.0,0.0,-0.0002345846703411837,1477,1530
0.000742142611361523,-0.0003828126501200815,0.0,0.0,0.0,8.345186959999973e-05,0.9999999965178927,-6.126506958554976e-05,-7.680687124701419e-05,0.0,0.0,0.0,-0.0005617603023877396,1477,1530
0.0008970589084790698,-0.00021669984758611072,0.0,0.0,0.0,2.4657712407363043e-05,0.9999999996959986,0.0015516279935467157,0.0016632145736600451,0.0,0.0,0.0,-0.0011775434813712936,1477,1530
0.0008970589084790698,-0.00021669984758611072,0.0,0.0,0.0,2.4657712407363043e-05,0.9999999996959986,0.0,0.0,0.0,0.0,0.0,2.5727207558215226e-20,1477,1530
0.0008970589084790698,-0.00021669984758611072,0.0,0.0,0.0,2.4657712407363043e-05,0.9999999996959986,0.0,0.0,0.0,0.0,0.0,2.5432308391559425e-20,1477,1530
0.0008970589084790698,-0.00021669984758611072,0.0,0.0,0.0,2.4657712407363043e-05,0.9999999996959986,0.0,0.0,0.0,0.0,0.0,1.926764778318147e-20,1477,1530
0.0008970589084790698,-0.00021669984758611072,0.0,0.0,0.0,2.4657712407363046e-05,0.9999999996959986,0.0,0.0,0.0,0.0,0.0,1.3992537335550488e-19,1477,1530
0.0009321788579570834,-0.000582001345990787,0.0,0.0,0.0,0.00015007822062892731,0.9999999887382638,0.00026242082532209243,-0.0027309940784056392,0.0,0.0,0.0,0.0018752786060858683,1477,1530
0.0008370605471153942,-0.0004978934265303417,0.0,0.0,0.0,0.00011732533527189998,0.9999999931173829,-0.0004085332586809875,0.000361462174814298,0.0,0.0,0.0,-0.00028142207138798345,1477,1530
0.000865657770081962,-0.00032488102510676086,0.0,0.0,0.0,5.627677959283994e-05,0.999999998416462,0.0004284981918363669,0.0025886266710003995,0.0,0.0,0.0,-0.001826898564499647,1477,1530
0.0009928174463590539,0.00013411697967330514,0.0,0.0,0.0,-6.587541828389963e-05,0.9999999978302146,0.0012734632443455914,0.004594707285708609,0.0,0.0,0.0,-0.0024456363275134605,1477,1530
0.0009462053446943816,-0.00043614714622289903,0.0,0.0,0.0,9.27951022579928e-05,0.9999999956945345,-0.0013997764688874097,-0.01715304885189726,0.0,0.0,0.0,0.00954523973151192,1477,1530
0.001042997063265039,-0.00033519204209128515,0.0,0.0,0.0,2.769601230797982e-05,0.9999999996164655,0.001442348825716117,0.0015038310309626248,0.0,0.0,0.0,-0.0019397821821712478,1477,1530
0.0009306871886561769,-0.00015581409586645304,0.0,0.0,0.0,7.0870218952655435e-06,0.9999999999748871,-0.0006753624186103897,0.0010788013484461733,0.0,0.0,0.0,-0.0002478814827278747,1477,1530
0.0009306871886561769,-0.00015581409586645304,0.0,0.0,0.0,7.0870218952655435e-06,0.9999999999748871,-0.0006753624186103897,0.0010788013484461733,0.0,0.0,0.0,-0.0002478814827278747,1477,1530
0.0009916606887677845,-0.00010275851630283006,0.0,0.0,0.0,4.657740618119152e-06,0.9999999999891527,0.0003656495245603801,0.00031815775934438843,0.0,0.0,0.0,-2.9135758559649855e-05,1477,1530
0.0009415354831062318,0.0002215740729848522,0.0,0.0,0.0,-9.765574458626745e-05,0.9999999952316777,-0.0005013421655720167,0.0032441091483358265,0.0,0.0,0.0,-0.0020467609262446525,1477,1530
0.0011473064433322338,0.00022654917528306808,0.0,0.0,0.0,-0.0001416718626979652,0.9999999899645416,0.003074176209854919,7.492779018156242e-05,0.0,0.0,0.0,-0.0013151899130852563,1477,1530
0.0009095464743308164,-4.751015897225852e-05,0.0,0.0,0.0,-4.162589490373748e-05,0.9999999991336425,-0.006931938476007007,-0.007994828833666976,0.0,0.0,0.0,0.005835625763487178,1477,1530
0.0009023383008944909,-0.00017486437669622502,0.0,0.0,0.0,2.6277678381273234e-05,0.9999999996547418,-5.4382033855100115e-05,-0.0009622432405703628,0.0,0.0,0.0,0.0010261057369419905,1477,1530
0.0008418930496085074,-0.0008717602755960325,0.0,0.0,0.0,0.0002330069417213893,0.9999999728538822,-0.0006059822540787009,-0.006982333292077054,0.0,0.0,0.0,0.004142538954252274,1477,1530
0.0009479500922112187,-0.0005210669758399296,0.0,0.0,0.0,0.00012283143892780865,0.9999999924562188,0.0010621727251046852,0.0035063331862375006,0.0,0.0,0.0,-0.0022034439840849574,1477,1530
0.001043233957306002,-0.0005093292660875782,0.0,0.0,0.0,0.00012717990165762128,0.9999999919126363,0.0009529246328691343,0.00011715004590104197,0.0,0.0,0.0,8.697447374398092e-05,1477,1530
0.0010005868523881788,-0.0006092930148130043,0.0,0.0,0.0,0.00015011509410220333,0.9999999887327292,-0.00031991521135846365,-0.0007493451219573291,0.0,0.0,0.0,0.00034388947443929444,1477,1530
0.0009625239916381395,-0.0002534857741342866,0.0,0.0,0.0,2.9512050880308218e-05,0.9999999995645195,-0.00037960210584115516,0.0035585779662015773,0.0,0.0,0.0,-0.0024123262256656873,1477,1530
0.0008456757316862069,-0.000784787837901103,0.0,0.0,0.0,0.00020500280975590624,0.9999999789869238,-0.0011687377568667145,-0.005312686025476193,0.0,0.0,0.0,0.003509639706143938,1477,1530
0.0008456757316862069,-0.000784787837901103,0.0,0.0,0.0,0.00020500280975590624,0.9999999789869238,-0.0011687377568667145,-0.005312686025476193,0.0,0.0,0.0,0.003509639706143938,1477,1530
0.0010449493396206182,-0.00014593574892714895,0.0,0.0,0.0,-1.0351253239740389e-05,0.9999999999464257,0.001994996141954624,0.0063865537401228524,0.0,0.0,0.0,-0.004306306120241398,1477,1530
0.0009494101079005772,0.00013124955938721234,0.0,0.0,0.0,-9.22933546356008e-05,0.9999999957409683,-0.0009555356995150396,0.0027720827909851658,0.0,0.0,0.0,-0.0016389895377584421,1477,1530
0.0010067522452090808,1.4088049773569927e-05,0.0,0.0,0.0,-6.006060358261519e-05,0.999999998196362,0.0004301002660886117,-0.0008783706074039036,0.0,0.0,0.0,0.00048334747126212694,1477,1530
0.0008970180064172078,-0.0002453735504221806,0.0,0.0,0.0,4.875804106657316e-05,0.9999999988113267,-0.0008228368035494047,-0.0019462116794030928,0.0,0.0,0.0,0.0016324061788266701,1477,1530
0.0009417491533708026,-0.0001910061266532581,0.0,0.0,0.0,2.9325891500439153e-05,0.9999999995699961,0.00026834570060383923,0.0003260896726344057,0.0,0.0,0.0,-0.0002331223856714185,1477,1530
0.0008678838841242613,-0.0002068567116357595,0.0,0.0,0.0,8.929705101773144e-06,0.9999999999601301,-0.0005543429552312368,-0.00011892122045401005,0.0,0.0,0.0,-0.00030613412985120597,1477,1530
0.0008985264064154108,0.00032145674681295937,0.0,0.0,0.0,-0.0001618633634810512,0.9999999869001257,0.0009242260712508013,0.015929832989811203,0.0,0.0,0.0,-0.010299597072781117,1477,1530
0.0009938835949510883,-0.00013329026858914148,0.0,0.0,0.0,3.317260535259728e-05,0.9999999994497891,0.0005673202764592062,-0.0027011287781698885,0.0,0.0,0.0,0.0023171259667468507,1477,1530
0.0009938835949510883,-0.00013329026858914148,0.0,0.0,0.0,3.317260535259728e-05,0.9999999994497891,0.0005673202764592062,-0.0027011287781698885,0.0,0.0,0.0,0.0023171259667468507,1477,1530
0.0009142767006387147,-0.0003076151790261174,0.0,0.0,0.0,4.131866367606723e-05,0.999999999146384,-0.002510910459493488,-0.005497481110004737,0.0,0.0,0.0,0.0005138010236243739,1477,1530
0.0009458206758655701,-0.000274817733532505,0.0,0.0,0.0,2.020325490304956e-05,0.9999999997959143,0.0002362959096092798,0.00024564502207274734,0.0,0.0,0.0,-0.0003163238647515963,1477,1530
0.0009732677590160668,0.00015966742774940117,0.0,0.0,0.0,-6.927495596962113e-05,0.9999999976004902,0.00020592353142702654,0.0032576612349304807,0.0,0.0,0.0,-0.001341773984390465,1477,1530
0.001052053622749459,-0.0002737323271005555,0.0,0.0,0.0,3.476906072631127e-05,0.9999999993955562,0.0007885931655874232,-0.004334625235447154,0.0,0.0,0.0,0.0020812341412166247,1477,1530
0.0010161103092492215,-0.0001840134239017652,0.0,0.0,0.0,1.8010835795587093e-05,0.9999999998378049,-0.0003581530250084838,0.0008941738330911725,0.0,0.0,0.0,-0.00033402880079671805,1477,1530
0.0008618688433357245,-0.00021439507711338215,0.0,0.0,0.0,3.394302600307819e-05,0.9999999994239355,-0.0015474703554724638,-0.00030475447114067803,0.0,0.0,0.0,0.00031968598054379487,1477,1530
0.0008502930428024049,-1.54496549955665e-05,0.0,0.0,0.0,-5.046346512722643e-05,0.9999999987267193,-8.66193318104156e-05,0.0014904123902099926,0.0,0.0,0.0,-0.0012646682907017383,1477,1530
0.0008502930428024049,-1.54496549955665e-05,0.0,0.0,0.0,-5.046346512722643e-05,0.9999999987267193,-8.66193318104156e-05,0.0014904123902099926,0.0,0.0,0.0,-0.0012646682907017383,1477,1530
0.0009126435558643861,-0.0004474120157420461,0.0,0.0,0.0,9.027093197834625e-05,0.9999999959255794,0.00037493305478759306,-0.0025956714320944582,0.0,0.0,0.0,0.0016913768887836728,1477,1530
0.000868667924457249,-0.0001508760160567533,0.0,0.0,0.0,-5.5961551926039235e-06,0.9999999999843415,-0.0012832211501852553,0.008663782116830486,0.0,0.0,0.0,-0.005601676238561153,1477,1530
0.0008218149573415949,-0.000119459634517792,0.0,0.0,0.0,-4.13721520726821e-08,0.9999999999999991,-0.0002351047420785743,0.00015764127687226538,0.0,0.0,0.0,5.5746566916375726e-05,1477,1530
0.0010266730932388085,-0.00041996923860106725,0.0,0.0,0.0,6.73300893481577e-05,0.9999999977333295,0.0015376509499705085,-0.002255603830519338,0.0,0.0,0.0,0.001011370905517407,1477,1530
0.0009750612309037479,-4.21912478470014e-05,0.0,0.0,0.0,-3.400837362249368e-05,0.9999999994217152,-0.0015444820936821556,0.011316347273887556,0.0,0.0,0.0,-0.006071079730088045,1477,1530
0.0009157108065445267,-0.0004111325936388608,0.0,0.0,0.0,7.704025077234729e-05,0.9999999970323998,-0.0003562804707841727,-0.0022157151799634687,0.0,0.0,0.0,0.00133381326682441,1477,1530
0.0009891906804563714,-0.0003594424943931813,0.0,0.0,0.0,5.316779465899589e-05,0.9999999985865928,0.0005504377076729649,0.0003870837464144857,0.0,0.0,0.0,-0.0003576183623789273,1477,1530
0.0009475890312945924,-8.796032699025946e-05,0.0,0.0,0.0,-1.7222987396699884e-05,0.9999999998516843,-0.0012472333106432066,0.008144923485057496,0.0,0.0,0.0,-0.004223615866042665,1477,1530
0.001017673769127915,-0.00021120393856193746,0.0,0.0,0.0,2.5628350115264064e-05,0.9999999996715938,0.0005265097884471221,-0.0009257902446022366,0.0,0.0,0.0,0.0006438001427660266,1477,1530
0.001017673769127915,-0.00021120393856193746,0.0,0.0,0.0,2.5628350115264064e-05,0.9999999996715938,0.0005265097884471221,-0.0009257902446022366,0.0,0.0,0.0,0.0006438001427660266,1477,1530
0.0008963528120877548,-0.0008098665008085916,0.0,0.0,0.0,0.00020862878101185662,0.9999999782370156,-0.0018134921744914852,-0.008946385661849356,0.0,0.0,0.0,0.005469556799146003,1477,1530
0.0009953531989624132,-0.0003476501284040629,0.0,0.0,0.0,8.131892008716447e-05,0.9999999966936166,0.0009923591297154046,0.00462373844261563,0.0,0.0,0.0,-0.002547292575900193,1477,1530
0.0009236517147167846,-0.0006790473968974824,0.0,0.0,0.0,0.00018263322435893708,0.9999999833225526,-0.0005374733607965801,-0.002482196192921743,0.0,0.0,0.0,0.00151776045877097,1477,1530
0.0009301368771789697,-9.424183798087079e-05,0.0,0.0,0.0,-1.987860517862999e-05,0.9999999998024205,5.0364433752572957e-05,0.004396817820941413,0.0,0.0,0.0,-0.0030451532888735554,1477,1530
0.001113514689062509,9.28905055197601e-05,0.0,0.0,0.0,-7.560080381593044e-05,0.9999999971422592,0.0027411261043809618,0.0027974712081884913,0.0,0.0,0.0,-0.0016659351434815588,1477,1530
0.001113514689062509,9.28905055197601e-05,0.0,0.0,0.0,-7.560080381593044e-05,0.9999999971422592,0.0027411261043809618,0.0027974712081884913,0.0,0.0,0.0,-0.0016659351434815588,1477,1530
0.0009961392881711274,-0.00042300126608035366,0.0,0.0,0.0,8.60648026830975e-05,0.9999999962964249,-0.0007045481054542763,-0.003098816195068862,0.0,0.0,0.0,0.001942092499946948,1477,1530
0.0009623785988515318,-4.1438103992292945e-05,0.0,0.0,0.0,-2.3745746890094606e-05,0.9999999997180697,-0.00020206902850485983,0.002288269671061933,0.0,0.0,0.0,-0.001317068059502053,1477,1530
0.0009515882485995736,-0.0002620301980726063,0.0,0.0,0.0,1.7221337173863618e-05,0.9999999998517127,-6.462173061012895e-05,-0.0013223787206270343,0.0,0.0,0.0,0.0004911678692633375,1477,1530
0.0009515882485995736,-0.0002620301980726063,0.0,0.0,0.0,1.7221337173863618e-05,0.9999999998517127,-6.462173061012895e-05,-0.0013223787206270343,0.0,0.0,0.0,0.0004911678692633375,1477,1530
0.000941131462345355,-0.0004389414596060713,0.0,0.0,0.0,9.479897785198311e-05,0.9999999955065769,-0.0001571592871946629,-0.0026573173303619476,0.0,0.0,0.0,0.002330533706089216,1477,1530
0.0009375894983266105,9.068994001408732e-05,0.0,0.0,0.0,-5.422844208522449e-05,0.9999999985296381,-3.439173894901473e-05,0.00529266867511278,0.0,0.0,0.0,-0.002978493230753729,1477,1530
0.0010159304195089727,-5.9690587597018344e-05,0.0,0.0,0.0,-5.487799252105224e-05,0.999999998494203,0.0005879452741743993,-0.0011283007819622012,0.0,0.0,0.0,-9.74766737139952e-06,1477,1530
0.001098345807115289,0.00034729162570449446,0.0,0.0,0.0,-0.00017775662061289798,0.9999999842012918,0.0004941551285395927,0.002441605713793377,0.0,0.0,0.0,-0.0014743371370949877,1477,1530
0.0010185471940592306,-0.0001001794462193328,0.0,0.0,0.0,-2.104796096231215e-05,0.9999999997784916,-0.0011967590257051868,-0.00672466283637022,0.0,0.0,0.0,0.004709784508272229,1477,1530
0.0009809830412202596,-0.00019410746606099782,0.0,0.0,0.0,1.6899194715962475e-05,0.9999999998572086,-0.00022516619898627183,-0.0005630899704221327,0.0,0.0,0.0,0.0004549718624254497,1477,1530
0.000907734130535833,-0.00042941704856521074,0.0,0.0,0.0,8.85152001238194e-05,0.9999999960825297,-0.00221059367293807,-0.0071006097551104055,0.0,0.0,0.0,0.004322158511809035,1477,1530
0.0008353617609250994,-0.00016035886069907618,0.0,0.0,0.0,1.400992572484512e-05,0.999999999901861,-0.0004337783808636972,0.001613793367557119,0.0,0.0,0.0,-0.0008937129578625693,1477,1530
0.0008353617609250994,-0.00016035886069907618,0.0,0.0,0.0,1.400992572484512e-05,0.999999999901861,-0.0004337783808636972,0.001613793367557119,0.0,0.0,0.0,-0.0008937129578625693,1477,1530
0.0009310288472660021,-0.0002816765687888873,0.0,0.0,0.0,3.0378160584844155e-05,0.9999999995385837,0.0014324342207593065,-0.0018166085981632548,0.0,0.0,0.0,0.0004901843214986272,1477,1530
0.0010459732836295263,-4.272532935467992e-05,0.0,0.0,0.0,-7.869692323506385e-05,0.9999999969033971,0.0008622848502435171,0.00179227458495859,0.0,0.0,0.0,-0.0016363021578248693,1477,1530
0.0009295778073333505,5.205480608861978e-05,0.0,0.0,0.0,-8.660475029755884e-05,0.9999999962498086,-0.0011638129734015872,0.0009473812980519339,0.0,0.0,0.0,-0.0001581170125357259,1477,1530
0.0009051124021737066,-0.00034302544538695855,0.0,0.0,0.0,6.734295362795673e-05,0.9999999977324633,-0.0001829283652111633,-0.002962341197652122,0.0,0.0,0.0,0.0023085980021832235,1477,1530
0.0009528780335446107,-0.0007291248663398235,0.0,0.0,0.0,0.00017637402563196918,0.9999999844461014,0.0007172824532017242,-0.00580435734829027,0.0,0.0,0.0,0.003278144096558128,1477,1530
0.0010204801886612943,-0.00046213077880724,0.0,0.0,0.0,8.043410392180512e-05,0.9999999967651775,0.0003344267385618706,0.0013188599451316788,0.0,0.0,0.0,-0.0009479058652902486,1477,1530
0.00100910311055792,-0.00043866722253481236,0.0,0.0,0.0,6.522189968676764e-05,0.9999999978730519,-0.0001771901384381275,0.00036557848441249685,0.0,0.0,0.0,-0.00047399642528672757,1477,1530
0.0011268907965417518,-0.0006642729045444243,0.0,0.0,0.0,0.00012902815871969057,0.9999999916758671,0.0008818134963753431,-0.001689526398360445,0.0,0.0,0.0,0.0009556055339019856,1477,1530
0.0008886117703798237,-0.00038990199752603915,0.0,0.0,0.0,8.693384381222101e-05,0.9999999962212534,-0.00358304826994938,0.0041279201481647385,0.0,0.0,0.0,-0.0012663372083738067,1477,1530
0.0008831153723077757,-0.0005743412386490002,0.0,0.0,0.0,0.00012518485444666801,0.9999999921643761,-8.044330321149647e-05,-0.002683714553497927,0.0,0.0,0.0,0.0011131614650443378,1477,1530
0.0009099552829352232,-0.00023413418998995573,0.0,0.0,0.0,2.6379687636185463e-05,0.999999999652056,0.00016351532408593537,0.002066027292520215,0.0,0.0,0.0,-0.0012000821912941087,1477,1530
0.0009099552829352232,-0.00023413418998995573,0.0,0.0,0.0,2.6379687636185463e-05,0.999999999652056,0.00016351532408593537,0.002066027292520215,0.0,0.0,0.0,-0.0012000821912941087,1477,1530
0.0008904561053660295,-0.0002841562659659353,0.0,0.0,0.0,8.215122078835566e-05,0.9999999966255885,-0.0001950962052374211,-0.0005004106356736048,0.0,0.0,0.0,0.0011158770150580652,1477,1530
0.0009756252095549586,-1.1986155581069637e-05,0.0,0.0,0.0,-4.506511665344785e-05,0.9999999989845676,0.0012736159333531058,0.004067677720111377,0.0,0.0,0.0,-0.0038027810903587442,1477,1530
0.000927243630640289,-0.000191903803254273,0.0,0.0,0.0,1.3763292139652749e-05,0.9999999999052859,-0.0002909754821897288,-0.001082445990117902,0.0,0.0,0.0,0.0007078464278821379,1477,1530
0.0010284866486399453,5.067786388131707e-06,0.0,0.0,0.0,-5.414370638955865e-05,0.9999999985342295,0.0010073569522765333,0.0019597130873186814,0.0,0.0,0.0,-0.0013512620462627107,1477,1530
0.0009014258113058258,-0.000509481770810757,0.0,0.0,0.0,0.00012623753386662828,0.9999999920320425,-0.0019129869613191148,-0.0077504980083349054,0.0,0.0,0.0,0.005433906392123538,1477,1530
0.0010648751591965057,0.00023199829690049038,0.0,0.0,0.0,-9.265564426249962e-05,0.9999999957074658,0.002447157802088842,0.011088095609171351,0.0,0.0,0.0,-0.006547023295117926,1477,1530
0.0010230232235936148,0.00014499530553189945,0.0,0.0,0.0,-9.318605608738689e-05,0.9999999956581794,-0.00020916860280946215,-0.0004350319759552933,0.0,0.0,0.0,-5.303853079117286e-06,1477,1530
0.0009699303678906045,0.000333592808322329,0.0,0.0,0.0,-0.00014803490711510762,0.999999989042833,-0.000398810984384196,0.0014156528081265593,0.0,0.0,0.0,-0.0008234574136145042,1477,1530
0.0010260978428550962,-0.0003168702170613361,0.0,0.0,0.0,1.981505099116956e-05,0.9999999998036818,0.0005631781660527092,-0.006499588982073856,0.0,0.0,0.0,0.0033544832947309203,1477,1530
0.0010260978428550962,-0.0003168702170613361,0.0,0.0,0.0,1.981505099116956e-05,0.9999999998036818,0.0005631781660527092,-0.006499588982073856,0.0,0.0,0.0,0.0033544832947309203,1477,1530
0.0010921780327529296,0.0004569885883623,0.0,0.0,0.0,-0.00020280893688903918,0.9999999794342673,0.0009912713170694867,0.01160325950326544,0.0,0.0,0.0,-0.006676082570371182,1477,1530
0.0010234332157317556,5.773603688693455e-05,0.0,0.0,0.0,-6.922966283247914e-05,0.9999999976036269,-0.0004115729338097678,-0.002396123303233519,0.0,0.0,0.0,0.0016032462972504489,1477,1530
0.00112812791091903,0.0003670527710530507,0.0,0.0,0.0,-0.00017588738935321358,0.999999984531813,0.001567465983635096,0.004633134533932817,0.0,0.0,0.0,-0.0031950191618392867,1477,1530
0.0008851936928652101,-2.1266555071662607e-06,0.0,0.0,0.0,-1.3984567051396063e-05,0.9999999999022159,-0.002431155228830302,-0.003697381266496573,0.0,0.0,0.0,0.0032422064743058,1477,1530
0.0009882268978466866,0.000142089168152444,0.0,0.0,0.0,-0.0001112449757632471,0.9999999938122777,0.0007724484281711287,0.001081261848498494,0.0,0.0,0.0,-0.0014583956933199229,1477,1530
0.0010098945409051229,0.00010777707671464327,0.0,0.0,0.0,-8.27193876659831e-05,0.9999999965787515,0.00016247480730138909,-0.0002571624409193073,0.0,0.0,0.0,0.00042764754815732164,1477,1530
0.0009632759277029375,-0.000461363536935816,0.0,0.0,0.0,0.00010413508565610621,0.999999994577942,-0.0003483151503961826,-0.004261049025889218,0.0,0.0,0.0,0.002797850902407846,1477,1530
0.0010280542471474093,-1.905025298045012e-05,0.0,0.0,0.0,-5.215522814155119e-05,0.9999999986399161,0.0009790138799968039,0.006675114818230299,0.0,0.0,0.0,-0.004717414870685208,1477,1530
0.0009650333074964378,-3.633840200993934e-05,0.0,0.0,0.0,-4.2709024189251765e-05,0.9999999990879697,-0.0006293040410361925,-0.00017270371454646276,0.0,0.0,0.0,0.0001886580713757628,1477,1530
0.0009650333074964378,-3.633840200993934e-05,0.0,0.0,0.0,-4.2709024189251765e-05,0.9999999990879697,-0.0006293040410361925,-0.00017270371454646276,0.0,0.0,0.0,0.0001886580713757628,1477,1530
0.0009825752125660388,-0.00015623799251515222,0.0,0.0,0.0,4.236875435392215e-06,0.9999999999910244,0.00017542322893798477,-0.0011983098632017079,0.0,0.0,0.0,0.0009383924926120667,1477,1530
0.0010391329305286417,-0.0001164335496235409,0.0,0.0,0.0,-2.571591572795549e-05,0.9999999996693458,0.0005659880639410864,0.0003983264313722923,0.0,0.0,0.0,-0.0005994874542013439,1477,1530
0.0009273375341447832,-0.00014947529852754913,0.0,0.0,0.0,-2.4383114591199905e-05,0.9999999997027319,-0.0008382473556853767,-0.0002477955303622297,0.0,0.0,0.0,1.9987120213149395e-05,1477,1530
0.0009492363471033992,-0.0006288162578985498,0.0,0.0,0.0,0.00013278996227645548,0.999999991183413,0.00021939740375951755,-0.004797236698143498,0.0,0.0,0.0,0.003145978314916039,1477,1530
0.0009563020165622663,-0.0005458491229350543,0.0,0.0,0.0,0.00014449765263792094,0.9999999895602142,4.2547835990302006e-05,0.0004980445398518586,0.0,0.0,0.0,0.0001405636920410141,1477,1530
0.0007170855163845775,-0.0013577631917664542,0.0,0.0,0.0,0.0003643798729352705,0.9999999336136519,-0.002393338559505271,-0.008114472933080688,0.0,0.0,0.0,0.004395490731261146,1477,1530
0.0008787184219259726,-0.0010105213127720733,0.0,0.0,0.0,0.0002597956972574753,0.9999999662530973,0.0024222815194400184,0.005193978861003052,0.0,0.0,0.0,-0.003129763605099075,1477,1530
0.0008882401294299286,-0.00048525519391972617,0.0,0.0,0.0,9.904064180666828e-05,0.9999999950954757,5.8822366944238755e-05,0.003154493973712505,0.0,0.0,0.0,-0.0019308525213672,1477,1530
0.000860877045851448,-0.000643336886058058,0.0,0.0,0.0,0.00015734792280882497,0.9999999876208155,-0.0002735582435367123,-0.001578536952121284,0.0,0.0,0.0,0.001164503678942338,1477,1530
0.000644392920219441,-0.0012839910458928658,0.0,0.0,0.0,0.00037785263031862924,0.9999999286136924,-0.006454550835914963,-0.019081528743783886,0.0,0.0,0.0,0.013136618752183974,1477,1530
0.0008313551039480046,-0.0010874872815977447,0.0,0.0,0.0,0.0003030438664730623,0.9999999540822064,0.001125301482235666,0.0011809426489013,0.0,0.0,0.0,-0.0008998143824555618,1477,1530
0.0008313551039480046,-0.0010874872815977447,0.0,0.0,0.0,0.0003030438664730623,0.9999999540822064,0.001125301482235666,0.0011809426489013,0.0,0.0,0.0,-0.0008998143824555618,1477,1530
0.0007934842863835005,-0.0011226392311301616,0.0,0.0,0.0,0.0002953263070646842,0.9999999563911852,-0.0005669247400153985,-0.0005255840994510403,0.0,0.0,0.0,-0.000230933294046101,1477,1530
0.0008205245472342041,-0.0008710317719702444,0.0,0.0,0.0,0.00020915622863351677,0.9999999781268358,0.00016313092855261196,0.0015095275298384466,0.0,0.0,0.0,-0.0010340264967390685,1477,1530
0.0009200815057311072,-0.0005114748551698926,0.0,0.0,0.0,7.889530959300528e-05,0.9999999968877651,0.0007482335406057811,0.0026979088485162227,0.0,0.0,0.0,-0.001955033058154667,1477,1530
0.0009200815057311072,-0.0005114748551698926,0.0,0.0,0.0,7.889530959300528e-05,0.9999999968877651,0.0,0.0,0.0,0.0,0.0,-1.8500468891526902e-19,1477,1530
0.0009200815057311072,-0.0005114748551698926,0.0,0.0,0.0,7.889530959300528e-05,0.9999999968877651,0.0,0.0,0.0,0.0,0.0,-1.2218248699594329e-19,1477,1530
0.0009200815057311072,-0.0005114748551698926,0.0,0.0,0.0,7.889530959300528e-05,0.9999999968877651,0.0,0.0,0.0,0.0,0.0,-1.2335255417717324e-19,1477,1530
0.0009200815057311072,-0.0005114748551698926,0.0,0.0,0.0,7.889530959300527e-05,0.9999999968877651,0.0,0.0,0.0,0.0,0.0,-3.938240868483585e-19,1477,1530
0.001000073532539593,-0.0004171252699605775,0.0,0.0,0.0,4.845794947508854e-05,0.9999999988259135,0.0007995733974145391,0.0009427850936755416,0.0,0.0,0.0,-0.0006083700141132365,1477,1530
0.0009213662582214078,-0.0001752678286442507,0.0,0.0,0.0,-2.5156971320990275e-05,0.9999999996835633,-0.0007874131527738562,0.0024204175865053103,0.0,0.0,0.0,-0.00147337397802813,1477,1530
0.0008967388371231377,-0.000610286461403365,0.0,0.0,0.0,9.736881584838643e-05,0.9999999952596569,-0.00024568189915895875,-0.004343596446512733,0.0,0.0,0.0,0.0024467966095397583,1477,1530
0.0009194147577472772,-0.0002809938051332868,0.0,0.0,0.0,1.6675999866127423e-05,0.9999999998609554,0.00013644082095860005,0.0019757373079763085,0.0,0.0,0.0,-0.0009683176658439078,1477,1530
0.0008937836789817358,-0.00023954781555852073,0.0,0.0,0.0,-1.8608365131078817e-05,0.9999999998268644,-0.0007523762349817369,0.001216698793466806,0.0,0.0,0.0,-0.0020715904882860204,1477,1530
0.0010164623182025623,0.00014105954008859501,0.0,0.0,0.0,-0.00011055481218791833,0.9999999938888168,0.0012359265501373092,0.003834919455927546,0.0,0.0,0.0,-0.0018528437999660986,1477,1530
0.0009112992130593232,-0.00038201393549320667,0.0,0.0,0.0,4.287198609668777e-05,0.9999999990809963,-0.0006306125945104754,-0.003140213203085272,0.0,0.0,0.0,0.001842079456369399,1477,1530
0.0010050583379014374,0.00033323506110910576,0.0,0.0,0.0,-0.00016139282116578633,0.9999999869761785,0.0007037396040075456,0.005364964368334578,0.0,0.0,0.0,-0.0030643474809033573,1477,1530
0.0010050583379014374,0.00033323506110910576,0.0,0.0,0.0,-0.00016139282116578633,0.9999999869761785,0.0007037396040075456,0.005364964368334578,0.0,0.0,0.0,-0.0030643474809033573,1477,1530
0.0009676125519489528,-8.347562247591474e-05,0.0,0.0,0.0,-4.679318043294567e-05,0.9999999989051991,0.0005678820113622076,0.003776324063631562,0.0,0.0,0.0,-0.0022409453724001106,1477,1530
0.0009521503270221476,-0.0004866223918362173,0.0,0.0,0.0,8.835327242786149e-05,0.9999999960968496,-0.00046167302664157464,-0.012066693045441515,0.0,0.0,0.0,0.00809017974148082,1477,1530
0.0009522928023438201,-0.0003088358352594515,0.0,0.0,0.0,1.2032247229567105e-05,0.9999999999276125,1.0434087224655553e-06,0.0010667810450490135,0.0,0.0,0.0,-0.0009159054253810206,1477,1530
0.0009522928023438201,-0.0003088358352594515,0.0,0.0,0.0,1.2032247229567105e-05,0.9999999999276125,1.0434087224655553e-06,0.0010667810450490135,0.0,0.0,0.0,-0.0009159054253810206,1477,1530
0.0009072874819893873,7.242994526984015e-05,0.0,0.0,0.0,-8.927907148209596e-05,0.9999999960146236,-0.0006746857999930893,0.005716830556126347,0.0,0.0,0.0,-0.0030381850493986485,1477,1530
0.0007987424479542865,-7.879514711841372e-05,0.0,0.0,0.0,-1.9126768334495415e-05,0.9999999998170833,-0.0008107072513235925,-0.0011299043119256985,0.0,0.0,0.0,0.0010481756993709253,1477,1530
0.0009713492577064159,0.0006790099838412646,0.0,0.0,0.0,-0.000309244036152375,0.9999999521840619,-0.0004993603163308233,0.007211971532849781,0.0,0.0,0.0,-0.004529506367407017,1477,1530
0.0008378916069446784,-0.0004934208190465426,0.0,0.0,0.0,6.26809144113286e-05,0.9999999980355515,-0.0013270196935066057,-0.011722435045994468,0.0,0.0,0.0,0.007436788477831357,1477,1530
0.0008378916069446784,-0.0004934208190465426,0.0,0.0,0.0,6.26809144113286e-05,0.9999999980355515,-0.0013270196935066057,-0.011722435045994468,0.0,0.0,0.0,0.007436788477831357,1477,1530
0.0008378916069446784,-0.0004934208190465426,0.0,0.0,0.0,6.26809144113286e-05,0.9999999980355515,-0.0013270196935066057,-0.011722435045994468,0.0,0.0,0.0,0.007436788477831357,1477,1530
0.0009674950649893327,1.9854600041195147e-05,0.0,0.0,0.0,-7.45605139033474e-05,0.9999999972203649,0.0004322519423543982,0.001710966550419808,0.0,0.0,0.0,-0.0009149977531583604,1477,1530
0.0009674950649893327,1.9854600041195147e-05,0.0,0.0,0.0,-7.45605139033474e-05,0.9999999972203649,0.0004322519423543982,0.001710966550419808,0.0,0.0,0.0,-0.0009149977531583604,1477,1530
0.0009838935319106347,-0.0005759448348560995,0.0,0.0,0.0,0.00010777998210338118,0.9999999941917377,0.00016479238136139857,-0.005955051853758054,0.0,0.0,0.0,0.0036450238437979897,1477,1530
0.0009809339291690004,-0.00021050669165983884,0.0,0.0,0.0,-1.263971545219221e-06,0.9999999999992012,-2.8002924299778514e-05,0.003552225715209337,0.0,0.0,0.0,-0.0021199104483295003,1477,1530
0.0009353650635547265,-0.00011504813223116943,0.0,0.0,0.0,-4.050565301475926e-05,0.999999999179646,-0.0007144845000381634,0.0014967065057913329,0.0,0.0,0.0,-0.0012305517951220492,1477,1530
0.0008182935430903971,-0.0006361180301043801,0.0,0.0,0.0,0.00013534105644504867,0.9999999908413992,-0.0008775706194490264,-0.003907431088815858,0.0,0.0,0.0,0.0026372523017757768,1477,1530
0.0009416559250355309,-0.0006742552430325209,0.0,0.0,0.0,0.00012285713516601361,0.9999999924530621,0.0009257745633099626,-0.0002864757623039055,0.0,0.0,0.0,-0.00018738718096131813,1477,1530
0.000983478615380379,-0.0005129541773055607,0.0,0.0,0.0,5.34408977522572e-05,0.9999999985720353,0.0006275457674594465,0.0024178626915194565,0.0,0.0,0.0,-0.0020811967872409872,1477,1530
0.0008579452624896697,-0.0005591313339941311,0.0,0.0,0.0,7.193434141765475e-05,0.9999999974127253,-0.0007442172550676794,-0.00027366831191083686,0.0,0.0,0.0,0.00021926601299397257,1477,1530
0.0008579452624896697,-0.0005591313339941311,0.0,0.0,0.0,7.193434141765475e-05,0.9999999974127253,-0.0007442172550676794,-0.00027366831191083686,0.0,0.0,0.0,0.00021926601299397257,1477,1530
0.0009103128458672319,-0.0004974433394268301,0.0,0.0,0.0,6.139776396329346e-05,0.9999999981151573,0.0016462301296865437,0.001938661675687123,0.0,0.0,0.0,-0.0006623445736503177,1477,1530
0.0009220533020563515,-0.00034772783070286076,0.0,0.0,0.0,9.584623401717709e-06,0.9999999999540675,7.072944220186301e-05,0.0009005303181315933,0.0,0.0,0.0,-0.0006233122276175314,1477,1530
0.000930282668968076,-0.00040340542847249735,0.0,0.0,0.0,4.887611342712071e-05,0.9999999988055628,0.00012353505806596038,-0.0008359144761087019,0.0,0.0,0.0,0.0011798006225954096,1477,1530
0.0008370617813256183,-0.0005905192429544768,0.0,0.0,0.0,8.626759440624834e-05,0.9999999962789511,-0.0005594440190388484,-0.0011226461685706038,0.0,0.0,0.0,0.00044870495197471343,1477,1530
0.000940163867786409,0.00011275265506199394,0.0,0.0,0.0,-0.00013104620257663882,0.9999999914134464,0.0010320381535054172,0.0070312050591482215,0.0,0.0,0.0,-0.004345450279537218,1477,1530
0.0009358109382146026,-0.0005735676288691538,0.0,0.0,0.0,0.00011664788501185881,0.9999999931966355,-0.00012527919813639312,-0.020604064882270047,0.0,0.0,0.0,0.014872055580626794,1477,1530
0.0008273090501445799,-0.000382144549859473,0.0,0.0,0.0,2.747065090298929e-05,0.9999999996226816,-0.0006508357802187733,0.0011488534581815671,0.0,0.0,0.0,-0.0010702787906092543,1477,1530
0.0009923279661011248,-0.0004688699501378889,0.0,0.0,0.0,6.236698515295764e-05,0.9999999980551796,0.0016499765113598343,-0.0008672579392219317,0.0,0.0,0.0,0.0006978568999072418,1477,1530
0.0009649895687634972,-0.00024466045106013163,0.0,0.0,0.0,-1.4284740957727016e-05,0.9999999998979731,-0.0002708830647094681,0.002223893149775873,0.0,0.0,0.0,-0.001520565881304112,1477,1530
0.0009649895687634972,-0.00024466045106013163,0.0,0.0,0.0,-1.4284740957727016e-05,0.9999999998979731,-0.0002708830647094681,0.002223893149775873,0.0,0.0,0.0,-0.001520565881304112,1477,1530
0.0009478282573295279,-0.0007137926393259164,0.0,0.0,0.0,0.00015369737506824583,0.9999999881885584,-0.00026053920056214096,-0.007127834425210887,0.0,0.0,0.0,0.005104520590168747,1477,1530
0.0009587061723213269,-0.00017458067001754104,0.0,0.0,0.0,-3.062591450033534e-05,0.9999999995310267,4.729641413660036e-05,0.002309254429436406,0.0,0.0,0.0,-0.00157879296386507,1477,1530
0.0010075598471351271,-0.0005154572019130577,0.0,0.0,0.0,9.246635023519079e-05,0.999999995724987,0.0003671300424649438,-0.002560533170673905,0.0,0.0,0.0,0.0018492595670452912,1477,1530
0.0009576869477137426,0.0008650931308113688,0.0,0.0,0.0,-0.00033514597186720164,0.9999999438385873,-0.0004922135773868441,0.013695347772896929,0.0,0.0,0.0,-0.008483950507943021,1477,1530
0.0007216151816788934,-0.0007342824143398905,0.0,0.0,0.0,0.00015142898194392678,0.9999999885346316,-0.0023689959930607686,-0.01612465395323029,0.0,0.0,0.0,0.009810176444365628,1477,1530
0.0007216151816788934,-0.0007342824143398905,0.0,0.0,0.0,0.00015142898194392678,0.9999999885346316,-0.0023689959930607686,-0.01612465395323029,0.0,0.0,0.0,0.009810176444365628,1477,1530
0.0009287637492049285,-0.0007963112913924005,0.0,0.0,0.0,0.00016013883719247942,0.9999999871777763,0.001551917493363196,-0.00046522069725428975,0.0,0.0,0.0,0.00013051698703287203,1477,1530
0.0009642355285864165,-0.0001912070077726985,0.0,0.0,0.0,-2.7658879041162565e-05,0.9999999996174932,0.0003572917688727211,0.006061718777080317,0.0,0.0,0.0,-0.0037626518366239803,1477,1530
0.0010907904978936897,0.0002518591077016368,0.0,0.0,0.0,-0.00013447271772001592,0.9999999909585441,0.001896439743547058,0.006640784105719509,0.0,0.0,0.0,-0.0032018536833780926,1477,1530
0.0010191789366692568,-0.0001411255534761675,0.0,0.0,0.0,-3.406945854466266e-05,0.999999999419636,-0.0005356806496911713,-0.0029441582380738975,0.0,0.0,0.0,0.0015043264373094955,1477,1530
0.0009563838349417114,-0.00022710112535386976,0.0,0.0,0.0,1.3380731830584472e-05,0.9999999999104779,-0.0006280243181008905,-0.0008599791002944769,0.0,0.0,0.0,0.0009492031399480185,1477,1530
0.0009610736553030293,-0.00012794352053889974,0.0,0.0,0.0,-2.393312494457804e-05,0.9999999997136028,4.690082020445886e-05,0.000991069347362902,0.0,0.0,0.0,-0.0007458967280524484,1477,1530
0.0008677665156170213,-0.0006850563197711686,0.0,0.0,0.0,9.671227268343291e-05,0.9999999953233681,-0.0006992853702464844,-0.004176479188396105,0.0,0.0,0.0,0.001808857931966751,1477,1530
0.0009474259709892444,-0.0007283214967496551,0.0,0.0,0.0,0.0001449411412055682,0.9999999894960327,0.0005971606976520489,-0.000324483511864426,0.0,0.0,0.0,0.0007231636544411426,1477,1530
0.0009497031052763213,-0.0003495170314935302,0.0,0.0,0.0,4.529816667386686e-05,0.999999998974038,2.390648398240912e-05,0.0037939184660168122,0.0,0.0,0.0,-0.0019959532246743993,1477,1530
0.0009509868389052962,-0.0004921624402478087,0.0,0.0,0.0,7.817667281166207e-05,0.9999999969442039,1.2692873279243543e-05,-0.0014247455500443777,0.0,0.0,0.0,0.0006567819855375726,1477,1530
0.0008457123609453862,-0.000472492391851039,0.0,0.0,0.0,7.255686966824363e-05,0.9999999973677504,-0.0010525771769195464,0.0001968394925972276,0.0,0.0,0.0,-0.00011238145359817059,1477,1530
0.0009434131926792079,-0.00018194003199870095,0.0,0.0,0.0,-2.102695437321262e-05,0.9999999997789336,0.0014705049548576032,0.004371032798148322,0.0,0.0,0.0,-0.0028158637551360236,1477,1530
0.0009491661403454417,-0.0005752280953530685,0.0,0.0,0.0,9.414767820513698e-05,0.9999999955681074,4.320806843111854e-05,-0.0029453584347302465,0.0,0.0,0.0,0.0017251008397391936,1477,1530
0.0008291693077521584,1.535371383315704e-05,0.0,0.0,0.0,-8.548368779179732e-05,0.9999999963462696,-0.0009007319918727079,0.004437364900771657,0.0,0.0,0.0,-0.0026992346282301693,1477,1530
0.0008749826392667154,-0.0006389478118204863,0.0,0.0,0.0,0.00010741619285317629,0.9999999942308807,0.001280037768528661,-0.018236626442556737,0.0,0.0,0.0,0.010753101051303763,1477,1530
0.0008749826392667154,-0.0006389478118204863,0.0,0.0,0.0,0.00010741619285317629,0.9999999942308807,0.001280037768528661,-0.018236626442556737,0.0,0.0,0.0,0.010753101051303763,1477,1530
0.0009091298537224773,-0.0009039662621884372,0.0,0.0,0.0,0.00018866391205845927,0.999999982202964,0.0003492140864796585,-0.0027148717494341647,0.0,0.0,0.0,0.0016645711950122556,1477,1530
0.0010155605271369155,-0.0006563464805368395,0.0,0.0,0.0,0.00013696070659107562,0.9999999906208824,0.0006392276976182436,0.0014856707658213633,0.0,0.0,0.0,-0.0006205191411128718,1477,1530
0.000899743224550176,-0.00020644595992262764,0.0,0.0,0.0,-3.0875241795469417e-06,0.9999999999952336,-0.0011578089652883752,0.004502699310226973,0.0,0.0,0.0,-0.0028030669150064854,1477,1530
0.0009552456380179229,-0.00032500944716119,0.0,0.0,0.0,3.1934315665955414e-05,0.9999999994900998,0.0008272198879509352,-0.0017670672544744044,0.0,0.0,0.0,0.0010439322714849116,1477,1530
0.0009752031372171572,-0.00018971785855693556,0.0,0.0,0.0,-2.5380274070979247e-05,0.9999999996779209,0.00020046325348513572,0.0013583364826320837,0.0,0.0,0.0,-0.0011508953757772668,1477,1530
0.0010542121581009023,1.8267982969979887e-05,0.0,0.0,0.0,-6.304413213795324e-05,0.9999999980127187,0.00039498046711917707,0.00103991806145901,0.0,0.0,0.0,-0.00037662728215260075,1477,1530
0.0008942460229308017,-0.00036662010558033355,0.0,0.0,0.0,5.5709825312431804e-05,0.9999999984482076,-0.001598728396324833,-0.0038480051119994026,0.0,0.0,0.0,0.002374414308830378,1477,1530
0.0008463546560443532,-0.00044057454712567956,0.0,0.0,0.0,6.177048429365996e-05,0.9999999980922036,-0.0007193105159436718,-0.001110496989787511,0.0,0.0,0.0,0.0001820263696792717,1477,1530
0.0008463546560443532,-0.00044057454712567956,0.0,0.0,0.0,6.177048429365996e-05,0.9999999980922036,-0.0007193105159436718,-0.001110496989787511,0.0,0.0,0.0,0.0001820263696792717,1477,1530
0.000887427127589307,-0.0007932106269777539,0.0,0.0,0.0,0.00016713201929352016,0.999999986033444,0.0006133237596977633,-0.005271483366628054,0.0,0.0,0.0,0.0031500100318024183,1477,1530
0.001042900128454352,-0.0002488973674693918,0.0,0.0,0.0,2.1958945238378356e-06,0.999999999997589,0.0007782746826259705,0.0027213063003360062,0.0,0.0,0.0,-0.0016493612479994847,1477,1530
0.0008968998448793549,6.985646197219702e-05,0.0,0.0,0.0,-9.934006528189954e-05,0.9999999950657757,-0.0010958162292676143,0.002392458855095668,0.0,0.0,0.0,-0.0015241863471461702,1477,1530
0.0009209173189939698,-0.00020641793043258696,0.0,0.0,0.0,-6.816807034544052e-08,0.9999999999999977,0.000720621579783509,-0.008270307294031295,0.0,0.0,0.0,0.0059435352319646894,1477,1530
0.0009344595297648945,-0.00022369653166937103,0.0,0.0,0.0,-2.6377461876980323e-06,0.9999999999965211,0.00010151507954679753,-0.00012952376211940804,0.0,0.0,0.0,-3.852412076900208e-05,1477,1530
0.0009460424990259927,-0.00035170386152295994,0.0,0.0,0.0,2.9198719198868578e-05,0.9999999995737174,0.00011552798590393352,-0.0012766639945938508,0.0,0.0,0.0,0.0006350337675474604,1477,1530
0.0009460424990259927,-0.00035170386152295994,0.0,0.0,0.0,2.9198719198868578e-05,0.9999999995737174,0.00011552798590393352,-0.0012766639945938508,0.0,0.0,0.0,0.0006350337675474604,1477,1530
0.0008985589964785149,-0.00040404330926478087,0.0,0.0,0.0,5.845741866404241e-05,0.9999999982913651,-0.00023796703076499885,-0.00026227217472055565,0.0,0.0,0.0,0.0002932453306687955,1477,1530
0.0009917612734477797,-0.00023838271421162987,0.0,0.0,0.0,2.6598860730431738e-05,0.9999999996462503,0.0009322444124699679,0.0016565466683191022,0.0,0.0,0.0,-0.0006371902748758287,1477,1530
0.0008793185958399186,-0.00041754770837912006,0.0,0.0,0.0,5.189386348771467e-05,0.9999999986535134,-0.001598081609535816,-0.002546065801010848,0.0,0.0,0.0,0.0007189450388602755,1477,1530
0.0009814168559936587,5.66869970454807e-05,0.0,0.0,0.0,-7.147515566778461e-05,0.999999997445651,0.0007875551598734562,0.003656259011611717,0.0,0.0,0.0,-0.0019023456681732573,1477,1530
0.0008520608855967011,-0.0009485987098845875,0.0,0.0,0.0,0.0001967731434459938,0.9999999806401648,-0.0019366636665845817,-0.015067734650322406,0.0,0.0,0.0,0.008041136624571827,1477,1530
0.0008520608855967011,-0.0009485987098845875,0.0,0.0,0.0,0.0001967731434459938,0.9999999806401648,-0.0019366636665845817,-0.015067734650322406,0.0,0.0,0.0,0.008041136624571827,1477,1530
0.000943267839840531,-0.0004951997327648442,0.0,0.0,0.0,7.26904624596959e-05,0.9999999973580483,0.000448046619311718,0.002222760133412461,0.0,0.0,0.0,-0.0012167115949256548,1477,1530
0.0008116447039641171,-0.00012533123074003305,0.0,0.0,0.0,-2.3071586427900702e-05,0.9999999997338509,-0.002095854509058641,0.005892182260884674,0.0,0.0,0.0,-0.0030509127312124407,1477,1530
0.0009939993821822103,-3.783506673378028e-05,0.0,0.0,0.0,-6.0789786434732735e-05,0.9999999981523009,0.0013695231708337299,0.0006571929067175911,0.0,0.0,0.0,-0.0005665562645349531,1477,1530
0.0009922020544626767,-4.0047259486963226e-06,0.0,0.0,0.0,-6.296552835023336e-05,0.9999999980176711,-1.3497881662995015e-05,0.00025348320495661476,0.0,0.0,0.0,-3.2604909594033145e-05,1477,1530
0.0009325592772930852,-0.00030652848638932723,0.0,0.0,0.0,3.727713076734476e-05,0.9999999993052078,-0.00044690214331170007,-0.0022683096947640315,0.0,0.0,0.0,0.00150319268517518,1477,1530
0.0008315283880503268,-0.0005945399133120572,0.0,0.0,0.0,0.00011112084045118076,0.9999999938260794,-0.0010104932996131053,-0.002879952539813437,0.0,0.0,0.0,0.0014768298918387676,1477,1530
0.0011395991600243213,9.896149929641915e-05,0.0,0.0,0.0,-9.228848306926183e-05,0.999999995741418,0.0018505003469238145,0.004163187078259926,0.0,0.0,0.0,-0.002442431061849794,1477,1530
0.0008886696415033044,-0.0002752389778781305,0.0,0.0,0.0,-1.5285049136401914e-05,0.9999999998831837,-0.0025079273142060723,-0.003741457672521838,0.0,0.0,0.0,0.0015396529734406062,1477,1530
0.0009382857363013438,-0.0005053153220461518,0.0,0.0,0.0,7.5216684780827e-05,0.9999999971712251,0.0004959882480715062,-0.002299621458401592,0.0,0.0,0.0,0.001809148194688691,1477,1530
0.0010065833178897541,-0.0001611219300628842,0.0,0.0,0.0,-7.214692668993879e-06,0.999999999973974,0.0020484118736238473,0.010315075189659932,0.0,0.0,0.0,-0.00494089234437945,1477,1530
0.0010870328999151905,-8.601731907090337e-05,0.0,0.0,0.0,-4.720479819623582e-05,0.9999999988858534,0.000804452804924689,0.0007510276771147302,0.0,0.0,0.0,-0.0007997701198762374,1477,1530
0.0008116807358807404,-0.00047819921770768907,0.0,0.0,0.0,7.530159126127199e-05,0.9999999971648351,-0.0020640482289940323,-0.0029403977387104847,0.0,0.0,0.0,0.0018368702748381,1477,1530
0.0009695968786245474,0.00019298450052108947,0.0,0.0,0.0,-0.0001254723900298351,0.9999999921283397,0.0023728091201542134,0.010078233019648792,0.0,0.0,0.0,-0.006029701339218368,1477,1530
0.0009618229397055566,-0.00014771702948436477,0.0,0.0,0.0,-2.649391486230707e-05,0.9999999996490362,-5.7630605164384637e-05,-0.002553826729135847,0.0,0.0,0.0,0.0014838350535877317,1477,1530
0.0006875518041244268,-0.000675798385492159,0.0,0.0,0.0,0.00014721996999411246,0.9999999891631401,-0.008280538461642254,-0.015945405607013196,0.0,0.0,0.0,0.010490285607514707,1477,1530
0.0009379805899157989,-0.00037128633328149097,0.0,0.0,0.0,1.9193101019127126e-05,0.9999999998158124,0.0018778507532987965,0.0022820264511981365,0.0,0.0,0.0,-0.0019193426005511282,1477,1530
0.0008320132063561167,2.6545098185656434e-05,0.0,0.0,0.0,-5.112413583499496e-05,0.9999999986931614,-0.0010584520858323895,0.0039743409042810665,0.0,0.0,0.0,-0.0014049257613734803,1477,1530
0.001146982808945269,0.000377829248050941,0.0,0.0,0.0,-0.0001958471736450549,0.9999999808219421,0.004737839733204246,0.005285178016705514,0.0,0.0,0.0,-0.004354406021620559,1477,1530
0.0009158787871817181,0.00023932039555779816,0.0,0.0,0.0,-0.000131149849233835,0.9999999913998585,-0.0017319811614632096,-0.0010389601655525745,0.0,0.0,0.0,0.0009699603490518267,1477,1530
0.000854390493605056,2.216186098569174e-05,0.0,0.0,0.0,-6.143871552424603e-05,0.9999999981126421,-0.0009221569695990797,-0.003260048568120085,0.0,0.0,0.0,0.0020928932251660665,1477,1530
0.0010222582766463858,0.000668030984190447,0.0,0.0,0.0,-0.000256384698680526,0.9999999671334426,0.0016756723029153543,0.006450382949413849,0.0,0.0,0.0,-0.0038937799043596323,1477,1530
0.0007079280185554986,-1.8018885891087555e-05,0.0,0.0,0.0,-8.178270282894483e-05,0.9999999966557948,-0.0023534320598457012,-0.005143508944562092,0.0,0.0,0.0,0.002617466029278916,1477,1530
0.0009423309237879218,0.0005283522619117216,0.0,0.0,0.0,-0.00023127830209610385,0.9999999732551731,0.0010664172389489273,0.005167967100310794,0.0,0.0,0.0,-0.0034875329420627206,1477,1530
0.0008857587751685438,0.0004112986843516313,0.0,0.0,0.0,-0.0001723841460745083,0.999999985141853,-0.0005571020075252062,-0.0011540634091477303,0.0,0.0,0.0,0.001161047948656731,1477,1530
0.0010076790303131205,0.0006385961276424343,0.0,0.0,0.0,-0.00023856728510001217,0.9999999715428248,0.0018691132119651416,0.003487496955212663,0.0,0.0,0.0,-0.0020305625473300477,1477,1530
0.000911710182532842,0.00019905699824251342,0.0,0.0,0.0,-0.00010549057682484828,0.9999999944358691,-0.000957725257022435,-0.004396464199201777,0.0,0.0,0.0,0.0026619068659553954,1477,1530
0.0009044095638704574,-0.00020414583725581321,0.0,0.0,0.0,-2.607973404567175e-06,0.9999999999965993,-7.212809433398555e-05,-0.004030512073585761,0.0,0.0,0.0,0.0020568704579146616,1477,1530
0.0010487559450158533,0.0006069623109050226,0.0,0.0,0.0,-0.00022514000556287818,0.9999999746559887,0.0014396927003707907,0.008090135559429562,0.0,0.0,0.0,-0.004439143263420578,1477,1530
0.0010228082880364019,0.000167937835748168,0.0,0.0,0.0,-9.467170778854639e-05,0.9999999955186338,-0.0003887550826340656,-0.0066282608566400536,0.0,0.0,0.0,0.003939438657087664,1477,1530
0.0006958153213027759,-0.0003200164178398608,0.0,0.0,0.0,2.7051845546158696e-05,0.9999999996340988,-0.00326920185158629,-0.004880454415326276,0.0,0.0,0.0,0.0024346171406051434,1477,1530
0.0007941625818517083,0.00038576305452746134,0.0,0.0,0.0,-0.00013871411335961384,0.9999999903791974,0.0014713162404033139,0.01055457910817475,0.0,0.0,0.0,-0.004957931435934631,1477,1530
0.0010448248001517766,0.00018975884460488359,0.0,0.0,0.0,-0.00011557958023165287,0.9999999933206803,0.001883203907022651,-0.0014717212231801808,0.0,0.0,0.0,0.00034754017881987777,1477,1530
0.0008781770259954109,-3.817558993631645e-05,0.0,0.0,0.0,-5.464146596693836e-05,0.999999998507155,-0.002492968015021301,-0.003411440915373088,0.0,0.0,0.0,0.0018237845885475694,1477,1530
0.0008394996307782907,-4.9680805520736165e-05,0.0,0.0,0.0,-3.507932270421959e-05,0.9999999993847205,-0.0002901130988678838,-8.633333554510619e-05,0.0,0.0,0.0,0.00029347470305394764,1477,1530
0.0009406008675758356,8.207991741222966e-05,0.0,0.0,0.0,-0.00010124877541076201,0.9999999948743428,0.0010092445779494993,0.0013154944365803328,0.0,0.0,0.0,-0.0013211958713345987,1477,1530
0.000924189548131193,0.00010640965577248553,0.0,0.0,0.0,-8.425255890064458e-05,0.9999999964507531,-0.0001633116047450013,0.0002420033088554233,0.0,0.0,0.0,0.00033816250500114933,1477,1530
0.0009461743313773264,-0.00011175913296149487,0.0,0.0,0.0,7.331892347189176e-06,0.9999999999731216,0.00022144892542794872,-0.0021938706705164094,0.0,0.0,0.0,0.0018419486785303436,1477,1530
0.0010390142234137925,-0.00036344634557784647,0.0,0.0,0.0,5.168175909520887e-05,0.9999999986644978,0.0013940625482684395,-0.003779448208149078,0.0,0.0,0.0,0.001331947825822817,1477,1530
0.0011995329981491709,-0.0005704131467189383,0.0,0.0,0.0,7.886863676775715e-05,0.9999999968898691,-5.710918563933391e-05,-0.003563409388436595,0.0,0.0,0.0,0.0024490550242826656,1477,1530
0.0012776678882185982,0.0008013504288657386,0.0,0.0,0.0,-0.00036051193188461455,0.9999999350155714,0.0005881035176282845,0.0102963455886174,0.0,0.0,0.0,-0.006595968721143598,1477,1530
0.0011035333638383545,-4.4494266169031e-05,0.0,0.0,0.0,-9.340563232547066e-05,0.9999999956376939,-0.005175513151562412,-0.025231747503795785,0.0,0.0,0.0,0.015933327610140307,1477,1530
0.0011596364883390345,-0.0002522872646975548,0.0,0.0,0.0,5.219606377175307e-06,0.9999999999863778,0.0005621389538048241,-0.002080488166924704,0.0,0.0,0.0,0.0019750328155760184,1477,1530
0.0011596364883390345,-0.0002522872646975548,0.0,0.0,0.0,5.219606377175307e-06,0.9999999999863778,0.0,0.0,0.0,0.0,0.0,2.225105091487985e-21,1477,1530
0.0011596364883390345,-0.0002522872646975548,0.0,0.0,0.0,5.219606377175307e-06,0.9999999999863778,0.0,0.0,0.0,0.0,0.0,3.2548039817979708e-21,1477,1530
0.0011596364883390345,-0.0002522872646975548,0.0,0.0,0.0,5.219606377175308e-06,0.9999999999863778,0.0,0.0,0.0,0.0,0.0,3.6103749202862194e-20,1477,1530
0.0010603805749462192,-0.00016785586986569376,0.0,0.0,0.0,-2.2125608508516476e-05,0.9999999997552287,-0.002971885501829846,0.002528068476581158,0.0,0.0,0.0,-0.0016375360730650204,1477,1530
0.0008389179354478576,-0.00044035263066564484,0.0,0.0,0.0,4.377986666942728e-05,0.9999999990416616,-0.0016606468667004254,-0.002043513112097852,0.0,0.0,0.0,0.0009884437450660489,1477,1530
0.0007742748050378264,-0.00037804124908525917,0.0,0.0,0.0,1.3380351056447047e-05,0.999999999910483,-0.00048496199239429614,0.0004675508048736502,0.0,0.0,0.0,-0.00045616151408847417,1477,1530
0.0010800958285114655,-0.0002940572075634172,0.0,0.0,0.0,1.4603865918902043e-05,0.9999999998933635,0.009169563169706515,0.002517865720390432,0.0,0.0,0.0,7.336980466386037e-05,1477,1530
0.0008541548185153334,-0.0003762213809677782,0.0,0.0,0.0,-1.918877135589353e-06,0.9999999999981589,-0.001664310093909023,-0.0006051766683722786,0.0,0.0,0.0,-0.00024341465039643908,1477,1530
0.0009693568304167885,-0.0001657768439793355,0.0,0.0,0.0,-5.115665144885705e-05,0.9999999986914985,0.0017968462599813773,0.0032824072981128033,0.0,0.0,0.0,-0.0015359685029770673,1477,1530
0.001127932275669406,-3.518673669100224e-05,0.0,0.0,0.0,-5.631479561900006e-05,0.9999999984143219,0.0011873574105333736,0.0009780168859412387,0.0,0.0,0.0,-7.725126443475462e-05,1477,1530
0.0010253072470400425,-0.00014730999570227956,0.0,0.0,0.0,-4.080432576998394e-05,0.9999999991675035,-0.0015413284402564329,-0.0016843635190182161,0.0,0.0,0.0,0.0004659617828833113,1477,1530
0.000877703756927987,-0.0003214508527869745,0.0,0.0,0.0,4.384554323199754e-06,0.9999999999903878,-0.002212367948614549,-0.002610557512652919,0.0,0.0,0.0,0.0013547654836276277,1477,1530
0.0008953958787570788,-8.049539858523587e-05,0.0,0.0,0.0,-9.663331651648775e-05,0.999999995331001,0.00017693703981849003,0.002409480706062175,0.0,0.0,0.0,-0.0020202968074615195,1477,1530
0.0008637992696742575,-0.0002478625594244029,0.0,0.0,0.0,-1.898263439367409e-05,0.9999999998198298,-6.937341458445132e-05,-0.006077513071634848,0.0,0.0,0.0,0.003981800976374357,1477,1530
0.0008679882013768428,-0.0002529251648032252,0.0,0.0,0.0,-1.445512110789345e-05,0.9999999998955247,4.183726895045775e-05,-5.055924199039006e-05,0.0,0.0,0.0,9.043360637581133e-05,1477,1530
0.0009521652542618532,-0.0003156298553573355,0.0,0.0,0.0,7.286984444417152e-06,0.9999999999734499,0.0008428844063044404,-0.0006278387598770233,0.0,0.0,0.0,0.00043540814160739977,1477,1530
0.001024217486401667,9.844815836077616e-05,0.0,0.0,0.0,-0.00011776184571296097,0.9999999930660738,0.0007203017512395286,0.00413915536527901,0.0,0.0,0.0,-0.002500001601449917,1477,1530
0.000861432935627772,-0.0003121548230591759,0.0,0.0,0.0,-2.3276216843073976e-05,0.9999999997291088,-0.0024460658476879696,-0.006174128847536139,0.0,0.0,0.0,0.002841245797605831,1477,1530
0.0009568925537940532,-0.00027831034509047034,0.0,0.0,0.0,-1.0461332682221376e-05,0.9999999999452802,0.00095516307467584,0.0003386958225475148,0.0,0.0,0.0,0.0002564541202616158,1477,1530
0.0009886152234045574,-0.0003579963519027447,0.0,0.0,0.0,3.567591728217258e-05,0.9999999993636145,0.00047420533403909446,-0.0011911112566820939,0.0,0.0,0.0,0.0013792899837304735,1477,1530
0.0009866356010214683,-0.00023571538417039333,0.0,0.0,0.0,1.3646332632546367e-05,0.9999999999068888,-2.960905905107045e-05,0.0018370456804093608,0.0,0.0,0.0,-0.0006619068762390697,1477,1530
0.0008875358769953969,-0.0003262901006029869,0.0,0.0,0.0,4.597144217323871e-05,0.9999999989433133,-0.0016647472281217136,-3.734365949006206e-05,0.0,0.0,0.0,0.00022617705887010444,1477,1530
0.000980484121884415,-0.00016167387558093724,0.0,0.0,0.0,-2.465901838874384e-05,0.9999999996959664,0.0013983240544308568,0.00247597362288345,0.0,0.0,0.0,-0.0021247995103020013,1477,1530
0.0010912844847255875,-0.0004322743110684441,0.0,0.0,0.0,9.500111475615553e-05,0.999999995487394,0.0011081038387713322,-0.0027058685309645954,0.0,0.0,0.0,0.002393130866168803,1477,1530
0.000662160822267684,-0.00028646346362622014,0.0,0.0,0.0,-1.867043318722187e-05,0.9999999998257074,-0.0064407545604464505,0.00218985289037423,0.0,0.0,0.0,-0.0034124327652297172,1477,1530
0.0008380683112376269,-0.0002726565915722209,0.0,0.0,0.0,-2.5049284532755054e-05,0.9999999996862666,0.0017588586698270318,0.00013811783168432007,0.0,0.0,0.0,-0.0001275617195341522,1477,1530
0.0009368793578285628,-0.0004122908059117457,0.0,0.0,0.0,5.0748801230216596e-05,0.9999999987122796,0.0014807306692229602,-0.002092263004559048,0.0,0.0,0.0,0.0022715801281105725,1477,1530
0.0009368793578285628,-0.0004122908059117457,0.0,0.0,0.0,5.0748801230216596e-05,0.9999999987122796,0.0,0.0,0.0,0.0,0.0,-5.5358171620591645e-21,1477,1530
0.0009368793578285628,-0.0004122908059117457,0.0,0.0,0.0,5.0748801230216596e-05,0.9999999987122796,0.0,0.0,0.0,0.0,0.0,-5.527346638506508e-21,1477,1530
0.0009368793578285628,-0.0004122908059117457,0.0,0.0,0.0,5.0748801230216596e-05,0.9999999987122796,0.0,0.0,0.0,0.0,0.0,-1.7071218658743902e-20,1477,1530
0.0008993727590366447,-0.00041555291040097365,0.0,0.0,0.0,2.3286667522812714e-05,0.9999999997288656,-0.000374960558383172,-3.257353010203353e-05,0.0,0.0,0.0,-0.0005490834402749372,1477,1530
0.0007207081223742395,-0.0006543432620382429,0.0,0.0,0.0,6.918116644512053e-05,0.9999999976069831,-0.0017846516883246381,-0.002385005996627083,0.0,0.0,0.0,0.0009168081455737391,1477,1530
0.0007861183474184188,-0.0006544323052171093,0.0,0.0,0.0,0.00011787458544737002,0.9999999930527911,0.0009822680557109273,-1.4730742791728937e-06,0.0,0.0,0.0,0.0014624624709281922,1477,1530
0.0009061743199305975,0.00010816593543657403,0.0,0.0,0.0,-9.812514619375361e-05,0.9999999951857278,0.0009010743058670362,0.005714873919828097,0.0,0.0,0.0,-0.003237503078508759,1477,1530
0.0007566578167703017,-0.0006442725328505523,0.0,0.0,0.0,9.909646701787935e-05,0.9999999950899451,-0.0022433479118145654,-0.011301199952760806,0.0,0.0,0.0,0.00592408309186296,1477,1530
0.0008298683394499186,-0.00018141600162014228,0.0,0.0,0.0,-9.412970464943504e-06,0.999999999955698,0.0007329785826376209,0.004628142434769765,0.0,0.0,0.0,-0.002170058545131582,1477,1530
0.0006363424576181371,-0.00023094305476239994,0.0,0.0,0.0,-5.265798405634965e-06,0.9999999999861356,-0.0008218224198207348,-0.0014774112578974166,0.0,0.0,0.0,0.001123010402338348,1477,1530
0.0009443350808784928,-0.00020986463412892242,0.0,0.0,0.0,-1.4527526679907155e-05,0.9999999998944755,0.004630907578845369,0.0003169793752095619,0.0,0.0,0.0,-0.0002785147132563435,1477,1530
0.0008082092890339041,-0.0003965217452740317,0.0,0.0,0.0,5.833533348315805e-05,0.9999999982984944,-0.0013592735161551258,-0.0018639638334411834,0.0,0.0,0.0,0.0014551908316628533,1477,1530
0.0010736423334955884,-0.0003380723617696308,0.0,0.0,0.0,5.5352310124294234e-05,0.9999999984680609,0.002654849944327403,0.0005842834767541834,0.0,0.0,0.0,-5.967061127751517e-05,1477,1530
0.0010736423334955884,-0.0003380723617696308,0.0,0.0,0.0,5.5352310124294234e-05,0.9999999984680609,0.0,0.0,0.0,0.0,0.0,9.552348962213043e-20,1477,1530
0.0010736423334955884,-0.0003380723617696308,0.0,0.0,0.0,5.5352310124294234e-05,0.9999999984680609,0.0,0.0,0.0,0.0,0.0,9.290652273775961e-20,1477,1530
0.0010736423334955884,-0.0003380723617696308,0.0,0.0,0.0,5.535231012429425e-05,0.9999999984680609,0.0,0.0,0.0,0.0,0.0,5.01810414408744e-19,1477,1530
0.0010715354483731769,-0.000422055479351692,0.0,0.0,0.0,8.365333158150733e-05,0.9999999965010601,-2.1130340079541865e-05,-0.0008385793550161861,0.0,0.0,0.0,0.0005651783147657127,1477,1530
0.0007840049565747585,-0.0016139447670609893,0.0,0.0,0.0,0.0004685130528621981,0.9999998902477536,-0.002147061799353034,-0.008893606981971102,0.0,0.0,0.0,0.005743703558999378,1477,1530
0.0010280461221768853,-0.0008573044098592758,0.0,0.0,0.0,0.00023152139073438833,0.9999999731989224,0.0037102454318193824,0.011466685142526042,0.0,0.0,0.0,-0.007185267409912616,1477,1530
0.0010910894632284187,-0.001248835201973796,0.0,0.0,0.0,0.0003592231038266596,0.9999999354793787,0.0006285952440988676,-0.003915442801327382,0.0,0.0,0.0,0.002553932210763749,1477,1530
0.0010029483037225222,-0.00110153035915363,0.0,0.0,0.0,0.00025716856426175787,0.9999999669321642,-0.0013234809549196138,0.0022154624234202273,0.0,0.0,0.0,-0.0030684790366170556,1477,1530
0.0010340406580543473,-1.4882044859498194e-05,0.0,0.0,0.0,-7.29125881262691e-05,0.9999999973418773,0.00047520123974424113,0.016314328718283415,0.0,0.0,0.0,-0.009911453901852081,1477,1530
0.0007641113353408775,-0.0005700366538497065,0.0,0.0,0.0,3.859806838969527e-05,0.9999999992550945,-0.002020639811937164,-0.0041573238103611325,0.0,0.0,0.0,0.0016699962014444908,1477,1530
0.00035318918943312946,-0.0005515458716732194,0.0,0.0,0.0,3.84208017728465e-05,0.999999999261921,-0.004115005514991231,-0.004867118296001262,0.0,0.0,0.0,0.0022877575233166,1477,1530
0.0010661192364270838,-0.0008958964193358265,0.0,0.0,0.0,0.00024911691344192314,0.9999999689703812,0.0071364577604800476,-0.0034476388377308598,0.0,0.0,0.0,0.004218309295214854,1477,1530
0.0008307553085392697,-0.0006306794760380253,0.0,0.0,0.0,0.0001095424309740429,0.9999999940002279,-0.0070270876363342566,0.007926338361354514,0.0,0.0,0.0,-0.008339028192519516,1477,1530
0.0008395542638722005,-0.00027895235353099545,0.0,0.0,0.0,-5.569495607917472e-05,0.9999999984490359,6.6537828223657e-05,0.0026366601174530107,0.0,0.0,0.0,-0.0024773592789871543,1477,1530
0.000745705230281782,-0.0002472510148168075,0.0,0.0,0.0,-7.170202211803668e-06,0.9999999999742941,-0.0014096421426804523,0.00047598919602165617,0.0,0.0,0.0,0.0014576594384733952,1477,1530
0.0004638568133997284,-0.000428425008482126,0.0,0.0,0.0,-2.970910507905917e-05,0.9999999995586846,-0.004185103849502306,-0.0026902967624467095,0.0,0.0,0.0,-0.0006693563848735949,1477,1530
0.0002798027067773374,-0.0006491355564445378,0.0,0.0,0.0,4.913768735089034e-05,0.9999999987927438,-0.0013884018231673416,-0.0016651187704697097,0.0,0.0,0.0,0.0011896374720480065,1477,1530
0.0007338388962138318,-0.0006137841561306987,0.0,0.0,0.0,8.100459804591014e-05,0.9999999967191275,0.0034007914119994786,0.0002644504499028925,0.0,0.0,0.0,0.0004773711446100066,1477,1530
0.0006970765718974112,-0.0006668843623805018,0.0,0.0,0.0,0.00012889568429105998,0.9999999916929513,-0.0005532124715001086,-0.0007987941523493056,0.0,0.0,0.0,0.0014410268548826109,1477,1530
0.00045131983563818424,-0.0002674223710522311,0.0,0.0,0.0,-6.359540589993244e-05,0.9999999979778121,-0.003672338663845075,0.0059726029931341405,0.0,0.0,0.0,-0.00575519379911354,1477,1530
0.0006524699780728088,-0.0007081022937766132,0.0,0.0,0.0,8.853813498655115e-05,0.9999999960804993,0.0030236563964380395,-0.006621999499729105,0.0,0.0,0.0,0.004572419465562052,1477,1530
0.0009524941133028635,-0.0004778477185289979,0.0,0.0,0.0,0.00011738314450367552,0.9999999931105987,0.002244600309294711,0.0017219949019929481,0.0,0.0,0.0,0.00043154342238004516,1477,1530
0.0011680791312367606,-5.923852292907025e-05,0.0,0.0,0.0,-2.2681047415848498e-05,0.9999999997427851,0.003251229100824683,0.0063093892276004085,0.0,0.0,0.0,-0.004222680225299522,1477,1530
0.0006383203193607042,-0.0005463474803575259,0.0,0.0,0.0,7.548591739470622e-05,0.9999999971509381,-0.0039670549451697274,-0.0036480071584521156,0.0,0.0,0.0,0.0014702916819164993,1477,1530
0.0009459289651768943,-0.00040753325050697575,0.0,0.0,0.0,0.0001019758308571287,0.999999994800465,0.004625522115709949,0.00208651402148744,0.0,0.0,0.0,0.000796605276568743,1477,1530
0.0006260598295306299,7.65568126717819e-05,0.0,0.0,0.0,-0.0001388000708919402,0.9999999903672702,-0.0019188142695546952,0.0029052222679387435,0.0,0.0,0.0,-0.002889599760516861,1477,1530
0.0009384103987800541,-0.0003382387267655765,0.0,0.0,0.0,-2.0194906576857365e-06,0.9999999999979609,0.00938222749560772,-0.012452222402517123,0.0,0.0,0.0,0.008214063190813393,1477,1530
0.0006685862860201158,0.00046185694881964613,0.0,0.0,0.0,-0.00023692274584165198,0.9999999719338059,-0.002021981343373936,0.0059955981458117945,0.0,0.0,0.0,-0.003520547561805998,1477,1530
0.0006685862860201158,0.00046185694881964613,0.0,0.0,0.0,-0.00023692274584165198,0.9999999719338059,-0.002021981343373936,0.0059955981458117945,0.0,0.0,0.0,-0.003520547561805998,1477,1530
0.0008181153079735235,2.724232624137156e-05,0.0,0.0,0.0,-0.00016006433442909213,0.9999999871897043,-0.004751416561860597,-0.001968553474885886,0.0,0.0,0.0,-0.0017116265152595771,1477,1530
0.0009671726896452745,-0.0004220174119428539,0.0,0.0,0.0,7.699554279010062e-05,0.9999999970358432,0.0011125533712184194,-0.003349653617059949,0.0,0.0,0.0,0.0035353840703080566,1477,1530
0.0009671726896452745,-0.0004220174119428539,0.0,0.0,0.0,7.699554279010062e-05,0.9999999970358432,0.0011125533712184194,-0.003349653617059949,0.0,0.0,0.0,0.0035353840703080566,1477,1530
0.00036709244646903987,-0.0005900049514724184,0.0,0.0,0.0,6.161004198677082e-05,0.9999999981021014,-0.004511092353132071,-0.0012620942090069895,0.0,0.0,0.0,-0.00023131047876510962,1477,1530
0.0003811262751310076,-0.0002750470762463888,0.0,0.0,0.0,-7.887112236088045e-05,0.999999996889673,0.0001414321232066858,0.0031653565651144624,0.0,0.0,0.0,-0.0028237136110458084,1477,1530
0.0012729743032635766,-0.00028758688322985746,0.0,0.0,0.0,8.114283332763043e-05,0.9999999967079203,0.006959395372824849,0.0028830648394452558,0.0,0.0,0.0,-0.00030407747502629205,1477,1530
0.0012729743032635766,-0.00028758688322985746,0.0,0.0,0.0,8.114283332763043e-05,0.9999999967079203,0.006959395372824849,0.0028830648394452558,0.0,0.0,0.0,-0.00030407747502629205,1477,1530
0.0013279985303582776,-0.00020244661796969392,0.0,0.0,0.0,0.00010316382765278707,0.9999999946786123,0.0005504905322543098,0.0008514836416849623,0.0,0.0,0.0,0.0004405079899445005,1477,1530
0.0009510234093523606,-0.0004533976297044738,0.0,0.0,0.0,9.449967316128459e-05,0.9999999955349059,-0.005561770952741098,-0.003700795497805509,0.0,0.0,0.0,-0.0002556212522307656,1477,1530
0.0013296173016168712,-0.0002147323559649287,0.0,0.0,0.0,9.322954069788749e-05,0.9999999956541263,0.0028627950059972366,0.0018039475849378755,0.0,0.0,0.0,-1.920630973359122e-05,1477,1530
0.0010954866115674932,-0.00037753524196444953,0.0,0.0,0.0,6.671886857921393e-05,0.9999999977742963,-0.0023391075754523516,-0.0016258526114680723,0.0,0.0,0.0,-0.000529646722029908,1477,1530
0.0007721433395476262,-0.00032737579715653217,0.0,0.0,0.0,4.6652810909737e-06,0.9999999999891176,-0.0032256242615563077,0.000500823928130535,0.0,0.0,0.0,-0.0012381003092158359,1477,1530
0.0014389084216323064,6.838765049335075e-05,0.0,0.0,0.0,-1.3515745581584058e-05,0.9999999999086623,0.006649269271628724,0.003946640070400953,0.0,0.0,0.0,-0.0003626160868790362,1477,1530
0.0013593998044201642,-0.0003341050590354869,0.0,0.0,0.0,0.00015455864049275715,0.9999999880558132,-0.0005988484998604433,-0.0030319534965331336,0.0,0.0,0.0,0.0025321750630698005,1477,1530
0.0009757152818337808,-0.00016456413858902718,0.0,0.0,0.0,-9.853931562654607e-06,0.99999999995145,-0.003830881111096913,0.0016941894096513717,0.0,0.0,0.0,-0.003283588742589737,1476,1530
0.0013969281810980116,-0.00044973977992345557,0.0,0.0,0.0,0.00021312809361458238,0.9999999772882077,0.004205330505126015,-0.002847032737366916,0.0,0.0,0.0,0.004452383114385335,1476,1530
0.00179590677738612,9.312006939207502e-05,0.0,0.0,0.0,6.89207139651314e-05,0.9999999976249676,0.004004915303033168,0.005444319150349851,0.0,0.0,0.0,-0.002893406515019619,1476,1530
0.001340364154124944,-0.0004442490795456412,0.0,0.0,0.0,0.00016090637286015927,0.9999999870545695,-0.004556121345427559,-0.005373009781773336,0.0,0.0,0.0,0.0018396947911536554,1476,1530
0.0008323905385382141,-0.0005279210206611666,0.0,0.0,0.0,6.846273317182772e-05,0.9999999976564271,-0.0030433589301510477,-0.0005002873479129586,0.0,0.0,0.0,-0.0011076334337502805,1476,1530
0.0010965653947737684,-0.00010867161892568698,0.0,0.0,0.0,-2.3973972764652184e-05,0.9999999997126243,0.0026425075723182077,0.0041924257252008825,0.0,0.0,0.0,-0.0018488635376600487,1476,1530
0.0009630206914193338,-9.391820194916657e-05,0.0,0.0,0.0,-6.708874586766398e-05,0.9999999977495501,-0.002005156237848652,0.00022142330843982815,0.0,0.0,0.0,-0.001294718491844998,1476,1530
0.0009131889176719485,0.00014223308381815914,0.0,0.0,0.0,-0.00015839971763721656,0.9999999874547646,-0.0004986844633056569,0.002361682141605601,0.0,0.0,0.0,-0.0018264020853030517,1476,1530
0.0011758383957925487,-1.381942895872947e-05,0.0,0.0,0.0,-5.4159122839282875e-05,0.9999999985333947,0.0026273042993949563,-0.0015598801630268312,0.0,0.0,0.0,0.002085062112354738,1476,1530
0.0008183080917804079,-7.403334424868917e-05,0.0,0.0,0.0,-9.294625918169182e-05,0.9999999956804965,-0.0035741655468265257,-0.000602345716204841,0.0,0.0,0.0,-0.0007755100757779465,1476,1530
0.0008573417076318232,-0.0007705314516482317,0.0,0.0,0.0,0.00016466330922497265,0.9999999864429971,0.0005890160622607119,-0.010475279208716002,0.0,0.0,0.0,0.00774893791259691,1476,1530
0.00068135700383136,-0.0004305417447142458,0.0,0.0,0.0,3.9372926316383504e-05,0.9999999992248864,-0.0017566719597889309,0.0033965025414628507,0.0,0.0,0.0,-0.0025028792975166103,1476,1530
0.0008458533566066326,-0.0007243034420755092,0.0,0.0,0.0,0.00012008713659044125,0.9999999927895398,0.00164432111722017,-0.002937012245498753,0.0,0.0,0.0,0.0016138807391126915,1476,1530
0.0008758290373611079,-0.00032513776974206466,0.0,0.0,0.0,8.296095821930834e-06,0.9999999999655874,0.00022566411933588705,0.002995380850931917,0.0,0.0,0.0,-0.001677813577033973,1476,1530
0.0007883003292178901,-0.00026828392552023344,0.0,0.0,0.0,-1.274616247173372e-05,0.9999999999187676,-0.0013091983487090234,0.000850414271076718,0.0,0.0,0.0,-0.0006294800255041287,1476,1530
0.0006774756719432036,-0.0006688092523818429,0.0,0.0,0.0,0.00013189704401107952,0.9999999913015849,-0.0011081555507244736,-0.004005321572312141,0.0,0.0,0.0,0.0028928930561551115,1476,1530
0.0006749002687441257,-0.0004916719081206332,0.0,0.0,0.0,4.230107633842909e-05,0.9999999991053095,-0.004075607260951598,-0.00625269151327142,0.0,0.0,0.0,0.002745620337461171,1476,1530
0.0007385932928897993,-0.0007384311841940386,0.0,0.0,0.0,0.00011812179180069791,0.9999999930236212,0.0009563541643155594,-0.003706399467650891,0.0,0.0,0.0,0.002277650745041747,1476,1530
0.0008621089718271578,7.69956357521386e-05,0.0,0.0,0.0,-0.00011763129517287402,0.9999999930814392,0.0012370955193887407,0.008154057714625667,0.0,0.0,0.0,-0.00471510885780255,1476,1530
0.0007630540033920704,-0.00044962861234315577,0.0,0.0,0.0,5.150126706580751e-05,0.9999999986738097,-0.00148464899918854,-0.007903348602101961,0.0,0.0,0.0,0.005076311955290395,1476,1530
0.0008650655054127183,-0.0007039113493342202,0.0,0.0,0.0,0.00010753188635746739,0.9999999942184467,0.0007645706146176977,-0.0019064033997208164,0.0,0.0,0.0,0.0008401085463840265,1476,1530
0.0008313551979738898,-0.0006028349819957498,0.0,0.0,0.0,8.426739450107021e-05,0.9999999964495031,-0.0005060927319422883,0.001518547229318451,0.0,0.0,0.0,-0.000698990234107562,1477,1530
0.00068972531461201,-0.00032568103835897423,0.0,0.0,0.0,-1.7510966831712573e-05,0.999999999846683,-0.0014172205888691699,0.0027744970997884205,0.0,0.0,0.0,-0.0020375640379109634,1477,1530
0.0007136812565710526,-0.00042697914916802176,0.0,0.0,0.0,-1.0999390752868452e-06,0.999999999999395,0.00017965889278025488,-0.0007595719270514967,0.0,0.0,0.0,0.0002461143476216251,1477,1530
0.0007519684026515906,-0.00048710035987821736,0.0,0.0,0.0,5.862919436179282e-05,0.9999999982813088,0.0003825820210618247,-0.0006007546912645791,0.0,0.0,0.0,0.0011936754753418151,1477,1530
0.0008430668091989252,-0.00028601670406075327,0.0,0.0,0.0,-2.527656697496796e-06,0.9999999999968054,0.000910445967592484,0.0020090220550803076,0.0,0.0,0.0,-0.001222098237593207,1477,1530
0.0008305894599841214,-0.0008081680055452678,0.0,0.0,0.0,0.0001612331402017719,0.9999999870019372,-0.00018683385367724146,-0.007820266359459526,0.0,0.0,0.0,0.0049052942792583085,1477,1530
0.0007518824072487495,-0.0009669788463838099,0.0,0.0,0.0,0.0002259834568117007,0.9999999744657383,-0.0007873621364386205,-0.001587410047300774,0.0,0.0,0.0,0.0012946438555114736,1477,1530
0.0005634474346309778,-0.0007826688603206576,0.0,0.0,0.0,0.00013147429641678272,0.9999999913572547,-0.0018824811489496424,0.0018429377203447396,0.0,0.0,0.0,-0.001889144206664327,1477,1530
0.0008902011563012562,-0.00047879420987404983,0.0,0.0,0.0,4.735255193555216e-05,0.9999999988788679,0.004914200002783481,0.004567701938274932,0.0,0.0,0.0,-0.0025296729639467897,1477,1530
0.0007819920264092546,-0.0004283554288143149,0.0,0.0,0.0,5.872360572579097e-05,0.999999998275769,-0.0008110054909064658,0.0003781219366692814,0.0,0.0,0.0,0.00017045501133336274,1477,1530
0.0009589040352927588,-5.8721382678204414e-05,0.0,0.0,0.0,-7.064766691584422e-05,0.9999999975044536,0.0026589445710997134,0.005553834890004551,0.0,0.0,0.0,-0.003887883649329832,1477,1530
0.0006550735929029097,-0.0003706859020916302,0.0,0.0,0.0,5.66077691151903e-05,0.9999999983977802,-0.0030358599347046268,-0.0031180165702937718,0.0,0.0,0.0,0.002543430051697362,1477,1530
0.0008836344661208337,-0.0005482721195963994,0.0,0.0,0.0,8.13978079818228e-05,0.9999999966871984,0.0013716533501019713,-0.0010659902231397696,0.0,0.0,0.0,0.00029756914268946904,1477,1530
0.0007190824827731048,-0.000508538718165469,0.0,0.0,0.0,4.0642200501358654e-05,0.9999999991741058,-0.004933158829071435,0.0011920308573171426,0.0,0.0,0.0,-0.002443748016661832,1477,1530
0.0009158696867752338,-0.0004026698922373471,0.0,0.0,0.0,2.2664944758124453e-05,0.9999999997431501,0.0026625826502636694,0.0005506082741441791,0.0,0.0,0.0,-3.8954130404143084e-05,1477,1530
0.000898320322829226,-0.00032706896831953124,0.0,0.0,0.0,1.8256723351878222e-05,0.999999999833346,-0.00017525257143021218,0.000755126144658024,0.0,0.0,0.0,-8.806051673341988e-05,1477,1530
0.0005066755398917443,-0.0004739059561322713,0.0,0.0,0.0,5.281106481161012e-05,0.9999999986054957,-0.01177116326643823,-0.00441280017474002,0.0,0.0,0.0,0.002077082320052284,1477,1530
0.0005246476468697757,-0.0005315617429782444,0.0,0.0,0.0,4.140795194214669e-05,0.9999999991426908,0.00017987422183197359,-0.0005772637916778803,0.0,0.0,0.0,-0.00022833397506896364,1477,1530
0.0007210010898534517,-0.0003745553747169305,0.0,0.0,0.0,-6.387802542351276e-07,0.9999999999997959,0.0014705351815614413,0.001175656436076612,0.0,0.0,0.0,-0.000629753204364817,1477,1530
0.0007657708013146166,-0.00025262516196008556,0.0,0.0,0.0,2.224381819863462e-05,0.9999999997526062,0.00067235688715201,0.0018311697647067063,0.0,0.0,0.0,0.0006873095981950313,1477,1530
0.0010272742884581563,-0.00029210535430401887,0.0,0.0,0.0,2.6115419232021406e-05,0.9999999996589924,0.0019588144607065243,-0.0002958189211753894,0.0,0.0,0.0,5.80015136256375e-05,1477,1530
0.0006974773064911521,-0.0004397158721908972,0.0,0.0,0.0,6.888141739325117e-05,0.9999999976276751,-0.01001867284359379,-0.004483529029212552,0.0,0.0,0.0,0.0025982562167559736,1477,1530
0.0007185119555232539,-0.0003709347373203646,0.0,0.0,0.0,3.134531874622001e-05,0.9999999995087355,0.00021034868974246156,0.0006874798731055867,0.0,0.0,0.0,-0.0007503918013584712,1477,1530
0.0008408277820593111,-0.0005403240654990815,0.0,0.0,0.0,0.00010396747871957772,0.9999999945953817,0.0007324542290737625,-0.001014474762863782,0.0,0.0,0.0,0.0008698306394980438,1477,1530
0.00066590877476594,-0.0002810623257690028,0.0,0.0,0.0,1.6652516682175095e-05,0.9999999998613468,-0.0017494731917337574,0.0025942003331703503,0.0,0.0,0.0,-0.0017471203888425098,1477,1530
0.0010501608302414128,-0.0004902018002747039,0.0,0.0,0.0,9.725442731753658e-05,0.9999999952707882,0.01161106849983944,-0.0063201363405323155,0.0,0.0,0.0,0.004871236255439527,1477,1530
0.000934683196708278,-0.0002837949764798193,0.0,0.0,0.0,1.8192054127372318e-05,0.9999999998345246,-0.0008644347683031183,0.0015458120076414477,0.0,0.0,0.0,-0.0011840913765825496,1477,1530
0.000838183834472668,-0.0003544877258311994,0.0,0.0,0.0,4.80422162893987e-05,0.9999999988459727,-0.002891790304886929,-0.0021182834874995345,0.0,0.0,0.0,0.0017889881738677722,1476,1530
0.0009397636586893353,-0.000721472515392689,0.0,0.0,0.0,0.00011908972648693841,0.9999999929088185,0.0007629479861943306,-0.002757387941749937,0.0,0.0,0.0,0.0010676210286003679,1477,1530
0.000833622984422919,-0.0005162164985378325,0.0,0.0,0.0,0.00010236709184700001,0.9999999947604893,-0.001059392309976612,0.0020498611155973564,0.0,0.0,0.0,-0.0003339717754807104,1477,1530
0.0007908462602404701,-0.0006753007528027412,0.0,0.0,0.0,0.00013855685126565724,0.9999999904009995,-0.0006412608716662759,-0.0023828678671193467,0.0,0.0,0.0,0.0010842074260855293,1477,1530
0.0009464466235998162,-0.0005251970664002124,0.0,0.0,0.0,9.012225987453724e-05,0.9999999959389891,0.0011470862231710525,-0.0029266751882180636,0.0,0.0,0.0,0.0012659494955892991,1477,1530
0.001087160143295128,-9.124233307486657e-05,0.0,0.0,0.0,-2.890373899764433e-05,0.9999999995822869,0.004228487967675956,0.013032477277615619,0.0,0.0,0.0,-0.007149567438560663,1477,1530
0.0009670258469042949,-0.00047274762139045654,0.0,0.0,0.0,8.779880960858973e-05,0.9999999961456845,-0.001801539511812398,-0.005722225707026087,0.0,0.0,0.0,0.003500796390033454,1477,1530
0.0011846602725724647,-0.0002855954804916577,0.0,0.0,0.0,6.612978781579474e-05,0.9999999978134255,0.0013054997917789101,0.0011222503429270234,0.0,0.0,0.0,-0.0002599279300874032,1477,1530
0.0009063643637192056,-0.00043197361251702396,0.0,0.0,0.0,6.207334651541258e-05,0.9999999980734499,-0.002780288965653191,-0.0014619074697698878,0.0,0.0,0.0,-8.104534946420781e-05,1477,1530
0.0010778568237723427,-0.0007641496690337492,0.0,0.0,0.0,0.0002007072389095508,0.9999999798583019,0.0025769737896461963,-0.004993046115833948,0.0,0.0,0.0,0.0041674350164651085,1477,1530
0.0009622141079823494,0.00018034780605388724,0.0,0.0,0.0,-0.00013196567624830887,0.9999999912925301,-0.0017338082358589568,0.014207939525450405,0.0,0.0,0.0,-0.010008210311437865,1477,1530
0.00046478254917107554,-0.0010671324410758461,0.0,0.0,0.0,0.00022054889174161983,0.9999999756790928,-0.0037219677621112895,-0.00934127607621422,0.0,0.0,0.0,0.005278784100809094,1477,1530
0.0010823445482474247,-0.0005388850126383602,0.0,0.0,0.0,0.00011746729792471073,0.999999993100717,0.00925521636772221,0.00790961890945947,0.0,0.0,0.0,-0.00308854085038999,1477,1530
0.0008237435638288205,-0.0015201500990095927,0.0,0.0,0.0,0.00048279259766184217,0.999999883455647,-0.0019390452068926312,-0.00735072596696075,0.0,0.0,0.0,0.0054736943767996005,1477,1530
0.000939609323630096,-0.001714224803679602,0.0,0.0,0.0,0.0005689417302451786,0.9999998381526407,0.001159484700827953,-0.0019464000365455635,0.0,0.0,0.0,0.0017270068141789884,1477,1530
0.0020010515210515823,7.039748308046542e-05,0.0,0.0,0.0,0.0001506602328908589,0.999999988650747,0.010645473949786682,0.017852164026559918,0.0,0.0,0.0,-0.008374088134640323,1477,1530
0.0019997182486961138,0.00015620136345470212,0.0,0.0,0.0,0.00010833563900912182,0.9999999941316946,-3.897504337561905e-05,0.0025578857719850815,0.0,0.0,0.0,-0.0025234517351107716,1477,1530
0.0018641342568534829,-0.0006948886864411502,0.0,0.0,0.0,0.00032498436065361743,0.9999999471925812,-0.001360404763805363,-0.008527661851316714,0.0,0.0,0.0,0.004341657824815904,1477,1530
0.0017535975644518244,-0.001117128430428958,0.0,0.0,0.0,0.0004512218096623989,0.999999898199434,-0.0011066282348155638,-0.004216028615749122,0.0,0.0,0.0,0.0025213705287817174,1477,1530
0.0018336351650508206,0.00015403077280880793,0.0,0.0,0.0,9.551765387444603e-05,0.9999999954381888,0.0008117741143580387,0.01270972068718089,0.0,0.0,0.0,-0.007113443059190981,1477,1530
0.0018175988456555724,-0.00018284820656175982,0.0,0.0,0.0,0.00021782020654943549,0.9999999762771785,-0.0002414908039631953,-0.005052734427049704,0.0,0.0,0.0,0.0036687831157692303,1477,1530
0.0020713691730353846,0.000408174068686006,0.0,0.0,0.0,4.855689840074876e-05,0.9999999988211138,0.003961146234596674,0.0046618922486889695,0.0,0.0,0.0,-0.0007255450706891316,1477,1530
0.0020713691730353846,0.000408174068686006,0.0,0.0,0.0,4.855689840074876e-05,0.9999999988211138,0.003961146234596674,0.0046618922486889695,0.0,0.0,0.0,-0.0007255450706891316,1477,1530
0.0016681125011458091,-8.246282729826917e-05,0.0,0.0,0.0,0.00014167455213228144,0.9999999899641606,-0.003023701408744607,-0.0036781680440558127,0.0,0.0,0.0,0.0013962656458089793,1477,1530
0.0018730617802305753,-0.00043998314027607203,0.0,0.0,0.0,0.0002517640848815207,0.9999999683074222,0.0012301408073190174,-0.0021473083208414564,0.0,0.0,0.0,0.0013222062250799532,1477,1530
0.0018739474953716332,-0.00015915217139369765,0.0,0.0,0.0,0.00017882887459735815,0.9999999840101167,1.5360890857357655e-05,0.004199899609649687,0.0,0.0,0.0,-0.002181533572399492,1477,1530
0.00195157699411052,-0.00047730891838589383,0.0,0.0,0.0,0.0002993165050460021,0.9999999552048139,0.0011650364853015638,-0.004782212240691147,0.0,0.0,0.0,0.003621782029707092,1477,1530
0.001961182651864564,0.00014793868475905357,0.0,0.0,0.0,0.00011217748176121043,0.9999999937081063,5.977127413383432e-05,0.003744657636142406,0.0,0.0,0.0,-0.002241602050997912,1477,1530
0.0020235792840587784,0.0001832308154011559,0.0,0.0,0.0,0.00013903472051647448,0.9999999903346732,0.0006253587392371514,0.00035352370738383826,0.0,0.0,0.0,0.0005382751571240486,1477,1530
0.002296550843183017,0.00031369583581215626,0.0,0.0,0.0,0.00013526612992441518,0.999999990851537,0.008214714656849934,0.003923364937080165,0.0,0.0,0.0,-0.00022679127565123969,1477,1530
0.0021281135711145763,0.00027297948150293455,0.0,0.0,0.0,0.00010155613631223747,0.9999999948431756,-0.001261775424842626,-0.0003046477936780616,0.0,0.0,0.0,-0.0005050148514800125,1477,1530
0.0015602856031529146,-4.200283855665187e-05,0.0,0.0,0.0,0.00012755777460036693,0.999999991864507,-0.008523834249271119,-0.004726029369805395,0.0,0.0,0.0,0.0007805487048674845,1477,1530
0.002066426724756869,8.47864026632e-06,0.0,0.0,0.0,0.00017301201013171275,0.999999985033422,0.005069854398645922,0.0005043506621964466,0.0,0.0,0.0,0.0009105780686908773,1477,1530
0.0019104302519046643,8.332833585255624e-05,0.0,0.0,0.0,0.00012869598277175185,0.999999991718672,-0.004647375338073266,0.0022318664411410997,0.0,0.0,0.0,-0.002640924159192524,1477,1530
0.0019382818999462714,0.00023236458528904158,0.0,0.0,0.0,7.296242571746338e-05,0.9999999973382422,0.00027879971062292155,0.0014897544454920168,0.0,0.0,0.0,-0.0011142700091158525,1477,1530
0.0018687612048193395,-3.811429064124136e-05,0.0,0.0,0.0,0.00017917317364655094,0.9999999839484868,-0.000521878668570496,-0.002029205391733726,0.0,0.0,0.0,0.0015937030883999956,1477,1530
0.0018446201035077158,-0.0005128869113624082,0.0,0.0,0.0,0.0002931530273583184,0.9999999570306504,-0.0002460303264907871,-0.001182454213388914,0.0,0.0,0.0,0.0015364623922890194,1477,1530
0.00182626179858054,-0.0003083597300537459,0.0,0.0,0.0,0.00020706232270847912,0.999999978562597,-0.00027410069661695265,0.003073955270441904,0.0,0.0,0.0,-0.0025876766186066226,1477,1530
0.001771917578184146,-0.00032251186740645747,0.0,0.0,0.0,0.00023093609347109534,0.99999997333426,-0.00032620549708087455,-8.480509239166001e-05,0.0,0.0,0.0,0.00028657753396693153,1477,1530
0.001771917578184146,-0.00032251186740645747,0.0,0.0,0.0,0.00023093609347109534,0.99999997333426,-0.00032620549708087455,-8.480509239166001e-05,0.0,0.0,0.0,0.00028657753396693153,1477,1530
0.001632729059054371,0.0002428269263111887,0.0,0.0,0.0,4.170314618873448e-05,0.9999999991304238,-0.00390543218797312,0.011795365514927702,0.0,0.0,0.0,-0.00561809599907851,1477,1530
0.001632729059054371,0.0002428269263111887,0.0,0.0,0.0,4.170314618873448e-05,0.9999999991304238,-0.00390543218797312,0.011795365514927702,0.0,0.0,0.0,-0.00561809599907851,1477,1530
0.002145099370779608,0.00012861442042077885,0.0,0.0,0.0,0.00012621634505543527,0.9999999920347171,0.002827484483266516,0.00279195842423236,0.0,0.0,0.0,-0.0023052550686660025,1477,1530
0.0018824241203441918,-3.752189806442279e-05,0.0,0.0,0.0,0.0001504857864581014,0.9999999886770139,-0.002626856580247889,-0.001660500793628222,0.0,0.0,0.0,0.0004853305929918447,1477,1530
0.001714198529262485,-2.6640071149428264e-05,0.0,0.0,0.0,0.00012460839931548138,0.9999999922363734,-0.001260876112803593,8.19420129542319e-05,0.0,0.0,0.0,-0.0003879173926147903,1477,1530
0.001857366676939479,7.90892100660733e-06,0.0,0.0,0.0,0.00010093177451919182,0.9999999949063885,0.0014320396217294474,0.0003451986995127146,0.0,0.0,0.0,-0.0004736224871761514,1477,1530
0.0014870754785740548,-0.00013596945305697757,0.0,0.0,0.0,0.00013195133997374251,0.999999991294422,-0.005559779521972412,-0.002158986635594513,0.0,0.0,0.0,0.0009314205912625174,1477,1530
0.002138559722686407,-0.00036312567985267075,0.0,0.0,0.0,0.0002899373996052992,0.9999999579681513,0.00488302081083061,-0.0017040324072534684,0.0,0.0,0.0,0.0023685001072461928,1477,1530
0.0018368959060774417,3.284527817187533e-05,0.0,0.0,0.0,9.884350293064863e-05,0.9999999951149809,-0.004524543729111831,0.005946171215044799,0.0,0.0,0.0,-0.005736660544951398,1477,1530
0.0018137989272725547,-0.0007292842043360873,0.0,0.0,0.0,0.000342804753900384,0.9999999412424486,-0.0006964542075587142,-0.022831782553724762,0.0,0.0,0.0,0.014617211210481115,1477,1530
0.00183705594083944,5.2634973883285835e-06,0.0,0.0,0.0,0.00015555370320996794,0.9999999879015226,0.00017856804316355667,0.0055202205276851084,0.0,0.0,0.0,-0.002814493329169187,1477,1530
0.0019509181587753371,-0.00045259303457839597,0.0,0.0,0.0,0.00028825863312036685,0.9999999584534793,0.0011348938641478803,-0.004569642956679339,0.0,0.0,0.0,0.002648721752554784,1477,1530
0.0019143866365111287,4.128391262863047e-05,0.0,0.0,0.0,0.00016187463276293848,0.9999999868983015,-0.00036291789436445574,0.004945111199727916,0.0,0.0,0.0,-0.002530818280789748,1477,1530
0.0017943174008590481,-0.00027129289372998636,0.0,0.0,0.0,0.00020420765654665033,0.9999999791496162,-0.0017849567148385433,-0.004642295728880093,0.0,0.0,0.0,0.0012575908883427276,1477,1530
0.0020289741370422996,9.380501687778912e-05,0.0,0.0,0.0,0.00012651851445180835,0.9999999919965328,0.001177331555948843,0.0018301437670449117,0.0,0.0,0.0,-0.0007790767412435105,1476,1530
0.0019201135767451033,7.570356592184494e-05,0.0,0.0,0.0,0.00013915180073525833,0.9999999903183882,-0.0010883575149657663,-0.00018069025986908315,0.0,0.0,0.0,0.00025259752656095377,1476,1530
0.0019220946602549213,7.664562234887358e-05,0.0,0.0,0.0,0.00013930185534670448,0.9999999902974965,5.916937259725333e-05,2.8116378423098602e-05,0.0,0.0,0.0,8.962229761720747e-06,1476,1530
0.0019361278790333044,-0.00018064457931126073,0.0,0.0,0.0,0.0002103864632600256,0.9999999778687678,0.00020827855279551282,-0.0038383199525828288,0.0,0.0,0.0,0.0021208840110085317,1476,1530
0.0015968287978420067,-0.0006156797366983568,0.0,0.0,0.0,0.00027183366516782666,0.9999999630532286,-0.0034084548410354704,-0.004366389066379934,0.0,0.0,0.0,0.0012338795916644108,1476,1530
0.0018973984441813612,-7.84735529214234e-06,0.0,0.0,0.0,0.0001314032022845876,0.9999999913665992,0.0022547944197028416,0.004553566393792925,0.0,0.0,0.0,-0.0021046312132921817,1476,1530
0.0019940087278163274,0.00011740168388342089,0.0,0.0,0.0,8.645129349162769e-05,0.9999999962630869,0.0007200089144946346,0.0009329383129014363,0.0,0.0,0.0,-0.0006697993525540877,1475,1530
0.0016354258379902764,-0.00029935099567261314,0.0,0.0,0.0,0.00026844606539351264,0.9999999639683543,-0.011093221430894092,-0.012888270496350026,0.0,0.0,0.0,0.011258221150827856,1476,1530
0.002294923818382623,-0.0004038097057850519,0.0,0.0,0.0,0.0003170835062361068,0.9999999497290238,0.009891577576368027,-0.0015721837538864305,0.0,0.0,0.0,0.0014591159917980224,1476,1530
0.0030570300102676536,0.0007376642465945424,0.0,0.0,0.0,0.00014306076053228133,0.9999999897668094,0.014489373587954747,0.008466419526099563,0.0,0.0,0.0,-0.00025663994700029504,1475,1530
0.003016206222521954,0.0005731925921740703,0.0,0.0,0.0,0.00018365748253791668,0.9999999831349644,-0.00040931423460844436,-0.0016470372864245783,0.0,0.0,0.0,0.0008131378948635611,1476,1530
0.003089570051195783,0.00020100176587106174,0.0,0.0,0.0,0.00031641951213993535,0.9999999499393449,0.0021472967118243923,-0.010914836338826912,0.0,0.0,0.0,0.007786172861392658,1476,1530
0.0032802222560619006,0.0009963866621406445,0.0,0.0,0.0,8.309073855647701e-05,0.9999999965479646,0.0014425633891971647,0.006001494855901523,0.0,0.0,0.0,-0.003521651434986436,1476,1530
0.003053884998014377,0.0004316336392102576,0.0,0.0,0.0,0.00023909057599567988,0.9999999714178478,-0.0033833055376603595,-0.008437907570637107,0.0,0.0,0.0,0.004661860532192746,1476,1530
0.00305556272481137,0.0006603814915840031,0.0,0.0,0.0,0.00016555201940237057,0.9999999862962643,1.3397125181739576e-05,0.0017148095802992063,0.0,0.0,0.0,-0.0011025684328304398,1476,1530
0.0028717724413370783,0.0002378297053112222,0.0,0.0,0.0,0.000305603171481303,0.9999999533033497,-0.0018354290646831176,-0.004216013305987484,0.0,0.0,0.0,0.0027951253978455884,1476,1530
0.0031895400280413603,0.0004696058274451998,0.0,0.0,0.0,0.00025245204795829013,0.9999999681339812,0.00968939928006511,0.007058270566467312,0.0,0.0,0.0,-0.0032399345061457753,1476,1530
0.002923724259306142,0.0004501882457124551,0.0,0.0,0.0,0.0002615418465726271,0.9999999657979307,-0.0019896674391255806,-0.0001443333442481366,0.0,0.0,0.0,0.0001360717785442247,1476,1530
0.0030211278655512272,0.0005525386150657721,0.0,0.0,0.0,0.00020222280263332772,0.9999999795529688,0.0009741913726329816,0.001022595239002806,0.0,0.0,0.0,-0.0011859184019828949,1476,1530
0.0029591636175148976,0.00038948500701990046,0.0,0.0,0.0,0.0002891051267005143,0.999999958209112,-0.0006204445950792546,-0.001630660387316417,0.0,0.0,0.0,0.00173804628278335,1476,1530
0.003246737847718174,0.0006126648018390773,0.0,0.0,0.0,0.00016137367323208963,0.9999999869792687,0.0043283820573751805,0.003355150207616811,0.0,0.0,0.0,-0.0038433391941510658,1476,1530
0.003231688953040107,0.00045774057453023756,0.0,0.0,0.0,0.00024540044201934414,0.9999999698893111,-0.00015097234581088536,-0.0015490232299364222,0.0,0.0,0.0,0.0016803505704579256,1476,1530
0.0032442757276866913,0.0006634578673990203,0.0,0.0,0.0,0.0001781366920640257,0.9999999841336593,0.00012689135161628347,0.002057337212010199,0.0,0.0,0.0,-0.0013454230250433536,1476,1530
0.0030779085201397887,0.00042947796281352405,0.0,0.0,0.0,0.0002591037956483094,0.999999966432611,-0.0009971099650725112,-0.0014012844526173776,0.0,0.0,0.0,0.0009700551173565227,1476,1530
0.0030779085201397887,0.00042947796281352405,0.0,0.0,0.0,0.0002591037956483094,0.999999966432611,-0.0009971099650725112,-0.0014012844526173776,0.0,0.0,0.0,0.0009700551173565227,1476,1530
0.003041438640630162,0.0005020361536374313,0.0,0.0,0.0,0.0002452220857132368,0.9999999699330638,-0.000273435513691929,0.0005447134851607452,0.0,0.0,0.0,-0.00020837307959502011,1476,1530
0.0031583282999382537,0.0001959369446182543,0.0,0.0,0.0,0.00031869131921908483,0.9999999492179202,0.003497394190407396,-0.009172129184687983,0.0,0.0,0.0,0.004402123273714848,1476,1530
0.003174898832849225,0.0007338370670816547,0.0,0.0,0.0,0.00015091051635219766,0.999999988613008,0.00012680975383043763,0.00403288036401755,0.0,0.0,0.0,-0.0025159070132782743,1476,1530
0.003215221452918975,0.0006177211108924663,0.0,0.0,0.0,0.00022125678270193207,0.9999999755227177,0.00040328707277147955,-0.0011624669274163117,0.0,0.0,0.0,0.0014083618796004824,1476,1530
0.0031917552456473164,0.00040162808283298424,0.0,0.0,0.0,0.00026790681447531086,0.9999999641129688,-0.00023531473467295006,-0.002158042353236426,0.0,0.0,0.0,0.0009317986428706394,1476,1530
0.0032137742205819303,0.0006280800910678445,0.0,0.0,0.0,0.0001894769454977607,0.9999999820492435,0.00016602906474437928,0.0016980636035579333,0.0,0.0,0.0,-0.0011762833848488995,1476,1530
0.0032137742205819303,0.0006280800910678445,0.0,0.0,0.0,0.0001894769454977607,0.9999999820492435,0.00016602906474437928,0.0016980636035579333,0.0,0.0,0.0,-0.0011762833848488995,1476,1530
0.0031295484467932766,0.0006809071628486449,0.0,0.0,0.0,0.00019509665004969573,0.9999999809686484,-0.0006324411818553322,0.00039700614125896117,0.0,0.0,0.0,8.441543976153515e-05,1476,1530
0.0032239008067497586,0.0003986543798206011,0.0,0.0,0.0,0.0002570692292631028,0.9999999669577051,0.0007045515141153265,-0.0021103869349997687,0.0,0.0,0.0,0.0009266096614505358,1476,1530
0.0032239008067497586,0.0003986543798206011,0.0,0.0,0.0,0.0002570692292631028,0.9999999669577051,0.0007045515141153265,-0.0021103869349997687,0.0,0.0,0.0,0.0009266096614505358,1476,1530
0.003152276935950642,0.00017636409964068785,0.0,0.0,0.0,0.00036909830328278094,0.9999999318832189,-0.0007191722319662892,-0.002228082186791914,0.0,0.0,0.0,0.002246174561348789,1476,1530
0.0030660595896945518,0.0007460894021998495,0.0,0.0,0.0,0.00011116119557429545,0.9999999938215943,-0.000850517006109706,0.005648407873784152,0.0,0.0,0.0,-0.005113944109599692,1476,1530
0.0028428650836942533,0.00015266152949775142,0.0,0.0,0.0,0.0003263797234810492,0.9999999467381366,-0.0011211672856061357,-0.0029789410008503733,0.0,0.0,0.0,0.002160926264850318,1476,1530
0.0030077714930878234,0.0004582025482586649,0.0,0.0,0.0,0.00021661022464955105,0.999999976540005,0.000990936158811208,0.0018331571365013946,0.0,0.0,0.0,-0.0013176345934567592,1476,1530
0.0030077714930878234,0.0004582025482586649,0.0,0.0,0.0,0.00021661022464955105,0.999999976540005,0.000990936158811208,0.0018331571365013946,0.0,0.0,0.0,-0.0013176345934567592,1476,1530
0.0029679623530683642,0.0004690582304875841,0.0,0.0,0.0,0.00023624053155193398,0.9999999720952052,-0.0011933215427613615,0.0003259661633092408,0.0,0.0,0.0,0.0011770180719897544,1476,1530
