Position_X,Position_Y,Position_Z,Orientation_X,Orientation_Y,Orientation_Z,Orientation_W,Twist_Linear_X,Twist_Linear_Y,Twist_Linear_Z,Twist_Angular_X,Twist_Angular_Y,Twist_Angular_Z,Steer_PWM,Throttle_PWM
0.0004891086005535069,0.0002611002999619255,0.0,0.0,0.0,-0.0001262369792638287,0.9999999920321125,-0.000545636772930303,-0.0025956454000105014,0.0,0.0,0.0,0.0018933987842731515,1477,1530
0.000539355503404452,0.00016613949771583116,0.0,0.0,0.0,-0.00012221985260614754,0.9999999925311538,0.00011596297272243043,-0.00021902274741222982,0.0,0.0,0.0,1.85331144461952e-05,1477,1530
0.0005253596613612161,0.00026950946528859034,0.0,0.0,0.0,-0.0001734111452311019,0.9999999849642872,-7.009503249171254e-05,0.0005167552034448029,0.0,0.0,0.0,-0.0005118361562509203,1477,1530
0.0005253596613612161,0.00026950946528859034,0.0,0.0,0.0,-0.0001734111452311019,0.9999999849642872,-7.009503249171254e-05,0.0005167552034448029,0.0,0.0,0.0,-0.0005118361562509203,1477,1530
0.0005253596613612161,0.00026950946528859034,0.0,0.0,0.0,-0.0001734111452311019,0.9999999849642872,-7.009503249171254e-05,0.0005167552034448029,0.0,0.0,0.0,-0.0005118361562509203,1477,1530
0.0007371175957601641,0.0002848316637447913,0.0,0.0,0.0,-0.00011770369982784264,0.9999999930729195,0.0031445293671419454,0.00022862548122078727,0.0,0.0,0.0,0.0016545127998748245,1477,1530
0.0006570869846841377,0.0002157422068998712,0.0,0.0,0.0,-0.00012691663996645594,0.9999999919460832,-0.0003007797998265024,-0.0002597831568266013,0.0,0.0,0.0,-6.926423811044393e-05,1477,1530
0.00035282475189606625,0.00016246377290298668,0.0,0.0,0.0,-0.00010272523787162586,0.9999999947237628,-0.0018272536674144985,-0.0003204428919100244,0.0,0.0,0.0,0.00029057694320358795,1477,1530
0.00035282475189606625,0.00016246377290298668,0.0,0.0,0.0,-0.00010272523787162586,0.9999999947237628,-0.0018272536674144985,-0.0003204428919100244,0.0,0.0,0.0,0.00029057694320358795,1477,1530
0.0003896750753212423,0.0002953485353209436,0.0,0.0,0.0,-0.00016426436291764893,0.9999999865086094,0.00036805722720259607,0.0013282990047664583,0.0,0.0,0.0,-0.0012302043152764529,1477,1530
0.00046154111938937994,0.00039710209339060084,0.0,0.0,0.0,-0.00021534868913804714,0.9999999768124708,0.00043051177210924125,0.0006099773612741636,0.0,0.0,0.0,-0.000612323673677942,1477,1530
0.00062351340346563,0.00024141997359632486,0.0,0.0,0.0,-0.00011782799440017687,0.9999999930582818,0.0012161918484826586,-0.001167953948423867,0.0,0.0,0.0,0.0014638900585449831,1477,1530
0.0005240102506732987,0.0003540576868203716,0.0,0.0,0.0,-0.0001804353819820219,0.9999999837215363,-0.002983772335070349,0.00337603086556802,0.0,0.0,0.0,-0.0037537781123825383,1477,1530
0.0006370678866981735,0.0005381236036329283,0.0,0.0,0.0,-0.00022646524318524513,0.9999999743567465,0.0008462112596521854,0.0013788079027465478,0.0,0.0,0.0,-0.0006894516744853774,1477,1530
0.0005845217729552458,0.00019382192972533616,0.0,0.0,0.0,-0.00016175114393300472,0.9999999869182836,-0.000525393754587953,-0.0034530610767356928,0.0,0.0,0.0,0.0012979682385477137,1477,1530
0.0005845217729552458,0.00019382192972533616,0.0,0.0,0.0,-0.00016175114393300472,0.9999999869182836,-0.000525393754587953,-0.0034530610767356928,0.0,0.0,0.0,0.0012979682385477137,1477,1530
0.0005039940745167209,0.0003270875760027956,0.0,0.0,0.0,-0.00018289563324857237,0.9999999832745935,-0.0005410235823936275,0.0031411434855464146,0.0,0.0,0.0,-0.003060676082489799,1477,1530
0.0006216240293217891,0.00028928479895588594,0.0,0.0,0.0,-0.00013969905692156096,0.9999999902420867,0.0008876832607270472,-0.00028491685976968006,0.0,0.0,0.0,0.0006518811260758808,1477,1530
0.0006216240293217891,0.00028928479895588594,0.0,0.0,0.0,-0.00013969905692156096,0.9999999902420867,0.0008876832607270472,-0.00028491685976968006,0.0,0.0,0.0,0.0006518811260758808,1477,1530
0.0006165604179237565,0.00022447601197864053,0.0,0.0,0.0,-0.0001250301578660708,0.9999999921837298,-5.0462606868292895e-05,-0.0006481992219944128,0.0,0.0,0.0,0.0002934219969715064,1477,1530
0.000501457322506655,0.00046710942500355487,0.0,0.0,0.0,-0.00020113868899097268,0.9999999797716137,-0.001142395667110951,0.0024065770191431753,0.0,0.0,0.0,-0.0015099551048399628,1477,1530
0.0003805826379843923,7.204595558319706e-05,0.0,0.0,0.0,-9.458547548718931e-05,0.9999999955267939,-0.0009105399895038583,-0.002980268394012058,0.0,0.0,0.0,0.001607428411135652,1477,1530
0.0005387063781887229,0.00036912328588515025,0.0,0.0,0.0,-0.00018770479392335126,0.999999982383455,0.001580675389742155,0.00297107237404573,0.0,0.0,0.0,-0.0018623863852557797,1477,1530
0.00040679748106297675,0.0003943276856750772,0.0,0.0,0.0,-0.00020171169519421237,0.9999999796561958,-0.0019720210748755585,0.000376035251514138,0.0,0.0,0.0,-0.00041877274941408253,1477,1530
0.0003291007471226366,0.0003573293441581495,0.0,0.0,0.0,-0.00019113870509901863,0.9999999817329975,-0.0007778525601217801,-0.0003707899825304687,0.0,0.0,0.0,0.00021174142207163713,1477,1530
0.0004273690569987211,4.2624146661739506e-05,0.0,0.0,0.0,-0.00011564794294329392,0.9999999933127767,0.00042177813522251774,-0.0013489358246297654,0.0,0.0,0.0,0.00064723658740331,1477,1530
0.0005316602088728834,0.000550810603966567,0.0,0.0,0.0,-0.00023558625039607017,0.9999999722495589,0.003107804524118064,0.015161413061623016,0.0,0.0,0.0,-0.0071562236925202735,1477,1530
0.0005898409218234948,7.048025445746312e-05,0.0,0.0,0.0,-8.104654414477436e-05,0.9999999967157288,0.0008769428544983539,-0.0072114301614091,0.0,0.0,0.0,0.004640623026789905,1477,1530
0.0005019064879803114,0.0003620639057183273,0.0,0.0,0.0,-0.00019663276158093525,0.9999999806677783,-0.0006597258297579778,0.002186316793263422,0.0,0.0,0.0,-0.001733433587888143,1477,1530
0.000530960332397639,0.00032512445506154063,0.0,0.0,0.0,-0.00015752158977232496,0.9999999875934743,0.0002899674721710687,-0.00036837034450104593,0.0,0.0,0.0,0.0007802961168777758,1477,1530
0.0005433065493607728,0.0005354880635035871,0.0,0.0,0.0,-0.0002408532300530399,0.9999999709948604,0.00012301347075108085,0.0021073416504109117,0.0,0.0,0.0,-0.0016695378330595005,1477,1530
0.0005433065493607728,0.0005354880635035871,0.0,0.0,0.0,-0.0002408532300530399,0.9999999709948604,0.00012301347075108085,0.0021073416504109117,0.0,0.0,0.0,-0.0016695378330595005,1477,1530
0.00041316483951214366,0.00020134516196882688,0.0,0.0,0.0,-0.00012920422693924952,0.9999999916531338,-0.0012999113525073633,-0.003342322914511759,0.0,0.0,0.0,0.0022331587497201244,1477,1530
0.0002606807909739003,6.676029050529912e-05,0.0,0.0,0.0,-8.639488327951125e-05,0.9999999962679621,-0.0009146498609805162,-0.0008077052355600729,0.0,0.0,0.0,0.0005136864424619136,1477,1530
0.00035788916897223336,0.0002731363513253357,0.0,0.0,0.0,-0.00015573482992227523,0.9999999878733313,0.0014578240049800803,0.0030963882373995235,0.0,0.0,0.0,-0.00208053129828486,1477,1530
0.0006374009513207717,0.00019879374740713218,0.0,0.0,0.0,-0.0001063422167911013,0.9999999943456664,0.0027936730387330094,-0.0007421101426481723,0.0,0.0,0.0,0.0009872599148545692,1477,1530
0.0004915136298022274,0.00035238012661134983,0.0,0.0,0.0,-0.00017919743305505118,0.9999999839441399,-0.001094320539142245,0.001151581618595162,0.0,0.0,0.0,-0.0010927490300671739,1477,1530
0.0007243960768515666,0.0008088334627849379,0.0,0.0,0.0,-0.00030499730282663334,0.9999999534883215,0.0017463649101610442,0.0034259357396549143,0.0,0.0,0.0,-0.0018880506863980901,1477,1530
0.00030716718835656565,0.00022496341772426892,0.0,0.0,0.0,-0.00012246916702315412,0.9999999925006515,-0.006245751042169678,-0.008751583546228712,0.0,0.0,0.0,0.005469417610680791,1477,1530
0.0005148816416782782,0.0002584206317183181,0.0,0.0,0.0,-0.00018354623342139103,0.99999998315539,0.002078933561571657,0.00033538274669394827,0.0,0.0,0.0,-0.0012226417192414192,1477,1530
0.0006913471549889426,0.00031865704595340636,0.0,0.0,0.0,-0.00018446774495254882,0.9999999829858254,0.001324331910405688,0.00045260289822231426,0.0,0.0,0.0,-1.3833186423054781e-05,1477,1530
0.0004899762451424143,0.00045126637231807543,0.0,0.0,0.0,-0.000201629894266749,0.9999999796726926,-0.0020147421846683105,0.001325708185867218,0.0,0.0,0.0,-0.000343335693304522,1477,1530
0.0004899762451424143,0.00045126637231807543,0.0,0.0,0.0,-0.000201629894266749,0.9999999796726926,0.0,0.0,0.0,0.0,0.0,-1.2262536563829286e-19,1477,1530
0.0004899762451424143,0.00045126637231807543,0.0,0.0,0.0,-0.000201629894266749,0.9999999796726926,0.0,0.0,0.0,0.0,0.0,-6.032975243748629e-19,1477,1530
0.0004899762451424143,0.00045126637231807543,0.0,0.0,0.0,-0.000201629894266749,0.9999999796726926,0.0,0.0,0.0,0.0,0.0,-3.068850114972363e-19,1477,1530
0.0004899762451424143,0.00045126637231807543,0.0,0.0,0.0,-0.00020162989426674913,0.9999999796726926,0.0,0.0,0.0,0.0,0.0,-2.9150764712549397e-18,1477,1530
0.0004476514748251066,0.00019127771236832427,0.0,0.0,0.0,-0.0001092514970374865,0.9999999940320552,-0.0004225668722389681,-0.0026023210862235616,0.0,0.0,0.0,0.0018491767487060805,1477,1530
0.0004476514748251066,0.00019127771236832427,0.0,0.0,0.0,-0.0001092514970374865,0.9999999940320552,-0.0004225668722389681,-0.0026023210862235616,0.0,0.0,0.0,0.0018491767487060805,1477,1530
0.00047236526400977957,0.0005932528199852033,0.0,0.0,0.0,-0.00023668022819878915,0.9999999719912344,0.0001231377831092877,0.0020100331424438467,0.0,0.0,0.0,-0.0012743701621486165,1477,1530
0.00045076292786166717,0.0004741833038923696,0.0,0.0,0.0,-0.0001970308279430218,0.9999999805894262,-0.000643701330335542,-0.0035575922694874853,0.0,0.0,0.0,0.00236910857912635,1477,1530
0.00041046642361228073,0.00037488597782588546,0.0,0.0,0.0,-0.000184690129268762,0.999999982944778,-0.00017263246033481607,-0.0004258768237314143,0.0,0.0,0.0,0.00010583925949987924,1477,1530
0.0002731681475237601,0.00021143464519404162,0.0,0.0,0.0,-0.0001509138470950225,0.9999999886125053,-0.002053229967496024,-0.0024461705079728037,0.0,0.0,0.0,0.0010106607613540044,1477,1530
0.0004979956957119199,0.000695963553564699,0.0,0.0,0.0,-0.000266724579033254,0.9999999644289989,0.001687835557218057,0.0036403547640444073,0.0,0.0,0.0,-0.0017399710673096564,1477,1530
0.0003898438506134323,0.00016586623825499839,0.0,0.0,0.0,-0.00010339714442216154,0.9999999946545153,-0.001078830745534157,-0.005302238624961164,0.0,0.0,0.0,0.0032669734438129,1477,1530
0.0003898438506134323,0.00016586623825499839,0.0,0.0,0.0,-0.00010339714442216154,0.9999999946545153,-0.001078830745534157,-0.005302238624961164,0.0,0.0,0.0,0.0032669734438129,1477,1530
0.0005785091259957588,0.0006018797465669845,0.0,0.0,0.0,-0.00020775998068433987,0.999999978417895,0.0028180448353243744,0.0065163189307711885,0.0,0.0,0.0,-0.0031191726282746852,1477,1530
0.00043961352303441254,0.0006055795779271142,0.0,0.0,0.0,-0.00023384046143542,0.999999972659319,0.0017336318004759464,-0.0015889159838907761,0.0,0.0,0.0,0.0006675919759085919,1477,1530
0.00043961352303441254,0.0006055795779271142,0.0,0.0,0.0,-0.00023384046143542,0.999999972659319,0.0017336318004759464,-0.0015889159838907761,0.0,0.0,0.0,0.0006675919759085919,1477,1530
0.00043773912397496243,0.0008745247361859139,0.0,0.0,0.0,-0.0003189248136400496,0.9999999491434803,-2.0001793708379156e-05,0.002689442522255668,0.0,0.0,0.0,-0.0017016871075464,1477,1530
0.0003674030260880396,0.0006633627889863416,0.0,0.0,0.0,-0.000258181957606239,0.9999999666710379,-0.0007020069200933939,-0.0021120465604870593,0.0,0.0,0.0,0.0012148450222420441,1477,1530
0.0005340026220780395,0.00033420196879602903,0.0,0.0,0.0,-0.00015704365498916262,0.9999999876686451,0.0012514035128526175,-0.0024693076275356667,0.0,0.0,0.0,0.001517841079756953,1477,1530
0.0006067716042101852,0.00017132722118194893,0.0,0.0,0.0,-0.00012129199620545182,0.9999999926441259,0.00042088481654814714,-0.008518528984174881,0.0,0.0,0.0,0.0057467761158858785,1477,1530
0.00047204781132123894,9.480416650417968e-05,0.0,0.0,0.0,-7.752679763372894e-05,0.9999999969947978,-0.004025497584105506,-0.0022877725924604713,0.0,0.0,0.0,0.002615736710844411,1477,1530
0.0005183106005021716,0.00013747655355233609,0.0,0.0,0.0,-7.406350635686488e-05,0.9999999972572985,0.0006952783315216807,0.0006415181311453329,0.0,0.0,0.0,0.00010411373346381278,1477,1530
0.00036759766351184464,0.00035946595592839265,0.0,0.0,0.0,-0.00018088065219976624,0.9999999836410947,-0.0015056965147160065,0.002217076773011391,0.0,0.0,0.0,-0.002133846330960728,1477,1530
0.00036759766351184464,0.00035946595592839265,0.0,0.0,0.0,-0.00018088065219976624,0.9999999836410947,-0.0015056965147160065,0.002217076773011391,0.0,0.0,0.0,-0.002133846330960728,1477,1530
0.00035733912183941445,3.497639535706711e-05,0.0,0.0,0.0,-0.00010465324982549722,0.9999999945238487,-0.00010142066022322174,-0.0032452245750268093,0.0,0.0,0.0,0.0015246852835905597,1477,1530
0.0003913736017460975,0.0004185904103602687,0.0,0.0,0.0,-0.00021149421886901046,0.9999999776350974,0.0,0.0,0.0,0.0,0.0,-1.9743360723803644e-19,1477,1530
0.0003913736017460975,0.0004185904103602687,0.0,0.0,0.0,-0.00021149421886901046,0.9999999776350974,0.0,0.0,0.0,0.0,0.0,-1.304615000284652e-19,1477,1530
0.0003913736017460975,0.0004185904103602687,0.0,0.0,0.0,-0.00021149421886901046,0.9999999776350974,0.0,0.0,0.0,0.0,0.0,-7.896322972688124e-20,1477,1530
0.0003913736017460975,0.0004185904103602687,0.0,0.0,0.0,-0.00021149421886901046,0.9999999776350974,0.0,0.0,0.0,0.0,0.0,-7.896322972688124e-20,1477,1530
0.0003913736017460975,0.0004185904103602687,0.0,0.0,0.0,-0.00021149421886901057,0.9999999776350974,0.0,0.0,0.0,0.0,0.0,-1.377284769158692e-18,1477,1530
0.0003398584819440716,0.0005727816612893073,0.0,0.0,0.0,-0.0002927433321955237,0.9999999571506698,-0.0007767655006985738,0.0023216891578156733,0.0,0.0,0.0,-0.0024471151087802727,1477,1530
0.00027968704337255135,0.0006683517002086001,0.0,0.0,0.0,-0.000313591228192147,0.9999999508302696,-0.0009038672015248005,0.0014337459361801683,0.0,0.0,0.0,-0.0006257529138282822,1477,1530
0.00029169140006835297,0.0006607885865776379,0.0,0.0,0.0,-0.0002823864091645234,0.9999999601289572,0.00012007896997049784,-7.554827739133705e-05,0.0,0.0,0.0,0.0006240340047850787,1477,1530
0.00015183276378507088,0.000584415465555408,0.0,0.0,0.0,-0.0002681819211609519,0.999999964039228,-0.0008354524897489694,-0.00045683135166359813,0.0,0.0,0.0,0.0001697548121806134,1477,1530
0.00015183276378507088,0.000584415465555408,0.0,0.0,0.0,-0.0002681819211609519,0.999999964039228,-0.0008354524897489694,-0.00045683135166359813,0.0,0.0,0.0,0.0001697548121806134,1477,1530
0.00023744489669501215,0.0005509586839499407,0.0,0.0,0.0,-0.00023550772726478781,0.9999999722680548,0.00036803700396926165,-0.00014359946851953657,0.0,0.0,0.0,0.00028086660272404293,1477,1530
0.00023744489669501215,0.0005509586839499407,0.0,0.0,0.0,-0.00023550772726478781,0.9999999722680548,0.00036803700396926165,-0.00014359946851953657,0.0,0.0,0.0,0.00028086660272404293,1477,1530
0.00016679245573595453,0.0005210292760230443,0.0,0.0,0.0,-0.0002358585065021034,0.9999999721853821,-0.0003529887110334143,-0.00014972732177779145,0.0,0.0,0.0,-3.5057766490054543e-06,1477,1530
0.00016679245573595453,0.0005210292760230443,0.0,0.0,0.0,-0.0002358585065021034,0.9999999721853821,0.0,0.0,0.0,0.0,0.0,7.486197467166484e-20,1477,1530
0.00016679245573595453,0.0005210292760230443,0.0,0.0,0.0,-0.0002358585065021034,0.9999999721853821,0.0,0.0,0.0,0.0,0.0,1.541554091078624e-19,1477,1530
0.00016679245573595453,0.0005210292760230443,0.0,0.0,0.0,-0.0002358585065021034,0.9999999721853821,0.0,0.0,0.0,0.0,0.0,3.7949741394998565e-20,1477,1530
0.00016679245573595453,0.0005210292760230443,0.0,0.0,0.0,-0.00023585850650210337,0.9999999721853821,0.0,0.0,0.0,0.0,0.0,5.935602636862963e-19,1477,1530
0.00021742032907406353,0.0004955799994007903,0.0,0.0,0.0,-0.0002380819116888373,0.9999999716585012,0.0005056049258838297,-0.0002538553647002688,0.0,0.0,0.0,-4.4398399495993616e-05,1477,1530
0.000148045675203247,0.0005511392121335,0.0,0.0,0.0,-0.00024253413039275693,0.9999999705885974,-0.0006926603252906718,0.0005541810742520875,0.0,0.0,0.0,-8.887107804704472e-05,1477,1530
0.00023526456970306906,0.00078231165122561,0.0,0.0,0.0,-0.0003409457954593833,0.9999999418779806,0.0013089704840144895,0.00347450964764082,0.0,0.0,0.0,-0.0029577035174317245,1477,1530
0.00023526456970306906,0.00078231165122561,0.0,0.0,0.0,-0.0003409457954593833,0.9999999418779806,0.0013089704840144895,0.00347450964764082,0.0,0.0,0.0,-0.0029577035174317245,1477,1530
0.00015452997999608096,0.0005252313478192365,0.0,0.0,0.0,-0.00023119769434169058,0.9999999732738127,-0.001207043197588653,-0.0038527336400846156,0.0,0.0,0.0,0.0032887761778573428,1477,1530
0.00031816703597325926,0.0004867543217622839,0.0,0.0,0.0,-0.0002230015328297306,0.9999999751351578,0.000613015204435543,-0.00014384308519591009,0.0,0.0,0.0,6.140205885556275e-05,1477,1530
0.0002457098653370495,0.0006326019368989216,0.0,0.0,0.0,-0.00023412595788690278,0.9999999725925176,-0.0022139454746013996,0.004451423650251761,0.0,0.0,0.0,-0.000679209045246986,1477,1530
0.00014253163626170044,0.00042701977830477555,0.0,0.0,0.0,-0.0002170636778500146,0.9999999764416796,-0.0007711905310771246,-0.0015383900876684818,0.0,0.0,0.0,0.00025529724044173947,1477,1530
0.00014223375684745823,0.0007044097849247771,0.0,0.0,0.0,-0.00030083096085561527,0.9999999547503655,-3.142717415265385e-06,0.002084039692589382,0.0,0.0,0.0,-0.001258693118669601,1477,1530
0.00016594761281305828,0.0007393269744585694,0.0,0.0,0.0,-0.0002787728537108907,0.9999999611428473,0.0003547948206924608,0.000523090356808847,0.0,0.0,0.0,0.0006606300804043096,1477,1530
0.00016594761281305828,0.0007393269744585694,0.0,0.0,0.0,-0.0002787728537108907,0.9999999611428473,0.0003547948206924608,0.000523090356808847,0.0,0.0,0.0,0.0006606300804043096,1477,1530
5.248715322618551e-05,0.0006028842891385819,0.0,0.0,0.0,-0.00026243387685996426,0.9999999655642295,-0.0016968881444097963,-0.0020429207785605513,0.0,0.0,0.0,0.000489051840003642,1477,1530
0.0004189336393882692,0.0008272986681567282,0.0,0.0,0.0,-0.0002906330570080283,0.9999999577662122,0.002749740268719775,0.0016859452500247389,0.0,0.0,0.0,-0.0004233380305723106,1477,1530
0.000277180764164559,0.0006853877384507697,0.0,0.0,0.0,-0.00033388788773327935,0.9999999442594377,-0.0008500816853109984,-0.0008520194525916809,0.0,0.0,0.0,-0.0005190943304905452,1477,1530
0.00026832841412282427,0.0007123183639412404,0.0,0.0,0.0,-0.0003144821027125564,0.9999999505505023,-4.424833856102605e-05,0.00013430992682772589,0.0,0.0,0.0,0.00019360579087374842,1477,1530
0.00026832841412282427,0.0007123183639412404,0.0,0.0,0.0,-0.0003144821027125564,0.9999999505505023,-4.424833856102605e-05,0.00013430992682772589,0.0,0.0,0.0,0.00019360579087374842,1477,1530
6.127649132441751e-05,0.0007783855689356943,0.0,0.0,0.0,-0.0003058814902174619,0.9999999532182559,-0.0020798569437787367,0.0006622105199789985,0.0,0.0,0.0,0.00017275337013305722,1477,1530
0.00033298394831910675,0.0008303685106668579,0.0,0.0,0.0,-0.00033185726879170034,0.999999944935375,0.008157691646789117,0.0015658995453765288,0.0,0.0,0.0,-0.0015599663629478533,1477,1530
0.00015771513707536964,0.000721995341722495,0.0,0.0,0.0,-0.00027160978131717634,0.9999999631140627,-0.0013134476657810817,-0.0008133436806124569,0.0,0.0,0.0,0.0009033487549723484,1477,1530
0.0002585605258593047,0.0008225092290806547,0.0,0.0,0.0,-0.00034780704109773714,0.9999999395151293,0.0010086238509032731,0.0010064010819074785,0.0,0.0,0.0,-0.0015250280374997161,1477,1530
0.0002463462330891776,0.0006473409096180571,0.0,0.0,0.0,-0.00027406122673874364,0.9999999624452213,-6.043228738077072e-05,-0.0008754505195728479,0.0,0.0,0.0,0.0007370933175451637,1477,1530
0.00025497622914489904,0.0004874870781446759,0.0,0.0,0.0,-0.00023713372795762598,0.9999999718837971,0.00013085188421760855,-0.002399343717778612,0.0,0.0,0.0,0.001108567739817516,1477,1530
0.00025497622914489904,0.0004874870781446759,0.0,0.0,0.0,-0.00023713372795762598,0.9999999718837971,0.00013085188421760855,-0.002399343717778612,0.0,0.0,0.0,0.001108567739817516,1477,1530
0.00022363999675694383,0.0006928186077855354,0.0,0.0,0.0,-0.0003001760415081833,0.9999999549471711,-0.00047140988187126167,0.0030791338451333734,0.0,0.0,0.0,-0.00189089129556965,1477,1530
0.00025324377926764987,0.0007452773779256474,0.0,0.0,0.0,-0.00029545679107005656,0.9999999563526413,0.00014784441511857306,0.000262352496353634,0.0,0.0,0.0,4.7187079959800934e-05,1477,1530
0.00025324377926764987,0.0007452773779256474,0.0,0.0,0.0,-0.00029545679107005656,0.9999999563526413,0.00014784441511857306,0.000262352496353634,0.0,0.0,0.0,4.7187079959800934e-05,1477,1530
0.00028217028485429504,0.0005079008065318009,0.0,0.0,0.0,-0.00025988055605729953,0.9999999662310477,0.0002907287487410269,-0.00237409292837613,0.0,0.0,0.0,0.0007116741791494333,1477,1530
0.000370749105105059,0.0008886066354095051,0.0,0.0,0.0,-0.00035116379348918396,0.9999999383419932,0.0006635653475654094,0.0028586902814614033,0.0,0.0,0.0,-0.0013707118588668621,1477,1530
0.00033428809715597025,0.0007280856150171795,0.0,0.0,0.0,-0.00031757227707698496,0.9999999495739231,-0.0002178225133347107,-0.0009620999956424717,0.0,0.0,0.0,0.00040260462615146015,1477,1530
0.00033428809715597025,0.0007280856150171795,0.0,0.0,0.0,-0.00031757227707698496,0.9999999495739231,-0.0002178225133347107,-0.0009620999956424717,0.0,0.0,0.0,0.00040260462615146015,1477,1530
0.0002659988006924019,0.0006847108586394043,0.0,0.0,0.0,-0.0002990097184613865,0.9999999552965931,-0.0005084635008335993,-0.0003234100394147447,0.0,0.0,0.0,0.0002765351393572162,1477,1530
0.00032965605916958986,0.00071826433552148,0.0,0.0,0.0,-0.0003063557462302888,0.9999999530730773,0.0006427868271746842,0.0003393016217695167,0.0,0.0,0.0,-0.0001484016101768181,1477,1530
0.00027098549028869263,0.000879489302891126,0.0,0.0,0.0,-0.0003582680637439617,0.9999999358219952,-0.0002518257992729399,0.0006906925350248093,0.0,0.0,0.0,-0.00044488711515518686,1477,1530
0.00027098549028869263,0.000879489302891126,0.0,0.0,0.0,-0.0003582680637439617,0.9999999358219952,0.0,0.0,0.0,0.0,0.0,-2.099033494158731e-19,1477,1530
0.00027098549028869263,0.000879489302891126,0.0,0.0,0.0,-0.0003582680637439617,0.9999999358219952,0.0,0.0,0.0,0.0,0.0,-2.0844965785368937e-19,1477,1530
0.00027098549028869263,0.000879489302891126,0.0,0.0,0.0,-0.0003582680637439617,0.9999999358219952,0.0,0.0,0.0,0.0,0.0,-8.476973840188411e-19,1477,1530
0.00027098549028869263,0.000879489302891126,0.0,0.0,0.0,-0.0003582680637439617,0.9999999358219952,0.0,0.0,0.0,0.0,0.0,-2.092836876394268e-19,1477,1530
0.0005157571352422457,0.0009766323756112117,0.0,0.0,0.0,-0.0003658237195530686,0.9999999330865009,0.001837639966664864,0.0007308328677137446,0.0,0.0,0.0,-0.00011348151942746346,1477,1530
0.0005157571352422457,0.0009766323756112117,0.0,0.0,0.0,-0.0003658237195530686,0.9999999330865009,0.001837639966664864,0.0007308328677137446,0.0,0.0,0.0,-0.00011348151942746346,1477,1530
0.00021056824455005496,0.0008141826524307868,0.0,0.0,0.0,-0.00032706738901475233,0.9999999465134601,-0.003046921348439653,-0.0016247150568843244,0.0,0.0,0.0,0.0007741666904417471,1477,1530
0.00045250652610624796,0.0009730065393593447,0.0,0.0,0.0,-0.0004200590267775869,0.9999999117752031,0.0035679832628389796,0.0023455954378854213,0.0,0.0,0.0,-0.0027439662476809825,1477,1530
0.00045250652610624796,0.0009730065393593447,0.0,0.0,0.0,-0.0004200590267775869,0.9999999117752031,0.0035679832628389796,0.0023455954378854213,0.0,0.0,0.0,-0.0027439662476809825,1477,1530
0.00036465219665557337,0.0007883631206272113,0.0,0.0,0.0,-0.0003242421651823093,0.9999999474335078,-0.0008871047561308222,-0.0018684721987999866,0.0,0.0,0.0,0.0019384355274215499,1477,1530
0.0005333773027387579,0.0008572602556032548,0.0,0.0,0.0,-0.00030921252076876796,0.9999999521938073,0.0006232625208152023,0.0002549744350301821,0.0,0.0,0.0,0.0001110670235993473,1477,1530
0.0005333773027387579,0.0008572602556032548,0.0,0.0,0.0,-0.00030921252076876796,0.9999999521938073,0.0006232625208152023,0.0002549744350301821,0.0,0.0,0.0,0.0001110670235993473,1477,1530
0.00021802346237530766,0.0007054251172653953,0.0,0.0,0.0,-0.0002920564638924003,0.99999995735151,-0.005021581074094733,-0.002421594622668055,0.0,0.0,0.0,0.0005465366162064361,1477,1530
0.00045926796934115093,0.0008654938786127973,0.0,0.0,0.0,-0.0003432095906046017,0.9999999411035867,0.0010343035156405384,0.0006871438414684982,0.0,0.0,0.0,-0.00043879451927197004,1477,1530
0.00045926796934115093,0.0008654938786127973,0.0,0.0,0.0,-0.0003432095906046017,0.9999999411035867,0.0010343035156405384,0.0006871438414684982,0.0,0.0,0.0,-0.00043879451927197004,1477,1530
0.00029676831696544075,0.0007277010914198182,0.0,0.0,0.0,-0.00032350002272585993,0.9999999476738664,-0.0006826156501454111,0.0004979848668745713,0.0,0.0,0.0,-0.0006391804684801,1477,1530
0.0002934537287084902,0.0007134090186357001,0.0,0.0,0.0,-0.00029236808189531376,0.9999999572604514,-9.935794005877172e-05,-0.0004296814961181715,0.0,0.0,0.0,0.0018716411039644428,1477,1530
0.0002934537287084902,0.0007134090186357001,0.0,0.0,0.0,-0.00029236808189531376,0.9999999572604514,-9.935794005877172e-05,-0.0004296814961181715,0.0,0.0,0.0,0.0018716411039644428,1477,1530
0.0002357404311826753,0.0008197456147113137,0.0,0.0,0.0,-0.0003027437685870725,0.9999999541731043,-0.0005772351534604485,0.0010620724432585567,0.0,0.0,0.0,-0.00020732714858524005,1477,1530
4.862309021373844e-05,0.0007950039201921205,0.0,0.0,0.0,-0.0003306574652860951,0.9999999453328189,-0.0013644555072117375,-0.00018125656109422664,0.0,0.0,0.0,-0.0004071248063265292,1477,1530
0.00040113051522360215,0.0009248995850708549,0.0,0.0,0.0,-0.00034928992460355623,0.9999999389982724,0.0021621212897680454,0.0007983457151938579,0.0,0.0,0.0,-0.00022862195110911996,1477,1530
0.00028042963792973715,0.0008809678615884841,0.0,0.0,0.0,-0.0003543175309131203,0.9999999372295416,-0.0009071375478460429,-0.00033089038706270716,0.0,0.0,0.0,-7.559003511680339e-05,1477,1530
0.00027647595952608964,0.000825094665027919,0.0,0.0,0.0,-0.0003593848882113429,0.999999935421249,-3.9090800848283204e-05,-0.0005580455441713118,0.0,0.0,0.0,-0.00010121759389685195,1477,1530
0.00020673874562546863,0.0006934003769876269,0.0,0.0,0.0,-0.0002896147556303545,0.9999999580616458,-0.0010432245010799604,-0.0019734916041776783,0.0,0.0,0.0,0.002090271768112313,1477,1530
0.00040197113139982347,0.000712595220318025,0.0,0.0,0.0,-0.0003197757989734771,0.9999999488717178,0.005902737423402806,0.0005837971900054231,0.0,0.0,0.0,-0.0018239074011886939,1477,1530
0.00024098637825710194,0.000727203721148322,0.0,0.0,0.0,-0.0002930591361621374,0.9999999570581705,-0.001606823393704202,0.00014477453531961396,0.0,0.0,0.0,0.0005332986818211084,1477,1530
0.0001813166418337324,0.0009155572837265126,0.0,0.0,0.0,-0.000420845951386537,0.9999999114443388,-0.00059774146219381,0.0018829972673121112,0.0,0.0,0.0,-0.0025554809139996006,1477,1530
0.0004709938641391349,0.0007388326306982593,0.0,0.0,0.0,-0.00029925596750131816,0.999999955222932,0.0021732267616823148,-0.0013233212720080777,0.0,0.0,0.0,0.001823457829693332,1477,1530
0.0004523207053438875,0.000766745724868285,0.0,0.0,0.0,-0.00028842801352775186,0.9999999584046396,-0.0001372125729198508,0.00020484331707906859,0.0,0.0,0.0,0.00015898795898814717,1477,1530
0.0002567977601156897,0.0007150822483700128,0.0,0.0,0.0,-0.0002921796477840052,0.9999999573155258,-0.005920624801182712,-0.001568074638454213,0.0,0.0,0.0,-0.00022724094699013862,1477,1530
0.00024072992307410274,0.0007157664239368345,0.0,0.0,0.0,-0.0002913855135017792,0.9999999575472404,-0.00016498854197077235,6.9286996660109366e-06,0.0,0.0,0.0,1.6308333833679796e-05,1477,1530
0.0003371270688046563,0.0008244359263626622,0.0,0.0,0.0,-0.00034272444162274156,0.9999999412699768,0.00041298185715074045,0.00046610562038625677,0.0,0.0,0.0,-0.0004401787732735611,1477,1530
0.0003371270688046563,0.0008244359263626622,0.0,0.0,0.0,-0.00034272444162274156,0.9999999412699768,0.00041298185715074045,0.00046610562038625677,0.0,0.0,0.0,-0.0004401787732735611,1477,1530
0.0004985367435105235,0.0009124115717280705,0.0,0.0,0.0,-0.00035091601016116217,0.999999938428975,0.0016119297679567384,0.0008800090189809532,0.0,0.0,0.0,-0.00016367261818057218,1477,1530
0.00043189908006547543,0.000925573347498647,0.0,0.0,0.0,-0.00035033081075759234,0.9999999386341596,-0.0009981262263877514,0.00019641472602220818,0.0,0.0,0.0,1.7528288490416664e-05,1477,1530
0.000245568601186721,0.0009609250155252842,0.0,0.0,0.0,-0.0003674511859825683,0.9999999324898107,-0.0018634029547333509,0.00035218287278658653,0.0,0.0,0.0,-0.0003423801361275996,1477,1530
0.00023523643598492722,0.0007868555921008943,0.0,0.0,0.0,-0.00031051094893624215,0.9999999517914742,-0.0001534725802488103,-0.0026181318646806887,0.0,0.0,0.0,0.0017127717455428446,1477,1530
0.00025654094088722033,0.0008118622236117619,0.0,0.0,0.0,-0.00033449192010023994,0.9999999440575761,0.0001277550341099412,0.00015014406742819034,0.0,0.0,0.0,-0.0002878194469406387,1477,1530
0.0005565518300942733,0.0009348626268144101,0.0,0.0,0.0,-0.0003334711019598699,0.9999999443985106,0.004484108074756412,0.0018419285975514244,0.0,0.0,0.0,3.052366520557961e-05,1477,1530
0.0005565518300942733,0.0009348626268144101,0.0,0.0,0.0,-0.0003334711019598699,0.9999999443985106,0.0,0.0,0.0,0.0,0.0,2.598702714944713e-19,1477,1530
0.0005565518300942733,0.0009348626268144101,0.0,0.0,0.0,-0.0003334711019598699,0.9999999443985106,0.0,0.0,0.0,0.0,0.0,1.9306128580238025e-19,1477,1530
0.0005565518300942733,0.0009348626268144101,0.0,0.0,0.0,-0.0003334711019598699,0.9999999443985106,0.0,0.0,0.0,0.0,0.0,1.9319540621456837e-19,1477,1530
0.0005565518300942733,0.0009348626268144101,0.0,0.0,0.0,-0.00033347110195986986,0.9999999443985106,0.0,0.0,0.0,0.0,0.0,2.0378372604673302e-18,1477,1530
0.00048492542194669176,0.0008987434200075736,0.0,0.0,0.0,-0.0003385859173752338,0.9999999426797866,-0.0007152219793370417,-0.00036126507756874975,0.0,0.0,0.0,-0.00010218187038751331,1477,1530
0.0005467425186833813,0.0010165218765098099,0.0,0.0,0.0,-0.00040373905336245976,0.9999999184973851,0.00046365356139733846,0.000884842290072463,0.0,0.0,0.0,-0.00097861334155121,1477,1530
0.0005787987470057763,0.0012095134358539364,0.0,0.0,0.0,-0.0004289285951912945,0.9999999080101258,0.0004685169402167441,0.0028348223053593436,0.0,0.0,0.0,-0.0007399114090570239,1477,1530
0.0004579377526009447,0.001164925949349085,0.0,0.0,0.0,-0.000438010875700382,0.9999999040732318,-0.0012239920196176993,-0.00045274284344367857,0.0,0.0,0.0,-0.00018401575010649362,1477,1530
0.000582749730717365,0.0011260110551058672,0.0,0.0,0.0,-0.0004107410742826436,0.9999999156458814,0.0007494523481731281,-0.0002329501888795463,0.0,0.0,0.0,0.00032740200225450243,1477,1530
0.0003586870441216587,0.0005570051092950847,0.0,0.0,0.0,-0.00023420517190076532,0.9999999725739683,-0.0033574866779654358,-0.00854690698090699,0.0,0.0,0.0,0.0053016971251441955,1477,1530
0.000570842131434517,0.0009643486765647149,0.0,0.0,0.0,-0.00034425371106773766,0.9999999407446895,0.003167806374094527,0.0060892350881310165,0.0,0.0,0.0,-0.003289351494600651,1477,1530
0.000570842131434517,0.0009643486765647149,0.0,0.0,0.0,-0.00034425371106773766,0.9999999407446895,0.003167806374094527,0.0060892350881310165,0.0,0.0,0.0,-0.003289351494600651,1477,1530
0.0004870699651996097,0.000921602685692829,0.0,0.0,0.0,-0.000341046051591499,0.9999999418437937,-0.0005025759057588933,-0.00025688308914510695,0.0,0.0,0.0,3.850107923131969e-05,1477,1530
0.0005163211211987686,0.0008746980288355075,0.0,0.0,0.0,-0.000344350359411857,0.9999999407114132,0.00043691184352831594,-0.000699531414063509,0.0,0.0,0.0,-9.860221161051851e-05,1477,1530
0.0006009334338432788,0.000902592858530479,0.0,0.0,0.0,-0.0003440838500494787,0.9999999408031504,0.0005080360422209455,0.00016787637761501626,0.0,0.0,0.0,3.2011215923018306e-06,1477,1530
0.0006620645148822352,0.0011956781056647364,0.0,0.0,0.0,-0.00042375487624895646,0.9999999102158984,0.0003637400886845608,0.001749929831221906,0.0,0.0,0.0,-0.0009512504717121979,1477,1530
0.0006578111519885643,0.001369222928614485,0.0,0.0,0.0,-0.0004891487324910389,0.9999998803667516,-4.4470922809000634e-05,0.0017538090151416122,0.0,0.0,0.0,-0.0013217423375099864,1477,1530
0.0005779194387615697,0.0011476763077945477,0.0,0.0,0.0,-0.0003871081500247145,0.9999999250736373,-0.0011925421940186774,-0.0033171883769700906,0.0,0.0,0.0,0.003054604544975963,1477,1530
0.0005663506426372702,0.001136761578820031,0.0,0.0,0.0,-0.00042555069707124064,0.999999909453298,-8.686435208039106e-05,-8.208049331760413e-05,0.0,0.0,0.0,-0.0005777142459770313,1477,1530
0.0006803499921266881,0.0013351722976231708,0.0,0.0,0.0,-0.0004977346666374821,0.9999998761300931,0.003389021096113598,0.005910077168568973,0.0,0.0,0.0,-0.004298200381739556,1477,1530
0.0005748030581849471,0.001165282995860596,0.0,0.0,0.0,-0.000413418156795225,0.9999999145427102,-0.001054832453217031,-0.0017016445075959709,0.0,0.0,0.0,0.0016880183887341344,1477,1530
0.0006144424751480061,0.001291737974011541,0.0,0.0,0.0,-0.00045096246442038676,0.9999998983164227,0.00029629652892240645,0.0009479705480891982,0.0,0.0,0.0,-0.0005627566682900225,1477,1530
0.0006144424751480061,0.001291737974011541,0.0,0.0,0.0,-0.00045096246442038676,0.9999998983164227,0.00029629652892240645,0.0009479705480891982,0.0,0.0,0.0,-0.0005627566682900225,1477,1530
0.0006928244261881316,0.0009739776312444012,0.0,0.0,0.0,-0.0003522839229467085,0.9999999379480169,0.0011826295114987224,-0.00477584965265615,0.0,0.0,0.0,0.0029668836233329105,1477,1530
0.0005675713665869603,0.0009147740029130341,0.0,0.0,0.0,-0.0003270060801367393,0.9999999465335103,-0.0007501906195228164,-0.0003552410513071791,0.0,0.0,0.0,0.00030289916798629477,1477,1530
0.0006159684996514595,0.0006049042214955344,0.0,0.0,0.0,-0.00026517950221163777,0.9999999648399152,0.0003649070557147483,-0.0023263910292155915,0.0,0.0,0.0,0.0009284385602738637,1477,1530
0.0006793390823144785,0.0008122594146893271,0.0,0.0,0.0,-0.0002995507566612691,0.9999999551346711,0.0018965283925111334,0.00621743533964617,0.0,0.0,0.0,-0.0020608739545968876,1477,1530
0.000607135225556446,0.0008877907844867569,0.0,0.0,0.0,-0.0003110020587135773,0.9999999516388586,-0.00043391286053447,0.00045336563730172106,0.0,0.0,0.0,-0.00013754822751990995,1477,1530
0.00048021877533447975,0.0008257768277196027,0.0,0.0,0.0,-0.0003252374190541491,0.9999999471103092,-0.0019011050920164749,-0.0009303838433551762,0.0,0.0,0.0,-0.0004265979730149298,1477,1530
0.00041666480258919966,0.00061324788445614,0.0,0.0,0.0,-0.0002601824752577509,0.9999999661525392,-0.000633992307772276,-0.002125149846630373,0.0,0.0,0.0,0.0013007607331875332,1477,1530
0.0006564077094118415,0.0011813980940872464,0.0,0.0,0.0,-0.00042673787074072134,0.9999999089473908,0.0023950710569459826,0.005684169907586523,0.0,0.0,0.0,-0.0033319410798553707,1477,1530
0.0006569495201405457,0.0014988164715632384,0.0,0.0,0.0,-0.0005066666724550261,0.9999998716444333,2.03274333087194e-06,0.0023817896456879133,0.0,0.0,0.0,-0.0011995109193460372,1477,1530
0.0007433633860172555,0.0012896629607835287,0.0,0.0,0.0,-0.00046883806131436966,0.9999998900954301,0.0008601847328797075,-0.0020760018008373986,0.0,0.0,0.0,0.0007512683580650375,1477,1530
0.0006049438767102071,0.0012400245652195126,0.0,0.0,0.0,-0.0004305271021274337,0.9999999073232029,-0.001391619519899176,-0.0005005196101554777,0.0,0.0,0.0,0.0007705884978512587,1477,1530
0.0006185315210451459,0.0012119937980428065,0.0,0.0,0.0,-0.00038046665707842356,0.9999999276225587,8.162641031915168e-05,-0.00016802327391535882,0.0,0.0,0.0,0.0006003999730025277,1477,1530
0.0005536883280892477,0.0013933316453535688,0.0,0.0,0.0,-0.0004642172896440835,0.9999998922511482,-0.001962761959172094,0.005475834520480305,0.0,0.0,0.0,-0.0050593916671184845,1477,1530
0.0006385344388974702,0.0013049966097276853,0.0,0.0,0.0,-0.00046157906102574283,0.9999998934723795,0.00042429463753411597,-0.000440921766256432,0.0,0.0,0.0,2.636080495387518e-05,1477,1530
0.0006385344388974702,0.0013049966097276853,0.0,0.0,0.0,-0.00046157906102574283,0.9999998934723795,0.0,0.0,0.0,0.0,0.0,-7.995719228103718e-19,1477,1530
0.0006385344388974702,0.0013049966097276853,0.0,0.0,0.0,-0.00046157906102574283,0.9999998934723795,0.0,0.0,0.0,0.0,0.0,-1.5722839843607983e-18,1477,1530
0.0006385344388974702,0.0013049966097276853,0.0,0.0,0.0,-0.00046157906102574305,0.9999998934723795,0.0,0.0,0.0,0.0,0.0,-7.168575542996408e-18,1477,1530
0.0008392257870545252,0.0014622967756466165,0.0,0.0,0.0,-0.00048711252835005364,0.9999998813606854,0.0030626601568405115,0.002405054423726356,0.0,0.0,0.0,-0.0007798741679203277,1477,1530
0.0008036479190909335,0.0012845796682535132,0.0,0.0,0.0,-0.0004742832894148552,0.9999998875276743,-0.00021216562680224704,-0.0010651913964660968,0.0,0.0,0.0,0.0001537605294704823,1477,1530
0.0006985512508808617,0.0014074185370481988,0.0,0.0,0.0,-0.0005192576581204573,0.9999998651857331,-0.0015817005932233221,0.0018451738955035072,0.0,0.0,0.0,-0.00135222640880469,1477,1530
0.0007020973756225712,0.0012648594522206838,0.0,0.0,0.0,-0.0004709850074140664,0.9999998890865552,5.532351817384325e-05,-0.0021348927014581288,0.0,0.0,0.0,0.0014458518767554364,1477,1530
0.000692899518596544,0.0013831185211418946,0.0,0.0,0.0,-0.0005097396297285187,0.9999998700827465,-0.0001395794201951158,0.0017730017595107986,0.0,0.0,0.0,-0.001162144897415179,1477,1530
0.0005918790252426601,0.0013735667904228933,0.0,0.0,0.0,-0.0004687602801807296,0.9999998901318938,-0.0007584126308616634,-7.248991297677441e-05,0.0,0.0,0.0,0.0006153656804899801,1477,1530
0.0006968299732996725,0.0013411715345440357,0.0,0.0,0.0,-0.00047881221148183786,0.9999998853694265,0.001570705943550355,-0.00048321809747915273,0.0,0.0,0.0,-0.0003007894558157038,1477,1530
0.0006517960906909023,0.0012472584096971501,0.0,0.0,0.0,-0.00047304460632992176,0.999999888114394,-0.0004490665594361786,-0.0009387828834720197,0.0,0.0,0.0,0.0001152564532457295,1477,1530
0.0006601153107040871,0.0012076209458033553,0.0,0.0,0.0,-0.0004535572817613216,0.9999998971428907,6.281876029130807e-05,-0.0002979017765368268,0.0,0.0,0.0,0.00029297862359531666,1477,1530
0.0007613302187978617,0.0013628497339806744,0.0,0.0,0.0,-0.0004995763190414927,0.9999998752117429,0.0015102585905287273,0.002320814909518394,0.0,0.0,0.0,-0.001375242211245954,1477,1530
0.0007613302187978617,0.0013628497339806744,0.0,0.0,0.0,-0.0004995763190414927,0.9999998752117429,0.0,0.0,0.0,0.0,0.0,2.0501138460398714e-19,1477,1530
0.0007613302187978617,0.0013628497339806744,0.0,0.0,0.0,-0.0004995763190414927,0.9999998752117429,0.0,0.0,0.0,0.0,0.0,2.0242338621949806e-19,1477,1530
0.0007613302187978617,0.0013628497339806744,0.0,0.0,0.0,-0.0004995763190414927,0.9999998752117429,0.0,0.0,0.0,0.0,0.0,2.0475413252524981e-19,1477,1530
0.0006164098314086818,0.0012247517807698466,0.0,0.0,0.0,-0.0004689893254543052,0.9999998900245003,-0.0021736478221037747,-0.002075466638363611,0.0,0.0,0.0,0.0009184181230600691,1477,1530
0.0005651494980205801,0.001143164600002689,0.0,0.0,0.0,-0.00048780090046401963,0.9999998810251337,-0.0007648388968074065,-0.0012198745680707778,0.0,0.0,0.0,-0.0005622025122609914,1477,1530
0.0006590602751076148,0.0012935565235347886,0.0,0.0,0.0,-0.0005172510000207841,0.9999998662256925,0.000936703394415206,0.0015033313833468555,0.0,0.0,0.0,-0.0005884136517906802,1477,1530
0.0005264003566597119,0.001275976395760689,0.0,0.0,0.0,-0.00048203117470926806,0.9999998838229666,-0.001975774730941735,-0.0002639103181640221,0.0,0.0,0.0,0.0010492397206248972,1477,1530
0.0005803002305523699,0.0012849030424195748,0.0,0.0,0.0,-0.0004771032924598542,0.9999998861862177,0.0008163979185590144,0.0001360168054357928,0.0,0.0,0.0,0.00014930489815539384,1477,1530
0.0005922570917892493,0.0013846251122461117,0.0,0.0,0.0,-0.0005337711878773371,0.9999998575441493,8.89529677880206e-05,0.0007479184820318594,0.0,0.0,0.0,-0.0008499250477415565,1477,1530
0.0006512764839281518,0.0014375584842278518,0.0,0.0,0.0,-0.0005618913935855086,0.9999998421390185,0.00035379549675768307,0.0003179946207934343,0.0,0.0,0.0,-0.00033746006702466976,1477,1530
0.0007291837820345941,0.0012550142965945933,0.0,0.0,0.0,-0.0004477694790881992,0.9999998997512418,0.0007810692141143397,-0.001824437504375323,0.0,0.0,0.0,0.0022822788175572584,1477,1530
0.0007291837820345941,0.0012550142965945933,0.0,0.0,0.0,-0.0004477694790881992,0.9999998997512418,0.0007810692141143397,-0.001824437504375323,0.0,0.0,0.0,0.0022822788175572584,1477,1530
0.0007809548070960668,0.0011421284106859053,0.0,0.0,0.0,-0.0004063949829618772,0.9999999174215555,0.00038893377821155287,-0.0008460634151369225,0.0,0.0,0.0,0.0006204468754713554,1477,1530
0.0006913363965965084,0.0012174723093656447,0.0,0.0,0.0,-0.0004315744807487882,0.9999999068717295,-0.0013457123941289489,0.0011295003504420947,0.0,0.0,0.0,-0.0007556759350857168,1477,1530
0.00071740661439641,0.0012609941702231386,0.0,0.0,0.0,-0.0004974006100213996,0.9999998762963089,0.0001952262703260819,0.00032655158103247605,0.0,0.0,0.0,-0.0009872982517347198,1477,1530
0.0006689228513479869,0.0010180847509303583,0.0,0.0,0.0,-0.00041054558696298,0.999999915726157,-0.0002465709242639035,-0.0013201977673182534,0.0,0.0,0.0,0.0001876515202612239,1477,1530
0.0007165049257514997,0.0013072399762407642,0.0,0.0,0.0,-0.0005037081124839952,0.9999998731390607,0.0007118851769829497,0.004348392581955899,0.0,0.0,0.0,-0.0028016279780409444,1477,1530
0.0007165049257514997,0.0013072399762407642,0.0,0.0,0.0,-0.0005037081124839952,0.9999998731390607,0.0007118851769829497,0.004348392581955899,0.0,0.0,0.0,-0.0028016279780409444,1477,1530
0.0006092452343237317,0.0012401896678924818,0.0,0.0,0.0,-0.0004481412402608358,0.9999998995847094,-0.001607993901166492,-0.001007445463138603,0.0,0.0,0.0,0.0016671230534571883,1477,1530
0.0007369007513753351,0.0012316807992039415,0.0,0.0,0.0,-0.0004845200176743578,0.9999998826201694,0.0007666163775852192,-5.040863926109827e-05,0.0,0.0,0.0,-0.00043690888454850233,1477,1530
0.0004452918314842005,0.0012299062674104972,0.0,0.0,0.0,-0.0004624435172916812,0.999999893072991,-0.0028627659321726466,-2.019508398752648e-05,0.0,0.0,0.0,0.00043345904961500863,1477,1530
0.0005329332825548381,0.0011493905399237985,0.0,0.0,0.0,-0.0004443762206229147,0.9999999012648824,0.0008936921195125476,-0.0008195072299170337,0.0,0.0,0.0,0.000368156872647409,1477,1530
0.0006094003243388043,0.0013846812810025602,0.0,0.0,0.0,-0.0005013500643161493,0.9999998743240486,0.0005711945259699856,0.0017629065990763006,0.0,0.0,0.0,-0.0008535024649046681,1477,1530
0.0007673490572146075,0.0013181339591630513,0.0,0.0,0.0,-0.0004634778054733762,0.9999998925941561,0.004734826970130397,-0.0019893001285785274,0.0,0.0,0.0,0.002269634929006114,1477,1530
0.0005935361949151224,0.001327337780834988,0.0,0.0,0.0,-0.0005020633841772067,0.9999998739661712,-0.002610360857778989,0.00013579871941464444,0.0,0.0,0.0,-0.001158917634839731,1477,1530
0.0006309103968410942,0.001063823485667352,0.0,0.0,0.0,-0.0004379241118102745,0.9999999041112316,0.0002801401103670891,-0.0019610190305597197,0.0,0.0,0.0,0.0009547590288253714,1477,1530
0.0006309103968410942,0.001063823485667352,0.0,0.0,0.0,-0.0004379241118102745,0.9999999041112316,0.0,0.0,0.0,0.0,0.0,2.3816459165919395e-19,1477,1530
0.0006309103968410942,0.001063823485667352,0.0,0.0,0.0,-0.0004379241118102745,0.9999999041112316,0.0,0.0,0.0,0.0,0.0,1.7515134319210184e-19,1477,1530
0.0006309103968410942,0.001063823485667352,0.0,0.0,0.0,-0.0004379241118102745,0.9999999041112316,0.0,0.0,0.0,0.0,0.0,2.3530402820303445e-19,1477,1530
0.0006309103968410942,0.001063823485667352,0.0,0.0,0.0,-0.00043792411181027444,0.9999999041112316,0.0,0.0,0.0,0.0,0.0,1.975231338489273e-18,1477,1530
0.0006018416859192684,0.0009407827984183763,0.0,0.0,0.0,-0.0003849140447890923,0.9999999259205863,-0.00028996890960138714,-0.0012321889125764011,0.0,0.0,0.0,0.0010615177117416475,1477,1530
0.0005584776399581278,0.0011452105742035049,0.0,0.0,0.0,-0.000503262030678881,0.9999998733636563,-0.00032602747279975974,0.0015311583815370896,0.0,0.0,0.0,-0.0017731365248713732,1477,1530
0.0006692986651868872,0.0010182040272945652,0.0,0.0,0.0,-0.0004328629711896831,0.9999999063148196,0.0016653978418209303,-0.0019047574085874093,0.0,0.0,0.0,0.0021134514307171357,1477,1530
0.0003905182786930759,0.0008196753389401524,0.0,0.0,0.0,-0.0004302727995922508,0.9999999074326547,-0.0027852485314779555,-0.001987103482433631,0.0,0.0,0.0,5.178790040269876e-05,1477,1530
0.0007137287336320916,0.0011268217196756824,0.0,0.0,0.0,-0.0004588999137374251,0.999999894705429,0.0032303324079732067,0.003075074313239541,0.0,0.0,0.0,-0.0005726969676096017,1477,1530
0.0006416202511635492,0.0009887125615817513,0.0,0.0,0.0,-0.000444529664619391,0.9999999011966838,-0.0007194788004627074,-0.0013811036919763374,0.0,0.0,0.0,0.0002872699947776777,1477,1530
0.0006206262243382418,0.0009530829497079367,0.0,0.0,0.0,-0.00040716539840125477,0.9999999171081657,-0.00015717787528013826,-0.0002672944785897799,0.0,0.0,0.0,0.0005603225625461843,1477,1530
0.000646441653808796,0.0008511130850691962,0.0,0.0,0.0,-0.0003733986301159342,0.9999999302867291,0.00019414427581552522,-0.0007642454049637738,0.0,0.0,0.0,0.0005062560286089178,1477,1530
0.0008364579780823668,0.0012116626788690706,0.0,0.0,0.0,-0.0005148101121114377,0.9999998674852655,0.00284499608451725,0.005408072522977527,0.0,0.0,0.0,-0.004240542636996089,1477,1530
0.0006899712658889638,0.0008845013504584195,0.0,0.0,0.0,-0.00037373555931369165,0.9999999301608634,-0.002196915184834869,-0.004920134996728204,0.0,0.0,0.0,0.004241249646578603,1477,1530
0.000555881528837587,0.0009547671730025681,0.0,0.0,0.0,-0.0003964683043957226,0.9999999214064387,-0.0013413819711592904,0.0007016346981208701,0.0,0.0,0.0,-0.0004546412960858263,1477,1530
0.0007653730250498183,0.001139779541626738,0.0,0.0,0.0,-0.00048405560917266034,0.9999998828450768,0.0020934682075307897,0.001851802757273275,0.0,0.0,0.0,-0.0017517637812677583,1477,1530
0.0005963036170818878,0.0008745952375437032,0.0,0.0,0.0,-0.00039860586327883954,0.9999999205566797,-0.0013362813586007404,-0.0036350699466573258,0.0,0.0,0.0,0.002161632009756383,1477,1530
0.0007807515504105618,0.0011867286249339546,0.0,0.0,0.0,-0.0004750872383676253,0.9999998871460516,0.0018526989835161445,0.0031409580600502106,0.0,0.0,0.0,-0.0015385202939092687,1477,1530
0.0006675709786177372,0.0011526628466545972,0.0,0.0,0.0,-0.0005088140046556942,0.999999870554146,-0.0016364841739623611,-0.0004942552780545745,0.0,0.0,0.0,-0.0009755939417848409,1477,1530
0.0006800658896498315,0.0012955594379545651,0.0,0.0,0.0,-0.0005116317940759261,0.9999998691164451,0.00012647592769085848,0.001463589120369937,0.0,0.0,0.0,-5.7716165767194595e-05,1477,1530
0.0007164761199511574,0.0010788125669526465,0.0,0.0,0.0,-0.0004277861102445066,0.9999999084995177,0.0002748850047743118,-0.0016261790614761408,0.0,0.0,0.0,0.001258349174294897,1477,1530
0.0006051814982431967,0.000769460436628739,0.0,0.0,0.0,-0.0003506553965437224,0.9999999385203945,-0.0008340776002244626,-0.002324625988253541,0.0,0.0,0.0,0.0011588410118287043,1477,1530
0.0006206912617421619,0.0009964829978994071,0.0,0.0,0.0,-0.00040869570869660714,0.9999999164839054,0.00044882013689619626,0.006638014812160433,0.0,0.0,0.0,-0.0033939720666512517,1477,1530
0.0006652326089252636,0.0009553027655097365,0.0,0.0,0.0,-0.0004410606832925317,0.9999999027327321,0.0012103626388921815,0.0023018060846992376,0.0,0.0,0.0,-0.0014299724064668912,1477,1530
0.0006598327515164616,0.0010176916765372336,0.0,0.0,0.0,-0.0004575814947718103,0.9999998953095823,-4.097692996587172e-05,0.0004686272145248988,0.0,0.0,0.0,-0.00024820746758819285,1477,1530
0.000762191335028125,0.0011656666517336784,0.0,0.0,0.0,-0.00046294324949855176,0.9999998928417682,0.0015305840873420433,0.002217027086224645,0.0,0.0,0.0,-0.0001605628429078472,1477,1530
0.0005143942755992659,0.0008494247755596509,0.0,0.0,0.0,-0.00040387826120138147,0.9999999184411718,-0.002474422885905475,-0.003163920745309517,0.0,0.0,0.0,0.001181004625222528,1477,1530
0.000626468205250315,0.0009860914617175643,0.0,0.0,0.0,-0.00041060998161732306,0.9999999156997179,0.0033826852681483255,0.004131761382902794,0.0,0.0,0.0,-0.0004067628009380327,1477,1530
0.0005247155527138298,0.0009680454722754737,0.0,0.0,0.0,-0.00042694668837066655,0.9999999088582585,-0.002265237058618925,-0.0034776594053920725,0.0,0.0,0.0,0.0013084112908820487,1477,1530
0.0007712528455620489,0.0011097451929291476,0.0,0.0,0.0,-0.0004647518540332988,0.9999998920028512,0.0024655921086925003,0.001419925412108373,0.0,0.0,0.0,-0.0007565421827332632,1477,1530
0.0005365662999493624,0.0013247457897063739,0.0,0.0,0.0,-0.0005827941838005876,0.9999998301754552,-0.003524175364758279,0.003222541063895033,0.0,0.0,0.0,-0.0035421559115814158,1477,1530
0.0006902155152924749,0.0011660281897040098,0.0,0.0,0.0,-0.0004477976794934178,0.9999998997386141,0.0023048035107703668,-0.002375285047241228,0.0,0.0,0.0,0.004045142615100885,1477,1530
0.0007823102920678729,0.0010364842383793803,0.0,0.0,0.0,-0.0004410940150854209,0.9999999027180302,0.0006917899573958041,-0.0009712544524109314,0.0,0.0,0.0,0.00010058540313525528,1477,1530
0.0006614048127440361,0.0008693982637236441,0.0,0.0,0.0,-0.0004083768172996343,0.9999999166141841,0.005992786101238492,0.0005954736977912019,0.0,0.0,0.0,-0.0005839409438820785,1477,1530
0.0007096237877235444,0.0010401537036506888,0.0,0.0,0.0,-0.00041010774116469846,0.9999999159058168,0.0007217300956487997,0.0025638315443881816,0.0,0.0,0.0,-5.19664352946084e-05,1477,1530
0.0009136927708438378,0.0011237282959546476,0.0,0.0,0.0,-0.00046268464470937854,0.999999892961454,0.0030621030201808132,0.001256990209044512,0.0,0.0,0.0,-0.0015783884520775473,1477,1530
0.0005303699406009405,0.001062848759217055,0.0,0.0,0.0,-0.0004985016300576427,0.9999998757480547,-0.003832471677156259,-0.0006123116425062469,0.0,0.0,0.0,-0.0007163039743781142,1477,1530
0.000747395172301943,0.0010232206296672964,0.0,0.0,0.0,-0.00044464441743666586,0.9999999011456662,-1.3742243855972451e-05,-0.0023770162021041824,0.0,0.0,0.0,0.0008921566214099677,1477,1530
0.00048822872331714696,0.0008354044086060328,0.0,0.0,0.0,-0.00037552045152309957,0.9999999294921927,-0.0019400989052570632,-0.0014086100211400188,0.0,0.0,0.0,0.001035580633185328,1477,1530
0.0004898237760006705,0.000906042961856532,0.0,0.0,0.0,-0.0004171000545819037,0.9999999130137684,2.318448044784845e-05,0.0010620918850991617,0.0,0.0,0.0,-0.0012503264566261572,1477,1530
0.0006851742001108425,0.0012415184269095084,0.0,0.0,0.0,-0.0004984338154432145,0.9999998757818581,0.0029186005130954484,0.005021744088707425,0.0,0.0,0.0,-0.0024337947339295686,1477,1530
0.0005256756485088197,0.0009690095089722156,0.0,0.0,0.0,-0.0004131864132399504,0.9999999146384904,-0.00119581847247826,-0.0020477779806584175,0.0,0.0,0.0,0.001280442963830326,1477,1530
0.0007481371102863838,0.0013835798459832897,0.0,0.0,0.0,-0.0005577167571107537,0.9999998444759973,0.003319367508324703,0.00619812946901997,0.0,0.0,0.0,-0.004319754932263251,1477,1530
0.0005020447582723953,0.0010047070630593816,0.0,0.0,0.0,-0.0004231455828096614,0.9999999104739039,-0.00197647521026165,-0.001231845604210581,0.0,0.0,0.0,-4.4850151062323125e-05,1477,1530
0.0006464665196230431,0.0011039409161051827,0.0,0.0,0.0,-0.00047155687056499865,0.9999998888170527,0.002166615063374407,0.0014914069613704338,0.0,0.0,0.0,-0.0014533779427870297,1477,1530
0.0008101046736427863,0.0011684122897443797,0.0,0.0,0.0,-0.0004629759860737991,0.9999998928266124,0.004903689592092749,0.0019373366011511376,0.0,0.0,0.0,0.0005144724160853165,1477,1530
0.0006767163247195659,0.0012682604028145784,0.0,0.0,0.0,-0.0005210431990114459,0.9999998642569832,-0.001331412361356566,0.000994709082583901,0.0,0.0,0.0,-0.0011583905030460157,1477,1530
0.000559605286690614,0.0010013450072432226,0.0,0.0,0.0,-0.00043262370513874257,0.9999999064183606,-0.0008807401685264769,-0.002013051272470157,0.0,0.0,0.0,0.001333094673143818,1477,1530
0.0007164317164638979,0.0011530538682989516,0.0,0.0,0.0,-0.0004861356021809124,0.9999998818360811,0.0023346907649759883,0.0022624187662644065,0.0,0.0,0.0,-0.0015946094126382865,1477,1530
0.0005694524701738281,0.0011328915974619768,0.0,0.0,0.0,-0.00048082188970178727,0.9999998844051485,-0.0011022987648342426,-0.00015230282535447692,0.0,0.0,0.0,7.971306996123882e-05,1477,1530
0.0006325353204552956,0.0004249548016675667,0.0,0.0,0.0,-0.0002817004379824604,0.9999999603224309,0.0009557181577752623,-0.010609967403631496,0.0,0.0,0.0,0.00596904778934031,1477,1530
0.0006823073897421818,0.0010364302057684935,0.0,0.0,0.0,-0.00044752778283075944,0.9999998998594368,0.0004943151014372671,0.0061155227286164935,0.0,0.0,0.0,-0.003316812451018583,1477,1530
0.0006771211368577887,0.0013445358119034039,0.0,0.0,0.0,-0.0005212055718556364,0.9999998641723667,-4.099509454608914e-05,0.0023124443899201165,0.0,0.0,0.0,-0.001105974325523087,1477,1530
0.0005925444012373423,0.0009615081193347819,0.0,0.0,0.0,-0.0004503745394503537,0.9999998985813819,-0.0012614439673939684,-0.005741194470117198,0.0,0.0,0.0,0.0021228826398118302,1477,1530
0.000520412145389084,0.000959963905928389,0.0,0.0,0.0,-0.0004164632084294562,0.9999999132791942,-0.000840164336080935,0.0018688295915553195,0.0,0.0,0.0,-0.00027494362239691893,1477,1530
0.0006336375614138102,0.0011780255995022988,0.0,0.0,0.0,-0.0004559774457229061,0.9999998960422791,0.001129014915400586,0.002178813958051438,0.0,0.0,0.0,-0.0007892903151086507,1477,1530
0.0009874941218044528,0.0016196208180990278,0.0,0.0,0.0,-0.0006262863187421916,0.9999998038827043,0.005296852918047491,0.006622573935700816,0.0,0.0,0.0,-0.0051044942180176744,1477,1530
0.0005429545225266331,0.0009916033436460675,0.0,0.0,0.0,-0.0004355771460686334,0.9999999051362704,-0.0044391242167195095,-0.00628800167882223,0.0,0.0,0.0,0.003815557574445083,1477,1530
0.0007823925656904883,0.0011651731699867888,0.0,0.0,0.0,-0.00046844351890393005,0.9999998902803288,0.0017297957544655294,0.003796456041760621,0.0,0.0,0.0,-0.0005247234652489374,1477,1530
0.0005709826625444313,0.0014899589276434,0.0,0.0,0.0,-0.0006063931034837653,0.9999998161436852,-0.0021280579160673115,0.0032626126824497974,0.0,0.0,0.0,-0.002773218695364868,1477,1530
0.000749312647262502,0.0017101998208546643,0.0,0.0,0.0,-0.0006805756059855405,0.9999997684083954,0.002675060821184418,0.0033119555217017344,0.0,0.0,0.0,-0.0022289080526772466,1477,1530
0.0004950584549341232,0.001226722630116329,0.0,0.0,0.0,-0.0005078625021239066,0.9999998710378312,-0.002534311411423913,-0.004835085406318306,0.0,0.0,0.0,0.003452018861936132,1477,1530
0.0007050395750183702,0.0008543838476904894,0.0,0.0,0.0,-0.0004285550044518203,0.9999999081702998,0.002042345480191879,-0.0008324460317709895,0.0,0.0,0.0,-0.00040591378303393195,1477,1530
0.000575709854963967,0.001043497397685506,0.0,0.0,0.0,-0.00048453988814902815,0.9999998826105415,-0.001969666179681533,0.0028748707960197955,0.0,0.0,0.0,-0.0017031437418400456,1477,1530
0.0005264558574705168,0.0008625692649114682,0.0,0.0,0.0,-0.00040673083639328217,0.9999999172850099,-0.0014547422886444807,-0.005364311553045331,0.0,0.0,0.0,0.004612683962589832,1477,1530
0.0005745829748144009,0.000812269752632136,0.0,0.0,0.0,-0.00037952372508566587,0.9999999279808685,0.00028921750232706447,-0.00030178056558005325,0.0,0.0,0.0,0.00032672190755125694,1477,1530
0.0005095531998514346,0.0008840148156765709,0.0,0.0,0.0,-0.00040711693258538105,0.9999999171278982,-0.0009776074221954118,0.0010769159849050125,0.0,0.0,0.0,-0.0008289360760476469,1477,1530
0.0005309203700930711,0.0008364528430181012,0.0,0.0,0.0,-0.00037527100744712505,0.9999999295858331,0.0002140374934935617,-0.00047539805039552036,0.0,0.0,0.0,0.000636854865932477,1477,1530
0.00047362301586677345,0.0008108568633557026,0.0,0.0,0.0,-0.00040196447366865805,0.9999999192122777,-0.0008612086669671788,-0.0003854963466866371,0.0,0.0,0.0,-0.0008027024383114886,1477,1530
0.0005593395749564139,0.0009547240173982527,0.0,0.0,0.0,-0.00042206265408553824,0.999999910931554,0.0008507764491367816,0.0014305622180520244,0.0,0.0,0.0,-0.00039950667637530596,1477,1530
0.0010122611615465986,0.0011556761742656657,0.0,0.0,0.0,-0.0004477870110774487,0.9999998997433913,0.005343123265349155,-0.0038154765284008373,0.0,0.0,0.0,0.0031085499258724576,1477,1530
0.0005460781898963102,0.0013482023731130873,0.0,0.0,0.0,-0.0005754040828547364,0.999999834455057,-0.004663785250698417,0.0019211822623351829,0.0,0.0,0.0,-0.0025524693878314093,1477,1530
0.0007719103207306536,0.001437936695518778,0.0,0.0,0.0,-0.0006121146742248151,0.9999998126577953,0.006789446094956337,0.002706835275443287,0.0,0.0,0.0,-0.002208355510876732,1477,1530
0.0005413046680605869,0.0012298735568305119,0.0,0.0,0.0,-0.0005081703672476837,0.9999998708814306,-0.0017252671058779758,-0.0015604519078408585,0.0,0.0,0.0,0.001557031713704983,1477,1530
0.0005199929945289742,0.000892288418943843,0.0,0.0,0.0,-0.00043844306738510623,0.9999999038838336,-0.00021020270908423303,-0.003384391838440299,0.0,0.0,0.0,0.0013979851961892563,1477,1530
0.0005993746059226253,0.0009136744022585089,0.0,0.0,0.0,-0.00041733363645534837,0.9999999129163142,0.0007927324903237676,0.00021431366276315414,0.0,0.0,0.0,0.0004217121225221254,1477,1530
0.0006738943022047965,0.0010150864391992888,0.0,0.0,0.0,-0.00045332792916875176,0.999999897246889,0.0011167208014917203,0.0015223794278254146,0.0,0.0,0.0,-0.0010800178866781454,1477,1530
0.000532875263161377,0.0009910852461511518,0.0,0.0,0.0,-0.0004365654338870367,0.9999999047053064,-0.001411892376259658,-0.0002416189909086033,0.0,0.0,0.0,0.0003357064996480314,1477,1530
0.0007162082823297738,0.0009696956630169415,0.0,0.0,0.0,-0.000445008196640529,0.9999999009838476,-0.0005902196069370036,-0.0032953647331786084,0.0,0.0,0.0,0.0009803133486649886,1477,1530
0.0006435750257187495,0.0009891152843139006,0.0,0.0,0.0,-0.0004277223584061021,0.9999999085267879,-0.0007265559751498359,0.00019356323765518007,0.0,0.0,0.0,0.00034574099946036113,1477,1530
0.0007124904484905597,0.0012978906991372092,0.0,0.0,0.0,-0.000472153044638009,0.9999998885357451,0.0010330643344722767,0.004647338838497638,0.0,0.0,0.0,-0.0013371863459928752,1477,1530
0.0006983517133399214,0.00150032740770526,0.0,0.0,0.0,-0.0005701514226486277,0.9999998374636644,-0.000143323275377518,0.0020245768482443924,0.0,0.0,0.0,-0.0019603010752056007,1477,1530
0.0007020667100285518,0.0013706513655983481,0.0,0.0,0.0,-0.0005775986042738099,0.9999998331899123,3.8620145658854945e-05,-0.0012964320007402194,0.0,0.0,0.0,-0.00014891089663135186,1477,1530
0.0006291071325231182,0.0014493136208539982,0.0,0.0,0.0,-0.0005769603262177686,0.9999998335583771,-0.0010922280916598613,0.0011748739583566851,0.0,0.0,0.0,1.9086694847491255e-05,1477,1530
0.0008113009446295017,0.0014889725714202363,0.0,0.0,0.0,-0.0005704009073216409,0.9999998373213892,0.0027296257685203535,0.0005974698236203083,0.0,0.0,0.0,0.00019659583322271997,1477,1530
0.0006160533389089486,0.0010971663438985118,0.0,0.0,0.0,-0.000501016319077445,0.9999998744913161,-0.001451687586072585,-0.0029214668218292853,0.0,0.0,0.0,0.0010341324275248715,1477,1530
0.0007000608873253707,0.0008728464097091643,0.0,0.0,0.0,-0.000427016748144934,0.9999999088283443,0.000825458699851558,-0.0021974622784331726,0.0,0.0,0.0,0.0014503607077081958,1477,1530
0.000689399288998886,0.0011135243319385605,0.0,0.0,0.0,-0.00044692630857788855,0.9999999001284323,0.0007282622779203199,9.73683804928061e-05,0.0,0.0,0.0,0.0010002007816030983,1477,1530
0.0005460958029582363,0.0010664540868529568,0.0,0.0,0.0,-0.0004722168047139328,0.9999998885056385,-0.001399063994758876,-0.00046093008129983174,0.0,0.0,0.0,-0.0004939647025288606,1477,1530
0.00043455652436902683,0.0008321077264096878,0.0,0.0,0.0,-0.000420478844891349,0.9999999115987666,-0.0017379844541894822,-0.003660446484961896,0.0,0.0,0.0,0.0016155492571133855,1477,1530
0.0004949484506160171,0.0011264704241709847,0.0,0.0,0.0,-0.00046867196712991986,0.9999998901732876,0.0006014315547661448,0.002944074925736363,0.0,0.0,0.0,-0.0009638432628787431,1477,1530
0.00047254815450349706,0.001133347367280884,0.0,0.0,0.0,-0.00047945666304980604,0.9999998850606475,-0.00022346174200037317,6.837413917713526e-05,0.0,0.0,0.0,-0.00021511099184389442,1477,1530
0.0006705529896853081,0.0012513101006490707,0.0,0.0,0.0,-0.0005587057149662761,0.9999998439239498,0.001979114192655443,0.0011816436502371606,0.0,0.0,0.0,-0.0015851397645944433,1477,1530
0.000482788542284966,0.0008981719949315829,0.0,0.0,0.0,-0.0004159999394795694,0.9999999134720214,-0.0056411178589231455,-0.010638196458191059,0.0,0.0,0.0,0.008592852149369746,1477,1530
0.00044170429988672164,0.0009653638018660724,0.0,0.0,0.0,-0.0004809646999603209,0.999999884336472,-0.0002466538268926065,0.0004026404081517857,0.0,0.0,0.0,-0.0007789867318157104,1477,1530
0.000714513624896127,0.00123970276728051,0.0,0.0,0.0,-0.0005238296309451665,0.9999998628012494,0.0039201050572772915,0.003949676544701054,0.0,0.0,0.0,-0.0012330797953144432,1477,1530
0.00034991997295923095,0.0014493984066951818,0.0,0.0,0.0,-0.0006159326594163482,0.9999998103134615,-0.002793469439093422,0.0016027685169484934,0.0,0.0,0.0,-0.0014105140829192499,1477,1530
0.0005317873815005738,0.001266379065624486,0.0,0.0,0.0,-0.000519484834022335,0.9999998650677445,0.002737495500260591,-0.002748055655533486,0.0,0.0,0.0,0.0028999020061971238,1477,1530
0.000621404892008301,0.0010964345795748645,0.0,0.0,0.0,-0.0004732338754287806,0.9999998880248433,0.0008979133554092532,-0.0016984618907740453,0.0,0.0,0.0,0.0009249915358273824,1477,1530
0.0005677598332247635,0.0012419380371984042,0.0,0.0,0.0,-0.0005371639030537283,0.9999998557274602,-0.0008046250721214462,0.002176066232907564,0.0,0.0,0.0,-0.0019128702238289878,1477,1530
0.0006202107985966432,0.0013478696499769143,0.0,0.0,0.0,-0.0005757422693422537,0.9999998342604058,0.0003108625503662434,0.0006295276291353088,0.0,0.0,0.0,-0.0004582815765415178,1477,1530
0.0006316671421009826,0.0014358051844825025,0.0,0.0,0.0,-0.000626261137732132,0.9999998038984744,0.00017518945195104922,0.0013568974945726748,0.0,0.0,0.0,-0.0015588397154267131,1477,1530
0.0005130624311841845,0.0007118944981924551,0.0,0.0,0.0,-0.0003705223887100238,0.9999999313565774,-0.0011771202924384064,-0.007241455709319215,0.0,0.0,0.0,0.005115389420598592,1477,1530
0.0009081981297971722,0.0013885198040507665,0.0,0.0,0.0,-0.0005601079895178569,0.9999998431395077,0.011791388206775617,0.020225825663336323,0.0,0.0,0.0,-0.011329366587810918,1477,1530
0.000792618026087234,0.0005821115458854307,0.0,0.0,0.0,-0.0003573501917854151,0.9999999361504182,0.00029007025815640285,-0.008541629536587929,0.0,0.0,0.0,0.004776155779200047,1477,1530
0.0009464631812533661,0.0011856424769666253,0.0,0.0,0.0,-0.0005191296314464869,0.9999998652522037,0.0011500196558791808,0.004525009033851295,0.0,0.0,0.0,-0.002425460898599153,1477,1530
0.000779476287226698,0.0012311134610699576,0.0,0.0,0.0,-0.0005385805905001663,0.9999998549654633,-0.0025072276712491087,0.0006799295106457652,0.0,0.0,0.0,-0.000583928844444164,1477,1530
0.0006038231578126536,0.0009076523763680543,0.0,0.0,0.0,-0.00043409827483289565,0.9999999057793395,-0.0026355650280011802,-0.0048658212997773,0.0,0.0,0.0,0.003141617015142266,1477,1530
0.0007828069313219894,0.0008275968522959678,0.0,0.0,0.0,-0.0004361999295678737,0.9999999048648062,-0.00047753539723754165,-0.006690975418255072,0.0,0.0,0.0,0.004094456484023509,1477,1530
0.0009600318826948627,0.0012532232221720485,0.0,0.0,0.0,-0.0006180563333179665,0.9999998090031662,0.001768235075854675,0.004257084484795622,0.0,0.0,0.0,-0.003636510358518835,1477,1530
0.0010090864160634896,0.0010887232944670154,0.0,0.0,0.0,-0.0005107600319253093,0.9999998695620863,0.0004927261808247251,-0.0016448851166421148,0.0,0.0,0.0,0.0021465703376658497,1477,1530
0.001066446279002917,0.0009166011526684897,0.0,0.0,0.0,-0.0004625969858873732,0.9999998930020085,0.0005678664338393763,-0.0016982348597036085,0.0,0.0,0.0,0.0009507210242466704,1477,1530
0.0009717720016196791,0.0010550934999613544,0.0,0.0,0.0,-0.0004775392371872107,0.9999998859781319,-0.0014498657093084636,0.002116700505573143,0.0,0.0,0.0,-0.0004570404805319325,1477,1530
0.0008978186994582705,0.0006806778883474737,0.0,0.0,0.0,-0.0003588776879937999,0.9999999356034004,-0.001106601993532727,-0.005630861456809468,0.0,0.0,0.0,0.0035684467374796905,1477,1530
0.0005351716963140516,0.00016092224179359445,0.0,0.0,0.0,-0.00021021313584851804,0.9999999779052186,-0.002696172040142567,-0.003870144266341405,0.0,0.0,0.0,0.002212829997960331,1477,1530
0.0006903106548046346,0.0008616586930833101,0.0,0.0,0.0,-0.0004180075560197908,0.9999999126348378,0.0015637682970348306,0.007077374407712718,0.0,0.0,0.0,-0.004197019375899654,1477,1530
0.000977973397441329,0.0005528348125350331,0.0,0.0,0.0,-0.00035673309727144223,0.9999999363707467,0.004317625005899843,-0.004627476677625906,0.0,0.0,0.0,0.0018377285241623989,1477,1530
0.0005104288383283029,0.0007773305230822607,0.0,0.0,0.0,-0.0003726554238801271,0.9999999305639651,-0.0035098992908609104,0.001682229114489785,0.0,0.0,0.0,-0.00023897889979257965,1477,1530
0.0007989639131088166,0.000747164186405877,0.0,0.0,0.0,-0.00040083088154825396,0.999999919667299,0.0028822889699541662,-0.00029917174412769077,0.0,0.0,0.0,-0.0005628675264685554,1477,1530
0.0008169040715033321,0.001018555474433057,0.0,0.0,0.0,-0.00047208215264749677,0.9999998885692144,0.00017736423038789098,0.0027161744436526108,0.0,0.0,0.0,-0.0014261379444068052,1477,1530
0.0007861727197273165,0.0011243536233876594,0.0,0.0,0.0,-0.0004978183914697384,0.9999998760884169,-0.00030835237483892923,0.0010578283812471062,0.0,0.0,0.0,-0.0005147917598566632,1477,1530
0.0008166785873742993,0.0007430403703615325,0.0,0.0,0.0,-0.000397413408803709,0.9999999210312881,0.0004619981747794303,-0.00570338495885631,0.0,0.0,0.0,0.003003799216121489,1477,1530
0.000857709482866058,0.0008307782132021488,0.0,0.0,0.0,-0.00037482698536133976,0.9999999297523631,0.0004094313116851547,0.0008773182557669783,0.0,0.0,0.0,0.0004515298293674905,1477,1530
0.0008579242828073259,0.001090011213276228,0.0,0.0,0.0,-0.00051802851115442,0.9999998658232218,3.080988018427e-07,0.00390276091500951,0.0,0.0,0.0,-0.004311805841226044,1477,1530
0.000738318312123092,0.000663290723195666,0.0,0.0,0.0,-0.0003777034101099958,0.9999999286700645,-0.0018971336212721304,-0.0046449020553994145,0.0,0.0,0.0,0.002591512700050153,1477,1530
0.0007283689992069911,0.0006440724776227733,0.0,0.0,0.0,-0.00036444980368023616,0.9999999335881681,-0.00014912627566230423,-0.00028858834986258156,0.0,0.0,0.0,0.0003978867409776415,1477,1530
0.0007277233548791417,0.0006548415650408333,0.0,0.0,0.0,-0.0003768478660476486,0.9999999289928404,-6.534806697916631e-06,0.00010768398579443383,0.0,0.0,0.0,-0.0002479563052499083,1477,1530
0.0006075095605689797,0.000611534463674334,0.0,0.0,0.0,-0.0003560891267131946,0.9999999366002649,-0.0018067458400861612,-0.0006524203025244248,0.0,0.0,0.0,0.0006241540854288031,1477,1530
0.0008754150628895745,0.0010180128222415591,0.0,0.0,0.0,-0.000468896786609069,0.9999998900678957,0.002679401569408371,0.004071617176237017,0.0,0.0,0.0,-0.002258886639104704,1477,1530
0.0007640872275902034,0.000976209339499852,0.0,0.0,0.0,-0.0004511884581625625,0.9999998982144824,-0.0011101216302628187,-0.00041803775475581515,0.0,0.0,0.0,0.0003532869219583445,1477,1530
0.0008938684227687019,0.0007712082049917856,0.0,0.0,0.0,-0.0003843230202224534,0.9999999261479053,0.0012982202816062983,-0.002046567704854635,0.0,0.0,0.0,0.0013358261077686554,1477,1530
0.0007410683378649786,0.0008952427938243226,0.0,0.0,0.0,-0.0003486267786420685,0.9999999392296828,-0.0022917004429732005,0.001857354242848367,0.0,0.0,0.0,0.001070079409199181,1477,1530
0.0010110382971626473,0.001170786698895263,0.0,0.0,0.0,-0.0005521636425996123,0.9999998475576443,0.0025089427014533595,0.001665223223892649,0.0,0.0,0.0,-0.0017217793231685218,1477,1530
0.0009215643709589965,0.0013092900925683664,0.0,0.0,0.0,-0.0005581902016186416,0.9999998442118373,-0.0008953728741118874,0.0013826623450051705,0.0,0.0,0.0,-0.00012041078816701896,1477,1530
0.0007660656699405176,0.0009586244244265759,0.0,0.0,0.0,-0.0004515388915539574,0.9999998980563095,-0.0023239111815300927,-0.005256488153228284,0.0,0.0,0.0,0.0031958325394081657,1477,1530
0.0008715829439932954,0.001303237226316726,0.0,0.0,0.0,-0.0005603430467148984,0.9999998430078227,0.0015805005467146888,0.005178516512611298,0.0,0.0,0.0,-0.003269110461220657,1477,1530
0.0007398800312953969,0.0012813799074790522,0.0,0.0,0.0,-0.0005403615852883839,0.999999854004668,-0.0013160726687906673,-0.00021993026477217978,0.0,0.0,0.0,0.00039941360568467293,1477,1530
0.0007644877703574358,0.0011583182148847523,0.0,0.0,0.0,-0.0005131575602590571,0.9999998683346505,0.0002454972344634758,-0.0012208520369393835,0.0,0.0,0.0,0.0005398803072305107,1477,1530
0.0009075890051579983,0.0006675508454835684,0.0,0.0,0.0,-0.00039953660882912414,0.9999999201852459,0.002180588577202182,-0.007449894375474806,0.0,0.0,0.0,0.0034505880429274694,1477,1530
0.0010496799293080814,0.0008278585357380092,0.0,0.0,0.0,-0.0003948597917888912,0.9999999220428694,0.0028980184190028012,-0.0004992786502295201,0.0,0.0,0.0,0.0011106101607944333,1477,1530
0.000921431551160224,0.0006460224849142353,0.0,0.0,0.0,-0.00033657351554613064,0.9999999433591328,-0.0012856242089560367,-0.0018258728510497269,0.0,0.0,0.0,0.0011698904121846784,1477,1530
0.000883985944683013,0.0008673510496462199,0.0,0.0,0.0,-0.0004201974969459605,0.9999999117170278,-0.0011226285430963703,0.0066084361021744725,0.0,0.0,0.0,-0.004994265845269322,1477,1530
0.0008559584090724432,0.0009178144802962186,0.0,0.0,0.0,-0.00043015824673921585,0.999999907481937,-0.00021045243197131877,0.00037816941670888287,0.0,0.0,0.0,-0.00014936010456616632,1477,1530
0.000907357280274183,0.0008445242241182345,0.0,0.0,0.0,-0.00038709640588584693,0.9999999250781835,0.0005146036117997692,-0.0007324381244837178,0.0,0.0,0.0,0.0008612110524392531,1477,1530
0.0006754194484912966,0.0010610270921944801,0.0,0.0,0.0,-0.0004996432463743094,0.9999998751783054,-0.003490306424446749,0.0032529810316451794,0.0,0.0,0.0,-0.00338486771044548,1477,1530
0.0008790378136054088,0.0012214809422630734,0.0,0.0,0.0,-0.0005912298858927425,0.9999998252235958,-0.00019378398075328075,0.0004871563466979951,0.0,0.0,0.0,-0.0018196139983083206,1477,1530
0.0009180296501088158,0.0012636518602663958,0.0,0.0,0.0,-0.0005273458270234515,0.9999998609531797,0.0005840386315916228,0.0006331567825702178,0.0,0.0,0.0,0.0019162250499651374,1477,1530
0.0007337125997946716,0.0005424925385849977,0.0,0.0,0.0,-0.00039434946008709326,0.9999999222442486,-0.001832686154610221,-0.007202225687764391,0.0,0.0,0.0,0.002655758075126565,1477,1530
0.000833546836319506,0.001088148816842445,0.0,0.0,0.0,-0.0004817850238207372,0.9999998839415887,0.0009956913174880924,0.005466422738688416,0.0,0.0,0.0,-0.001751619128546572,1477,1530
0.0007498403004724503,0.0008271646288335935,0.0,0.0,0.0,-0.0004179951897864476,0.9999999126400069,-0.0006257218083762972,-0.0019573884261744464,0.0,0.0,0.0,0.0009565558573246791,1477,1530
0.0008540353181131165,0.0007471955264643285,0.0,0.0,0.0,-0.0003996876013787471,0.9999999201249075,0.001564929073984858,-0.0011989968840076827,0.0,0.0,0.0,0.0005495794289445898,1477,1530
0.0007751044477796469,0.0007655879609665171,0.0,0.0,0.0,-0.0004619996102635379,0.9999998932781744,-0.0011868120021334264,0.00027555034276465786,0.0,0.0,0.0,-0.0018735102643731758,1477,1530
0.0007920044925889783,0.0008865982245925944,0.0,0.0,0.0,-0.00043191286959087257,0.9999999067256322,0.00025105763746947673,0.0018098673186017528,0.0,0.0,0.0,0.0008998577441146611,1477,1530
0.0008781257422745638,0.0014762129753244798,0.0,0.0,0.0,-0.0005777621359194464,0.9999998330954433,0.0013866590055832482,0.005051845788103833,0.0,0.0,0.0,-0.003034528120971393,1477,1530
0.0007556580758570747,0.0011494643838137314,0.0,0.0,0.0,-0.0004904247208136191,0.9999998797417894,-0.0012208757703904638,-0.0032688335003789194,0.0,0.0,0.0,0.0017467136153138383,1477,1530
0.0006099592842478059,0.0009863910702723867,0.0,0.0,0.0,-0.0004370707665680185,0.999999904484568,-0.004375526762493931,-0.004906985258220782,0.0,0.0,0.0,0.0032081029381167605,1477,1530
0.0008539858749759366,0.0012201417083487621,0.0,0.0,0.0,-0.0004983240950375709,0.9999998758365405,0.0018274509928894128,0.0017535628496573067,0.0,0.0,0.0,-0.0009181894311302423,1477,1530
0.000787692324903985,0.001164082090892385,0.0,0.0,0.0,-0.00048483097306730545,0.9999998824694569,-0.0009932319488621891,-0.0008416029772922646,0.0,0.0,0.0,0.0004046581475282226,1477,1530
0.0009263858343856366,0.001341381092190622,0.0,0.0,0.0,-0.00048300338125498827,0.99999988335386,0.0055478515441103465,0.007275828839448653,0.0,0.0,0.0,-0.0019567792328220412,1477,1530
0.0007617740752766524,0.001197203841184298,0.0,0.0,0.0,-0.0004940935238692787,0.9999998779357874,-0.0012315510121412912,-0.0010807733475307803,0.0,0.0,0.0,-0.00016608351897229513,1477,1530
0.0006748056233455505,0.0012311634064636613,0.0,0.0,0.0,-0.0004729699407813585,0.9999998881497113,-0.002609302338320538,0.001015913613385241,0.0,0.0,0.0,0.0012670476895372577,1477,1530
0.001005073984523027,0.0014270060137611333,0.0,0.0,0.0,-0.0005186126182118406,0.9999998655204672,0.0033027782201799803,0.001962707333894805,0.0,0.0,0.0,-0.0009133925621774383,1477,1530
0.0008501834109844641,0.0012054497121532775,0.0,0.0,0.0,-0.0004551004268694497,0.9999998964417954,-0.0011605412217948162,-0.0016637164679578086,0.0,0.0,0.0,0.0009531643305493085,1477,1530
0.0007659870017217043,0.0014459695458570174,0.0,0.0,0.0,-0.0005304554254639536,0.9999998593085109,0.0004376618316062428,0.0016473798121127343,0.0,0.0,0.0,0.00022089071864286492,1477,1530
0.0007394933167690998,0.0011275645755548828,0.0,0.0,0.0,-0.0004353843165074107,0.9999999052202441,-0.0002617209750285589,-0.003186304494272073,0.0,0.0,0.0,0.0019026020119469055,1477,1530
0.0008215264835522193,0.001024570350869734,0.0,0.0,0.0,-0.000440427637392747,0.9999999030117435,0.0012351525059337632,-0.0015479899190282375,0.0,0.0,0.0,-0.00015170621371911067,1477,1530
0.0006444635851540221,0.0011507263326921893,0.0,0.0,0.0,-0.00046139446500883255,0.9999998935575681,-0.0017711550674014518,0.001259583998350213,0.0,0.0,0.0,-0.0004191982595029564,1477,1530
0.0007807861896655022,0.0010374630437759939,0.0,0.0,0.0,-0.0004575031807152284,0.9999998953454143,0.002041099110824493,-0.0016926607378090078,0.0,0.0,0.0,0.00011643580802838694,1477,1530
0.0008201141688339717,0.0010463931741989433,0.0,0.0,0.0,-0.00045541303126555265,0.9999998962994802,0.0011838171981884444,0.002289144319060379,0.0,0.0,0.0,-0.0025037169722384187,1477,1530
0.0008745108752596919,0.0013405645953578267,0.0,0.0,0.0,-0.0005596309874930491,0.9999998434065667,0.0005413740687749689,0.0029426792793723284,0.0,0.0,0.0,-0.0020846929410338116,1477,1530
0.0009781041363817054,0.001184909692384967,0.0,0.0,0.0,-0.00045055019257731653,0.9999998985022569,0.0015524051107933085,-0.002326928137498956,0.0,0.0,0.0,0.0032637915314289276,1477,1530
0.0009423634718347189,0.0013320986054541674,0.0,0.0,0.0,-0.0005404600669435238,0.9999998539514473,-0.00035866825980718935,0.0014713016395900076,0.0,0.0,0.0,-0.00179787408892267,1477,1530
0.0007313533264313948,0.0010391488744983532,0.0,0.0,0.0,-0.0004417963598398708,0.9999999024079834,-0.0021055440101160013,-0.0029298427527591707,0.0,0.0,0.0,0.0019719728755578153,1477,1530
0.0008999300461213829,0.001365536549572088,0.0,0.0,0.0,-0.0005769701613209498,0.9999998335527026,0.0006107459081534342,0.004136889692673475,0.0,0.0,0.0,-0.0032235522359185696,1477,1530
0.0007640165196885154,0.0017286513265827351,0.0,0.0,0.0,-0.0006628339281887079,0.9999997803255677,-0.004086826603204971,0.010880353103520361,0.0,0.0,0.0,-0.00514786314256631,1477,1530
0.0007198913666486417,0.0013752117441060802,0.0,0.0,0.0,-0.0005404284005306169,0.9999998539685613,-0.0006564206907013155,-0.005315196403300754,0.0,0.0,0.0,0.0036809824403987823,1477,1530
0.0008401500261515575,0.0010778823756506211,0.0,0.0,0.0,-0.0004565686360596265,0.9999998957725349,0.0009033086343978122,-0.0022264281346251044,0.0,0.0,0.0,0.0012564485652817575,1477,1530
0.0009027914960991579,0.0013761639261150632,0.0,0.0,0.0,-0.0004768128381278273,0.9999998863247522,0.000934900345647399,0.004472038409326008,0.0,0.0,0.0,-0.0006069134270224311,1477,1530
0.0009333200694068495,0.0009150679978909867,0.0,0.0,0.0,-0.0004005787030905471,0.9999999197683481,0.0003093826217839376,-0.004606198045248674,0.0,0.0,0.0,0.001523205337176576,1477,1530
0.0008750080716903911,0.001107550196598095,0.0,0.0,0.0,-0.00046573041095169485,0.9999998915475863,0.0012944859171789768,0.0013679683883647171,0.0,0.0,0.0,-0.0015648501657412638,1477,1530
0.0007949611487948864,0.0009742421170587207,0.0,0.0,0.0,-0.00041962151441963467,0.9999999119588885,-0.0011988167776221142,-0.0020006987201288493,0.0,0.0,0.0,0.001383239366340769,1477,1530
0.0006657927510292571,0.0010726406913114102,0.0,0.0,0.0,-0.0003991199738083647,0.99999992035162,-0.0009690355641907982,0.0007369125732479468,0.0,0.0,0.0,0.0003074132346895322,1477,1530
0.0007809755449287556,0.0012303198559322243,0.0,0.0,0.0,-0.0005129416306223431,0.9999998684454331,0.0017297886402304148,0.002371962082016111,0.0,0.0,0.0,-0.003422436096070475,1477,1530
0.0009025220058846559,0.0012978985732464542,0.0,0.0,0.0,-0.0005253834042972293,0.9999998619861297,0.0036309501772521457,0.002023654179113792,0.0,0.0,0.0,-0.0007437694495073892,1477,1530
0.0007156359584025541,0.001194586869953369,0.0,0.0,0.0,-0.000521951733735931,0.9999998637831845,-0.0015672164744013667,0.0011392270912855252,0.0,0.0,0.0,-0.0007300699222574781,1477,1530
0.0008107933590912487,0.0011569310244208123,0.0,0.0,0.0,-0.0004555728815111054,0.9999998962266695,0.001423905975573071,-0.0005617519727192353,0.0,0.0,0.0,0.0019857263406977102,1477,1530
0.00081201928669099,0.001330579401121622,0.0,0.0,0.0,-0.0005640750430137307,0.9999998409096603,3.2177328810780375e-05,0.0052332415652809995,0.0,0.0,0.0,-0.006539821315407389,1477,1530
0.0010133713651060054,0.0014268797563133484,0.0,0.0,0.0,-0.0005110476124195369,0.9999998694151604,0.002009218341110554,0.0009637325203509773,0.0,0.0,0.0,0.0010588545973898391,1477,1530
0.0009792870443352019,0.0015075470229042975,0.0,0.0,0.0,-0.0005643427326288806,0.9999998407586274,0.001676373817095325,0.007617064725155328,0.0,0.0,0.0,-0.004093825066484913,1477,1530
0.000904443751742266,0.0014571184553530305,0.0,0.0,0.0,-0.0005342430815060419,0.9999998572921547,-0.000747698775651156,-0.0005050189953518438,0.0,0.0,0.0,0.0006018607038512509,1477,1530
0.0006179770648758829,0.0013706172943076496,0.0,0.0,0.0,-0.0005676341512714715,0.9999998388957222,-0.004296879050246052,-0.0013024921949256086,0.0,0.0,0.0,-0.001002027843066566,1477,1530
0.0006179770648758829,0.0013706172943076496,0.0,0.0,0.0,-0.0005676341512714715,0.9999998388957222,-0.004296879050246052,-0.0013024921949256086,0.0,0.0,0.0,-0.001002027843066566,1477,1530
0.000871289024036536,0.0007726441266584137,0.0,0.0,0.0,-0.0003585523199389929,0.9999999357201148,0.0025388148675643614,-0.005974283111397752,0.0,0.0,0.0,0.004179839721106586,1477,1530
0.0007107041731812577,0.0011089399295294328,0.0,0.0,0.0,-0.00046360814345738086,0.9999998925337389,-0.0009651913196673102,0.002017575650069973,0.0,0.0,0.0,-0.001260977665550238,1477,1530
0.0007449468473215402,0.0010759453083390618,0.0,0.0,0.0,-0.00047240008913143936,0.9999998884190716,-0.003911310258617953,0.0022293019605490157,0.0,0.0,0.0,-0.0016302529102041796,1477,1530
0.0008766180389187811,0.0012288987860832857,0.0,0.0,0.0,-0.0005170432558943286,0.9999998663331269,0.0013155688045485953,0.0015311302842541353,0.0,0.0,0.0,-0.0008930688501348426,1477,1530
0.0005748710200063809,0.0010333385334018767,0.0,0.0,0.0,-0.0004383113923091082,0.999999903941557,-0.002258406028906165,-0.0014669765849733552,0.0,0.0,0.0,0.0011793181972358441,1477,1530
0.0006959637803086817,0.001328998639615555,0.0,0.0,0.0,-0.0005888874687994219,0.9999998266057596,0.001816990938823826,0.00444747744840189,0.0,0.0,0.0,-0.004528468194140665,1477,1530
0.0008172752066149963,0.0011539919008479536,0.0,0.0,0.0,-0.0004612958673969881,0.9999998936030557,0.0018168118514256264,-0.002614393957601794,0.0,0.0,0.0,0.003815253606418573,1477,1530
0.0008517399939173083,0.000986230642696862,0.0,0.0,0.0,-0.0003973289761167937,0.9999999210648393,0.00025997287421895815,-0.0012595511604270686,0.0,0.0,0.0,0.0009607091471144268,1477,1530
0.0008861625594255836,0.0011223882316262366,0.0,0.0,0.0,-0.0004684708367476697,0.9999998902675316,0.000343332392189842,0.0013625984301580865,0.0,0.0,0.0,-0.0014236203362238144,1477,1530
0.0008775633811445899,0.0008701440250370971,0.0,0.0,0.0,-0.0003606574957280105,0.9999999349630833,-0.00012507046172796646,-0.0037725589291742025,0.0,0.0,0.0,0.003224806703883876,1477,1530
0.000909508508473613,0.0012304512458876093,0.0,0.0,0.0,-0.0004907714565516445,0.9999998795716815,0.0014323609411306954,0.0015232892010870408,0.0,0.0,0.0,-0.0007785143434150263,1477,1530
0.0006416659290615135,0.0010531538334199765,0.0,0.0,0.0,-0.000423023905264671,0.9999999105253837,-0.00402309268169209,-0.002668754242482824,0.0,0.0,0.0,0.0020365099520371333,1477,1530
0.0009199223027358705,0.0013311397419063999,0.0,0.0,0.0,-0.0005410577784012268,0.9999998536282295,0.0027805445127279576,0.002782546177244739,0.0,0.0,0.0,-0.0023609610482133174,1477,1530
0.0010893503320441094,0.0015917509857007236,0.0,0.0,0.0,-0.0005391129634719399,0.9999998546785958,0.002526262693905081,0.0038950702992943784,0.0,0.0,0.0,5.8093203283687126e-05,1477,1530
0.0009470456595996064,0.0011241206537399167,0.0,0.0,0.0,-0.0004667917091555528,0.9999998910527442,-0.001419181707316842,-0.004681720795251036,0.0,0.0,0.0,0.0014476267985695306,1477,1530
0.0011729632224901552,0.001418015064224577,0.0,0.0,0.0,-0.000526696384450408,0.9999998612954497,0.0024264806648645046,0.008625407130512507,0.0,0.0,0.0,-0.003478307397317536,1477,1530
0.0010510099276071945,0.00142078989394035,0.0,0.0,0.0,-0.0005008054311219264,0.9999998745969522,-0.0009149890852536988,1.9854625545569608e-05,0.0,0.0,0.0,0.0003884993546728766,1477,1530
0.001072710131268525,0.0014008533982219748,0.0,0.0,0.0,-0.0005200816287906552,0.9999998647575405,0.00032566401356034217,-0.0002985943558139591,0.0,0.0,0.0,-0.000578040338228223,1477,1530
0.0012000158410252247,0.0014614802148712942,0.0,0.0,0.0,-0.0005882794668296137,0.9999998269636194,0.0019127894397279258,0.000913370051349975,0.0,0.0,0.0,-0.0020503847891416124,1477,1530
0.0008155994373548389,0.0012603007069193267,0.0,0.0,0.0,-0.0005097342154614671,0.9999998700855064,-0.003836806532427085,-0.0020136987634295934,0.0,0.0,0.0,0.0015688657374349614,1477,1530
0.0011519518704996958,0.0014010395858645656,0.0,0.0,0.0,-0.0005391733670363833,0.9999998546460296,0.0025184555538749335,0.001056807640952452,0.0,0.0,0.0,-0.00044104264663700327,1477,1530
0.0011779443192070508,0.001506343942796284,0.0,0.0,0.0,-0.0005545036450500826,0.999999846262842,0.0040223885110708445,0.01957625654176901,0.0,0.0,0.0,-0.010064618553644893,1477,1530
0.0011779443192070508,0.001506343942796284,0.0,0.0,0.0,-0.0005545036450500826,0.999999846262842,0.0040223885110708445,0.01957625654176901,0.0,0.0,0.0,-0.010064618553644893,1477,1530
0.0009365883945107912,0.0013650802335761839,0.0,0.0,0.0,-0.0005349462425497019,0.9999998569162486,-0.0036253643236312146,-0.002127298369016383,0.0,0.0,0.0,0.0005879185763338613,1477,1530
0.0009937567209993238,0.001161284526691326,0.0,0.0,0.0,-0.0004638451213722454,0.9999998924238459,0.0005716168780013956,-0.002029368843358649,0.0,0.0,0.0,0.0014164559281762093,1477,1530
0.001285242170765397,0.0016161522103307713,0.0,0.0,0.0,-0.0005964046336274061,0.9999998221507407,0.0021873607688822684,0.0034203921068218196,0.0,0.0,0.0,-0.0019923876961921933,1477,1530
0.001163305754393215,0.001222707444733343,0.0,0.0,0.0,-0.0004522911465175142,0.9999998977163541,-0.0009114287815645753,-0.0029533051643914248,0.0,0.0,0.0,0.0021627136668457042,1477,1530
0.001163305754393215,0.001222707444733343,0.0,0.0,0.0,-0.0004522911465175142,0.9999998977163541,-0.0009114287815645753,-0.0029533051643914248,0.0,0.0,0.0,0.0021627136668457042,1477,1530
0.0011119405362434937,0.001047268542645994,0.0,0.0,0.0,-0.0003833540034357435,0.9999999265198514,-0.00038432064355278664,-0.0013170715358963533,0.0,0.0,0.0,0.0010347893493375846,1477,1530
0.0009731035554681365,0.0010565061886177764,0.0,0.0,0.0,-0.0004222238453414882,0.9999999108635083,-0.0006943277335233038,4.566305697212844e-05,0.0,0.0,0.0,-0.0003887587081148057,1477,1530
0.001272161363850754,0.0013017359939303016,0.0,0.0,0.0,-0.00048657496135209557,0.9999998816223965,0.002983404558509376,0.0024506319846062242,0.0,0.0,0.0,-0.0012848254009817067,1477,1530
0.0010747081558154228,0.000989643429760176,0.0,0.0,0.0,-0.00039298826136645716,0.9999999227801102,-0.0019588983011281508,-0.003102894070550818,0.0,0.0,0.0,0.0018597758201441147,1477,1530
0.0011179500870172462,0.0011097619688548667,0.0,0.0,0.0,-0.00046192560935315,0.99999989331236,0.0006362906829407062,0.0017718731346334456,0.0,0.0,0.0,-0.002033220399163507,1477,1530
0.0011179500870172462,0.0011097619688548667,0.0,0.0,0.0,-0.00046192560935315,0.99999989331236,0.0006362906829407062,0.0017718731346334456,0.0,0.0,0.0,-0.002033220399163507,1477,1530
0.0012233998981270788,0.001125680571390986,0.0,0.0,0.0,-0.00047334012088148927,0.9999998879745586,0.0010737205149933292,0.00016310252626338905,0.0,0.0,0.0,-0.0002324842717874288,1477,1530
0.0011443894440698555,0.001332042546188485,0.0,0.0,0.0,-0.0005516956894540089,0.9999998478159215,-0.0003958013014257209,0.0010308426889487023,0.0,0.0,0.0,-0.0007831055023701033,1477,1530
0.0011867240714229352,0.0009908073042208337,0.0,0.0,0.0,-0.0004177105773948739,0.999999912758933,0.0006406539501608499,-0.005117722484394939,0.0,0.0,0.0,0.004019473435456701,1477,1530
0.00099464054308883,0.001085473227927049,0.0,0.0,0.0,-0.00044895343710507174,0.9999998992204006,-0.0019211835998942503,0.0009448368879371209,0.0,0.0,0.0,-0.0006247135686737179,1477,1530
0.0011030209764112363,0.0012045296433762572,0.0,0.0,0.0,-0.0004603173478220907,0.999999894053964,0.0004640477964940801,0.0005106790685128057,0.0,0.0,0.0,-9.740885542214337e-05,1477,1530
0.0010164705040500686,0.0016243797373218908,0.0,0.0,0.0,-0.0006108642908590688,0.9999998134223916,-0.0013073817496271473,0.0063126191356075055,0.0,0.0,0.0,-0.004527932514346146,1477,1530
0.0010774840075386087,0.0010882742876233199,0.0,0.0,0.0,-0.0004272534694827873,0.9999999087272322,0.0006156500397535938,-0.00535131486772565,0.0,0.0,0.0,0.00366605792941733,1477,1530
0.0010774840075386087,0.0010882742876233199,0.0,0.0,0.0,-0.0004272534694827873,0.9999999087272322,0.0006156500397535938,-0.00535131486772565,0.0,0.0,0.0,0.00366605792941733,1477,1530
0.0011798634983270664,0.0012148302306554761,0.0,0.0,0.0,-0.00047073256114018826,0.9999998892054218,0.0030681699963700736,0.00379933941754463,0.0,0.0,0.0,-0.002608771849500805,1477,1530
0.0011903221096910839,0.0012232536913449835,0.0,0.0,0.0,-0.00046483291540889656,0.9999998919651745,3.919410264596899e-05,3.1628169071847285e-05,0.0,0.0,0.0,4.4251938964280386e-05,1477,1530
0.0009839489105527646,0.001230598203411389,0.0,0.0,0.0,-0.00048400551366660504,0.9999998828693245,-0.0030916953230196156,0.00010715100147776361,0.0,0.0,0.0,-0.0005744341202477987,1477,1530
0.0011099997975738247,0.0011564516694554468,0.0,0.0,0.0,-0.0004117228906608205,0.9999999152421271,0.0012607091354290962,-0.0007399414298363707,0.0,0.0,0.0,0.001445060129504643,1477,1530
0.0011914693926746527,0.0012967468580898185,0.0,0.0,0.0,-0.0004906579038801796,0.9999998796274034,0.0012107877842068406,0.002089003391207042,0.0,0.0,0.0,-0.002349571257828944,1477,1530
0.001228179645012819,0.0013042006541113033,0.0,0.0,0.0,-0.0004991486258957535,0.9999998754253169,0.0003693561450694434,7.537301780360099e-05,0.0,0.0,0.0,-0.0001708910748779423,1477,1530
0.0013050651976898742,0.0011907669617444547,0.0,0.0,0.0,-0.000481803031399612,0.9999998839329127,0.0011086933750083176,-0.0016322085128381379,0.0,0.0,0.0,0.0004995132205003388,1477,1530
0.0012280974776796604,0.0017506935451911954,0.0,0.0,0.0,-0.0006171378348480874,0.9999998095704283,-0.0005935067451639265,0.0042870325666008015,0.0,0.0,0.0,-0.0020726357444350242,1477,1530
0.0012280974776796604,0.0017506935451911954,0.0,0.0,0.0,-0.0006171378348480874,0.9999998095704283,-0.0005935067451639265,0.0042870325666008015,0.0,0.0,0.0,-0.0020726357444350242,1477,1530
0.0011037431333937634,0.0013259914765769757,0.0,0.0,0.0,-0.0005008762302231014,0.9999998745614931,-0.0009288112917889218,-0.003186709015258383,0.0,0.0,0.0,0.001744085666830933,1477,1530
0.0010813632695855042,0.001056507333267907,0.0,0.0,0.0,-0.0004836504788128528,0.9999998830411003,-0.00022104812102541335,-0.0026944445495050654,0.0,0.0,0.0,0.00034443584968876643,1477,1530
0.0013132828017172692,0.0015550072477666264,0.0,0.0,0.0,-0.0005971070173279282,0.9999998217315891,0.0017298544304005141,0.003727662883937606,0.0,0.0,0.0,-0.001696039388559653,1477,1530
0.0010188046585909041,0.0014015604886448267,0.0,0.0,0.0,-0.0005487197104194174,0.9999998494533283,-0.0022169091141328277,-0.001158556079636151,0.0,0.0,0.0,0.0007289990935657624,1477,1530
0.0010188046585909041,0.0014015604886448267,0.0,0.0,0.0,-0.0005487197104194174,0.9999998494533283,-0.0022169091141328277,-0.001158556079636151,0.0,0.0,0.0,0.0007289990935657624,1477,1530
0.0011795801260331684,0.0015332854925434961,0.0,0.0,0.0,-0.0005322938248210577,0.9999998583316321,0.0024009148994858314,0.0019715019413629087,0.0,0.0,0.0,0.0004910285781776178,1477,1530
0.001233326840035513,0.0015388317455774857,0.0,0.0,0.0,-0.0005665999830501806,0.9999998394822167,0.00023045523930231653,2.4029211604522587e-05,0.0,0.0,0.0,-0.00029422852562632713,1477,1530
0.0008814447451877587,0.0015768995488398925,0.0,0.0,0.0,-0.0005678891542659598,0.9999998387509412,-0.005269442807487782,0.0005640257854374466,0.0,0.0,0.0,-3.860603788773026e-05,1477,1530
0.0008814447451877587,0.0015768995488398925,0.0,0.0,0.0,-0.0005678891542659598,0.9999998387509412,-0.005269442807487782,0.0005640257854374466,0.0,0.0,0.0,-3.860603788773026e-05,1477,1530
0.0009821495124829876,0.0012204748887712181,0.0,0.0,0.0,-0.0004529946529896425,0.999999897397917,0.0007598334811772436,-0.002677653920584309,0.0,0.0,0.0,0.0017268541806395013,1477,1530
0.0012222438408650148,0.0013867882204829781,0.0,0.0,0.0,-0.0005439727456101765,0.9999998520468151,0.0023915195877725393,0.0016598138793295044,0.0,0.0,0.0,-0.0018135591956583465,1477,1530
0.0012222438408650148,0.0013867882204829781,0.0,0.0,0.0,-0.0005439727456101765,0.9999998520468151,0.0023915195877725393,0.0016598138793295044,0.0,0.0,0.0,-0.0018135591956583465,1477,1530
0.0009744341021185797,0.0010410651875787163,0.0,0.0,0.0,-0.0004495847001604212,0.9999998989367936,-0.0010596767623427751,-0.0014817726489151672,0.0,0.0,0.0,0.0008084664773006628,1477,1530
0.0012223861970134951,0.001028247063727454,0.0,0.0,0.0,-0.0004706154077386569,0.9999998892605628,0.002949507144049038,-0.001056520969287765,0.0,0.0,0.0,-0.0010886438552868002,1477,1530
0.0012223861970134951,0.001028247063727454,0.0,0.0,0.0,-0.0004706154077386569,0.9999998892605628,0.002949507144049038,-0.001056520969287765,0.0,0.0,0.0,-0.0010886438552868002,1477,1530
0.0011654574254713371,0.0007734813118899534,0.0,0.0,0.0,-0.00034765574685800826,0.999999939567739,-0.000424754073977925,-0.001909287383733109,0.0,0.0,0.0,0.0018426031325460578,1477,1530
0.001220756332639713,0.001014816429731703,0.0,0.0,0.0,-0.00045444593720923843,0.9999998967394398,0.0016656925110246038,0.007292691687336527,0.0,0.0,0.0,-0.006452969894686198,1477,1530
0.0012743839571234107,0.0007323779099678916,0.0,0.0,0.0,-0.00037010401399959847,0.999999931511507,0.0004036096383859388,-0.0021151832981114982,0.0,0.0,0.0,0.0012634927314498282,1477,1530
0.001380978820648154,0.001025230371177843,0.0,0.0,0.0,-0.00042684136369809406,0.999999908903221,0.0006383283784357577,0.0017577529288763938,0.0,0.0,0.0,-0.0006809122559127451,1477,1530
0.001395036935582622,0.0008239674564663065,0.0,0.0,0.0,-0.0004052486237647169,0.9999999178867731,0.00014180434752887513,-0.002005509175030352,0.0,0.0,0.0,0.0004303529043817028,1477,1530
0.0012880020100155007,0.0008769666291736225,0.0,0.0,0.0,-0.0004115910841708562,0.9999999152963861,-0.0010747982062038375,0.0005311103908030644,0.0,0.0,0.0,-0.00012732541575673432,1477,1530
0.0012083768012862617,0.0010194963611358072,0.0,0.0,0.0,-0.00045959626472722505,0.9999998943856312,-0.0005982587697214375,0.0010688203826562097,0.0,0.0,0.0,-0.0007203064737579707,1477,1530
0.0013857695143022885,0.0011721793159409208,0.0,0.0,0.0,-0.0005203872601532799,0.9999998645985405,0.005286852180587098,0.004558891291866975,0.0,0.0,0.0,-0.003626390831013085,1477,1530
0.0012530125890088959,0.0011617582961914953,0.0,0.0,0.0,-0.0004820041177843891,0.9999998838360085,-0.0006632027910866336,-5.275398114434962e-05,0.0,0.0,0.0,0.0003835265682051821,1477,1530
0.001311772048915507,0.0014008131579759985,0.0,0.0,0.0,-0.0005280045305907624,0.9999998606055981,0.0017753270375799603,0.007252832907756896,0.0,0.0,0.0,-0.002790610207469982,1477,1530
0.001311772048915507,0.0014008131579759985,0.0,0.0,0.0,-0.0005280045305907624,0.9999998606055981,0.0017753270375799603,0.007252832907756896,0.0,0.0,0.0,-0.002790610207469982,1477,1530
0.0013753291465989543,0.0014116588860455274,0.0,0.0,0.0,-0.0005561525088733644,0.9999998453471814,0.00047612903246529266,8.176677344203742e-05,0.0,0.0,0.0,-0.0004218095264671787,1477,1530
0.0013581200309465418,0.001082960654508163,0.0,0.0,0.0,-0.00046214421932614893,0.9999998932113546,-0.0002444486876079761,-0.004770654388477871,0.0,0.0,0.0,0.0027286747250768757,1477,1530
0.0011237699933877435,0.0008795238174706311,0.0,0.0,0.0,-0.0003945159985403454,0.9999999221785605,-0.0011844903796788984,-0.0010301651937161293,0.0,0.0,0.0,0.0006841846016581939,1477,1530
0.0012094096587782904,0.0007407919992951195,0.0,0.0,0.0,-0.0003910976765150511,0.9999999235213008,0.0008561554232115379,-0.00138448223330924,0.0,0.0,0.0,6.825996024218463e-05,1477,1530
0.0012512597449793016,0.0008355377403217569,0.0,0.0,0.0,-0.0004008036785596719,0.9999999196782023,0.0004162113311059696,0.00094427177881243,0.0,0.0,0.0,-0.00019340060585313278,1477,1530
0.0013804634820706924,0.0013764584258997882,0.0,0.0,0.0,-0.000587395961152681,0.9999998274829776,0.0019436994658647154,0.00816640124445361,0.0,0.0,0.0,-0.00563297523193258,1477,1530
0.0012549264199018962,0.000732053294518491,0.0,0.0,0.0,-0.0003867954384255902,0.9999999251946416,-0.0009354449230251416,-0.00483205138726796,0.0,0.0,0.0,0.003007707349304267,1477,1530
0.0011799709007010227,0.0010056571968670304,0.0,0.0,0.0,-0.0004385023896219827,0.9999999038578224,-0.001130452141420466,0.004113904254265934,0.0,0.0,0.0,-0.0015552601200553382,1477,1530
0.0012820585041473471,0.0011595099061153503,0.0,0.0,0.0,-0.0004777952243101994,0.9999998858558553,0.0010181213389351732,0.0015373003394206104,0.0,0.0,0.0,-0.0007847737882606732,1477,1530
0.0013585069971619457,0.0010645051691293976,0.0,0.0,0.0,-0.0004572755646076954,0.9999998954495235,0.0007655149195759719,-0.0009494683166068545,0.0,0.0,0.0,0.0004104589123082464,1477,1530
0.0013103928337641476,0.0009532254732932477,0.0,0.0,0.0,-0.00041756276515098176,0.9999999128206648,-0.00028816702367473587,-0.0006681570595129891,0.0,0.0,0.0,0.0004767071386760933,1477,1530
0.001323254325842569,0.0009491103601209227,0.0,0.0,0.0,-0.0004278180604333663,0.9999999084858494,0.0001926723312391134,-6.146936211615292e-05,0.0,0.0,0.0,-0.0003071781521436626,1477,1530
0.0015180211025712285,0.0012321749071915165,0.0,0.0,0.0,-0.0005157164319939789,0.999999867018272,0.001945750947287821,0.0028330475216257743,0.0,0.0,0.0,-0.0017584248155969812,1477,1530
0.000988261462013201,0.0009670131305273106,0.0,0.0,0.0,-0.0004883109617023869,0.9999998807761952,-0.0026483694823176314,-0.0013290120345130201,0.0,0.0,0.0,0.0002741520614053212,1477,1530
0.001138679283921111,0.0009132380299626018,0.0,0.0,0.0,-0.00041706479496394686,0.9999999130284746,0.0015031844647931357,-0.0005357406379016202,0.0,0.0,0.0,0.0014234857592500085,1477,1530
0.0012830858564324074,0.0008382340152203724,0.0,0.0,0.0,-0.0003979975785890547,0.9999999207989606,0.004329699563547147,-0.0022442393641843904,0.0,0.0,0.0,0.0011428787698854234,1477,1530
0.0010997512476878502,0.0009471666884669605,0.0,0.0,0.0,-0.0004269948994147299,0.9999999088376739,-0.001835626037417696,0.0010887053559953158,0.0,0.0,0.0,-0.000580393368686297,1477,1530
0.0010997512476878502,0.0009471666884669605,0.0,0.0,0.0,-0.0004269948994147299,0.9999999088376739,-0.001835626037417696,0.0010887053559953158,0.0,0.0,0.0,-0.000580393368686297,1477,1530
0.0013853358185502934,0.000991265298505895,0.0,0.0,0.0,-0.00046632803614999116,0.9999998912690754,0.004270944493771128,0.000663233722911157,0.0,0.0,0.0,-0.0011766173278070816,1477,1530
0.0012510648504458874,0.0011682471558863243,0.0,0.0,0.0,-0.0005234479499302131,0.9999998630011124,-0.0013464467213461714,0.001771311049994588,0.0,0.0,0.0,-0.0011441718814495375,1477,1530
0.0011790780718757574,0.0009490236344630045,0.0,0.0,0.0,-0.00046056367448903834,0.9999998939405452,-0.0005379224041575838,-0.0016439557407049521,0.0,0.0,0.0,0.0009428140516095809,1477,1530
0.0013367709386617375,0.0009924695648998046,0.0,0.0,0.0,-0.0004502843817319483,0.9999998986219827,0.0011818758295566677,0.0003267899664321995,0.0,0.0,0.0,0.00015412159384331752,1477,1530
0.0011770205587136348,0.0009375983655975091,0.0,0.0,0.0,-0.00043742518699526147,0.9999999043295983,-0.0011997483313623337,-0.0004132989004666068,0.0,0.0,0.0,0.000193208666432738,1477,1530
0.0011770205587136348,0.0009375983655975091,0.0,0.0,0.0,-0.00043742518699526147,0.9999999043295983,0.0,0.0,0.0,0.0,0.0,1.0550607327495537e-19,1477,1530
0.0011770205587136348,0.0009375983655975091,0.0,0.0,0.0,-0.00043742518699526147,0.9999999043295983,0.0,0.0,0.0,0.0,0.0,4.231812555229125e-19,1477,1530
0.0011770205587136348,0.0009375983655975091,0.0,0.0,0.0,-0.0004374251869952614,0.9999999043295983,0.0,0.0,0.0,0.0,0.0,9.185139039718746e-19,1477,1530
0.0011770205587136348,0.0009375983655975091,0.0,0.0,0.0,-0.0004374251869952614,0.9999999043295983,0.0,0.0,0.0,0.0,0.0,9.185139039718746e-19,1477,1530
0.0009327113635811241,0.0009069965839261185,0.0,0.0,0.0,-0.00043074816099989435,0.9999999072280066,-0.0018325481212757581,-0.00023117060457408857,0.0,0.0,0.0,0.00010017894141738459,1477,1530
0.0012636308006966734,0.0007048597163120976,0.0,0.0,0.0,-0.0003662217615501383,0.9999999329408085,0.003308585449002872,-0.0020170849372141628,0.0,0.0,0.0,0.0012896124659342964,1477,1530
0.000942281352370527,0.001049353257396795,0.0,0.0,0.0,-0.0004432886008377419,0.9999999017476034,-0.00482827414386274,0.005168419384647075,0.0,0.0,0.0,-0.0023140417230120744,1477,1530
0.0011564261245484966,0.0009637894369159905,0.0,0.0,0.0,-0.0004371600980849175,0.9999999044455198,0.0021419270189085285,-0.0008536283383078912,0.0,0.0,0.0,0.00012255413489526058,1477,1530
0.0011619483054123862,0.001097186171930417,0.0,0.0,0.0,-0.00047385691698224576,0.9999998877298047,5.405601360845262e-05,0.0013340284621006309,0.0,0.0,0.0,-0.0007339437934024625,1477,1530
0.0010399832865724276,0.001102720000490223,0.0,0.0,0.0,-0.0004596348924895043,0.9999998943678773,-0.0011940304312590103,5.304197897242202e-05,0.0,0.0,0.0,0.0002784537648855327,1477,1530
0.0012014351296514441,0.0009739691768328746,0.0,0.0,0.0,-0.000408199263694274,0.9999999166866771,0.0012308511018800882,-0.0009797005452327398,0.0,0.0,0.0,0.000783679578576105,1477,1530
0.0012941967293407777,0.0013308276733587842,0.0,0.0,0.0,-0.0005864820630712193,0.99999982801938,0.0013904670473429616,0.005367188067135635,0.0,0.0,0.0,-0.005361647466055315,1477,1530
0.0011237142866808247,0.0008612512432304397,0.0,0.0,0.0,-0.00039897155394021154,0.9999999204108464,-0.0012731814577729983,-0.0035197128706913636,0.0,0.0,0.0,0.0028097779436393492,1477,1530
0.0011127408887687416,0.0008005110291793794,0.0,0.0,0.0,-0.00036058825490621,0.9999999349880531,-0.00010925145690227493,-0.0006075016586386662,0.0,0.0,0.0,0.0007676813895277523,1477,1530
0.0010859315346146104,0.0010073335948215687,0.0,0.0,0.0,-0.00045097942965944394,0.9999998983087718,-0.00040421181438752456,0.0031007763454469406,0.0,0.0,0.0,-0.0027106241072014183,1477,1530
0.0010436557019150735,0.0008495593216728578,0.0,0.0,0.0,-0.0004032368075052292,0.9999999187000352,-0.0004215205651911304,-0.001578818080251677,0.0,0.0,0.0,0.0009552728499589659,1477,1530
0.0012603876133623405,0.0009304958794230457,0.0,0.0,0.0,-0.0003968477016444274,0.9999999212559477,0.0021667523478246555,0.0008111456456611718,0.0,0.0,0.0,0.0001277872389296713,1477,1530
0.0010083481265656447,0.0008215094007153118,0.0,0.0,0.0,-0.00039166850496598446,0.9999999232978882,-0.0025196802343130324,-0.0010919303852826468,0.0,0.0,0.0,0.0001035901570284496,1477,1530
0.001188564718778749,0.0006191951643691636,0.0,0.0,0.0,-0.0003704394026889427,0.9999999313873221,0.0010817481716760054,-0.0012124754351507559,0.0,0.0,0.0,0.000254631096976218,1477,1530
0.001069046993458284,0.0009274245820596926,0.0,0.0,0.0,-0.0004194964220017947,0.9999999120113721,-0.0011341736422223311,0.002918552613688838,0.0,0.0,0.0,-0.000929286287640347,1477,1530
0.001017837194920966,0.0008733196540258685,0.0,0.0,0.0,-0.0004061185103439969,0.9999999175338744,-0.0005419152548387701,-0.0005735153011426977,0.0,0.0,0.0,0.00028338832794635755,1477,1530
0.0009719394232052407,0.0006216658903796088,0.0,0.0,0.0,-0.000319336847820385,0.9999999490119875,-0.0006855511325887842,-0.0037761951704509975,0.0,0.0,0.0,0.0026040229295717695,1477,1530
0.0009719394232052407,0.0006216658903796088,0.0,0.0,0.0,-0.000319336847820385,0.9999999490119875,-0.0006855511325887842,-0.0037761951704509975,0.0,0.0,0.0,0.0026040229295717695,1477,1530
0.001203716021439734,0.0007496697613605485,0.0,0.0,0.0,-0.0003366135166812383,0.9999999433456687,0.0009932260133405414,0.0005493596591289176,0.0,0.0,0.0,-0.00014812277174506248,1477,1530
0.0009451220964643672,0.0008898461975001316,0.0,0.0,0.0,-0.00040136717713778276,0.9999999194521914,-0.00194130229210467,0.0010506345875357867,0.0,0.0,0.0,-0.0009718759495829278,1477,1530
0.0009451220964643672,0.0008898461975001316,0.0,0.0,0.0,-0.00040136717713778276,0.9999999194521914,0.0,0.0,0.0,0.0,0.0,3.7623030117947484e-19,1477,1530
0.0009451220964643672,0.0008898461975001316,0.0,0.0,0.0,-0.00040136717713778276,0.9999999194521914,0.0,0.0,0.0,0.0,0.0,3.782104012771477e-19,1477,1530
0.0009451220964643672,0.0008898461975001316,0.0,0.0,0.0,-0.0004013671771377827,0.9999999194521914,0.0,0.0,0.0,0.0,0.0,1.9825225160660127e-18,1477,1530
0.0009451220964643672,0.0008898461975001316,0.0,0.0,0.0,-0.0004013671771377827,0.9999999194521914,0.0,0.0,0.0,0.0,0.0,1.9825225160660127e-18,1477,1530
0.0011390253603585608,0.0009097637514648798,0.0,0.0,0.0,-0.00037748618512818775,0.9999999287520874,0.001951439398896205,0.00020203309660497235,0.0,0.0,0.0,0.00048071568538802763,1477,1530
0.0009199420013843482,0.000592329427358644,0.0,0.0,0.0,-0.00032141907073374154,0.9999999483448891,-0.0002697919132619107,-0.0016093561389464383,0.0,0.0,0.0,-7.933998421592438e-05,1477,1530
0.0008461257853424618,0.0006912384382620414,0.0,0.0,0.0,-0.0003182460654326831,0.9999999493597196,-0.000554382495564527,0.0007418417333140351,0.0,0.0,0.0,4.761948693719084e-05,1477,1530
0.0008461257853424618,0.0006912384382620414,0.0,0.0,0.0,-0.0003182460654326831,0.9999999493597196,-0.000554382495564527,0.0007418417333140351,0.0,0.0,0.0,4.761948693719084e-05,1477,1530
0.0009229406935307567,0.0006463459647929666,0.0,0.0,0.0,-0.00030672657985365105,0.9999999529594015,0.0007684500323329716,-0.0004484446918286978,0.0,0.0,0.0,0.0002303943307119476,1477,1530
0.0010191412765708228,0.000734534376217973,0.0,0.0,0.0,-0.0003623224349845148,0.9999999343612245,0.0014382848474395807,0.0013201204131779512,0.0,0.0,0.0,-0.0016633514307131609,1477,1530
0.0010457865310670234,0.0007305909144918638,0.0,0.0,0.0,-0.00035643172845538395,0.9999999364782095,0.0001600083168778778,-2.356253884918494e-05,0.0,0.0,0.0,7.074139747935384e-05,1477,1530
0.0010947197188869134,0.000881695522168334,0.0,0.0,0.0,-0.0003982440978201981,0.9999999207008161,0.00036417070133773786,0.0011272922360351571,0.0,0.0,0.0,-0.0006237254679522525,1477,1530
0.0010490826477993448,0.0010585133665845495,0.0,0.0,0.0,-0.00042537103384529177,0.9999999095297377,-0.0006945936625850052,0.0026823269344923416,0.0,0.0,0.0,-0.0008232008716282525,1477,1530
0.0012047828225968387,0.001010342656929274,0.0,0.0,0.0,-0.00043533533867959616,0.999999905241567,0.0023328854431309714,-0.0007195768592481319,0.0,0.0,0.0,-0.00029851572842297527,1477,1530
0.0010997606147391,0.0006737680363224269,0.0,0.0,0.0,-0.0003319608962000816,0.9999999449009802,-0.0007850052650859289,-0.0025235056275440524,0.0,0.0,0.0,0.0015497024248052418,1477,1530
0.0009145894698716786,0.001058418063821319,0.0,0.0,0.0,-0.0004638076234377769,0.9999998924412384,-0.0027901303316088515,0.00578601528140945,0.0,0.0,0.0,-0.003967821402619781,1477,1530
0.000927915266652607,0.0008766403447780244,0.0,0.0,0.0,-0.0003942944911340372,0.9999999222659242,0.000101174187746811,-0.0013627830648623633,0.0,0.0,0.0,0.0010423478933543745,1477,1530
0.000927915266652607,0.0008766403447780244,0.0,0.0,0.0,-0.0003942944911340372,0.9999999222659242,0.000101174187746811,-0.0013627830648623633,0.0,0.0,0.0,0.0010423478933543745,1477,1530
0.0010866014312938285,0.0006514991186050588,0.0,0.0,0.0,-0.00030740788508384345,0.9999999527501949,0.0011909712810296658,-0.0016869032012672672,0.0,0.0,0.0,0.0013027455029001236,1477,1530
0.0010028247925790593,0.0006953461395606263,0.0,0.0,0.0,-0.0003249251692616693,0.9999999472118157,-0.001254751242266464,0.0006557293187844584,0.0,0.0,0.0,-0.0005245559913362687,1477,1530
0.0009663872866514671,0.0008483775133541249,0.0,0.0,0.0,-0.0004075804995042359,0.9999999169390648,-0.0003660576455589312,0.0015329585877068297,0.0,0.0,0.0,-0.0016562204086827343,1477,1530
0.0009970540312612553,0.0006513355887472364,0.0,0.0,0.0,-0.00033547900809022745,0.999999943726916,0.00013193479003202363,-0.0008431919608691797,0.0,0.0,0.0,0.000617159382540118,1477,1530
0.00098081233333204,0.0009124615387491838,0.0,0.0,0.0,-0.00039990613551093207,0.9999999200375382,-0.00016438762366808717,0.0026146273917078736,0.0,0.0,0.0,-0.0012902586788925356,1477,1530
0.0009775972737806745,0.0005546478871651771,0.0,0.0,0.0,-0.0003108475759159964,0.999999951686891,-8.776969723216139e-05,-0.010722688300307016,0.0,0.0,0.0,0.005337642501070682,1477,1530
0.000993870308559366,0.0007073736635664458,0.0,0.0,0.0,-0.00031848302926953834,0.9999999492842787,8.090416752711337e-05,0.0007638091663231745,0.0,0.0,0.0,-7.636751979332132e-05,1477,1530
0.0009122710904020655,0.0006735441268016155,0.0,0.0,0.0,-0.0003502010449353051,0.9999999386796122,-0.002459528863309384,-0.0010215118738484846,0.0,0.0,0.0,-0.0019125673802804547,1477,1530
0.000973336874101009,0.0006874900757181098,0.0,0.0,0.0,-0.0003218457077326009,0.9999999482076689,0.0009020876874468695,0.00020667990626464496,0.0,0.0,0.0,0.0008378865830616057,1477,1530
0.0008893394902891595,0.0011137983042797573,0.0,0.0,0.0,-0.00046523526899080076,0.9999998917780664,-0.0006368449170843716,0.003221217679321538,0.0,0.0,0.0,-0.0021672005258691813,1477,1530
0.0008632971010901782,0.0008768506366537422,0.0,0.0,0.0,-0.0003923269982706921,0.9999999230397603,-0.0003857239651894357,-0.0035398511700458217,0.0,0.0,0.0,0.002178187063034094,1477,1530
0.0009979548440516408,0.0008567963435314079,0.0,0.0,0.0,-0.0003876073150621187,0.9999999248802819,0.0008087523251761391,-0.00011979718484718551,0.0,0.0,0.0,5.668608656535892e-05,1477,1530
0.0010324387145740177,0.0007851064622668447,0.0,0.0,0.0,-0.00037249256759464125,0.9999999306246411,0.00025905806926816136,-0.0005374989861344299,0.0,0.0,0.0,0.00022673199814917508,1477,1530
0.0009599720465726981,0.0011633101164571827,0.0,0.0,0.0,-0.00047865132026685635,0.9999998854464502,-0.0007267790640340374,0.0037778311303193137,0.0,0.0,0.0,-0.0021211177584933385,1477,1530
0.0008985360153749862,0.0008793841300296278,0.0,0.0,0.0,-0.0003776716226469287,0.9999999286820702,-0.00045861913817213075,-0.002129363324961356,0.0,0.0,0.0,0.0015143245916820086,1477,1530
0.0009966587620120794,0.0007558499769962291,0.0,0.0,0.0,-0.0003646740738224822,0.9999999335064077,0.0014123877151936562,-0.0017754066271301505,0.0,0.0,0.0,0.0003738204380133039,1477,1530
0.0010374147683493925,0.0011184252065411376,0.0,0.0,0.0,-0.00044570079929269604,0.9999999006753939,0.001323988880842092,0.01185641887404587,0.0,0.0,0.0,-0.005298808622769208,1477,1530
0.0009367437655907997,0.0009326011943075713,0.0,0.0,0.0,-0.0004138391260048131,0.9999999143685853,-0.0006039910515321688,-0.0011172562630849371,0.0,0.0,0.0,0.00038294823651519993,1477,1530
0.0009367437655907997,0.0009326011943075713,0.0,0.0,0.0,-0.0004138391260048131,0.9999999143685853,-0.0006039910515321688,-0.0011172562630849371,0.0,0.0,0.0,0.00038294823651519993,1477,1530
0.0009829222892959201,0.0009248411915119561,0.0,0.0,0.0,-0.0004040195873334173,0.9999999183840832,0.00012594088460802009,0.0024872470529864,0.0,0.0,0.0,-0.0016004765928541486,1477,1530
0.0009829222892959201,0.0009248411915119561,0.0,0.0,0.0,-0.0004040195873334173,0.9999999183840832,0.00012594088460802009,0.0024872470529864,0.0,0.0,0.0,-0.0016004765928541486,1477,1530
0.0008841238139251754,0.0008006394380002368,0.0,0.0,0.0,-0.00041999712225353685,0.9999999118012047,-0.0007385038328301979,-0.0009299309069956623,0.0,0.0,0.0,-0.00023910234912695086,1477,1530
0.0008772981023432429,0.0007540149678896524,0.0,0.0,0.0,-0.00035553691093544973,0.9999999367967505,-5.0968020929026115e-05,-0.00035020004971449766,0.0,0.0,0.0,0.0009682127497064492,1477,1530
0.0011031382918314878,0.0010435095290763138,0.0,0.0,0.0,-0.00043709863257588894,0.9999999044723882,0.002257539299847799,0.0028980867563328304,0.0,0.0,0.0,-0.001632099572332882,1477,1530
0.0008862104984590218,0.0007992223737969352,0.0,0.0,0.0,-0.0003758823264983149,0.9999999293562358,-0.001624483005430361,-0.0018325902297537187,0.0,0.0,0.0,0.0009177513752321472,1477,1530
0.0010672616875694071,0.000950516865583054,0.0,0.0,0.0,-0.00044989711129260273,0.9999998987962895,0.0018085239947899896,0.0015135941798236007,0.0,0.0,0.0,-0.0014796004088588077,1477,1530
0.0010428884606827752,0.000891695493126138,0.0,0.0,0.0,-0.0003642067805261288,0.9999999336767083,-0.00024187981634701784,-0.0005852315785818722,0.0,0.0,0.0,0.0017044832324563464,1477,1530
0.0009924674575364548,0.000932121453556986,0.0,0.0,0.0,-0.000388549663401738,0.9999999245145766,-0.0005075905161966416,0.00040636291015473604,0.0,0.0,0.0,-0.0004898358941971096,1477,1530
0.0009924674575364548,0.000932121453556986,0.0,0.0,0.0,-0.000388549663401738,0.9999999245145766,-0.0005075905161966416,0.00040636291015473604,0.0,0.0,0.0,-0.0004898358941971096,1477,1530
0.0009819281713924605,0.0008404390111036651,0.0,0.0,0.0,-0.00038272532279274635,0.999999926760661,-7.84798635739581e-05,-0.000687413163714955,0.0,0.0,0.0,8.733127476184185e-05,1477,1530
0.0009873044842028283,0.0010222907624219358,0.0,0.0,0.0,-0.0004407905947436292,0.999999902851821,7.871569628276328e-05,0.002733358584519849,0.0,0.0,0.0,-0.0017454841835128725,1477,1530
0.001010190473215917,0.0009500174707477427,0.0,0.0,0.0,-0.00040843050158495043,0.9999999165922593,0.00022928371502515697,-0.0007218595479590291,0.0,0.0,0.0,0.000646600582890124,1477,1530
0.000932394729219826,0.0010510436978415502,0.0,0.0,0.0,-0.0004425492629993297,0.9999999020750702,-0.0004672937537912981,0.0006058073724882623,0.0,0.0,0.0,-0.0004094464651906694,1477,1530
0.0007907621936799502,0.0008443908296030775,0.0,0.0,0.0,-0.0004064500346271123,0.9999999173991813,-0.0014167625393759426,-0.002071095212627906,0.0,0.0,0.0,0.0007231416590319922,1477,1530
0.0009486214066138172,0.001000198660859888,0.0,0.0,0.0,-0.0004556727189271209,0.9999998961811812,0.0007880754067735096,0.0007791000880939778,0.0,0.0,0.0,-0.0004918604525451682,1477,1530
0.0009385454255510607,0.0011473506836520864,0.0,0.0,0.0,-0.0004766081934325433,0.9999998864223085,-0.0003037901511253203,0.0043780766754495755,0.0,0.0,0.0,-0.0012458256287767116,1477,1530
0.0008944490860415645,0.0007878898444888783,0.0,0.0,0.0,-0.0003811032502637459,0.9999999273801536,-0.00043858057730043157,-0.0036036036687810526,0.0,0.0,0.0,0.0019146559179329004,1477,1530
0.0008944490860415645,0.0007878898444888783,0.0,0.0,0.0,-0.0003811032502637459,0.9999999273801536,-0.00043858057730043157,-0.0036036036687810526,0.0,0.0,0.0,0.0019146559179329004,1477,1530
0.0010521551872305825,0.0009280754720469415,0.0,0.0,0.0,-0.00043892244565997,0.9999999036735387,0.000944958328025726,0.0008412677342099401,0.0,0.0,0.0,-0.0006933630760715792,1477,1530
0.0010798146612183205,0.0013227127384633293,0.0,0.0,0.0,-0.0005263620327243499,0.9999998614714957,0.0004099578688686321,0.005923712102034516,0.0,0.0,0.0,-0.002624867830363167,1477,1530
0.0009110330555440018,0.0006428312767051465,0.0,0.0,0.0,-0.0003289865875876778,0.9999999458839112,-0.0016809940455368567,-0.006801948044207295,0.0,0.0,0.0,0.0039482989043016095,1477,1530
0.0009368212849010956,0.0008227861174736022,0.0,0.0,0.0,-0.00038791642864673283,0.9999999247604194,0.00025664941984323485,0.001799375816363712,0.0,0.0,0.0,-0.0011783730055159116,1477,1530
0.0009368212849010956,0.0008227861174736022,0.0,0.0,0.0,-0.00038791642864673283,0.9999999247604194,0.00025664941984323485,0.001799375816363712,0.0,0.0,0.0,-0.0011783730055159116,1477,1530
0.0008890544274373017,0.0008513303554926868,0.0,0.0,0.0,-0.0004160009214680763,0.9999999134716129,-0.0002048954219933307,0.00012222457225187017,0.0,0.0,0.0,-0.00024082470191043873,1477,1530
0.0008927870536604165,0.0011990657990336594,0.0,0.0,0.0,-0.0005305248423836611,0.9999998592716859,2.581055286721194e-05,0.0026065980700912057,0.0,0.0,0.0,-0.0017169104102968244,1477,1530
0.001000634254827559,0.0008822607971456329,0.0,0.0,0.0,-0.0004163650463015386,0.9999999133200703,0.0008110542804987656,-0.0023742401176405775,0.0,0.0,0.0,0.001711721000564039,1477,1530
0.00105826294435113,0.0012794563372183975,0.0,0.0,0.0,-0.000524157874955223,0.9999998626292517,0.001716328567348803,0.011899214938205387,0.0,0.0,0.0,-0.006457754637916045,1477,1530
0.0010451893235197585,0.0013334714724372299,0.0,0.0,0.0,-0.0005197543259977074,0.9999998649277112,-6.565677360997946e-05,0.0002700299538345411,0.0,0.0,0.0,4.4039238908831815e-05,1477,1530
0.0010451893235197585,0.0013334714724372299,0.0,0.0,0.0,-0.0005197543259977074,0.9999998649277112,-6.565677360997946e-05,0.0002700299538345411,0.0,0.0,0.0,4.4039238908831815e-05,1477,1530
0.0010163519107505043,0.0014523544650973507,0.0,0.0,0.0,-0.0005611179576890037,0.9999998425733063,-0.0008658507854420877,0.0035533649752722946,0.0,0.0,0.0,-0.0024733100767169655,1477,1530
0.0009025830022092876,0.0009247493397966935,0.0,0.0,0.0,-0.00041787102304483107,0.9999999126919003,-0.0008498028200377826,-0.00396255044750924,0.0,0.0,0.0,0.002151178126416633,1477,1530
0.0007581573156730906,0.0008467915111051696,0.0,0.0,0.0,-0.0003609690483923428,0.999999934850671,-0.0010815382685294037,-0.0005849584877871157,0.0,0.0,0.0,0.0008526109958119103,1477,1530
0.000907684835287227,0.0005659977071925463,0.0,0.0,0.0,-0.00031098100948098094,0.9999999516454047,0.0014987407549131786,-0.002809554984110943,0.0,0.0,0.0,0.001000721527007001,1477,1530
0.0009462089995759603,0.0008770345420044585,0.0,0.0,0.0,-0.00037760128251291197,0.9999999287086332,0.00023010525785996532,0.001867346635635427,0.0,0.0,0.0,-0.000799864051812474,1477,1530
0.0009963197888195156,0.0012081559828938083,0.0,0.0,0.0,-0.0005179149127774057,0.9999998658820626,0.00037307766885917294,0.0024778647501165533,0.0,0.0,0.0,-0.0020997649626963107,1477,1530
0.0009270127556508857,0.0012126582846711772,0.0,0.0,0.0,-0.0005171704242919712,0.9999998662673671,-0.0020938180710269845,0.00013384010752992014,0.0,0.0,0.0,4.498012779145393e-05,1477,1530
0.0009270127556508857,0.0012126582846711772,0.0,0.0,0.0,-0.0005171704242919712,0.9999998662673671,-0.0020938180710269845,0.00013384010752992014,0.0,0.0,0.0,4.498012779145393e-05,1477,1530
0.001067953498212833,0.0009434704630785985,0.0,0.0,0.0,-0.0004252733086209458,0.9999999095713024,0.0010477671117666814,-0.001996141124105311,0.0,0.0,0.0,0.0013636510454277193,1477,1530
0.0010224795061424896,0.0012976360762156568,0.0,0.0,0.0,-0.0005238799662096022,0.9999998627748811,-0.00034664271132564507,0.0026817020990321555,0.0,0.0,0.0,-0.0014934407938184471,1477,1530
0.001004055285917073,0.001215240289973822,0.0,0.0,0.0,-0.00046462557732623844,0.9999998920615306,-0.0002758903400249217,-0.0012399206410880549,0.0,0.0,0.0,0.0017829450591220503,1477,1530
0.0010880373539841636,0.0014099076068213416,0.0,0.0,0.0,-0.0005852268203989424,0.9999998287547697,0.0008379443344340542,0.0019472969484886514,0.0,0.0,0.0,-0.002411832242803189,1477,1530
0.0010287470798214533,0.001102690132287117,0.0,0.0,0.0,-0.00045921321628545464,0.9999998945616054,-0.0004418749282045433,-0.0023041027301129065,0.0,0.0,0.0,0.0018897554987618085,1477,1530
0.0009581480235245768,0.0011381804585642746,0.0,0.0,0.0,-0.0004978761535580882,0.9999998760596602,-0.0005295716721408816,0.0002656080320630204,0.0,0.0,0.0,-0.0005797629494644908,1477,1530
0.0010535220730705608,0.0008561089647992038,0.0,0.0,0.0,-0.0004070382767771029,0.9999999171599172,0.0007170584154985807,-0.0021137818499900925,0.0,0.0,0.0,0.0013618975552342346,1477,1530
0.0010159240927874497,0.0012741299098381533,0.0,0.0,0.0,-0.0004987418265343343,0.9999998756282875,-0.00022785610204558901,0.0025104365672982292,0.0,0.0,0.0,-0.0011015376371969507,1477,1530
0.0010159240927874497,0.0012741299098381533,0.0,0.0,0.0,-0.0004987418265343343,0.9999998756282875,-0.00022785610204558901,0.0025104365672982292,0.0,0.0,0.0,-0.0011015376371969507,1477,1530
0.0009086131458029129,0.0009416532364858758,0.0,0.0,0.0,-0.00039350228867443755,0.9999999225779714,-0.001053225301933646,-0.0032743302733168698,0.0,0.0,0.0,0.0020721953311775036,1477,1530
0.0011003831527934243,0.0010702111121880533,0.0,0.0,0.0,-0.00047147520888211696,0.9999998888555575,0.00294123886647674,0.0019750906876430632,0.0,0.0,0.0,-0.002393055502584318,1477,1530
0.0008997237985553532,0.0006908122732974488,0.0,0.0,0.0,-0.0003514779575664955,0.9999999382316208,-0.0029996482332537494,-0.005684580786509943,0.0,0.0,0.0,0.0035940774618699696,1477,1530
0.0008997237985553532,0.0006908122732974488,0.0,0.0,0.0,-0.0003514779575664955,0.9999999382316208,-0.0029996482332537494,-0.005684580786509943,0.0,0.0,0.0,0.0035940774618699696,1477,1530
0.0010129703327038703,0.0009425019608139203,0.0,0.0,0.0,-0.000429038252596798,0.9999999079630847,0.0006784364727688932,0.0015106576942959281,0.0,0.0,0.0,-0.0009307496715298274,1477,1530
0.0009753998506532407,0.0009111674012240557,0.0,0.0,0.0,-0.0003958375195648418,0.999999921656326,-0.00027969798458034475,-0.00023368114490229127,0.0,0.0,0.0,0.000494687971320467,1477,1530
0.0012347645982027618,0.0010508671970460624,0.0,0.0,0.0,-0.0004435510840338256,0.9999999016312131,0.0015621196859451573,0.0008429896098781418,0.0,0.0,0.0,-0.0005749904335016707,1477,1530
0.000993953680816773,0.0008364212302785836,0.0,0.0,0.0,-0.0003794907773201553,0.9999999279933725,-0.0024140273202129157,-0.002153572637888941,0.0,0.0,0.0,0.0012853708436353789,1477,1530
0.0009061941738917389,0.0009041658119063239,0.0,0.0,0.0,-0.000421524664826585,0.9999999111584745,-0.002623962304860315,0.002022350344338902,0.0,0.0,0.0,-0.002512110615174046,1477,1530
0.001020922121391888,0.0011578575199147792,0.0,0.0,0.0,-0.0005396023907948677,0.9999998544146194,0.0006877100088541763,0.00152411698144711,0.0,0.0,0.0,-0.0014182234561092033,1477,1530
0.000965809713099757,0.0007865174485187777,0.0,0.0,0.0,-0.0003556317255436546,0.9999999367630359,-0.00039976636009021494,-0.0027137370046191284,0.0,0.0,0.0,0.0026884703658974023,1477,1530
0.0010401594780094644,0.0010238903446622117,0.0,0.0,0.0,-0.00047781791094656754,0.9999998858450154,0.002468500597266826,0.007900759321403737,0.0,0.0,0.0,-0.008131922118018898,1477,1530
0.0009281996959077047,0.0011666614085947598,0.0,0.0,0.0,-0.00047140277797896066,0.9999998888897043,-0.0011181216520651802,0.0014230255747826868,0.0,0.0,0.0,0.00012797761067078313,1477,1530
0.0010303282025539034,0.000910531944493961,0.0,0.0,0.0,-0.00042299617409059543,0.9999999105371143,0.0006153518965559913,-0.0015390301932768327,0.0,0.0,0.0,0.0005819500927451597,1477,1530
0.0010066726996548177,0.001217189826280712,0.0,0.0,0.0,-0.000525186349424842,0.9999998620896396,-0.00023891272272669585,0.0030633448853245814,0.0,0.0,0.0,-0.0020417823691568355,1477,1530
0.0010078549007394078,0.0008057105604035814,0.0,0.0,0.0,-0.00039532912551686213,0.9999999218574381,2.4299817268289477e-05,-0.006193503576870697,0.0,0.0,0.0,0.00390918426143731,1477,1530
0.0010078549007394078,0.0008057105604035814,0.0,0.0,0.0,-0.00039532912551686213,0.9999999218574381,2.4299817268289477e-05,-0.006193503576870697,0.0,0.0,0.0,0.00390918426143731,1477,1530
0.000956926639997807,0.001201091630179665,0.0,0.0,0.0,-0.0005118407631458454,0.999999869009508,-0.0005120296590886261,0.003950483435710676,0.0,0.0,0.0,-0.0023285098910164766,1477,1530
0.0009566565081736681,0.0012083511037988305,0.0,0.0,0.0,-0.00047962865019303543,0.9999998849781723,-1.1891551019706553e-06,3.110034311241861e-05,0.0,0.0,0.0,0.00027601080412954565,1477,1530
0.000996802040797083,0.0007570597168279135,0.0,0.0,0.0,-0.0003610588112632085,0.9999999348182653,0.00040584100434786305,-0.004513158536661843,0.0,0.0,0.0,0.0023717290259925175,1477,1530
0.0009341546461170862,0.0005848334989747152,0.0,0.0,0.0,-0.0003237000194340687,0.9999999476091473,-0.0006251113365187354,-0.0017223868638352737,0.0,0.0,0.0,0.0007470339437964711,1477,1530
0.0010821571576994607,0.0006039785396878223,0.0,0.0,0.0,-0.00033732700828609263,0.9999999431052431,0.004436951671973729,0.0005768679477045735,0.0,0.0,0.0,-0.0008171127658456739,1477,1530
0.0010086430712970952,0.0006746713852081978,0.0,0.0,0.0,-0.0003344919330169183,0.9999999440575718,-0.0005519422776569384,0.0005300442148090654,0.0,0.0,0.0,4.254378710844408e-05,1477,1530
0.0011309711994212921,0.0005777554365206346,0.0,0.0,0.0,-0.0003257886889477967,0.9999999469308637,0.0012143963481993736,-0.0009607986452469175,0.0,0.0,0.0,0.00017270912424138433,1477,1530
0.0011309711994212921,0.0005777554365206346,0.0,0.0,0.0,-0.0003257886889477967,0.9999999469308637,0.0012143963481993736,-0.0009607986452469175,0.0,0.0,0.0,0.00017270912424138433,1477,1530
0.0010446083037063648,0.0011287484398438442,0.0,0.0,0.0,-0.00046194841722650194,0.9999998933018243,-0.0005224839856573216,0.0033192951816735173,0.0,0.0,0.0,-0.001640676449265701,1477,1530
0.0008688648572188025,0.0008295005367121564,0.0,0.0,0.0,-0.0004198797813645391,0.9999999118504808,-0.0052642174883182815,-0.008982663632888348,0.0,0.0,0.0,0.0025242193652849306,1477,1530
0.000911150998972353,0.0004922698102266122,0.0,0.0,0.0,-0.00024746294136848175,0.9999999693810459,0.0002553296158657648,-0.002022486983738689,0.0,0.0,0.0,0.0020683031009940665,1477,1530
0.0010163961973474888,0.0007089359468731781,0.0,0.0,0.0,-0.00035863136013394636,0.9999999356917717,0.00158306910906569,0.0032631402818881425,0.0,0.0,0.0,-0.0033477406480094786,1477,1530
0.0010896447189596508,0.0009978934873511357,0.0,0.0,0.0,-0.00046900783169913737,0.9999998900158209,0.00031260295868710414,0.0012369091377417926,0.0,0.0,0.0,-0.0009447816725334705,1477,1530
0.001008311875939562,0.0005202400117262374,0.0,0.0,0.0,-0.000288323018217924,0.9999999584349177,-0.0024340884997367464,-0.01437645371531504,0.0,0.0,0.0,0.010874801426291587,1477,1530
0.0011241276371733368,0.0010348083990270752,0.0,0.0,0.0,-0.0004536728161422355,0.9999998970904826,0.001156265508618313,0.005151141425980427,0.0,0.0,0.0,-0.0033100745440969347,1477,1530
0.0011241276371733368,0.0010348083990270752,0.0,0.0,0.0,-0.0004536728161422355,0.9999998970904826,0.001156265508618313,0.005151141425980427,0.0,0.0,0.0,-0.0033100745440969347,1477,1530
0.001056443411976642,0.0008853660148939036,0.0,0.0,0.0,-0.0004170334236016248,0.999999913041558,-0.0006495057832185108,-0.001437535919199876,0.0,0.0,0.0,0.000704603769358419,1477,1530
0.0010299854096399834,0.0009397355351303792,0.0,0.0,0.0,-0.0004105849987439167,0.9999999157099758,-0.00016298214152480798,0.0003342092278341364,0.0,0.0,0.0,7.930910936607992e-05,1477,1530
0.0007518446934649523,0.0009390244434081086,0.0,0.0,0.0,-0.0004239959779427442,0.9999999101137014,-0.004164583503824782,-1.4066993194328249e-05,0.0,0.0,0.0,-0.00040160451483558347,1477,1530
0.0010176881959738345,0.0009265203501021054,0.0,0.0,0.0,-0.0004311551859538353,0.9999999070525984,0.0019615589698057916,-9.059598972071647e-05,0.0,0.0,0.0,-0.00010564602699689708,1477,1530
0.001214597925115286,0.0010728785093427572,0.0,0.0,0.0,-0.0004894421724584845,0.9999998802231727,0.0014999538830994664,0.001116888112263596,0.0,0.0,0.0,-0.000888568637879634,1477,1530
0.0011659884422106875,0.0011381460555953287,0.0,0.0,0.0,-0.0005098070154209891,0.9999998700483951,-0.0007321392425963306,0.0009810311506488242,0.0,0.0,0.0,-0.0006126515998024558,1477,1530
0.0011655073719436275,0.0009614323531267532,0.0,0.0,0.0,-0.000472173154130871,0.9999998885262501,-3.0081807359465466e-06,-0.0017667169990961652,0.0,0.0,0.0,0.0007524967171814265,1477,1530
0.0009348838110631637,0.0006609991229524887,0.0,0.0,0.0,-0.00035203068101727266,0.9999999380371979,-0.002300705625082745,-0.0030029953424157217,0.0,0.0,0.0,0.002400041613284591,1477,1530
0.0009044096776569863,0.0008010457917419921,0.0,0.0,0.0,-0.00038132626576018033,0.9999999272951369,-0.00030528461026904587,0.0013982243588818717,0.0,0.0,0.0,-0.000585063392265339,1477,1530
0.0010891076597263512,0.0008183544524631444,0.0,0.0,0.0,-0.00042320409328114816,0.9999999104491437,0.0009240335014241617,8.730520173718626e-05,0.0,0.0,0.0,-0.000419054885224906,1477,1530
0.0010891076597263512,0.0008183544524631444,0.0,0.0,0.0,-0.00042320409328114816,0.9999999104491437,0.0009240335014241617,8.730520173718626e-05,0.0,0.0,0.0,-0.000419054885224906,1477,1530
0.0009182009920814208,0.0007893933928377984,0.0,0.0,0.0,-0.0004178981061715683,0.9999999126805826,-0.0025599163116236893,-0.0004360209434942894,0.0,0.0,0.0,0.00015897375634887423,1477,1530
0.001036694049394437,0.0008752915629762542,0.0,0.0,0.0,-0.0004315879597206573,0.9999999068659121,0.0007096445375975835,0.0005153419716432027,0.0,0.0,0.0,-0.00016407414916210712,1477,1530
0.0010221287903255177,0.0010201446918056824,0.0,0.0,0.0,-0.0004663417884255274,0.9999998912626623,-0.0004433063963983193,0.004370828127426422,0.0,0.0,0.0,-0.002097521407585171,1477,1530
0.0009557933384108351,0.0007522204577486702,0.0,0.0,0.0,-0.00038520346245331206,0.9999999258091435,-0.00033064755340476043,-0.0013408215838701892,0.0,0.0,0.0,0.0008119232615681189,1477,1530
0.0010228125842756627,0.0007491168371720555,0.0,0.0,0.0,-0.00039758595453299865,0.9999999209627013,0.0005019744227401543,-2.2858590493184277e-05,0.0,0.0,0.0,-0.0001854832833201298,1477,1530
0.0008638404089478734,0.0006668203559114349,0.0,0.0,0.0,-0.0003156862594708949,0.9999999501710916,-0.0048028376117972785,-0.0024911704479480133,0.0,0.0,0.0,0.00495071632725738,1477,1530
0.001074703061371148,0.0010896268703973454,0.0,0.0,0.0,-0.000489649674016889,0.9999998801215911,0.003147446749279302,0.006321021717102697,0.0,0.0,0.0,-0.005199923120348283,1477,1530
0.001074703061371148,0.0010896268703973454,0.0,0.0,0.0,-0.000489649674016889,0.9999998801215911,0.003147446749279302,0.006321021717102697,0.0,0.0,0.0,-0.005199923120348283,1477,1530
0.0011033981102735826,0.0006409371129867554,0.0,0.0,0.0,-0.0003257767685373635,0.9999999469347471,0.00021892916639986712,-0.0033714424071660232,0.0,0.0,0.0,0.0024628285661645864,1477,1530
0.0009725728163249923,0.0009168436989648878,0.0,0.0,0.0,-0.0004152944796403439,0.9999999137652439,-0.0013079053760027418,0.0027536968145784424,0.0,0.0,0.0,-0.001787422969501099,1477,1530
0.0009182855636640303,0.0006856679830876276,0.0,0.0,0.0,-0.00038119066219699657,0.9999999273468368,-0.0002704152663374115,-0.0011558435678199364,0.0,0.0,0.0,0.00034096148509358914,1477,1530
0.0008757326716502605,0.0010259993778087518,0.0,0.0,0.0,-0.00045094955678936296,0.9999998983222435,-0.0004284619041838151,0.003405679029320215,0.0,0.0,0.0,-0.0013962810738096297,1477,1530
0.001160807780815826,0.0012248793041076628,0.0,0.0,0.0,-0.0004932619592498881,0.9999998783463123,0.004261395910722931,0.0029786396585801166,0.0,0.0,0.0,-0.0012657963403315334,1477,1530
0.001160807780815826,0.0012248793041076628,0.0,0.0,0.0,-0.0004932619592498881,0.9999998783463123,0.0,0.0,0.0,0.0,0.0,-6.106850586304692e-19,1477,1530
0.001160807780815826,0.0012248793041076628,0.0,0.0,0.0,-0.0004932619592498881,0.9999998783463123,0.0,0.0,0.0,0.0,0.0,-4.5288036070955625e-19,1477,1530
0.001160807780815826,0.0012248793041076628,0.0,0.0,0.0,-0.0004932619592498881,0.9999998783463123,0.0,0.0,0.0,0.0,0.0,-4.56446722937533e-19,1477,1530
0.001160807780815826,0.0012248793041076628,0.0,0.0,0.0,-0.0004932619592498882,0.9999998783463123,0.0,0.0,0.0,0.0,0.0,-7.875653330280703e-18,1477,1530
0.001401454083172055,0.001324044161373739,0.0,0.0,0.0,-0.0005464175082348589,0.9999998507139423,0.0024575090338723716,0.0010155206962934196,0.0,0.0,0.0,-0.0010861039434508367,1477,1530
0.0013185076374585504,0.001311180769878852,0.0,0.0,0.0,-0.0005133913168759758,0.9999998682146692,-0.000828155686681372,-0.00012935791114950556,0.0,0.0,0.0,0.0006595938924364015,1477,1530
0.0012974388068858291,0.0013347649849623235,0.0,0.0,0.0,-0.0005741847345063107,0.9999998351559318,-0.00021090715347069644,0.00023559977947189213,0.0,0.0,0.0,-0.001215734800986351,1477,1530
0.0012974388068858291,0.0013347649849623235,0.0,0.0,0.0,-0.0005741847345063107,0.9999998351559318,-0.00021090715347069644,0.00023559977947189213,0.0,0.0,0.0,-0.001215734800986351,1477,1530
0.0013520533218646619,0.0012548176532471752,0.0,0.0,0.0,-0.000517831257237511,0.9999998659253856,0.0002735204993153118,-0.0003994068305695325,0.0,0.0,0.0,0.0005635123159735008,1477,1530
0.0011947648438241781,0.0011141008545549735,0.0,0.0,0.0,-0.0005061980066358826,0.9999998718817809,-0.004710934993941245,-0.00422339002262882,0.0,0.0,0.0,0.0006974999026478653,1477,1530
0.0012758092714610385,0.0012647570134163815,0.0,0.0,0.0,-0.0005357723380826872,0.9999998564739906,0.000484939945498579,0.0009036624784131657,0.0,0.0,0.0,-0.000354591332036672,1477,1530
0.0011540612046878535,0.001239452674391351,0.0,0.0,0.0,-0.0005212606318130825,0.9999998641436676,-0.0012190495863880334,-0.0002547324757560762,0.0,0.0,0.0,0.0002906730822741974,1477,1530
0.0013412763797153065,0.0012747713955112623,0.0,0.0,0.0,-0.0005346949708834771,0.9999998570506339,0.001124018188014018,0.00021326326039866855,0.0,0.0,0.0,-0.00016134826925013292,1477,1530
0.0010581506658168386,0.0012597739350528729,0.0,0.0,0.0,-0.0005137166882807761,0.9999998680475735,-0.0021169282308192297,-0.00011440617059204493,0.0,0.0,0.0,0.0003137268272398908,1477,1530
0.0010581506658168386,0.0012597739350528729,0.0,0.0,0.0,-0.0005137166882807761,0.9999998680475735,-0.0021169282308192297,-0.00011440617059204493,0.0,0.0,0.0,0.0003137268272398908,1477,1530
0.0012197022853543756,0.0012056041155856577,0.0,0.0,0.0,-0.0005018359370666183,0.9999998740803382,0.00243939063445801,-0.0008151641137498233,0.0,0.0,0.0,0.0003586696477107827,1477,1530
0.0012009098027234686,0.0012833135659439103,0.0,0.0,0.0,-0.0005634389536301878,0.9999998412682602,-0.00014148747822176428,0.0005825101950467681,0.0,0.0,0.0,-0.0009237774836220262,1477,1530
0.0012061696983695286,0.0013715250658523695,0.0,0.0,0.0,-0.0005544699437886116,0.9999998462815289,7.716964845938626e-05,0.0013191974392849234,0.0,0.0,0.0,0.00026824414530985974,1477,1530
0.001283858663446634,0.0012122496521728603,0.0,0.0,0.0,-0.0005055044790833632,0.9999998722326026,0.0005849845923984611,-0.0011959488484172061,0.0,0.0,0.0,0.0007357309768448306,1477,1530
0.0012499195162535262,0.0012220143280952344,0.0,0.0,0.0,-0.0005294637907030586,0.9999998598340374,-0.00033945607460666516,9.72938521596315e-05,0.0,0.0,0.0,-0.00047913838268186557,1477,1530
0.0012266693968788084,0.001283064723616816,0.0,0.0,0.0,-0.0005551481371997063,0.999999845905261,-0.00034854844863777505,0.0009123161726332125,0.0,0.0,0.0,-0.0007679463686104076,1477,1530
0.0011723949030485214,0.0011902250662574367,0.0,0.0,0.0,-0.0004668687732286779,0.9999998910167683,-0.0004069303410918939,-0.0006978550569701588,0.0,0.0,0.0,0.001326292805264526,1477,1530
0.0012363122580976169,0.0012839970605540393,0.0,0.0,0.0,-0.0005460291553875241,0.9999998509260696,0.0006374880777720182,0.0009371262041814913,0.0,0.0,0.0,-0.0015811997213296576,1477,1530
0.0011588680654213957,0.0013045739217996217,0.0,0.0,0.0,-0.0005322080483092046,0.9999998583772867,-0.000774619699073725,0.00020491045951306357,0.0,0.0,0.0,0.00027640559739484753,1477,1530
0.0011677112304708747,0.0011678097739931022,0.0,0.0,0.0,-0.00048300479297971167,0.9999998833531782,5.3904481356594535e-05,-0.0008201031317277384,0.0,0.0,0.0,0.0005901334507153077,1477,1530
0.0011677112304708747,0.0011678097739931022,0.0,0.0,0.0,-0.00048300479297971167,0.9999998833531782,5.3904481356594535e-05,-0.0008201031317277384,0.0,0.0,0.0,0.0005901334507153077,1477,1530
0.0011886863627320835,0.0010950265101001232,0.0,0.0,0.0,-0.0004952926985477045,0.9999998773425638,0.0003164536237955012,-0.0010941141548894459,0.0,0.0,0.0,-0.00036953888601598024,1477,1530
0.0011449930400700427,0.0012770191240369616,0.0,0.0,0.0,-0.0005400120989885711,0.9999998541934558,-0.0004380130826978567,0.0018164952097417604,0.0,0.0,0.0,-0.000892914818974367,1477,1530
0.0012739652994799978,0.0012574159389067967,0.0,0.0,0.0,-0.0005297378348496305,0.9999998596889033,0.0009674525893902771,-0.00014597946912133013,0.0,0.0,0.0,0.00015411436941333028,1477,1530
0.001164374228358537,0.0013298343811239174,0.0,0.0,0.0,-0.0005373489622279005,0.999999855628036,-0.0005467585437131324,0.0003604697051296814,0.0,0.0,0.0,-7.589195686006946e-05,1477,1530
0.001164374228358537,0.0013298343811239174,0.0,0.0,0.0,-0.0005373489622279005,0.999999855628036,-0.0005467585437131324,0.0003604697051296814,0.0,0.0,0.0,-7.589195686006946e-05,1477,1530
0.001233714673300258,0.0012780673159050382,0.0,0.0,0.0,-0.0005631718080920891,0.9999998414187448,0.0010509615006280796,-0.0007828522255081514,0.0,0.0,0.0,-0.0007821432288301407,1477,1530
0.00120166246082008,0.0012438395407785709,0.0,0.0,0.0,-0.0005147765772240314,0.999999867502529,-0.00013714684704687087,-0.00014678679844628022,0.0,0.0,0.0,0.00041465164877205814,1477,1530
0.0011534281276616798,0.001272421523611809,0.0,0.0,0.0,-0.0005179552326960753,0.9999998658611795,-0.0004828063248274966,0.0002854229768599135,0.0,0.0,0.0,-6.359537629787126e-05,1477,1530
0.001323033501546356,0.001320412909623074,0.0,0.0,0.0,-0.0005369262576942424,0.9999998558550864,0.0016934557959098122,0.0004810740303969218,0.0,0.0,0.0,-0.00037895065391164035,1477,1530
0.001323033501546356,0.001320412909623074,0.0,0.0,0.0,-0.0005369262576942424,0.9999998558550864,0.0016934557959098122,0.0004810740303969218,0.0,0.0,0.0,-0.00037895065391164035,1477,1530
0.0012889699102308265,0.0013350754386095658,0.0,0.0,0.0,-0.0005462797716829289,0.9999998507891944,-0.00033852505281138087,0.00014528599646798225,0.0,0.0,0.0,-0.0001858252778471342,1477,1530
0.001164002218466968,0.0014075089846339683,0.0,0.0,0.0,-0.0005564635740122247,0.9999998451741334,-0.0009434642759008966,0.0005454728245741527,0.0,0.0,0.0,-0.0001536714030052309,1477,1530
0.001164002218466968,0.0014075089846339683,0.0,0.0,0.0,-0.0005564635740122247,0.9999998451741334,0.0,0.0,0.0,0.0,0.0,-7.752423129093385e-19,1477,1530
0.001164002218466968,0.0014075089846339683,0.0,0.0,0.0,-0.0005564635740122247,0.9999998451741334,0.0,0.0,0.0,0.0,0.0,-5.778528317389227e-19,1477,1530
0.001164002218466968,0.0014075089846339683,0.0,0.0,0.0,-0.0005564635740122247,0.9999998451741334,0.0,0.0,0.0,0.0,0.0,-7.7183196290603815e-19,1477,1530
0.001164002218466968,0.0014075089846339683,0.0,0.0,0.0,-0.0005564635740122247,0.9999998451741334,0.0,0.0,0.0,0.0,0.0,-1.1546771480125765e-18,1477,1530
0.0009715534393814845,0.0014804259752259242,0.0,0.0,0.0,-0.0006108583851669382,0.9999998134259992,-0.0027583462683865726,0.001041601799402953,0.0,0.0,0.0,-0.0015586131720990268,1477,1530
0.0011939283196345661,0.0014773633279965748,0.0,0.0,0.0,-0.0005949379881121735,0.9999998230243795,0.0022961595075003754,-2.8818002167213658e-05,0.0,0.0,0.0,0.0003287708563456881,1477,1530
0.0013521163056156129,0.0016473784540639393,0.0,0.0,0.0,-0.0006216769636085523,0.9999998067588578,0.001184628248622842,0.001276240259773555,0.0,0.0,0.0,-0.0004009954851226917,1477,1530
0.0014199579599636367,0.0015960351178057807,0.0,0.0,0.0,-0.0006425867881418031,0.9999997935410886,0.0010181794166594794,-0.0007685805916740928,0.0,0.0,0.0,-0.000627047177658679,1477,1530
0.0012051671866137204,0.001697492271476551,0.0,0.0,0.0,-0.0006503767880670282,0.9999997885049945,-0.0016119114247347618,0.0007588595960077222,0.0,0.0,0.0,-0.00011685031542135506,1477,1530
0.0012205757964256863,0.0018330019633805731,0.0,0.0,0.0,-0.0006728400935584537,0.9999997736430786,7.608557491271372e-05,0.0006769711291988977,0.0,0.0,0.0,-0.00022440869536856787,1477,1530
0.0011606336390807962,0.0014333509377912762,0.0,0.0,0.0,-0.0005884150276323724,0.9999998268838627,-0.0008950609580744963,-0.006022861979078911,0.0,0.0,0.0,0.002544111938959978,1477,1530
0.001143116229444225,0.0017369307798524196,0.0,0.0,0.0,-0.000666170616758359,0.9999997781083301,-0.000267476608658917,0.004542460634658165,0.0,0.0,0.0,-0.002327071523949772,1477,1530
0.001143116229444225,0.0017369307798524196,0.0,0.0,0.0,-0.000666170616758359,0.9999997781083301,-0.000267476608658917,0.004542460634658165,0.0,0.0,0.0,-0.002327071523949772,1477,1530
0.001151832653942905,0.0017302566620023515,0.0,0.0,0.0,-0.0006694535519056069,0.9999997759159458,8.716766531508025e-05,-6.655975820848224e-05,0.0,0.0,0.0,-6.559443503953954e-05,1477,1530
0.0012249730134631387,0.00148142728384533,0.0,0.0,0.0,-0.0005606164612653369,0.9999998428545793,0.0004405332276627924,-0.0014913464021948889,0.0,0.0,0.0,0.001305134348991437,1477,1530
0.0012850015649525067,0.0012951484448792115,0.0,0.0,0.0,-0.0005017171407180162,0.9999998741399475,0.0017587041455934419,-0.005436670926309214,0.0,0.0,0.0,0.003439276449192992,1477,1530
0.0014097367690550176,0.002119308412697195,0.0,0.0,0.0,-0.0007909732798374523,0.9999996871805863,0.0007491514470839233,0.004983643795371693,0.0,0.0,0.0,-0.003497698841755758,1477,1530
0.0009852971818392997,0.0011452387338067539,0.0,0.0,0.0,-0.00047823385940412263,0.9999998856461814,-0.006317947448736957,-0.014562266950426592,0.0,0.0,0.0,0.009344432878670678,1477,1530
0.0012262684198787292,0.0016413012536638202,0.0,0.0,0.0,-0.0006242245115512556,0.9999998051718606,0.00144524031635286,0.0029824211514878976,0.0,0.0,0.0,-0.0017546323322246724,1477,1530
0.0012088982600871245,0.0014462463280845708,0.0,0.0,0.0,-0.0005790203918021606,0.9999998323676789,-0.00025645194392248655,-0.0029210496582260342,0.0,0.0,0.0,0.0013537615236918655,1477,1530
0.0011437242586305517,0.0015054180075144172,0.0,0.0,0.0,-0.0005748897811292437,0.9999998347508562,-0.0006525422672283743,0.0005910680483931142,0.0,0.0,0.0,8.26271000860402e-05,1477,1530
0.0014973815563285328,0.001735875689307654,0.0,0.0,0.0,-0.0006870447034702468,0.9999997639847599,0.0026484410902995743,0.0017301748979064759,0.0,0.0,0.0,-0.001681054970850066,1477,1530
0.001163813361264823,0.0015714895398919455,0.0,0.0,0.0,-0.0006030192704989624,0.9999998181838632,-0.0033328200818031543,-0.0016481467999793211,0.0,0.0,0.0,0.0016802065703615061,1477,1530
0.0009513026395843798,0.001241227139105656,0.0,0.0,0.0,-0.0004522130532952007,0.999999897751672,-0.001590750466978437,-0.002478745897153158,0.0,0.0,0.0,0.002261963503583743,1477,1530
0.0011818279353719714,0.0014047475956368836,0.0,0.0,0.0,-0.0005148684198907205,0.9999998674552463,0.0023044183306282304,0.0016377473965398276,0.0,0.0,0.0,-0.0012534584461559753,1477,1530
0.0012196537539808545,0.0014526418951280593,0.0,0.0,0.0,-0.0005759065536643948,0.999999834165807,0.0005680417430245939,0.000720767856072337,0.0,0.0,0.0,-0.0018356508074243525,1477,1530
0.0012136169250435514,0.0017504182968156579,0.0,0.0,0.0,-0.000630013045558452,0.9999998015417616,-3.185905507833475e-05,0.0014869800943018226,0.0,0.0,0.0,-0.0005403868316238353,1477,1530
0.0010753880017328554,0.0013713664323112599,0.0,0.0,0.0,-0.0005006107660332996,0.9999998746944226,-0.0020757228943184746,-0.005714415195454081,0.0,0.0,0.0,0.0038998327360527606,1477,1530
0.0011593041492013723,0.0014216633684452792,0.0,0.0,0.0,-0.0005849824478586294,0.9999998288977532,0.0006205199035080728,0.00037276684054693106,0.0,0.0,0.0,-0.0012485267795165995,1477,1530
0.0012585181436172443,0.0016239173154382021,0.0,0.0,0.0,-0.0006329235285810343,0.9999997997038834,0.0010057339633525485,0.0020563328568307566,0.0,0.0,0.0,-0.000974283673853651,1477,1530
0.0012585181436172443,0.0016239173154382021,0.0,0.0,0.0,-0.0006329235285810343,0.9999997997038834,0.0010057339633525485,0.0020563328568307566,0.0,0.0,0.0,-0.000974283673853651,1477,1530
0.0010625651476610669,0.0015464356519769762,0.0,0.0,0.0,-0.0006057619809360856,0.9999998165261944,-0.0014689363992294762,-0.0005829825611277007,0.0,0.0,0.0,0.000407430422809887,1477,1530
0.0010774844736197104,0.001464316860725627,0.0,0.0,0.0,-0.0005745408038742959,0.9999998349514188,0.00014975524608371648,-0.000818640687086206,0.0,0.0,0.0,0.0006226242657683677,1477,1530
0.0011070294233596074,0.0015498601295876554,0.0,0.0,0.0,-0.0005939614461104853,0.9999998236048847,0.00029489984330764306,0.0008570314556357546,0.0,0.0,0.0,-0.0003889847185339792,1477,1530
0.0011070294233596074,0.0015498601295876554,0.0,0.0,0.0,-0.0005939614461104853,0.9999998236048847,0.00029489984330764306,0.0008570314556357546,0.0,0.0,0.0,-0.0003889847185339792,1477,1530
0.0012026732263152248,0.0016047446734905675,0.0,0.0,0.0,-0.000606247299480884,0.999999816232089,0.0004096825827654389,0.00023574092739549776,0.0,0.0,0.0,-0.0001053228310656326,1477,1530
0.001243336096622758,0.0013138945650552842,0.0,0.0,0.0,-0.0005256663758570013,0.9999998618374211,0.0006160702736450331,-0.004367949278089251,0.0,0.0,0.0,0.0024207202734860627,1477,1530
0.001243336096622758,0.0013138945650552842,0.0,0.0,0.0,-0.0005256663758570013,0.9999998618374211,0.0006160702736450331,-0.004367949278089251,0.0,0.0,0.0,0.0024207202734860627,1477,1530
0.0010415164378122907,0.001631924393373094,0.0,0.0,0.0,-0.0006407353019605818,0.9999997947291154,-0.001516999995520858,0.002384960662849076,0.0,0.0,0.0,-0.0017269969830471612,1477,1530
0.001237174855550941,0.0014610438312310373,0.0,0.0,0.0,-0.0005760226945357528,0.9999998340989139,0.0011754726468850105,-0.0010239604132070324,0.0,0.0,0.0,0.0007766896831656177,1477,1530
0.001336044708177044,0.0017427960978224296,0.0,0.0,0.0,-0.0006714379594647297,0.9999997745855079,0.0007293755091807918,0.002086211741322334,0.0,0.0,0.0,-0.001412419355935626,1477,1530
0.001336044708177044,0.0017427960978224296,0.0,0.0,0.0,-0.0006714379594647297,0.9999997745855079,0.0007293755091807918,0.002086211741322334,0.0,0.0,0.0,-0.001412419355935626,1477,1530
0.0011352313363115162,0.001596416988705811,0.0,0.0,0.0,-0.0006178751659401011,0.9999998091151214,-0.003090117708391819,-0.002258843604837091,0.0,0.0,0.0,0.0016500663761218673,1477,1530
0.0011150238858317059,0.0014847804093372976,0.0,0.0,0.0,-0.0005846725117254761,0.9999998290790124,-0.0003003154386926701,-0.0016708784564621454,0.0,0.0,0.0,0.0009936751125855282,1477,1530
0.0012373087170049462,0.0015262049691743668,0.0,0.0,0.0,-0.0006009383998286863,0.9999998194365035,0.0006110074027624939,0.00020777840640467666,0.0,0.0,0.0,-0.00016261256502635176,1477,1530
0.001255560920876777,0.0016130823287319098,0.0,0.0,0.0,-0.0006219897132340169,0.9999998065643796,0.00013622205660544738,0.000652288914041559,0.0,0.0,0.0,-0.0003160336481900186,1477,1530
0.0011540294436353457,0.0015831346456742583,0.0,0.0,0.0,-0.0006011023552070145,0.999999819337963,-0.0010148602550579344,-0.00030071557205678373,0.0,0.0,0.0,0.00041771382152789433,1477,1530
0.001019125797687488,0.001546817722674556,0.0,0.0,0.0,-0.0005925845738179177,0.9999998244217461,-0.0008086434140537521,-0.0002187349182700913,0.0,0.0,0.0,0.00010214822430646468,1477,1530
0.001235773714074034,0.0015734941817113763,0.0,0.0,0.0,-0.0006327384067616729,0.9999997998210343,0.006548845062165259,0.0008142577828375062,0.0,0.0,0.0,-0.002427900986886213,1477,1530
0.001235773714074034,0.0015734941817113763,0.0,0.0,0.0,-0.0006327384067616729,0.9999997998210343,0.006548845062165259,0.0008142577828375062,0.0,0.0,0.0,-0.002427900986886213,1477,1530
0.0011320716871182723,0.0013531207783916326,0.0,0.0,0.0,-0.000504253267970359,0.9999998728643128,-0.0007753086040324971,-0.001653006532037239,0.0,0.0,0.0,0.0019263719944912813,1477,1530
0.0011320716871182723,0.0013531207783916326,0.0,0.0,0.0,-0.000504253267970359,0.9999998728643128,0.0,0.0,0.0,0.0,0.0,-1.546085522233046e-19,1477,1530
0.0011320716871182723,0.0013531207783916326,0.0,0.0,0.0,-0.000504253267970359,0.9999998728643128,0.0,0.0,0.0,0.0,0.0,-2.9163490968149193e-19,1477,1530
0.0011320716871182723,0.0013531207783916326,0.0,0.0,0.0,-0.000504253267970359,0.9999998728643128,0.0,0.0,0.0,0.0,0.0,-2.111383149490836e-19,1477,1530
0.0011320716871182723,0.0013531207783916326,0.0,0.0,0.0,-0.000504253267970359,0.9999998728643128,0.0,0.0,0.0,0.0,0.0,-1.5571007589023615e-19,1477,1530
0.0012502981927442554,0.001337160929861547,0.0,0.0,0.0,-0.0005189095277044467,0.9999998653664419,0.0017616325905791574,-0.0002360007780774181,0.0,0.0,0.0,-0.0004367116595873091,1477,1530
0.0011991761163853397,0.0011938723827349606,0.0,0.0,0.0,-0.0004511952392582274,0.9999998982114229,-0.0005121764945120289,-0.0014402854156190844,0.0,0.0,0.0,0.0013607768329567482,1477,1530
0.0013155940921710328,0.0015528880891521723,0.0,0.0,0.0,-0.0006017192051667171,0.9999998189669826,0.000695389918198978,0.002151092643844857,0.0,0.0,0.0,-0.0018032439602940252,1477,1530
0.0014858899747605947,0.0017859236830492003,0.0,0.0,0.0,-0.0006513568390297705,0.9999997878671116,0.0017035090662501362,0.002337007562073539,0.0,0.0,0.0,-0.0009947124553448792,1477,1530
0.001421404625703574,0.0015444906839810876,0.0,0.0,0.0,-0.0006014987688085036,0.9999998190995992,-0.0006416500148553803,-0.002414950655771453,0.0,0.0,0.0,0.0009970718632967997,1477,1530
0.0013800805788161392,0.0013399602581609488,0.0,0.0,0.0,-0.0005048451237775231,0.9999998725656923,-0.0005933293000617052,-0.0029549490927630612,0.0,0.0,0.0,0.0027921268674212176,1477,1530
0.0011503694602588044,0.0015270279187064469,0.0,0.0,0.0,-0.0005746582440425661,0.9999998348839376,-0.0023604895716766647,0.0019183287452492156,0.0,0.0,0.0,-0.0014336080988121872,1477,1530
0.0011997929390187747,0.0013518818551797325,0.0,0.0,0.0,-0.0005254274969596138,0.9999998619629632,0.0004962226322976759,-0.001750803906198214,0.0,0.0,0.0,0.0009845658620139097,1477,1530
0.0013364714093414497,0.0014315085305434988,0.0,0.0,0.0,-0.0005296316306138764,0.999999859745158,0.001024124989900892,0.0005980810831801723,0.0,0.0,0.0,-6.304136754061362e-05,1477,1530
0.0012570476636069136,0.0014368096661877747,0.0,0.0,0.0,-0.0005271909520347374,0.9999998610348404,-0.0011930085533535019,7.835807125535582e-05,0.0,0.0,0.0,7.331677916095246e-05,1477,1530
0.001575770697451938,0.0019879890055818856,0.0,0.0,0.0,-0.000736010078357389,0.9999997291445456,0.002384995488810159,0.004134512971204103,0.0,0.0,0.0,-0.00313088643085377,1477,1530
0.001292743294796886,0.0014049623400477248,0.0,0.0,0.0,-0.0005173048411816159,0.9999998661978416,-0.0028210398532929177,-0.005833084948453887,0.0,0.0,0.0,0.004373099763271924,1477,1530
0.001292743294796886,0.0014049623400477248,0.0,0.0,0.0,-0.0005173048411816159,0.9999998661978416,-0.0028210398532929177,-0.005833084948453887,0.0,0.0,0.0,0.004373099763271924,1477,1530
0.0012630483185521579,0.0012402789249067294,0.0,0.0,0.0,-0.0004686983808570201,0.9999998901609078,-0.0012896678366002964,-0.0007224458425196902,0.0,0.0,0.0,0.0004179323970457141,1477,1530
0.0012630483185521579,0.0012402789249067294,0.0,0.0,0.0,-0.0004686983808570201,0.9999998901609078,-0.0012896678366002964,-0.0007224458425196902,0.0,0.0,0.0,0.0004179323970457141,1477,1530
0.0013294799790052323,0.001656724387805903,0.0,0.0,0.0,-0.0006181788846838984,0.999999808927415,-0.0001943838057404767,0.000548233294469709,0.0,0.0,0.0,0.0003045218154263093,1477,1530
0.0013294799790052323,0.001656724387805903,0.0,0.0,0.0,-0.0006181788846838984,0.999999808927415,-0.0001943838057404767,0.000548233294469709,0.0,0.0,0.0,0.0003045218154263093,1477,1530
0.0013700511405862674,0.001823008793517141,0.0,0.0,0.0,-0.0006472988128321342,0.9999997905021015,0.0002014077827492051,0.0008299417668308264,0.0,0.0,0.0,-0.00029059345239531193,1477,1530
0.0012381532936162243,0.001605902623861085,0.0,0.0,0.0,-0.0005867722658789143,0.9999998278491392,-0.003980663905392464,-0.006571399175135337,0.0,0.0,0.0,0.00366117580738741,1477,1530
0.0013102853399284498,0.0014698070612378256,0.0,0.0,0.0,-0.0005696257781177776,0.9999998377632232,0.0007217983207795155,-0.0013580032824467353,0.0,0.0,0.0,0.000342399093937668,1477,1530
0.0013027032054437112,0.0013743622885485026,0.0,0.0,0.0,-0.0005206456606527312,0.9999998644640388,-5.61554655417239e-05,-0.0007172413566456435,0.0,0.0,0.0,0.0007360783374131057,1477,1530
0.0012546182297751066,0.0014350214498735753,0.0,0.0,0.0,-0.0005461998297222677,0.9999998508328619,-0.0007204242432528433,0.0009068732209839661,0.0,0.0,0.0,-0.0007647172116481573,1477,1530
0.001178500255471754,0.0015300145780743893,0.0,0.0,0.0,-0.0005423748140509672,0.9999998529147698,-0.001146484053541076,0.0014275817921062936,0.0,0.0,0.0,0.00011506749809339462,1477,1530
0.0012579569518673343,0.001452397248276954,0.0,0.0,0.0,-0.0005257487120056378,0.9999998617941364,0.0004774188504928143,-0.00046535595070285247,0.0,0.0,0.0,0.00019958590225826518,1477,1530
0.001459081748603223,0.001738151452457161,0.0,0.0,0.0,-0.0006388366300876734,0.9999997959438591,0.002988188789413478,0.004255059494465319,0.0,0.0,0.0,-0.0033654119296884413,1477,1530
0.0015040836711242471,0.0015977084835538215,0.0,0.0,0.0,-0.0005995815200094324,0.9999998202509842,0.0004539103254906164,-0.0014103694722520184,0.0,0.0,0.0,0.0007887463601092365,1477,1530
0.0015040836711242471,0.0015977084835538215,0.0,0.0,0.0,-0.0005995815200094324,0.9999998202509842,0.0004539103254906164,-0.0014103694722520184,0.0,0.0,0.0,0.0007887463601092365,1477,1530
0.0013590509461602416,0.001859541221106821,0.0,0.0,0.0,-0.0006714495552153034,0.999999774577722,-0.0005439638650262895,0.0009792650101392607,0.0,0.0,0.0,-0.0005379365167721909,1477,1530
0.0014185956113804301,0.0015890585971860332,0.0,0.0,0.0,-0.0005760150726892547,0.9999998341033043,0.001819856080761509,-0.008214174718844695,0.0,0.0,0.0,0.005798140950904705,1477,1530
0.0012040494746901444,0.001321810316733681,0.0,0.0,0.0,-0.0005040654016309408,0.9999998729590274,-0.003220899290325658,-0.004021578090445437,0.0,0.0,0.0,0.0021634122078804307,1477,1530
0.0013629407694289962,0.0013953558421875073,0.0,0.0,0.0,-0.0005279481817872986,0.999999860635349,0.0007919944870332602,0.00036755800321598394,0.0,0.0,0.0,-0.0002381989880137048,1477,1530
0.001123941546717342,0.0013927486883105098,0.0,0.0,0.0,-0.000542362357802973,0.9999998529215256,-0.0036005896107925337,-4.307984390083555e-05,0.0,0.0,0.0,-0.0004343124298882679,1477,1530
0.0010988199040501232,0.0011089722215207628,0.0,0.0,0.0,-0.000423090177366381,0.9999999104973469,-0.0002482274477396647,-0.0028390575597496085,0.0,0.0,0.0,0.002386302951486133,1477,1530
0.0010988199040501232,0.0011089722215207628,0.0,0.0,0.0,-0.000423090177366381,0.9999999104973469,-0.0002482274477396647,-0.0028390575597496085,0.0,0.0,0.0,0.002386302951486133,1477,1530
0.001396876223005665,0.0013913109344311635,0.0,0.0,0.0,-0.0005462196083399212,0.9999998508220587,0.0014882977161972104,0.001412205637058761,0.0,0.0,0.0,-0.001230642211639409,1477,1530
0.001248273440461584,0.0015921379930227439,0.0,0.0,0.0,-0.0005687867042513986,0.9999998382408295,-0.0022407227847223822,0.0030212836965322004,0.0,0.0,0.0,-0.0006795579269487775,1477,1530
0.0010627870101126515,0.001102622117347437,0.0,0.0,0.0,-0.00043000183036732504,0.9999999075492088,-0.0018466353468933403,-0.0048902237112285855,0.0,0.0,0.0,0.00277170655967471,1477,1530
0.00111472526121999,0.0013838060998514832,0.0,0.0,0.0,-0.00049407964305479,0.9999998779426457,0.0005156749393363863,0.002805272275344431,0.0,0.0,0.0,-0.0012783604886642758,1477,1530
0.0012123465290853905,0.0014008987543044013,0.0,0.0,0.0,-0.00054745400160959,0.9999998501470468,-0.009738677237254148,-0.0019285776750881016,0.0,0.0,0.0,-0.0012239144822382333,1477,1530
0.0012123465290853905,0.0014008987543044013,0.0,0.0,0.0,-0.00054745400160959,0.9999998501470468,-0.009738677237254148,-0.0019285776750881016,0.0,0.0,0.0,-0.0012239144822382333,1477,1530
0.0014260665900153564,0.0016997370069369055,0.0,0.0,0.0,-0.0006309854386876915,0.9999998009286684,0.0015932083446808093,0.0022328976420268433,0.0,0.0,0.0,-0.0012473058855966852,1477,1530
0.0012714019546100556,0.0015276490849870988,0.0,0.0,0.0,-0.0005351969277829886,0.999999856782114,-0.004710483785089571,-0.005254451846575556,0.0,0.0,0.0,0.00584290149314794,1477,1530
0.0013682819605677177,0.001335716995461885,0.0,0.0,0.0,-0.00048178615656867236,0.9999998839410429,0.0007279675578881866,-0.0014383704856936717,0.0,0.0,0.0,0.0008009714407875203,1477,1530
0.0015401407376548098,0.0016540185931582679,0.0,0.0,0.0,-0.0006226977298718926,0.9999998061237498,0.001288334089825046,0.002391647878982391,0.0,0.0,0.0,-0.0021164570576377613,1477,1530
0.0013135512752557104,0.0010697256615140806,0.0,0.0,0.0,-0.0004011227027078311,0.9999999195502854,-0.0013257901564610482,-0.0034314080297906066,0.0,0.0,0.0,0.0026012568071891555,1477,1530
0.0013135512752557104,0.0010697256615140806,0.0,0.0,0.0,-0.0004011227027078311,0.9999999195502854,-0.0013257901564610482,-0.0034314080297906066,0.0,0.0,0.0,0.0026012568071891555,1477,1530
0.0012452531222186462,0.0013271426282707949,0.0,0.0,0.0,-0.0004648810337014952,0.9999998919428064,-0.0007098338233207634,0.0026667436072156433,0.0,0.0,0.0,-0.001321306771217126,1477,1530
0.001337523421812002,0.0013062991995978612,0.0,0.0,0.0,-0.0005290242095740826,0.9999998600666831,0.0006931826071903801,-0.0001559094649093424,0.0,0.0,0.0,-0.0009635521336356881,1477,1530
0.0013023377933253266,0.0012361506887171793,0.0,0.0,0.0,-0.0005098407300031798,0.9999998700312066,-0.0005255251793308525,-0.001050495415638164,0.0,0.0,0.0,0.0005742525940839707,1477,1530
0.0013558269868784462,0.0016420758451467848,0.0,0.0,0.0,-0.0005993424878324364,0.999999820394275,-5.5441354476340045e-05,0.002638875239198701,0.0,0.0,0.0,-0.0018056817680467522,1477,1530
0.0013558269868784462,0.0016420758451467848,0.0,0.0,0.0,-0.0005993424878324364,0.999999820394275,-5.5441354476340045e-05,0.002638875239198701,0.0,0.0,0.0,-0.0018056817680467522,1477,1530
0.0013323683705526717,0.0016719890406817503,0.0,0.0,0.0,-0.000632851082634115,0.9999997997497335,-0.0003529975203838929,0.0004490144471468603,0.0,0.0,0.0,-0.0010069144088974528,1477,1530
0.0013635243318900064,0.0015598525341491381,0.0,0.0,0.0,-0.0005680361548942415,0.9999998386674503,0.000234386530259499,-0.0008394828358308629,0.0,0.0,0.0,0.000970784902229238,1477,1530
0.001380476578152963,0.001563733523778672,0.0,0.0,0.0,-0.0005511719105717886,0.999999848104751,0.0005117869919679812,0.00011777883434924403,0.0,0.0,0.0,0.001018526164120749,1477,1530
0.0013288481946169847,0.0016194146402731052,0.0,0.0,0.0,-0.0005714363558468767,0.9999998367302323,-0.00030974377778483054,0.00033332037250166695,0.0,0.0,0.0,-0.00024286397289449666,1477,1530
0.0012982510801738379,0.0016497861504035031,0.0,0.0,0.0,-0.0005649712966328683,0.9999998404037043,-0.00045979203592391515,0.000455359746835947,0.0,0.0,0.0,0.00019408475578616824,1477,1530
0.0013760063809749067,0.0016331165125292848,0.0,0.0,0.0,-0.0006090988218725968,0.9999998144992954,0.0005831452867517668,-0.00012432907115816108,0.0,0.0,0.0,-0.0006617310164562704,1477,1530
0.0013615871872069468,0.0017292509181667337,0.0,0.0,0.0,-0.0006165780675167682,0.9999998099157252,-8.720973922549973e-05,0.0005766475617093695,0.0,0.0,0.0,-8.974270825420064e-05,1477,1530
0.0011824143046736718,0.0016803142765624683,0.0,0.0,0.0,-0.0006097500766698509,0.9999998141024047,-0.0026953650724304296,-0.0007397452671590571,0.0,0.0,0.0,0.00020550147867448237,1477,1530
0.0013711945238510897,0.0015055552936749103,0.0,0.0,0.0,-0.0005214519686290386,0.999999864043913,0.0018869694316831223,-0.0017425505503862319,0.0,0.0,0.0,0.0017631942266290888,1477,1530
0.0013374907882779926,0.0016559799765350559,0.0,0.0,0.0,-0.0006016524162124763,0.9999998190071686,-0.00033747205107711537,0.0014988583489654295,0.0,0.0,0.0,-0.0015986377803420058,1477,1530
0.0013346619859729294,0.0017592241188095193,0.0,0.0,0.0,-0.0006255683118037259,0.9999998043321245,-1.7747134288437393e-05,0.0006204553238847568,0.0,0.0,0.0,-0.00028745935985960696,1477,1530
0.0013346619859729294,0.0017592241188095193,0.0,0.0,0.0,-0.0006255683118037259,0.9999998043321245,-1.7747134288437393e-05,0.0006204553238847568,0.0,0.0,0.0,-0.00028745935985960696,1477,1530
0.0013346619859729294,0.0017592241188095193,0.0,0.0,0.0,-0.0006255683118037259,0.9999998043321245,-1.7747134288437393e-05,0.0006204553238847568,0.0,0.0,0.0,-0.00028745935985960696,1477,1530
0.0012250693615961051,0.0015367755476478008,0.0,0.0,0.0,-0.0005660393141243542,0.9999998397997346,-0.0016414779653429862,-0.003342375739571803,0.0,0.0,0.0,0.001787792123098497,1477,1530
0.0012803009300999982,0.001707671353556057,0.0,0.0,0.0,-0.0005994187232330132,0.999999820348581,0.00020564368906102876,0.0006387666283051822,0.0,0.0,0.0,-0.00024943703638038273,1477,1530
0.001229200594074892,0.0014350726701027226,0.0,0.0,0.0,-0.0005270722229990108,0.9999998610974262,-0.0007728905340484831,-0.004150514492377256,0.0,0.0,0.0,0.00220256379408679,1477,1530
0.001215467141336534,0.0017298503878475798,0.0,0.0,0.0,-0.0006006324813523476,0.9999998196202948,-0.0001403057370222203,0.00294477433811619,0.0,0.0,0.0,-0.0014697797136192176,1477,1530
0.0014184996692884625,0.0016645030453473644,0.0,0.0,0.0,-0.0006258793805090845,0.9999998041374814,0.0030473793479309117,-0.0009767805364174278,0.0,0.0,0.0,-0.0007575851495758317,1477,1530
0.0013258137813980924,0.0017508134480657101,0.0,0.0,0.0,-0.0006445743838817006,0.9999997922619103,-0.0005565549787812567,0.0005169725407637266,0.0,0.0,0.0,-0.00022425621389969024,1477,1530
0.0013381157083989714,0.0016658532390144455,0.0,0.0,0.0,-0.0005810189280820489,0.9999998312084883,0.00037454938904002633,-0.002563426968121617,0.0,0.0,0.0,0.00383592164050634,1477,1530
0.00132134984299794,0.0015507173703808027,0.0,0.0,0.0,-0.0005749008400161736,0.9999998347444984,-0.00012458379986605089,-0.000862579856816196,0.0,0.0,0.0,9.165607879615525e-05,1477,1530
0.0012724783140732672,0.0015243443818502528,0.0,0.0,0.0,-0.0005516513803557116,0.9999998478403657,-0.0007327678111714487,-0.00039651874115497864,0.0,0.0,0.0,0.0006976269139329369,1477,1530
0.0014001357600122927,0.001668794817250279,0.0,0.0,0.0,-0.0006140114883666574,0.9999998114949283,0.0009562230149763939,0.0010844203867928924,0.0,0.0,0.0,-0.0009353900862079004,1477,1530
0.0014324837695227001,0.001537952193533867,0.0,0.0,0.0,-0.0005702824025333662,0.9999998373889775,0.0004876713946284267,-0.0019622088022529884,0.0,0.0,0.0,0.001311984323348896,1477,1530
0.001318366160355101,0.0014852159116324807,0.0,0.0,0.0,-0.0005545948704896833,0.9999998462122529,-0.0005699506581275788,-0.00026417616659608835,0.0,0.0,0.0,0.00015678284336717357,1477,1530
0.001364694360818064,0.001590156204272611,0.0,0.0,0.0,-0.0005935549871699682,0.9999998238462231,0.0013955779689552702,0.003170706817346045,0.0,0.0,0.0,-0.0023531617849655282,1477,1530
0.001364694360818064,0.001590156204272611,0.0,0.0,0.0,-0.0005935549871699682,0.9999998238462231,0.0013955779689552702,0.003170706817346045,0.0,0.0,0.0,-0.0023531617849655282,1477,1530
0.0013014312068533465,0.001483335273939613,0.0,0.0,0.0,-0.0005460133798736264,0.9999998509346834,-0.00047302321964591283,-0.0008008747424458233,0.0,0.0,0.0,0.0007123726718341961,1477,1530
0.0012417526089487413,0.0015539722929422866,0.0,0.0,0.0,-0.0005671085542108311,0.999999839193931,-0.0005938395625787839,0.0007013277509627419,0.0,0.0,0.0,-0.00041927886636164955,1477,1530
0.001476047174344926,0.0015968437802909958,0.0,0.0,0.0,-0.0006138459248378986,0.9999998115965726,0.0017399355943047146,0.00032041536841601623,0.0,0.0,0.0,-0.0006943136881669273,1477,1530
0.0012430721648999995,0.0014690926166651963,0.0,0.0,0.0,-0.0005474600819625611,0.9999998501437181,-0.0017738378742939928,-0.0009755132442203597,0.0,0.0,0.0,0.0010115862588479367,1477,1530
0.001392017431339108,0.0015662413204919855,0.0,0.0,0.0,-0.0005971947205549258,0.999999821679217,0.0022179326612544294,0.0014500980336555904,0.0,0.0,0.0,-0.0014822491460650849,1477,1530
0.001392017431339108,0.0015662413204919855,0.0,0.0,0.0,-0.0005971947205549258,0.999999821679217,0.0022179326612544294,0.0014500980336555904,0.0,0.0,0.0,-0.0014822491460650849,1477,1530
0.001392017431339108,0.0015662413204919855,0.0,0.0,0.0,-0.0005971947205549258,0.999999821679217,0.0022179326612544294,0.0014500980336555904,0.0,0.0,0.0,-0.0014822491460650849,1477,1530
0.001392017431339108,0.0015662413204919855,0.0,0.0,0.0,-0.0005971947205549258,0.999999821679217,0.0022179326612544294,0.0014500980336555904,0.0,0.0,0.0,-0.0014822491460650849,1477,1530
0.0013540387902639065,0.001545599974186541,0.0,0.0,0.0,-0.0005697689714663773,0.9999998376816464,-0.0003806892834760844,-0.00020749355916989992,0.0,0.0,0.0,0.0005501766084481912,1477,1530
0.0014211796066203376,0.001506588316026432,0.0,0.0,0.0,-0.0005794456166550542,0.9999998321213746,0.00014393524065428189,-8.341322210650111e-05,0.0,0.0,0.0,-4.146180715314128e-05,1477,1530
0.0013005250295043246,0.0016048710743321955,0.0,0.0,0.0,-0.0005837465587010572,0.999999829619963,-0.0036205898519782475,0.0029422852500080006,0.0,0.0,0.0,-0.00025788120718303826,1477,1530
0.001216258003162604,0.001191434041116413,0.0,0.0,0.0,-0.00047042371582139487,0.9999998893507577,-0.0005031847364903218,-0.002483575159191477,0.0,0.0,0.0,0.0013611701352410457,1477,1530
0.001216258003162604,0.001191434041116413,0.0,0.0,0.0,-0.00047042371582139487,0.9999998893507577,-0.0005031847364903218,-0.002483575159191477,0.0,0.0,0.0,0.0013611701352410457,1477,1530
0.0013411497401838552,0.0016396760705695726,0.0,0.0,0.0,-0.0006177843046128674,0.9999998091712583,0.0007458471419012508,0.0026866526157068088,0.0,0.0,0.0,-0.0017660244266013883,1477,1530
0.0013411497401838552,0.0016396760705695726,0.0,0.0,0.0,-0.0006177843046128674,0.9999998091712583,0.0007458471419012508,0.0026866526157068088,0.0,0.0,0.0,-0.0017660244266013883,1477,1530
0.0012224429985310567,0.0014004291633045438,0.0,0.0,0.0,-0.0005138113650988691,0.9999998679989319,-0.0005079294161077264,-0.0010268885573833859,0.0,0.0,0.0,0.0008919931883391871,1477,1530
0.0011651694614973338,0.001571482736076813,0.0,0.0,0.0,-0.0005719280754188155,0.9999998364491249,-0.0005732660637167659,0.0017062947978778624,0.0,0.0,0.0,-0.0011598522932749517,1477,1530
0.0013379060009788882,0.0016679684723829578,0.0,0.0,0.0,-0.0006128174262703769,0.9999998122273834,0.0017273315524807726,0.0009674323971431152,0.0,0.0,0.0,-0.0008182945029351473,1477,1530
0.0012904076013376324,0.0015581299388057548,0.0,0.0,0.0,-0.0005797976024247231,0.999999831917356,-0.0007099307820618468,-0.001647231050447332,0.0,0.0,0.0,0.0009898623931828472,1477,1530
0.0013057304825867212,0.0015585217286872358,0.0,0.0,0.0,-0.0006057784301404834,0.9999998165162299,0.00015322723083918251,4.095661460259428e-06,0.0,0.0,0.0,-0.0005196270381081617,1477,1530
0.0013057304825867212,0.0015585217286872358,0.0,0.0,0.0,-0.0006057784301404834,0.9999998165162299,0.00015322723083918251,4.095661460259428e-06,0.0,0.0,0.0,-0.0005196270381081617,1477,1530
0.0013452050967922764,0.0014896612603858433,0.0,0.0,0.0,-0.0005462480719385731,0.9999998508065109,0.0002970646019631479,-0.0005167545942297135,0.0,0.0,0.0,0.0008940977306213932,1477,1530
0.0013899321344952012,0.0014477951259627443,0.0,0.0,0.0,-0.0005035591435995241,0.9999998732140865,0.00022350613815189658,-0.00020875222309082886,0.0,0.0,0.0,0.0004262074102459444,1477,1530
0.0017261039144492146,0.0014906883341156798,0.0,0.0,0.0,-0.0005565384452256896,0.9999998451324675,0.010133812021399161,0.0013033781875915822,0.0,0.0,0.0,-0.0031945074647949786,1477,1530
0.0017261039144492146,0.0014906883341156798,0.0,0.0,0.0,-0.0005565384452256896,0.9999998451324675,0.010133812021399161,0.0013033781875915822,0.0,0.0,0.0,-0.0031945074647949786,1477,1530
0.0016747826307828787,0.0015521206854064121,0.0,0.0,0.0,-0.0006171683840545843,0.9999998095515747,-0.00038538561932337077,0.0004602701896512687,0.0,0.0,0.0,-0.0009093628491506368,1477,1530
0.001397288047825191,0.001484885838037372,0.0,0.0,0.0,-0.0005635920037565433,0.999999841182014,-0.0020815116311934958,-0.000507055523593686,0.0,0.0,0.0,0.0008040036258506672,1477,1530
0.0015188938957984466,0.0016060944211743955,0.0,0.0,0.0,-0.0005980956325597026,0.9999998211407911,0.0009114105042595161,0.0009104833449526051,0.0,0.0,0.0,-0.0005177771634568187,1477,1530
0.0015362259251196417,0.0013417339080066782,0.0,0.0,0.0,-0.0005117907059685929,0.999999869035128,0.00013222034374237935,-0.001980427879290004,0.0,0.0,0.0,0.001293190383290968,1477,1530
0.0015362259251196417,0.0013417339080066782,0.0,0.0,0.0,-0.0005117907059685929,0.999999869035128,0.00013222034374237935,-0.001980427879290004,0.0,0.0,0.0,0.001293190383290968,1477,1530
0.001469231083500549,0.0016025279701634538,0.0,0.0,0.0,-0.0005688529569618133,0.9999998382031436,-0.00040360601998547,0.0015644897803311364,0.0,0.0,0.0,-0.0006848073746440859,1477,1530
0.0016147368237755292,0.0015817863256393204,0.0,0.0,0.0,-0.0005612191388427474,0.9999998425165266,0.0008728071393471389,-0.00012340445363636494,0.0,0.0,0.0,9.156719069695226e-05,1477,1530
0.0016147368237755292,0.0015817863256393204,0.0,0.0,0.0,-0.0005612191388427474,0.9999998425165266,0.0008728071393471389,-0.00012340445363636494,0.0,0.0,0.0,9.156719069695226e-05,1477,1530
0.0015550473276098797,0.0015305752283028848,0.0,0.0,0.0,-0.0005559659573273324,0.9999998454509151,-0.0005960992160738068,-0.0005125909697567225,0.0,0.0,0.0,0.00010502478752782988,1477,1530
0.0014258697859940766,0.0014678618742113073,0.0,0.0,0.0,-0.0005305884120769978,0.9999998592379586,-0.0007706497829632343,-0.00037519594541544503,0.0,0.0,0.0,0.0003029594402634145,1477,1530
0.0014860422910262633,0.0016479959328374503,0.0,0.0,0.0,-0.0006263668433566886,0.9999998038322695,0.0005996632550944551,0.001801527726676352,0.0,0.0,0.0,-0.0019150901713639581,1477,1530
0.0013195809092274413,0.0015825421650654584,0.0,0.0,0.0,-0.0005837942520735493,0.9999998295921211,-0.0012530822969339613,-0.0004945340133151896,0.0,0.0,0.0,0.0006412694924818875,1477,1530
0.0016149285643040768,0.0016179319163906112,0.0,0.0,0.0,-0.000575348786073835,0.9999998344868735,0.002219512462221815,0.000268580020070763,0.0,0.0,0.0,0.0001269517838116303,1477,1530
0.0017085840395549196,0.0015319168009423714,0.0,0.0,0.0,-0.0005623934329265075,0.9999998418568008,0.0007037244277703906,-0.0006448237535583855,0.0,0.0,0.0,0.00019448689059680933,1477,1530
0.0017085840395549196,0.0015319168009423714,0.0,0.0,0.0,-0.0005623934329265075,0.9999998418568008,0.0007037244277703906,-0.0006448237535583855,0.0,0.0,0.0,0.00019448689059680933,1477,1530
0.0016015881375426723,0.0014454944702503424,0.0,0.0,0.0,-0.0005709434332395853,0.9999998370117847,-0.0010688687008673997,-0.0008653310494832483,0.0,0.0,0.0,-0.0001709812257803388,1477,1530
0.001761965757981635,0.0016966960080897961,0.0,0.0,0.0,-0.0005896121193453063,0.9999998261787593,0.004610242539673915,0.007239294661958636,0.0,0.0,0.0,-0.0010752304822456403,1477,1530
0.001761965757981635,0.0016966960080897961,0.0,0.0,0.0,-0.0005896121193453063,0.9999998261787593,0.004610242539673915,0.007239294661958636,0.0,0.0,0.0,-0.0010752304822456403,1477,1530
0.001496281503622548,0.0015553578363473382,0.0,0.0,0.0,-0.0005953945473372972,0.9999998227526509,-0.0011442841270129713,-0.000610466280222555,0.0,0.0,0.0,-4.984036241440741e-05,1477,1530
0.0015389042518821718,0.0015578958659823432,0.0,0.0,0.0,-0.0005829934643524717,0.9999998300592958,0.0003197660318048241,1.9423055508429813e-05,0.0,0.0,0.0,0.00018608512855410893,1477,1530
0.0015405980649972335,0.0015483657574576059,0.0,0.0,0.0,-0.0005604933683445822,0.9999998429235797,1.7077246121151016e-05,-9.543778880271951e-05,0.0,0.0,0.0,0.00045074120926320664,1477,1530
0.0014763630926034204,0.0014129033418243428,0.0,0.0,0.0,-0.0005035961144723928,0.9999998731954688,-0.0006398518315699548,-0.0013532728631417826,0.0,0.0,0.0,0.0011362068415756992,1477,1530
0.001562850217175216,0.0017410191387470352,0.0,0.0,0.0,-0.0006578358514252355,0.9999997836259729,0.0008617814960241295,0.0032828481084786233,0.0,0.0,0.0,-0.0030855666416883293,1477,1530
0.001699366976450077,0.001527913954893847,0.0,0.0,0.0,-0.0005387435475509972,0.9999998548776845,0.0013675052234201383,-0.002128530181870377,0.0,0.0,0.0,0.0023810369469917684,1477,1530
0.0017284642145373587,0.0015191129341550727,0.0,0.0,0.0,-0.0005604186622978046,0.9999998429654491,0.00017477410205142486,-5.26583186874207e-05,0.0,0.0,0.0,-0.0002603008066447448,1477,1530
0.001451933742263377,0.0015366313315476918,0.0,0.0,0.0,-0.0005732783922224388,0.999999835675929,-0.007704843112730132,0.00047943723741689694,0.0,0.0,0.0,-0.0007165593285819146,1477,1530
0.0014059710586889647,0.0014744605979001596,0.0,0.0,0.0,-0.000569028477025171,0.9999998381032831,-0.00035097757679418054,-0.00047588500149875815,0.0,0.0,0.0,6.500678210754753e-05,1477,1530
0.0014059710586889647,0.0014744605979001596,0.0,0.0,0.0,-0.000569028477025171,0.9999998381032831,-0.00035097757679418054,-0.00047588500149875815,0.0,0.0,0.0,6.500678210754753e-05,1477,1530
0.001415635101178453,0.0015763481401018522,0.0,0.0,0.0,-0.0005789840671276541,0.9999998323887109,5.719469524392311e-05,0.0006103898074136959,0.0,0.0,0.0,-0.00011927149565664357,1477,1530
0.0015502672963628482,0.0016084246731099244,0.0,0.0,0.0,-0.0005634276348827507,0.9999998412746376,0.0020220991154719617,0.0004842464359282413,0.0,0.0,0.0,0.00046742690370721074,1477,1530
0.0017094177482493947,0.0014958396827860685,0.0,0.0,0.0,-0.0005762680340479661,0.9999998339575626,0.0011939284425828505,-0.0008425826375617274,0.0,0.0,0.0,-0.00019250110564383348,1477,1530
0.0017094177482493947,0.0014958396827860685,0.0,0.0,0.0,-0.0005762680340479661,0.9999998339575626,0.0011939284425828505,-0.0008425826375617274,0.0,0.0,0.0,-0.00019250110564383348,1477,1530
0.0015947724855420523,0.0017435165212579286,0.0,0.0,0.0,-0.0006123514792185329,0.9999998125128154,-0.0011490306626970154,0.00247485144759301,0.0,0.0,0.0,-0.000721495871732903,1477,1530
0.0015947724855420523,0.0017435165212579286,0.0,0.0,0.0,-0.0006123514792185329,0.9999998125128154,-0.0011490306626970154,0.00247485144759301,0.0,0.0,0.0,-0.000721495871732903,1477,1530
0.0015947724855420523,0.0017435165212579286,0.0,0.0,0.0,-0.0006123514792185329,0.9999998125128154,-0.0011490306626970154,0.00247485144759301,0.0,0.0,0.0,-0.000721495871732903,1477,1530
0.0015868168418799481,0.001560887242558865,0.0,0.0,0.0,-0.000535507367934222,0.9999998566159192,-1.657393158574962e-05,-0.00039149711484538877,0.0,0.0,0.0,0.0003294397333568798,1477,1530
0.0014070664231803118,0.0014411757569701936,0.0,0.0,0.0,-0.0005248434751618661,0.9999998622696539,-0.004805942551425151,-0.0032081319665389512,0.0,0.0,0.0,0.0005706431716890966,1477,1530
0.001706741073817199,0.0015975728003207279,0.0,0.0,0.0,-0.0005574267094044378,0.9999998446377197,0.0018402752491619922,0.0009628794659075763,0.0,0.0,0.0,-0.000400401086417788,1477,1530
0.0015799899434663861,0.001587784517663072,0.0,0.0,0.0,-0.0005668517683059806,0.9999998393395235,-0.0012187020566440119,-9.548045582322528e-05,0.0,0.0,0.0,-0.00018125813282434482,1477,1530
0.0015799899434663861,0.001587784517663072,0.0,0.0,0.0,-0.0005668517683059806,0.9999998393395235,-0.0012187020566440119,-9.548045582322528e-05,0.0,0.0,0.0,-0.00018125813282434482,1477,1530
0.0013742936446947175,0.0015076792733958596,0.0,0.0,0.0,-0.0005854990951143804,0.9999998285953902,-0.003235892144957921,-0.0012643949601370697,0.0,0.0,0.0,-0.0005869569839891218,1477,1530
0.0015300902690732053,0.0016790436841128162,0.0,0.0,0.0,-0.0005935140985686778,0.9999998238704919,0.0007807587520625159,0.0008607980950197056,0.0,0.0,0.0,-8.043640206046016e-05,1477,1530
0.0014922389665459903,0.0015043552401173125,0.0,0.0,0.0,-0.0005825578512781668,0.9999998303131605,-0.0011401719102277007,-0.005292381011625885,0.0,0.0,0.0,0.0006636933114009692,1477,1530
0.0014767720488836132,0.0014050982047340435,0.0,0.0,0.0,-0.0005134072600069174,0.999999868206484,-7.673980720823938e-05,-0.0004962682461191087,0.0,0.0,0.0,0.000691357374288101,1477,1530
0.0014767720488836132,0.0014050982047340435,0.0,0.0,0.0,-0.0005134072600069174,0.999999868206484,-7.673980720823938e-05,-0.0004962682461191087,0.0,0.0,0.0,0.000691357374288101,1477,1530
0.001537266307915451,0.0014002560964033776,0.0,0.0,0.0,-0.0005127742585306208,0.9999998685312712,0.00036243993654114877,-2.8636065962948996e-05,0.0,0.0,0.0,7.584399415525873e-06,1477,1530
0.001537266307915451,0.0014002560964033776,0.0,0.0,0.0,-0.0005127742585306208,0.9999998685312712,0.00036243993654114877,-2.8636065962948996e-05,0.0,0.0,0.0,7.584399415525873e-06,1477,1530
0.001537266307915451,0.0014002560964033776,0.0,0.0,0.0,-0.0005127742585306208,0.9999998685312712,0.0,0.0,0.0,0.0,0.0,3.562325149637671e-19,1477,1530
0.001537266307915451,0.0014002560964033776,0.0,0.0,0.0,-0.0005127742585306208,0.9999998685312712,0.0,0.0,0.0,0.0,0.0,1.0542273330973572e-18,1477,1530
0.001537266307915451,0.0014002560964033776,0.0,0.0,0.0,-0.0005127742585306208,0.9999998685312712,0.0,0.0,0.0,0.0,0.0,5.339338887610256e-19,1477,1530
0.001537266307915451,0.0014002560964033776,0.0,0.0,0.0,-0.0005127742585306209,0.9999998685312712,0.0,0.0,0.0,0.0,0.0,-1.0937400860531004e-18,1477,1530
0.0015354139395807112,0.001487098891011224,0.0,0.0,0.0,-0.0005248141985393584,0.999999862285019,-1.9387340078735737e-05,0.0008672030801790836,0.0,0.0,0.0,-0.00024046458679993427,1477,1530
0.0015354139395807112,0.001487098891011224,0.0,0.0,0.0,-0.0005248141985393584,0.999999862285019,-1.9387340078735737e-05,0.0008672030801790836,0.0,0.0,0.0,-0.00024046458679993427,1477,1530
0.0014340791170085125,0.001679894277711668,0.0,0.0,0.0,-0.0006031824823418225,0.9999998180854299,-0.0015276092290387557,0.0028989726876762116,0.0,0.0,0.0,-0.002358075952535031,1477,1530
0.0015817104913890194,0.0015500036994815492,0.0,0.0,0.0,-0.0005279553913381681,0.9999998606315427,0.0014535472428510617,-0.0012757675160693044,0.0,0.0,0.0,0.0014797706981493854,1477,1530
0.0012814980032908895,0.001440832974031814,0.0,0.0,0.0,-0.0004852801266955999,0.9999998822515924,-0.001795654999924887,-0.0006551283008365917,0.0,0.0,0.0,0.0005107018753668441,1477,1530
0.0013652975791697763,0.0015046289819583682,0.0,0.0,0.0,-0.0005234076017488476,0.9999998630222318,0.0006376025534332438,0.0004863803978243302,0.0,0.0,0.0,-0.0005806274159447025,1477,1530
0.0013385418482398746,0.0014795253780970465,0.0,0.0,0.0,-0.00052136286151915,0.9999998640903741,-0.00016040517675880206,-0.00015081643577873887,0.0,0.0,0.0,2.454125444754152e-05,1477,1530
0.0013278972015366888,0.0013762903060571218,0.0,0.0,0.0,-0.0004921765266990792,0.999999878881126,-0.00015785287430849598,-0.0015467119391597253,0.0,0.0,0.0,0.0008744708342735989,1477,1530
0.0013278972015366888,0.0013762903060571218,0.0,0.0,0.0,-0.0004921765266990792,0.999999878881126,-0.00015785287430849598,-0.0015467119391597253,0.0,0.0,0.0,0.0008744708342735989,1477,1530
0.001324022776333373,0.0012453909143482367,0.0,0.0,0.0,-0.00044712323471668024,0.9999999000404015,0.0,0.0,0.0,0.0,0.0,2.9116261794559324e-19,1477,1530
0.001324022776333373,0.0012453909143482367,0.0,0.0,0.0,-0.00044712323471668024,0.9999999000404015,0.0,0.0,0.0,0.0,0.0,2.9116261794559324e-19,1477,1530
0.001324022776333373,0.0012453909143482367,0.0,0.0,0.0,-0.00044712323471668024,0.9999999000404015,0.0,0.0,0.0,0.0,0.0,3.829891362923691e-19,1477,1530
0.001324022776333373,0.0012453909143482367,0.0,0.0,0.0,-0.00044712323471668024,0.9999999000404015,0.0,0.0,0.0,0.0,0.0,3.865159803168895e-19,1477,1530
0.001324022776333373,0.0012453909143482367,0.0,0.0,0.0,-0.0004471232347166802,0.9999999000404015,0.0,0.0,0.0,0.0,0.0,1.4698061841806413e-18,1477,1530
0.001341270258744156,0.0016276051516810998,0.0,0.0,0.0,-0.0005727881348165408,0.9999998359568628,0.00016893687298459201,0.0038195831760215707,0.0,0.0,0.0,-0.0025115151480786,1477,1530
0.0014263666289785469,0.0012844376782800652,0.0,0.0,0.0,-0.0004977071168414563,0.9999998761438053,0.0005132774493025896,-0.0020597862812363208,0.0,0.0,0.0,0.000901570987261492,1477,1530
0.0013873542103321655,0.0013788595233954733,0.0,0.0,0.0,-0.0004712661698911993,0.9999998889540923,-0.0002933228436088649,0.0007079324104385476,0.0,0.0,0.0,0.0003966479658443922,1477,1530
0.0013873542103321655,0.0013788595233954733,0.0,0.0,0.0,-0.0004712661698911993,0.9999998889540923,-0.0002933228436088649,0.0007079324104385476,0.0,0.0,0.0,0.0003966479658443922,1477,1530
0.0014366557924062086,0.0011880684496922414,0.0,0.0,0.0,-0.000419088460096217,0.9999999121824275,0.0004940135671434946,-0.0019043601428347851,0.0,0.0,0.0,0.001041866475261869,1477,1530
0.0014374597949533064,0.001609349042002323,0.0,0.0,0.0,-0.0005785411418994453,0.9999998326450595,4.510209121407683e-06,0.004213991099738444,0.0,0.0,0.0,-0.0031899472078916863,1477,1530
0.0014796782442442085,0.0014752351325099447,0.0,0.0,0.0,-0.0005160111628244077,0.9999998668662311,0.00042212350652262934,-0.0013355479020375743,0.0,0.0,0.0,0.0012458406568646246,1477,1530
0.00141425194006129,0.0014973342937886953,0.0,0.0,0.0,-0.0005640919544801412,0.9999998409001208,-0.0006571126410969818,0.00022119886459534308,0.0,0.0,0.0,-0.0009654681911498719,1477,1530
0.0013346334992115493,0.0014972738860475007,0.0,0.0,0.0,-0.0005508757339314841,0.9999998482679513,-0.0007960638107241578,-1.5020940087318988e-06,0.0,0.0,0.0,0.0002642848093204393,1477,1530
0.0014608571072613824,0.0020063230832072483,0.0,0.0,0.0,-0.0007031401856797527,0.9999997527969091,0.0009423311498510376,0.003818346458105988,0.0,0.0,0.0,-0.0022836303830817734,1477,1530
0.0014608571072613824,0.0020063230832072483,0.0,0.0,0.0,-0.0007031401856797527,0.9999997527969091,0.0009423311498510376,0.003818346458105988,0.0,0.0,0.0,-0.0022836303830817734,1477,1530
0.0014027094857239318,0.0016146227483326368,0.0,0.0,0.0,-0.0006071787578565146,0.9999998156669611,-0.00028761259816911653,-0.001956384860505551,0.0,0.0,0.0,0.0009583781752313165,1477,1530
0.0014840931711543656,0.0016995525228986706,0.0,0.0,0.0,-0.0006070012973639003,0.9999998157746955,0.0024588725294225,0.0025722574061116652,0.0,0.0,0.0,1.0736963051579881e-05,1477,1530
0.0014546469727526239,0.0014152750131828163,0.0,0.0,0.0,-0.0005220539491839093,0.9999998637298277,-0.00014542605845796578,-0.0014207909088852042,0.0,0.0,0.0,0.0008490109054502044,1477,1530
0.0014776692896861122,0.0016123836588530292,0.0,0.0,0.0,-0.000588547569256982,0.9999998268058644,0.0003430021304680198,0.0029635083585354363,0.0,0.0,0.0,-0.0019992071644099984,1477,1530
0.0014776692896861122,0.0016123836588530292,0.0,0.0,0.0,-0.000588547569256982,0.9999998268058644,0.0003430021304680198,0.0029635083585354363,0.0,0.0,0.0,-0.0019992071644099984,1477,1530
0.001416896861363156,0.0012869403724296718,0.0,0.0,0.0,-0.00045919395697542246,0.9999998945704494,-0.00030173532815670425,-0.0016264344752745443,0.0,0.0,0.0,0.0012926314555906284,1477,1530
0.0013613637362975214,0.0017704880630114365,0.0,0.0,0.0,-0.0005811868849010822,0.9999998311108882,-0.0004093485484459312,0.003535700861557514,0.0,0.0,0.0,-0.0017842138285190491,1477,1530
0.0013613637362975214,0.0017704880630114365,0.0,0.0,0.0,-0.0005811868849010822,0.9999998311108882,-0.0004093485484459312,0.003535700861557514,0.0,0.0,0.0,-0.0017842138285190491,1477,1530
0.0014375398124727866,0.0014540892469011221,0.0,0.0,0.0,-0.0005095513521316835,0.9999998701787014,0.0005893696839749312,-0.002435514862922479,0.0,0.0,0.0,0.0011031544939963025,1477,1530
0.0014240316337820681,0.0014907775005179496,0.0,0.0,0.0,-0.000519796676008349,0.9999998649056987,-0.00010149528525208603,0.0002747974550091075,0.0,0.0,0.0,-0.00015353402118192588,1477,1530
0.0013123616670487382,0.0013409683919365768,0.0,0.0,0.0,-0.0004994360260597824,0.9999998752818201,-0.0016793796249678675,-0.0022578404109409866,0.0,0.0,0.0,0.0006132541969046799,1477,1530
0.0013495653710422924,0.001642870371336706,0.0,0.0,0.0,-0.0005607604527240969,0.999999842773845,0.0002764079818251628,0.002261613639274616,0.0,0.0,0.0,-0.0009186768422647309,1477,1530
0.0013495653710422924,0.001642870371336706,0.0,0.0,0.0,-0.0005607604527240969,0.999999842773845,0.0002764079818251628,0.002261613639274616,0.0,0.0,0.0,-0.0009186768422647309,1477,1530
0.0013712447826199879,0.0012635194943876116,0.0,0.0,0.0,-0.0005017280809265544,0.9999998741344585,0.00022102637551765913,-0.003792883956245521,0.0,0.0,0.0,0.00118052954908312,1477,1530
0.0013796944728059507,0.0014051116663965088,0.0,0.0,0.0,-0.0005268987804756663,0.9999998611888279,6.228103076171552e-05,0.00106156114533594,0.0,0.0,0.0,-0.00037740297739955467,1477,1530
0.001345395384848908,0.0012117886398431757,0.0,0.0,0.0,-0.000423493711741077,0.999999910326534,-0.00034098755482627326,-0.0019337840134210592,0.0,0.0,0.0,0.0020683084362717874,1477,1530
0.0014056397194323932,0.0015017242391043666,0.0,0.0,0.0,-0.0005628030194142011,0.9999998416263681,0.0004498634724943223,0.002174284675470888,0.0,0.0,0.0,-0.002089049707580567,1477,1530
0.0014056397194323932,0.0015017242391043666,0.0,0.0,0.0,-0.0005628030194142011,0.9999998416263681,0.0004498634724943223,0.002174284675470888,0.0,0.0,0.0,-0.002089049707580567,1477,1530
0.001405260007925511,0.001175398151386572,0.0,0.0,0.0,-0.0004441381819816145,0.9999999013706328,-9.31131290386465e-08,-0.0024510749038390654,0.0,0.0,0.0,0.0017826110483033562,1477,1530
0.0012090269444812508,0.00139576885378215,0.0,0.0,0.0,-0.0005135447867474146,0.9999998681358673,-0.0014360295358723388,0.0016097868662041217,0.0,0.0,0.0,-0.0010148204155556702,1477,1530
0.0014920839996512183,0.0014769024756649722,0.0,0.0,0.0,-0.0005653502459587388,0.9999998401895369,0.0014392926685023741,0.0004141496393807891,0.0,0.0,0.0,-0.0005269978203283159,1477,1530
0.0014920839996512183,0.0014769024756649722,0.0,0.0,0.0,-0.0005653502459587388,0.9999998401895369,0.0014392926685023741,0.0004141496393807891,0.0,0.0,0.0,-0.0005269978203283159,1477,1530
0.001476352532922187,0.0017028974833853644,0.0,0.0,0.0,-0.0006090502318188208,0.9999998145288904,-0.00015957467982615823,0.0022555979006898224,0.0,0.0,0.0,-0.000872385953658131,1477,1530
0.0013941530746427592,0.0011881668509611683,0.0,0.0,0.0,-0.00045594487326771276,0.9999998960571308,-0.000815536464525353,-0.005147119939746414,0.0,0.0,0.0,0.0030614034733867424,1477,1530
0.0013941530746427592,0.0011881668509611683,0.0,0.0,0.0,-0.00045594487326771276,0.9999998960571308,-0.000815536464525353,-0.005147119939746414,0.0,0.0,0.0,0.0030614034733867424,1477,1530
0.0012966573091138108,0.0016985367089865375,0.0,0.0,0.0,-0.0006158319946537831,0.9999998103754593,-0.00041986998574914823,0.0021871080499092435,0.0,0.0,0.0,-0.0013705806691702825,1477,1530
0.0011645457628037146,0.001332950448084557,0.0,0.0,0.0,-0.0004831455642800823,0.9999998832851751,-0.0019814761875295117,-0.005504450239424588,0.0,0.0,0.0,0.003993813024508117,1477,1530
0.0011645457628037146,0.001332950448084557,0.0,0.0,0.0,-0.0004831455642800823,0.9999998832851751,-0.0019814761875295117,-0.005504450239424588,0.0,0.0,0.0,0.003993813024508117,1477,1530
0.001418783552163863,0.0013221436165960112,0.0,0.0,0.0,-0.0004686113150681116,0.9999998902017116,0.0007534304326250556,-3.129658783581113e-05,0.0,0.0,0.0,8.6140634618658e-05,1477,1530
0.001425358839680832,0.0012908530906599802,0.0,0.0,0.0,-0.00047220372804948884,0.9999998885118134,0.00022459315179868848,-0.0010638402314368395,0.0,0.0,0.0,-0.0002443236901990586,1477,1530
0.001425358839680832,0.0012908530906599802,0.0,0.0,0.0,-0.00047220372804948884,0.9999998885118134,0.00022459315179868848,-0.0010638402314368395,0.0,0.0,0.0,-0.0002443236901990586,1477,1530
0.0014742836673486957,0.0018943971521214876,0.0,0.0,0.0,-0.0006406291785819809,0.9999997947971067,0.0002902554377800063,0.003623119663831094,0.0,0.0,0.0,-0.0020219872985519035,1477,1530
0.001524549000101203,0.0018956204807325967,0.0,0.0,0.0,-0.0006655862287096868,0.9999997784974616,0.00037654114298258827,9.646788261387054e-06,0.0,0.0,0.0,-0.0003739220821118797,1477,1530
0.001524549000101203,0.0018956204807325967,0.0,0.0,0.0,-0.0006655862287096868,0.9999997784974616,0.00037654114298258827,9.646788261387054e-06,0.0,0.0,0.0,-0.0003739220821118797,1477,1530
0.0014546588478687168,0.0017020304571533276,0.0,0.0,0.0,-0.0006002919446767761,0.9999998198247744,-0.0004179439558888291,-0.0011625135071254547,0.0,0.0,0.0,0.0007838121696801607,1477,1530
0.0014732096459087493,0.001880135896319537,0.0,0.0,0.0,-0.0006695711007214792,0.9999997758372454,0.00018337504313243968,0.0017813292657851633,0.0,0.0,0.0,-0.0013856249681025385,1477,1530
0.0011323632823319334,0.001425439763132192,0.0,0.0,0.0,-0.0005048656940902918,0.9999998725553073,-0.0025502931191005267,-0.0034116539650478356,0.0,0.0,0.0,0.0024691432411118857,1477,1530
0.001510132324311921,0.0016217431955770896,0.0,0.0,0.0,-0.0005670429009654004,0.9999998392311613,0.0028143518935686476,0.0014660572722227994,0.0,0.0,0.0,-0.0009269182950852588,1477,1530
0.001510132324311921,0.0016217431955770896,0.0,0.0,0.0,-0.0005670429009654004,0.9999998392311613,0.0028143518935686476,0.0014660572722227994,0.0,0.0,0.0,-0.0009269182950852588,1477,1530
0.001454825639474642,0.0017797010505721076,0.0,0.0,0.0,-0.0006124703261948119,0.9999998124400322,-0.0004190294679814938,0.0011924255628159987,0.0,0.0,0.0,-0.0006861372671950549,1477,1530
0.001389094714461779,0.0016152416360735917,0.0,0.0,0.0,-0.0005734813571916806,0.999999835559553,-0.0006542082414612135,-0.0016426712415548513,0.0,0.0,0.0,0.0007784872282088119,1477,1530
0.0014633343516104772,0.0016991368656292902,0.0,0.0,0.0,-0.000597178180682417,0.9999998216890944,0.0007391422952079947,0.0008372079000534706,0.0,0.0,0.0,-0.00047247188811623206,1477,1530
0.0014728690002720076,0.0018663654240016548,0.0,0.0,0.0,-0.0006480419499683502,0.9999997900207934,9.374565817532002e-05,0.0016795025644870214,0.0,0.0,0.0,-0.001021596937605808,1477,1530
0.001487976965569247,0.0017948995964136164,0.0,0.0,0.0,-0.0006325201440491575,0.9999997999591137,7.605232549601982e-05,-0.0003574632830150734,0.0,0.0,0.0,0.0001553190483852974,1477,1530
0.001487976965569247,0.0017948995964136164,0.0,0.0,0.0,-0.0006325201440491575,0.9999997999591137,7.605232549601982e-05,-0.0003574632830150734,0.0,0.0,0.0,0.0001553190483852974,1477,1530
0.0013775585309998982,0.0016613074992262275,0.0,0.0,0.0,-0.0005729196979543573,0.9999998358814964,-0.0016462251850091042,-0.0019968594471071054,0.0,0.0,0.0,0.0017798885157427813,1477,1530
0.0014116250120993724,0.001724996728726255,0.0,0.0,0.0,-0.0005885473727634883,0.99999982680598,0.00020424969578646524,0.0003829107702256443,0.0,0.0,0.0,-0.00018779767523937954,1477,1530
0.0014189187967207403,0.0017502959785154432,0.0,0.0,0.0,-0.0005967086283969259,0.9999998219693905,4.3248392233709416e-05,0.00015067764787175776,0.0,0.0,0.0,-9.718096054440362e-05,1477,1530
0.001564993242489516,0.0017507336216413963,0.0,0.0,0.0,-0.0006036420356266027,0.9999998178081299,0.004545205658570191,1.9041961155612202e-05,0.0,0.0,0.0,-0.00043147728411090986,1477,1530
0.0014695132512316496,0.0018087294722890087,0.0,0.0,0.0,-0.0006240861387091776,0.9999998052582267,-0.0009537349815749777,0.0005777365566757377,0.0,0.0,0.0,-0.0004081271035279662,1477,1530
0.0014695132512316496,0.0018087294722890087,0.0,0.0,0.0,-0.0006240861387091776,0.9999998052582267,-0.0009537349815749777,0.0005777365566757377,0.0,0.0,0.0,-0.0004081271035279662,1477,1530
0.0014253976638226836,0.001954994238252914,0.0,0.0,0.0,-0.0006640284559078822,0.9999997795330806,-0.00033254597388213244,0.0010975954191232901,0.0,0.0,0.0,-0.0005996940968699412,1477,1530
0.00162610084007188,0.0016263034120326382,0.0,0.0,0.0,-0.0005859428266548147,0.9999998283354872,0.00201369080034185,-0.00328798821833706,0.0,0.0,0.0,0.001563495273490901,1477,1530
0.0014502595157751953,0.0018071702969203647,0.0,0.0,0.0,-0.0006220065965998059,0.9999998065538781,-0.0008694026085314373,0.0008921559849885994,0.0,0.0,0.0,-0.00035618720602965243,1477,1530
0.0015148950442840637,0.001778457677821015,0.0,0.0,0.0,-0.0006090312551911195,0.999999814540448,0.0010087693984458521,-0.0004466173149996507,0.0,0.0,0.0,0.000404790087705503,1477,1530
0.0015148950442840637,0.001778457677821015,0.0,0.0,0.0,-0.0006090312551911195,0.999999814540448,0.0010087693984458521,-0.0004466173149996507,0.0,0.0,0.0,0.000404790087705503,1477,1530
0.0014396629730479267,0.0017758878708568069,0.0,0.0,0.0,-0.0006221820484432414,0.9999998064447305,-0.0005633814263442623,-1.9931269940189467e-05,0.0,0.0,0.0,-0.00019696992823728632,1477,1530
0.0013832741327114465,0.001784026896508327,0.0,0.0,0.0,-0.0006542868810848142,0.9999997859543157,-0.0005638313730995296,8.066592469425689e-05,0.0,0.0,0.0,-0.0006419170467525407,1477,1530
0.0015156589959516692,0.0017043262286850437,0.0,0.0,0.0,-0.0006117054029223368,0.9999998129082325,0.0006623524910263438,-0.000397581159955058,0.0,0.0,0.0,0.0004257552611003448,1477,1530
0.0015156589959516692,0.0017043262286850437,0.0,0.0,0.0,-0.0006117054029223368,0.9999998129082325,0.0006623524910263438,-0.000397581159955058,0.0,0.0,0.0,0.0004257552611003448,1477,1530
0.0014002053811000695,0.0016324902271989288,0.0,0.0,0.0,-0.0005918533142357396,0.9999998248548119,-0.000865218532934595,-0.0005398141168616291,0.0,0.0,0.0,0.00029777319544045607,1477,1530
0.001408828803022002,0.0018443663111849255,0.0,0.0,0.0,-0.0006021062235717963,0.9999998187340313,5.025640643601358e-05,0.0012718408573308482,0.0,0.0,0.0,-0.00012308564524079893,1477,1530
0.0014654828480491142,0.001651397930771051,0.0,0.0,0.0,-0.0005799582841939095,0.9999998318241802,0.0008526519302845209,-0.0028913173105153058,0.0,0.0,0.0,0.0006639370248925835,1477,1530
0.0014654828480491142,0.001651397930771051,0.0,0.0,0.0,-0.0005799582841939095,0.9999998318241802,0.0008526519302845209,-0.0028913173105153058,0.0,0.0,0.0,0.0006639370248925835,1477,1530
0.001522125087325623,0.0016355016774480416,0.0,0.0,0.0,-0.0005685876975802935,0.999999838354002,0.0003393198079900086,-9.480331751609608e-05,0.0,0.0,0.0,0.00013618857594344897,1477,1530
0.0013859030708834612,0.0017552055780860017,0.0,0.0,0.0,-0.0006426538725790155,0.9999997934979787,-0.0013647951944400511,0.0011965540825234816,0.0,0.0,0.0,-0.0014826433231737088,1477,1530
0.0014004597557737857,0.0018637026069884461,0.0,0.0,0.0,-0.0006480844790251512,0.9999997899932319,0.00014381267654472397,0.0010824503650773097,0.0,0.0,0.0,-0.00010834129829513397,1477,1530
0.0014007958930252868,0.0015782230177204557,0.0,0.0,0.0,-0.0005269865535889855,0.9999998611425766,5.312199929242918e-06,-0.002147539841625876,0.0,0.0,0.0,0.0018219395652782635,1477,1530
0.0014007958930252868,0.0015782230177204557,0.0,0.0,0.0,-0.0005269865535889855,0.9999998611425766,5.312199929242918e-06,-0.002147539841625876,0.0,0.0,0.0,0.0018219395652782635,1477,1530
0.0014007958930252868,0.0015782230177204557,0.0,0.0,0.0,-0.0005269865535889855,0.9999998611425766,5.312199929242918e-06,-0.002147539841625876,0.0,0.0,0.0,0.0018219395652782635,1477,1530
0.0014951219386691488,0.0016687182003020627,0.0,0.0,0.0,-0.0006097460337510825,0.9999998141048698,0.0005636307909014143,0.0005418820433621991,0.0,0.0,0.0,-0.0009900349129236205,1477,1530
0.0014668563782865877,0.0020206943557621562,0.0,0.0,0.0,-0.0006783710130811743,0.9999997699063579,-0.00021550548936609008,0.0026431752229967684,0.0,0.0,0.0,-0.0010307845006482805,1477,1530
0.0014668563782865877,0.0020206943557621562,0.0,0.0,0.0,-0.0006783710130811743,0.9999997699063579,-0.00021550548936609008,0.0026431752229967684,0.0,0.0,0.0,-0.0010307845006482805,1477,1530
0.0014389901384693564,0.0016544905621563974,0.0,0.0,0.0,-0.0005927758704054173,0.9999998243083683,-0.00010262654330419107,-0.001373289726427078,0.0,0.0,0.0,0.0006419099391846367,1477,1530
0.0014210047903302776,0.0016129110967894815,0.0,0.0,0.0,-0.000561050001213892,0.9999998426114356,-0.00010789374812432923,-0.0002502481905660031,0.0,0.0,0.0,0.00038169220595979516,1477,1530
0.0014210047903302776,0.0016129110967894815,0.0,0.0,0.0,-0.000561050001213892,0.9999998426114356,-0.00010789374812432923,-0.0002502481905660031,0.0,0.0,0.0,0.00038169220595979516,1477,1530
0.001482476162640402,0.0016191534808515373,0.0,0.0,0.0,-0.0006005424775031737,0.9999998196743501,0.000449356491906849,4.614138561297053e-05,0.0,0.0,0.0,-0.0005774472404095454,1477,1530
0.0014425269997730705,0.0017998406052997327,0.0,0.0,0.0,-0.0006521195321839927,0.9999997873700353,-0.00041632449469830145,0.0018723337111909652,0.0,0.0,0.0,-0.0010691984655624355,1477,1530
0.0014425269997730705,0.0017998406052997327,0.0,0.0,0.0,-0.0006521195321839927,0.9999997873700353,-0.00041632449469830145,0.0018723337111909652,0.0,0.0,0.0,-0.0010691984655624355,1477,1530
0.0014847590881436866,0.0017693394097169383,0.0,0.0,0.0,-0.0006342674574971969,0.999999798852376,0.00021134859903865035,-0.0001522228334243967,0.0,0.0,0.0,0.0001785118581947743,1477,1530
0.0014847590881436866,0.0017693394097169383,0.0,0.0,0.0,-0.0006342674574971969,0.999999798852376,0.00021134859903865035,-0.0001522228334243967,0.0,0.0,0.0,0.0001785118581947743,1477,1530
0.0015230106891884207,0.0016411484007521253,0.0,0.0,0.0,-0.0005855796576484853,0.9999998285482176,0.00019193656943046488,-0.0006402637271002126,0.0,0.0,0.0,0.00048653751264497144,1477,1530
0.0014452942636554245,0.0015583746539433254,0.0,0.0,0.0,-0.0005493689297916048,0.9999998490968781,-0.00038824274606230174,-0.0004144789713246884,0.0,0.0,0.0,0.0003622431780053947,1477,1530
0.0014452942636554245,0.0015583746539433254,0.0,0.0,0.0,-0.0005493689297916048,0.9999998490968781,-0.00038824274606230174,-0.0004144789713246884,0.0,0.0,0.0,0.0003622431780053947,1477,1530
0.0014685662875925866,0.001735688980067283,0.0,0.0,0.0,-0.0006072391390711475,0.9999998156302969,0.0003455289566407031,0.002655264253230138,0.0,0.0,0.0,-0.0017329525942458915,1477,1530
0.0013475149737818756,0.0017301381824034096,0.0,0.0,0.0,-0.0005750656576936748,0.999999834649731,-0.0009092201849019294,-4.279882621750742e-05,0.0,0.0,0.0,0.0004833393975062302,1477,1530
0.0013880713333870678,0.0015971326801038238,0.0,0.0,0.0,-0.0005612593162931501,0.9999998424939776,0.00040649145813390005,-0.0013276228102219072,0.0,0.0,0.0,0.00027571880873505813,1477,1530
0.001450046935213904,0.0016136763014734004,0.0,0.0,0.0,-0.0005911747025422247,0.9999998252562202,0.0004645775577781094,0.000124572064782744,0.0,0.0,0.0,-0.0004486344117825605,1477,1530
0.0014317198224829742,0.001823569430185117,0.0,0.0,0.0,-0.0006172060768349655,0.9999998095283112,-0.00010969213944273635,0.0012393487241916094,0.0,0.0,0.0,-0.0003074451286389748,1477,1530
0.0014317198224829742,0.001823569430185117,0.0,0.0,0.0,-0.0006172060768349655,0.9999998095283112,-0.00010969213944273635,0.0012393487241916094,0.0,0.0,0.0,-0.0003074451286389748,1477,1530
0.0013966208022730357,0.0018522445053258,0.0,0.0,0.0,-0.0007215964808970105,0.9999997396492255,-0.0005484949157453081,0.0004469796216536852,0.0,0.0,0.0,-0.00325934892308058,1477,1530
0.0015912670572548744,0.0018369890177088004,0.0,0.0,0.0,-0.0007104863503970791,0.9999997476045411,0.0009733549447405595,-7.487392159780339e-05,0.0,0.0,0.0,0.0001111030000242817,1477,1530
0.001416809697033746,0.001831777674708041,0.0,0.0,0.0,-0.0007027174410930567,0.9999997530940685,-0.004756899596921416,-0.00014886256437272456,0.0,0.0,0.0,0.0004236856130351644,1477,1530
0.0016218193845018432,0.001952931666437835,0.0,0.0,0.0,-0.0007856608784442549,0.9999996913684445,0.001578442441737798,0.0009358032855067329,0.0,0.0,0.0,-0.0012782853174026062,1477,1530
0.0016218193845018432,0.001952931666437835,0.0,0.0,0.0,-0.0007856608784442549,0.9999996913684445,0.001578442441737798,0.0009358032855067329,0.0,0.0,0.0,-0.0012782853174026062,1477,1530
0.0014949857164018186,0.0018143009778137128,0.0,0.0,0.0,-0.0006949189211236997,0.9999997585438174,-0.0006324301499492137,-0.0006934382953553139,0.0,0.0,0.0,0.0009064906679831807,1477,1530
0.001603292855687917,0.0020594190342952965,0.0,0.0,0.0,-0.0007904724639298472,0.9999996875765931,0.003237857562211402,0.00735547605532915,0.0,0.0,0.0,-0.0057312082201601946,1477,1530
0.0015342555039189868,0.0018428655047499705,0.0,0.0,0.0,-0.0007155412969083555,0.9999997440002935,-0.0005149195811093809,-0.0016240463772070478,0.0,0.0,0.0,0.0011233303332252344,1477,1530
0.0015012802346365832,0.002015321505759089,0.0,0.0,0.0,-0.0007767799436167813,0.9999996983064141,-0.00032134910221055584,0.001667669095427516,0.0,0.0,0.0,-0.0011846950412970768,1477,1530
0.0016473034813871417,0.0018892129687314548,0.0,0.0,0.0,-0.0007636845610951366,0.9999997083929031,0.0015157252937651263,-0.0013049045181075176,0.0,0.0,0.0,0.0002714970022356445,1477,1530
0.0016042593491541702,0.0019588468194208252,0.0,0.0,0.0,-0.0007759512429354788,0.999999698949789,-0.0003238452657340579,0.0005221100027557675,0.0,0.0,0.0,-0.00018412364496489254,1477,1530
0.0015806776712387679,0.0018664509732634746,0.0,0.0,0.0,-0.0007107912968151774,0.9999997473878343,-0.00017552016099150672,-0.0006921903557675236,0.0,0.0,0.0,0.0009759160689169565,1477,1530
0.0015806776712387679,0.0018664509732634746,0.0,0.0,0.0,-0.0007107912968151774,0.9999997473878343,-0.00017552016099150672,-0.0006921903557675236,0.0,0.0,0.0,0.0009759160689169565,1477,1530
0.0015117528186424892,0.0019178362764311644,0.0,0.0,0.0,-0.0007109373081279447,0.99999974728404,-0.0006710284698646328,0.0004987869456500203,0.0,0.0,0.0,-2.840024695775261e-06,1477,1530
0.0015224651942200495,0.0018197336042039714,0.0,0.0,0.0,-0.0006755218771395345,0.9999997718350707,0.00011085537544420415,-0.0010019954787694333,0.0,0.0,0.0,0.0007235614655458928,1477,1530
0.0016276614978048452,0.0019322249181503886,0.0,0.0,0.0,-0.0007404112896792308,0.9999997258955236,0.0005274257743564933,0.0005655305981836161,0.0,0.0,0.0,-0.000651618051127484,1477,1530
0.0016276614978048452,0.0019322249181503886,0.0,0.0,0.0,-0.0007404112896792308,0.9999997258955236,0.0005274257743564933,0.0005655305981836161,0.0,0.0,0.0,-0.000651618051127484,1477,1530
0.0015113584205307367,0.0017848775808583098,0.0,0.0,0.0,-0.0006952509331006632,0.9999997583130408,-0.0011609636418950626,-0.001475341533288437,0.0,0.0,0.0,0.0009032976938135294,1477,1530
0.0015285527744765077,0.0017088547024411047,0.0,0.0,0.0,-0.0006813557436179097,0.9999997678771484,0.0001725673285247324,-0.0007580861651932593,0.0,0.0,0.0,0.00027720806323970994,1477,1530
0.0015729427144435485,0.0018734958131632917,0.0,0.0,0.0,-0.0007263367081305841,0.9999997362174584,0.00016563299219790232,0.0006176759855592514,0.0,0.0,0.0,-0.00033738219926026736,1477,1530
0.001618705978271787,0.001987511840832504,0.0,0.0,0.0,-0.0007768260323640795,0.9999996982706122,0.001375368368874963,0.0034410878782235818,0.0,0.0,0.0,-0.003045838293818392,1477,1530
0.001618705978271787,0.001987511840832504,0.0,0.0,0.0,-0.0007768260323640795,0.9999996982706122,0.0,0.0,0.0,0.0,0.0,-2.3912646168297074e-20,1477,1530
0.001618705978271787,0.001987511840832504,0.0,0.0,0.0,-0.0007768260323640795,0.9999996982706122,0.0,0.0,0.0,0.0,0.0,-2.3912646168297074e-20,1477,1530
0.001618705978271787,0.001987511840832504,0.0,0.0,0.0,-0.0007768260323640795,0.9999996982706122,0.0,0.0,0.0,0.0,0.0,-1.1692384264742436e-19,1477,1530
0.001618705978271787,0.001987511840832504,0.0,0.0,0.0,-0.0007768260323640795,0.9999996982706122,0.0,0.0,0.0,0.0,0.0,-3.98719878799292e-20,1477,1530
0.001618705978271787,0.001987511840832504,0.0,0.0,0.0,-0.0007768260323640797,0.9999996982706122,0.0,0.0,0.0,0.0,0.0,-3.281906326130008e-18,1477,1530
0.0014203241273494768,0.0020525346324544885,0.0,0.0,0.0,-0.0007524935478425326,0.9999997168766901,-0.0009924429445672613,0.0003235821917935334,0.0,0.0,0.0,0.00024333221630056046,1477,1530
0.0014615802493582004,0.0019654506768878905,0.0,0.0,0.0,-0.0007299140894575909,0.9999997336126755,0.0004144017890771555,-0.000871332976519535,0.0,0.0,0.0,0.000452168066843396,1477,1530
0.001606465804094345,0.0021843261480586147,0.0,0.0,0.0,-0.0008244264347600225,0.999999660160469,0.004304093124273309,0.006522768426441861,0.0,0.0,0.0,-0.005627746441547056,1477,1530
0.0015059576169392675,0.0021026992843030954,0.0,0.0,0.0,-0.000819004581268717,0.9999996646156917,-0.0007528931785570185,-0.0006135187256829923,0.0,0.0,0.0,8.13377937059589e-05,1477,1530
0.0017431083070500299,0.002750362062067681,0.0,0.0,0.0,-0.0010130501395023883,0.9999994868645757,0.0017740018992352434,0.004869520252579383,0.0,0.0,0.0,-0.0029161596707740927,1477,1530
0.001511714366658614,0.002007172776146821,0.0,0.0,0.0,-0.000761373184336366,0.9999997101553951,-0.003434799417277056,-0.011111126530814272,0.0,0.0,0.0,0.007520717543260973,1477,1530
0.001511714366658614,0.002007172776146821,0.0,0.0,0.0,-0.000761373184336366,0.9999997101553951,-0.003434799417277056,-0.011111126530814272,0.0,0.0,0.0,0.007520717543260973,1477,1530
0.0016483620898492088,0.002056937627993919,0.0,0.0,0.0,-0.0007553009391855955,0.999999714760205,0.00081898191114503,0.0002996730226722321,0.0,0.0,0.0,7.282705353556406e-05,1477,1530
0.0016483620898492088,0.002056937627993919,0.0,0.0,0.0,-0.0007553009391855955,0.999999714760205,0.00081898191114503,0.0002996730226722321,0.0,0.0,0.0,7.282705353556406e-05,1477,1530
0.0016483620898492088,0.002056937627993919,0.0,0.0,0.0,-0.0007553009391855955,0.999999714760205,0.00081898191114503,0.0002996730226722321,0.0,0.0,0.0,7.282705353556406e-05,1477,1530
0.0015653612153230716,0.00204987517059569,0.0,0.0,0.0,-0.0007482513823082849,0.9999997200598952,-0.0004987566334553674,-4.319765485207704e-05,0.0,0.0,0.0,8.473333016043196e-05,1477,1530
0.001376259238752222,0.001816989086752921,0.0,0.0,0.0,-0.000666612082342667,0.9999997778141412,-0.0011238456606980666,-0.001388298003713531,0.0,0.0,0.0,0.0009721686463022166,1477,1530
0.0016699069458250087,0.0019728101346587683,0.0,0.0,0.0,-0.000755089858145266,0.9999997149196124,0.001475372070043374,0.0007854132270424035,0.0,0.0,0.0,-0.0008897069572465578,1477,1530
0.0016699069458250087,0.0019728101346587683,0.0,0.0,0.0,-0.000755089858145266,0.9999997149196124,0.001475372070043374,0.0007854132270424035,0.0,0.0,0.0,-0.0008897069572465578,1477,1530
0.0016249400335192413,0.001959905723613412,0.0,0.0,0.0,-0.0007552589635845597,0.9999997147919083,-0.0006759003466884185,-0.00019507224706300132,0.0,0.0,0.0,-5.085879323698947e-06,1477,1530
0.0016611321426653462,0.002344174585572082,0.0,0.0,0.0,-0.0008589962643804275,0.9999996310626408,0.00026656005013351664,0.0028767344505226345,0.0,0.0,0.0,-0.0015529889809865502,1477,1530
0.0015325118638808773,0.0022415670662309264,0.0,0.0,0.0,-0.0008013746722614607,0.9999996788992658,-0.0009637140612741075,-0.0007715211323129478,0.0,0.0,0.0,0.0008646700472942825,1477,1530
0.0015390284451052062,0.0021122749202729368,0.0,0.0,0.0,-0.0007789779476470302,0.9999996965966325,5.0504729817481e-05,-0.0009710778434326248,0.0,0.0,0.0,0.0003364590272067893,1477,1530
0.0016421928851580742,0.0026437361445583313,0.0,0.0,0.0,-0.0009484257952051228,0.9999995502441543,0.001021708052503477,0.005307614713122662,0.0,0.0,0.0,-0.003383476970355985,1477,1530
0.001499688678961442,0.002106445246482398,0.0,0.0,0.0,-0.0008259042662016678,0.9999996589410134,-0.0014149752396929334,-0.005376086254621443,0.0,0.0,0.0,0.0024506520984805854,1477,1530
0.001499688678961442,0.002106445246482398,0.0,0.0,0.0,-0.0008259042662016678,0.9999996589410134,-0.0014149752396929334,-0.005376086254621443,0.0,0.0,0.0,0.0024506520984805854,1477,1530
0.0014421102406350908,0.0021410323386327535,0.0,0.0,0.0,-0.0007864913823675615,0.9999996907156049,-0.0002469704375465109,0.00014779935913843608,0.0,0.0,0.0,0.0003377717498800939,1477,1530
0.0015918536510936016,0.0022546263874185083,0.0,0.0,0.0,-0.0008416702459458117,0.9999996457955358,0.0014957650990047797,0.0011383855906996934,0.0,0.0,0.0,-0.0011036659301051288,1477,1530
0.0016701053472340814,0.0022130523182847433,0.0,0.0,0.0,-0.0008356659459520216,0.9999996508311524,0.0007831843582386323,-0.0004144062840374068,0.0,0.0,0.0,0.00012008123885782346,1477,1530
0.0014770797497436375,0.001988614605540627,0.0,0.0,0.0,-0.0007511252847692228,0.9999997179053636,-0.001155185093963607,-0.0013477244648434094,0.0,0.0,0.0,0.0010138596595966611,1477,1530
0.0014770797497436375,0.001988614605540627,0.0,0.0,0.0,-0.0007511252847692228,0.9999997179053636,-0.001155185093963607,-0.0013477244648434094,0.0,0.0,0.0,0.0010138596595966611,1477,1530
0.0016248710046199864,0.002179763930891471,0.0,0.0,0.0,-0.0008362834650769104,0.9999996503149219,0.000632599825921837,0.0008207329774983042,0.0,0.0,0.0,-0.0007304356635594602,1477,1530
0.001614687291101785,0.002031179433216532,0.0,0.0,0.0,-0.0007671825878578736,0.9999997057153951,-0.00014869687710231873,-0.002224071283100343,0.0,0.0,0.0,0.0020684247365409204,1477,1530
0.001614687291101785,0.002031179433216532,0.0,0.0,0.0,-0.0007671825878578736,0.9999997057153951,-0.00014869687710231873,-0.002224071283100343,0.0,0.0,0.0,0.0020684247365409204,1477,1530
0.0015036720034076693,0.0024238617782261942,0.0,0.0,0.0,-0.000882269629375495,0.9999996108000748,-0.0033530904515670567,0.011791382625179448,0.0,0.0,0.0,-0.006914628723062834,1477,1530
0.0015625582520120667,0.0021077996385483,0.0,0.0,0.0,-0.0008014759218418577,0.9999996788181218,0.00035653623770095355,-0.0018950717978930898,0.0,0.0,0.0,0.0009691798051772305,1477,1530
0.0014999282698665876,0.002096071990438302,0.0,0.0,0.0,-0.0007869367335817551,0.9999996903652407,-0.000625942023992609,-0.0001182483315132295,0.0,0.0,0.0,0.00029070536645338873,1477,1530
0.0016191191395848958,0.0021545829054242026,0.0,0.0,0.0,-0.0008174118487616103,0.9999996659188789,0.0008941204587593588,0.0004406723157846928,0.0,0.0,0.0,-0.000457577588646423,1477,1530
0.0015988522876947094,0.0020557482037512178,0.0,0.0,0.0,-0.0007829254129204662,0.9999996935138519,-0.00015071512941362199,-0.0007411427545667537,0.0,0.0,0.0,0.0005170420599305068,1477,1530
0.0016518754707096587,0.0022395786695382797,0.0,0.0,0.0,-0.0008187244509960754,0.9999996648450805,0.0015788529389248736,0.005506220376353921,0.0,0.0,0.0,-0.0021435914822436207,1477,1530
0.0015950019879253392,0.0022928737883640402,0.0,0.0,0.0,-0.0008399754528576284,0.9999996472205571,-0.00042658224899029843,0.0003984326881744795,0.0,0.0,0.0,-0.00031830041892042774,1477,1530
0.0015368302358900903,0.002307978436283494,0.0,0.0,0.0,-0.0008515928898516882,0.9999996373947092,-0.0005847715055724038,0.00015079129984603776,0.0,0.0,0.0,-0.0002334671305380342,1477,1530
0.001566351555687769,0.0023735939584665507,0.0,0.0,0.0,-0.0008811848498430448,0.9999996117565548,0.00029351405812044626,0.0006553594611347272,0.0,0.0,0.0,-0.0005906698954954258,1477,1530
0.0015458914844656189,0.002065844749874841,0.0,0.0,0.0,-0.0008100934709534737,0.9999996718742303,-0.000298907057529053,-0.004618965841688701,0.0,0.0,0.0,0.0021337556618471996,1477,1530
0.0016004189909655066,0.0019919387499376575,0.0,0.0,0.0,-0.0007663978985926858,0.9999997063170875,0.00040801266606276096,-0.0005511446463607658,0.0,0.0,0.0,0.0006524894303218476,1477,1530
0.0014937879345261137,0.002189417406435756,0.0,0.0,0.0,-0.0008380399978357908,0.9999996488444194,-0.0010708997690863891,0.0019760348201028045,0.0,0.0,0.0,-0.0014349374536819096,1477,1530
0.0016233505794721577,0.0022133577777026015,0.0,0.0,0.0,-0.0008404541927042439,0.9999996468183125,0.0019528728212444039,0.00036423458960249417,0.0,0.0,0.0,-7.280006388799108e-05,1477,1530
0.0015497666516544224,0.0020910904860426296,0.0,0.0,0.0,-0.0007895383134112503,0.9999996883145772,-0.0007339078025318704,-0.0012241161670218407,0.0,0.0,0.0,0.0010184910672043652,1477,1530
0.0015802905644921152,0.0018934600270491253,0.0,0.0,0.0,-0.0006982120235109046,0.9999997562499554,0.0007165971199582724,-0.003886870385826479,0.0,0.0,0.0,0.00361319035701429,1477,1530
0.0015676682806929029,0.0022948519964296017,0.0,0.0,0.0,-0.0008337548820485179,0.9999996524263379,-9.83782565367724e-05,0.0029953056467261667,0.0,0.0,0.0,-0.002023013231094299,1477,1530
0.00163426966315181,0.0022395535067069048,0.0,0.0,0.0,-0.000861198635217499,0.9999996291683866,0.0006701988745478479,-0.0005545743211898381,0.0,0.0,0.0,-0.0005515613642777493,1477,1530
0.001499354942313421,0.0021695086475625493,0.0,0.0,0.0,-0.0007984980245828052,0.9999996812004015,-0.001351588044584303,-0.0007046739386916991,0.0,0.0,0.0,0.0012574076445046704,1477,1530
0.001480936066941966,0.001974500995530818,0.0,0.0,0.0,-0.000740503631394264,0.9999997258271484,-0.0005379348662597432,-0.005794148071065834,0.0,0.0,0.0,0.003445792479981054,1477,1530
0.0014251877382476243,0.002465473084094861,0.0,0.0,0.0,-0.0009074868128145157,0.9999995882337575,-0.00033906330088475045,0.0029471670566824475,0.0,0.0,0.0,-0.002005045988921936,1477,1530
0.001530467407018789,0.0022012467406400584,0.0,0.0,0.0,-0.0008137442810773071,0.9999996689100676,0.0015891430484266899,-0.003967405876898669,0.0,0.0,0.0,0.002817164771374919,1477,1530
0.0015902012070271128,0.002380407768733844,0.0,0.0,0.0,-0.0008978043933304444,0.9999995969735544,0.0008888278252886805,0.0026804133986912484,0.0,0.0,0.0,-0.002513873019411955,1477,1530
0.0015188744317970286,0.002331525155996362,0.0,0.0,0.0,-0.0008784280287042663,0.9999996141820248,-0.0010499003173069642,-0.0007223057030089295,0.0,0.0,0.0,0.0005711279462022608,1477,1530
0.00134791133012967,0.0021584857994910926,0.0,0.0,0.0,-0.0008225239472215808,0.999999661727121,-0.0012911386451538696,-0.001311419134217139,0.0,0.0,0.0,0.0008458975718745484,1477,1530
0.001428883876846865,0.001983602224422391,0.0,0.0,0.0,-0.0007708486865431377,0.9999997028961071,0.0012198473153729446,-0.0026232850673697265,0.0,0.0,0.0,0.0015514606938551612,1477,1530
0.0014342582768011528,0.0020680460113114947,0.0,0.0,0.0,-0.0007781716835710946,0.9999996972243697,0.0001481811381319735,-0.0014191201046121996,0.0,0.0,0.0,0.0005093316479069186,1477,1530
0.0014342582768011528,0.0020680460113114947,0.0,0.0,0.0,-0.0007781716835710946,0.9999996972243697,0.0001481811381319735,-0.0014191201046121996,0.0,0.0,0.0,0.0005093316479069186,1477,1530
0.0015679272497316024,0.002377815393516265,0.0,0.0,0.0,-0.0008971337002735593,0.999999597575481,0.0014278494822895092,0.0027525547592699073,0.0,0.0,0.0,-0.0018526970647289502,1477,1530
0.0015230833428993076,0.0024882732387568702,0.0,0.0,0.0,-0.0009207568263024178,0.9999995761033436,-0.00045042926336778447,0.001103794130973596,0.0,0.0,0.0,-0.00047247216515753054,1477,1530
0.001350048809165423,0.0020550027518882502,0.0,0.0,0.0,-0.0007764923748294226,0.9999996985297505,-0.005146761307643276,-0.012956473854543647,0.0,0.0,0.0,0.008621814017315186,1477,1530
0.0015096177869393706,0.0022867290197244893,0.0,0.0,0.0,-0.0008604159227959354,0.9999996298421514,0.001193496990945994,0.0017389731142100115,0.0,0.0,0.0,-0.0012582528242982484,1477,1530
0.0015943649408718193,0.002209285777827607,0.0,0.0,0.0,-0.0008265151271173614,0.999999658436314,0.0006370481477088521,-0.0005801357826829796,0.0,0.0,0.0,0.0005088683238186907,1477,1530
0.0014643581897155662,0.002409174122178274,0.0,0.0,0.0,-0.0008876951051748027,0.9999996059986225,-0.0013047399259398715,0.001998830434284024,0.0,0.0,0.0,-0.0012248861404700463,1477,1530
0.001542650709083234,0.0019629569650946098,0.0,0.0,0.0,-0.0007325717356470616,0.9999997316692901,0.0011828565374668316,-0.006671913341890273,0.0,0.0,0.0,0.004640315289374842,1477,1530
0.0013907419038971932,0.002145016911711491,0.0,0.0,0.0,-0.0008064591150946035,0.999999674811795,-0.002287904409806605,0.0027338592917682267,0.0,0.0,0.0,-0.0022217431561794778,1477,1530
0.001397884430571169,0.0019895095801714564,0.0,0.0,0.0,-0.0007776572209151889,0.9999996976245776,7.391194465325775e-05,-0.0015545052830252392,0.0,0.0,0.0,0.0005758710616112302,1477,1530
0.0014509144487029084,0.002050096137957308,0.0,0.0,0.0,-0.0007778970477846107,0.9999996974380457,0.000528854816644593,0.0006061138202150947,0.0,0.0,0.0,-4.791986452110918e-06,1477,1530
0.0014104728916390348,0.0023857772871626434,0.0,0.0,0.0,-0.0008971716941412958,0.9999995975413947,-0.00041001069684902405,0.0033592351462967325,0.0,0.0,0.0,-0.0023876665361083557,1477,1530
0.001559059761301227,0.0024560031557615825,0.0,0.0,0.0,-0.000951504180529542,0.9999995473197948,0.002221001453977762,0.0010545803857758861,0.0,0.0,0.0,-0.0016256510555642222,1477,1530
0.0014775157173896737,0.0022517574996929594,0.0,0.0,0.0,-0.0008437716199654966,0.9999996440246632,-0.0008096252443467369,-0.0020391514711382563,0.0,0.0,0.0,0.002149536180106036,1477,1530
0.0014775157173896737,0.0022517574996929594,0.0,0.0,0.0,-0.0008437716199654966,0.9999996440246632,-0.0008096252443467369,-0.0020391514711382563,0.0,0.0,0.0,0.002149536180106036,1477,1530
0.0012865860023491443,0.0019863597177772275,0.0,0.0,0.0,-0.0007463097533974187,0.9999997215108373,-0.0008178088035745163,-0.0011408338852499501,0.0,0.0,0.0,0.0008368809254343106,1477,1530
0.0013533328258566936,0.002105027957247462,0.0,0.0,0.0,-0.0008178135540072425,0.9999996655904395,0.001989112339760041,0.0035488013524372403,0.0,0.0,0.0,-0.004273094237949529,1477,1530
0.0014731186122737053,0.0022658556005161453,0.0,0.0,0.0,-0.0008476023255788427,0.9999996407850843,0.000890417875185568,0.001199589911149447,0.0,0.0,0.0,-0.0004438402451890142,1477,1530
0.001466323972319593,0.002318072371834293,0.0,0.0,0.0,-0.0008382439115207232,0.9999996486735107,-4.143803857140251e-05,0.00031428644180481945,0.0,0.0,0.0,0.00011267938597032198,1477,1530
0.00147535253183245,0.002626267677941842,0.0,0.0,0.0,-0.0009393593993931597,0.9999995588018621,8.538073213453544e-05,0.003091591277859934,0.0,0.0,0.0,-0.002028538165814036,1477,1530
0.00147535253183245,0.002626267677941842,0.0,0.0,0.0,-0.0009393593993931597,0.9999995588018621,8.538073213453544e-05,0.003091591277859934,0.0,0.0,0.0,-0.002028538165814036,1477,1530
0.0015520308268913141,0.0022475532034139083,0.0,0.0,0.0,-0.0008589358039135779,0.9999996311145743,0.0015098250494823078,0.001650572167183091,0.0,0.0,0.0,-0.0012304604077009488,1477,1530
0.0015520308268913141,0.0022475532034139083,0.0,0.0,0.0,-0.0008589358039135779,0.9999996311145743,0.0015098250494823078,0.001650572167183091,0.0,0.0,0.0,-0.0012304604077009488,1477,1530
0.001429586041195801,0.0019133024069327362,0.0,0.0,0.0,-0.0007620819186111988,0.9999997096155325,-0.0007368579210711783,-0.002022229900016649,0.0,0.0,0.0,0.001171204375080729,1477,1530
0.0015533304292141353,0.0021737915780290357,0.0,0.0,0.0,-0.0007994828831185306,0.9999996804135087,0.0009231401410395391,0.0019509304594087186,0.0,0.0,0.0,-0.0005598236137767945,1477,1530
0.0015000568100671928,0.0023489629086635476,0.0,0.0,0.0,-0.0008622867528383037,0.9999996282307089,-0.001628116739617368,0.00532289313954178,0.0,0.0,0.0,-0.0038186782213698975,1477,1530
0.0014065421757154934,0.00249086797708622,0.0,0.0,0.0,-0.0008964702979494055,0.9999995981704217,-0.0009367959326431481,0.0014162320487394228,0.0,0.0,0.0,-0.0006830905395073547,1477,1530
0.0014832263569384803,0.0022651811878488955,0.0,0.0,0.0,-0.0007912348501001869,0.999999686973657,0.0004621264578354628,-0.0013521064686838416,0.0,0.0,0.0,0.001261718033630062,1477,1530
0.0016020741878698898,0.002362332356121952,0.0,0.0,0.0,-0.0009022509672665041,0.9999995929715132,0.0017860799546974388,0.00146473733597303,0.0,0.0,0.0,-0.0033410926730304794,1477,1530
0.0016020741878698898,0.002362332356121952,0.0,0.0,0.0,-0.0009022509672665041,0.9999995929715132,0.0017860799546974388,0.00146473733597303,0.0,0.0,0.0,-0.0033410926730304794,1477,1530
0.0014676362659335135,0.0022340749058137443,0.0,0.0,0.0,-0.0008438897474673385,0.9999996439249836,-0.0013401462142453157,-0.0012831634251218068,0.0,0.0,0.0,0.0011655580922741427,1477,1530
0.001485521540379272,0.002232946633141947,0.0,0.0,0.0,-0.0008113056327986982,0.999999670891531,0.00013310775516306274,-8.171428074479913e-06,0.0,0.0,0.0,0.0004849513818626726,1477,1530
0.0014542814282218644,0.0022020785820808597,0.0,0.0,0.0,-0.0008226849497558461,0.9999996615946795,-0.000236112463481337,-0.00023405881214392426,0.0,0.0,0.0,-0.0001722860414950459,1477,1530
0.0014574220671411955,0.002305971747528709,0.0,0.0,0.0,-0.0008807072174158336,0.9999996121773235,2.965125745103685e-05,0.0010373843513675706,0.0,0.0,0.0,-0.0011586614349872889,1477,1530
0.0012966385227834209,0.0023837555351746767,0.0,0.0,0.0,-0.0009074700181655072,0.9999995882489983,-0.0009616253204158251,0.0004631261765405151,0.0,0.0,0.0,-0.0003198576740364208,1477,1530
0.0014988637630596337,0.0024680220408639436,0.0,0.0,0.0,-0.0008962447880346039,0.9999995983725594,0.0020354153852673897,0.0008524889042469961,0.0,0.0,0.0,0.00022613740598585445,1477,1530
0.0014657074693232742,0.0023232930915985965,0.0,0.0,0.0,-0.0008618735510698843,0.999999628586922,-0.0004927992725899087,-0.002168948379057115,0.0,0.0,0.0,0.0010297730578908775,1477,1530
0.0014414174081329024,0.0023938537688281973,0.0,0.0,0.0,-0.0008972599599397172,0.9999995974622011,-0.00012213032599992941,0.0003528016654523689,0.0,0.0,0.0,-0.00035407312867023245,1477,1530
0.0014414174081329024,0.0023938537688281973,0.0,0.0,0.0,-0.0008972599599397172,0.9999995974622011,-0.00012213032599992941,0.0003528016654523689,0.0,0.0,0.0,-0.00035407312867023245,1477,1530
0.0013779578570121648,0.0022806349302762373,0.0,0.0,0.0,-0.0008501058730918974,0.999999638659937,-0.0009437291215907386,-0.0016908237696977458,0.0,0.0,0.0,0.0014069972200154066,1477,1530
0.0016826708167714183,0.0025352497970995095,0.0,0.0,0.0,-0.0009423555346013577,0.9999995559829247,0.0018272637868175417,0.0015321253358674884,0.0,0.0,0.0,-0.0011079580891434839,1477,1530
0.0015486998984882041,0.002617388491950504,0.0,0.0,0.0,-0.000986669006481642,0.9999995132420173,-0.0010050993891147963,0.0006136314781862787,0.0,0.0,0.0,-0.000664146164809123,1477,1530
0.0015486998984882041,0.002617388491950504,0.0,0.0,0.0,-0.000986669006481642,0.9999995132420173,-0.0010050993891147963,0.0006136314781862787,0.0,0.0,0.0,-0.000664146164809123,1477,1530
0.0014725320989873289,0.0024676054014654615,0.0,0.0,0.0,-0.0009258394379418858,0.9999995714105757,-0.0011424625239417076,-0.0022576546595234324,0.0,0.0,0.0,0.00183191327712553,1477,1530
0.0014347598833902332,0.0023515770323625654,0.0,0.0,0.0,-0.0008767153585656891,0.9999996156850162,-0.00018767766522432587,-0.0005801540715012848,0.0,0.0,0.0,0.0004909562385132511,1477,1530
0.0017327168558100236,0.002136995890179092,0.0,0.0,0.0,-0.0007330514107382854,0.9999997313177785,0.002236746445470648,-0.0016049001005375995,0.0,0.0,0.0,0.002154238240072796,1477,1530
0.0016356603841269763,0.0021726822652215682,0.0,0.0,0.0,-0.0006906586803269154,0.9999997614952653,-0.0014577819565669116,0.0005335821593142335,0.0,0.0,0.0,0.0012727877365973,1477,1530
0.0017579319569216681,0.0021743714246493778,0.0,0.0,0.0,-0.0007978485957907597,0.9999996817187584,0.0018311162128498578,2.7826421191992732e-05,0.0,0.0,0.0,-0.003210577478827638,1477,1530
0.0017579319569216681,0.0021743714246493778,0.0,0.0,0.0,-0.0007978485957907597,0.9999996817187584,0.0018311162128498578,2.7826421191992732e-05,0.0,0.0,0.0,-0.003210577478827638,1477,1530
0.0014620420191551362,0.0021648188399460678,0.0,0.0,0.0,-0.0007903637719923317,0.9999996876625052,-0.0022227304473191422,-7.530987307109301e-05,0.0,0.0,0.0,0.00011245822959979884,1477,1530
0.0020516474528302873,0.0023347746405971335,0.0,0.0,0.0,-0.0007856245269689827,0.9999996913970037,0.0058845336327537825,0.001706316461056574,0.0,0.0,0.0,9.464296544617834e-05,1477,1530
0.0019091018933860373,0.0019595499583576342,0.0,0.0,0.0,-0.000672246190971699,0.9999997740425038,-0.0007097400254950513,-0.0018771377252452437,0.0,0.0,0.0,0.0011337213046954569,1477,1530
0.001696896220442214,0.0021817399294897185,0.0,0.0,0.0,-0.0007596667018899858,0.9999997114532094,-0.0031462994892291385,0.003285477879568533,0.0,0.0,0.0,-0.0025886656472477987,1477,1530
0.0017799308425245405,0.0021722284706983527,0.0,0.0,0.0,-0.0006949737524093127,0.9999997585057125,0.0008326045888329962,-9.409189917155697e-05,0.0,0.0,0.0,0.0012971541025795523,1477,1530
0.0017799308425245405,0.0021722284706983527,0.0,0.0,0.0,-0.0006949737524093127,0.9999997585057125,0.0008326045888329962,-9.409189917155697e-05,0.0,0.0,0.0,0.0012971541025795523,1477,1530
0.001955400052280846,0.00199368232825761,0.0,0.0,0.0,-0.0006989306144030217,0.9999997557479683,0.0013176353121847032,-0.0013370182294117734,0.0,0.0,0.0,-5.934196605691905e-05,1477,1530
0.001641359936296299,0.002121659534521417,0.0,0.0,0.0,-0.0007301191196349132,0.9999997334630001,-0.0018917897089391112,0.0007678577258564315,0.0,0.0,0.0,-0.00037554803474716165,1477,1530
0.0019027773091362167,0.0018658406146040516,0.0,0.0,0.0,-0.0006247348427224787,0.9999998048531691,0.003931203739131306,-0.0038357922849862162,0.0,0.0,0.0,0.0031650263825613156,1477,1530
0.001893565720713686,0.002123908151148363,0.0,0.0,0.0,-0.0007576402424334063,0.9999997129905903,-9.53212230840543e-05,0.0025800422465690914,0.0,0.0,0.0,-0.0026575771078707023,1477,1530
0.0017799511599913016,0.0018494727687989165,0.0,0.0,0.0,-0.0006358289928126759,0.9999997978607255,-0.0006785387486961463,-0.0016460598414201036,0.0,0.0,0.0,0.0014603305095792088,1477,1530
0.0017980474427053963,0.001924735410792883,0.0,0.0,0.0,-0.0006733064421526842,0.9999997733291918,0.0005443662794282493,0.0022767591077993477,0.0,0.0,0.0,-0.002266758844903032,1477,1530
0.0018489450108203744,0.0021525528706804096,0.0,0.0,0.0,-0.0007533010381575798,0.9999997162687326,0.0003788632031767124,0.001706587829485944,0.0,0.0,0.0,-0.0011981250521089267,1477,1530
0.0017016249673346968,0.0021144700539302745,0.0,0.0,0.0,-0.0006833569131477392,0.9999997665116374,-0.0014627950239786865,-0.00038049036623312503,0.0,0.0,0.0,0.0013895451170640844,1477,1530
0.0017016249673346968,0.0021144700539302745,0.0,0.0,0.0,-0.0006833569131477392,0.9999997665116374,-0.0014627950239786865,-0.00038049036623312503,0.0,0.0,0.0,0.0013895451170640844,1477,1530
0.0018797411114589704,0.0022924243317991007,0.0,0.0,0.0,-0.0007502530759617684,0.9999997185601214,0.0008930745510439936,0.0008947052272585384,0.0,0.0,0.0,-0.0006717529330624113,1477,1530
0.0018106080801849821,0.002231634875867528,0.0,0.0,0.0,-0.0007834407872856973,0.9999996931102193,-0.0005175853013666907,-0.00045649755612635476,0.0,0.0,0.0,-0.000497596873537404,1477,1530
0.001853388798507154,0.002173109373702976,0.0,0.0,0.0,-0.0007214244987747735,0.9999997397733125,0.00032145918293114084,-0.00043832402092206874,0.0,0.0,0.0,0.0009300027898225829,1477,1530
0.001853388798507154,0.002173109373702976,0.0,0.0,0.0,-0.0007214244987747735,0.9999997397733125,0.00032145918293114084,-0.00043832402092206874,0.0,0.0,0.0,0.0009300027898225829,1477,1530
0.0017870533112524405,0.0019354615217460312,0.0,0.0,0.0,-0.0006779396256495806,0.9999997701989056,-0.0009877494473953267,-0.003558445714838938,0.0,0.0,0.0,0.001301728271064246,1477,1530
0.0018233969110269665,0.002067816401052865,0.0,0.0,0.0,-0.0007253750299073506,0.9999997369154984,0.00036005684163593074,0.001318240095252799,0.0,0.0,0.0,-0.0009445522883552949,1477,1530
0.0016782483544588683,0.0022884968646175786,0.0,0.0,0.0,-0.0007435806953039926,0.9999997235438366,-0.0008675884531178203,0.0013149022312433983,0.0,0.0,0.0,-0.0002171607360467975,1477,1530
0.0019324561101804886,0.0020871621562601264,0.0,0.0,0.0,-0.0006787359180431298,0.9999997696587503,0.003917720729254167,-0.003093398363092994,0.0,0.0,0.0,0.0019963608092078275,1477,1530
0.0017624525822238304,0.0020024060650352823,0.0,0.0,0.0,-0.0006562640514754629,0.9999997846587242,-0.001017813362137034,-0.0005091620769950974,0.0,0.0,0.0,0.0002692612595930875,1477,1530
0.0017624525822238304,0.0020024060650352823,0.0,0.0,0.0,-0.0006562640514754629,0.9999997846587242,-0.001017813362137034,-0.0005091620769950974,0.0,0.0,0.0,0.0002692612595930875,1477,1530
0.0016911129142084804,0.0022350869885689366,0.0,0.0,0.0,-0.000769258021628331,0.9999997041210044,-0.0005376857021264966,0.0017455333914571166,0.0,0.0,0.0,-0.0016960081453933319,1477,1530
0.0017645979634721277,0.002143495056947725,0.0,0.0,0.0,-0.0007446969929706474,0.9999997227131558,0.0005519512257666724,-0.0006857889927951657,0.0,0.0,0.0,0.0003682535038495968,1477,1530
0.001990457854438647,0.002193483232315565,0.0,0.0,0.0,-0.0007096455726467554,0.9999997482015489,0.0032994576783553094,0.000735405213917489,0.0,0.0,0.0,0.0010244313128764428,1477,1530
0.001990457854438647,0.002193483232315565,0.0,0.0,0.0,-0.0007096455726467554,0.9999997482015489,0.0032994576783553094,0.000735405213917489,0.0,0.0,0.0,0.0010244313128764428,1477,1530
0.0019757325909061344,0.0021085528071670342,0.0,0.0,0.0,-0.0007305860967346487,0.999999733121942,-7.365364559452713e-05,-0.0004284213397517012,0.0,0.0,0.0,-0.00021121221566781844,1477,1530
0.0016809003658551035,0.0019436017221453065,0.0,0.0,0.0,-0.0006517064232743919,0.9999997876393464,-0.0022106641085380603,-0.0012410547090137424,0.0,0.0,0.0,0.0011838553829559037,1477,1530
0.0017380744108755947,0.002184611340602673,0.0,0.0,0.0,-0.0007635522054768605,0.9999997084939722,0.0005686441064114807,0.0024110322336036026,0.0,0.0,0.0,-0.0022370951682209356,1477,1530
0.0017486954996375442,0.0019727272018625884,0.0,0.0,0.0,-0.0006633067660748726,0.9999997800120428,6.559296574950117e-05,-0.0012697559717083304,0.0,0.0,0.0,0.0012015733806507202,1477,1530
0.0017486954996375442,0.0019727272018625884,0.0,0.0,0.0,-0.0006633067660748726,0.9999997800120428,6.559296574950117e-05,-0.0012697559717083304,0.0,0.0,0.0,0.0012015733806507202,1477,1530
0.0018161113620718502,0.0020447774834573373,0.0,0.0,0.0,-0.0007076858244296727,0.9999997495903556,0.0005059996711920068,0.0005422240234034697,0.0,0.0,0.0,-0.0006671337117172172,1477,1530
0.001871686261132938,0.0021359387714906977,0.0,0.0,0.0,-0.0007532470713875602,0.9999997163093846,0.0005535724473331235,0.0009109410527109744,0.0,0.0,0.0,-0.000909769550746471,1477,1530
0.0018863508282774592,0.0018816274855187293,0.0,0.0,0.0,-0.0006397834938891247,0.9999997953385195,0.00011296115829619548,-0.0019089182223004566,0.0,0.0,0.0,0.0017035170494681044,1477,1530
0.0016733280353271119,0.0019214273189513845,0.0,0.0,0.0,-0.0006466921635889788,0.9999997908946009,-0.0021130492289802476,0.0003919912727765566,0.0,0.0,0.0,-0.0001370265106867761,1477,1530
0.001709494570620402,0.002284759496414348,0.0,0.0,0.0,-0.0007988136384985875,0.9999996809483346,0.00021461039966570855,0.002184658699373846,0.0,0.0,0.0,-0.0018291310655986334,1477,1530
0.0019491822822159611,0.0021975450364829317,0.0,0.0,0.0,-0.0007413077639083832,0.9999997252313618,0.006558197978075234,-0.0023744542405843235,0.0,0.0,0.0,0.003145062299584096,1477,1530
0.0017806700837898783,0.001780623741493141,0.0,0.0,0.0,-0.0005804505401527713,0.999999831538571,-0.0026579365713529798,-0.006604250249269918,0.0,0.0,0.0,0.00509307892929698,1477,1530
0.0017806700837898783,0.001780623741493141,0.0,0.0,0.0,-0.0005804505401527713,0.999999831538571,-0.0026579365713529798,-0.006604250249269918,0.0,0.0,0.0,0.00509307892929698,1477,1530
0.0017555583633177946,0.0020561767864361686,0.0,0.0,0.0,-0.0006797955717995273,0.9999997689389636,-0.00019107419588819193,0.002070081496673812,0.0,0.0,0.0,-0.0014928105793764884,1477,1530
0.001989731587692875,0.001912708739210852,0.0,0.0,0.0,-0.0006575806800105119,0.9999997837938013,0.0023402638725780406,-0.001429408412292713,0.0,0.0,0.0,0.0004436502057850007,1477,1530
0.0016432246723445678,0.0018730454021573658,0.0,0.0,0.0,-0.0006549153279020557,0.9999997855429337,-0.0017313373378552758,-0.00020048681291687898,0.0,0.0,0.0,2.6639141687351203e-05,1477,1530
0.0016432246723445678,0.0018730454021573658,0.0,0.0,0.0,-0.0006549153279020557,0.9999997855429337,-0.0017313373378552758,-0.00020048681291687898,0.0,0.0,0.0,2.6639141687351203e-05,1477,1530
0.001709330119094421,0.00197072696912994,0.0,0.0,0.0,-0.0006683100764855122,0.9999997766807959,0.0009893747377148104,0.0014660958837038243,0.0,0.0,0.0,-0.0004017260448912187,1477,1530
0.001654743168437431,0.0019792326167177017,0.0,0.0,0.0,-0.0006806017459406765,0.9999997683906049,-0.00027302684705601143,4.216887189245281e-05,0.0,0.0,0.0,-0.00012293270375765398,1477,1530
0.001535405023466429,0.0018719860926059363,0.0,0.0,0.0,-0.000655940759385291,0.999999784870837,-0.001792739074427261,-0.0016155110582166511,0.0,0.0,0.0,0.0007418401486070467,1477,1530
0.001479714926859123,0.0021174743375340574,0.0,0.0,0.0,-0.0007544085374233753,0.9999997154338388,-0.0004196668872491511,0.00183875516894402,0.0,0.0,0.0,-0.0014755267539987241,1477,1530
0.0013473760497473932,0.0019160754314831256,0.0,0.0,0.0,-0.0007174608588904379,0.9999997426249249,-0.0019840245902005044,-0.003029322031981571,0.0,0.0,0.0,0.0011103904951859764,1477,1530
0.0014668564199305989,0.0019083928898731785,0.0,0.0,0.0,-0.0007099168209984451,0.9999997480090219,0.0005974115492393624,-3.755262738729883e-05,0.0,0.0,0.0,7.543474052670443e-05,1477,1530
0.001408610369599715,0.0018829693002426183,0.0,0.0,0.0,-0.0007104359106489723,0.9999997476403766,-0.0008707408170739835,-0.00038153899994669067,0.0,0.0,0.0,-1.552975367395619e-05,1477,1530
0.001408610369599715,0.0018829693002426183,0.0,0.0,0.0,-0.0007104359106489723,0.9999997476403766,-0.0008707408170739835,-0.00038153899994669067,0.0,0.0,0.0,-1.552975367395619e-05,1477,1530
0.0015967240212356186,0.0021129193359876435,0.0,0.0,0.0,-0.000743273593646357,0.9999997237721443,0.00112777373448675,0.0013825938763444802,0.0,0.0,0.0,-0.00039442068893140713,1477,1530
0.001436903300214507,0.0020815930974238143,0.0,0.0,0.0,-0.0007918728495357639,0.9999996864686459,-0.00239818045591513,-0.00047376709137675723,0.0,0.0,0.0,-0.0014589337073276172,1477,1530
0.001537119339411661,0.001990572749307866,0.0,0.0,0.0,-0.0007095967199624242,0.9999997482362158,0.000601430262980854,-0.0005445080709642913,0.0,0.0,0.0,0.0009861166866135113,1477,1530
0.001469777076515718,0.002079537409152048,0.0,0.0,0.0,-0.0007360683943454001,0.9999997291016227,-0.0009910026748788739,0.0013053421450655153,0.0,0.0,0.0,-0.0007776525402450458,1477,1530
0.0016176681494523772,0.0019003957256359411,0.0,0.0,0.0,-0.0006864860187180038,0.9999997643684453,0.0008968958245500504,-0.00108316548357099,0.0,0.0,0.0,0.000600321917770328,1477,1530
0.0016176681494523772,0.0019003957256359411,0.0,0.0,0.0,-0.0006864860187180038,0.9999997643684453,0.0008968958245500504,-0.00108316548357099,0.0,0.0,0.0,0.000600321917770328,1477,1530
0.0017450160205299669,0.0020822192117772296,0.0,0.0,0.0,-0.0007248322714141565,0.9999997373090547,0.0012680266234224062,0.0018157508983341142,0.0,0.0,0.0,-0.0007651424627908749,1477,1530
0.0014937850206802792,0.0021026198091596594,0.0,0.0,0.0,-0.0007513321961248191,0.9999997177499257,-0.00188639531127208,0.00015042775585869406,0.0,0.0,0.0,-0.00039790882498664013,1477,1530
0.0014955349291364813,0.001972534506126647,0.0,0.0,0.0,-0.0007216024360177991,0.9999997396449283,1.9453809782051993e-05,-0.0013008252664230286,0.0,0.0,0.0,0.0005945953633242669,1477,1530
0.0015399090724027926,0.002068489674504042,0.0,0.0,0.0,-0.0007189107159347057,0.9999997415836579,0.0004430961117440112,0.0009617972955919418,0.0,0.0,0.0,5.392446948969566e-05,1477,1530
0.0015736676011694636,0.0020440209914932613,0.0,0.0,0.0,-0.0007050494307611337,0.9999997514526192,0.000504692057220155,-0.0003647025641770041,0.0,0.0,0.0,0.0004140231689986861,1477,1530
0.001676101335315924,0.0019027048817772535,0.0,0.0,0.0,-0.0007085060768151773,0.999999749009538,0.0006167509085675967,-0.0008483407001125464,0.0,0.0,0.0,-4.154399001732213e-05,1477,1530
0.0015495599486396287,0.0018009311146516087,0.0,0.0,0.0,-0.0006910296161173722,0.9999997612390064,-0.0012620521308096256,-0.0010179824225829796,0.0,0.0,0.0,0.00034899882131226103,1477,1530
0.0015841604783994375,0.0018504920736198468,0.0,0.0,0.0,-0.000673725508890763,0.9999997730469435,0.00034035423718190635,0.0004889534847132901,0.0,0.0,0.0,0.00034110549590864615,1477,1530
0.0015517042079791952,0.0018123242871749513,0.0,0.0,0.0,-0.000637848099881163,0.99999979657488,-0.00032886600441494875,-0.0003877960625199375,0.0,0.0,0.0,0.0007282167091588426,1477,1530
0.0013247607307867184,0.0018396402821539873,0.0,0.0,0.0,-0.0006828188321700503,0.999999766879194,-0.0034135644268175305,0.0004064557454089684,0.0,0.0,0.0,-0.0013526459050440655,1477,1530
0.0013247607307867184,0.0018396402821539873,0.0,0.0,0.0,-0.0006828188321700503,0.999999766879194,-0.0034135644268175305,0.0004064557454089684,0.0,0.0,0.0,-0.0013526459050440655,1477,1530
0.0015558850605919827,0.00214795412461242,0.0,0.0,0.0,-0.0007372567101525545,0.9999997282262347,0.0017278669656617036,0.0023115001383872506,0.0,0.0,0.0,-0.0008154328849807263,1477,1530
0.0015835457131152663,0.001853742268573098,0.0,0.0,0.0,-0.0006991437868086287,0.9999997555989528,0.0002809107073728256,-0.002941354539563595,0.0,0.0,0.0,0.0007621672032666715,1477,1530
0.0013942010552614361,0.0020187832274250342,0.0,0.0,0.0,-0.0007331247836365878,0.9999997312639897,-0.0011387131786933188,0.0009897528819315159,0.0,0.0,0.0,-0.0004082243790512638,1477,1530
0.0014112137031590906,0.0020505939561258884,0.0,0.0,0.0,-0.0007560161644204934,0.9999997142197388,0.00016967174857594668,0.0003183786793777569,0.0,0.0,0.0,-0.0004578597927400916,1477,1530
0.0014607963413208178,0.0019305742842188262,0.0,0.0,0.0,-0.0007091237126282752,0.9999997485717484,0.0007437128070021823,-0.0017925450088868285,0.0,0.0,0.0,0.0014015950371962303,1477,1530
0.00156807307110831,0.0018772909639857905,0.0,0.0,0.0,-0.0007408295776795565,0.9999997255857308,0.0008057598517659756,-0.00039878948396211683,0.0,0.0,0.0,-0.0004759533949225212,1477,1530
0.00156807307110831,0.0018772909639857905,0.0,0.0,0.0,-0.0007408295776795565,0.9999997255857308,0.0008057598517659756,-0.00039878948396211683,0.0,0.0,0.0,-0.0004759533949225212,1477,1530
0.00163458707053816,0.0019268644741866233,0.0,0.0,0.0,-0.0007104629172463658,0.9999997476211897,0.0003987090380715294,0.00029808152254452377,0.0,0.0,0.0,0.0003644605215425613,1477,1530
0.001529813180040519,0.002150009762448882,0.0,0.0,0.0,-0.0007378330586064416,0.9999997278011518,-0.0007870972052377576,0.0016701707430776774,0.0,0.0,0.0,-0.00040998747026721677,1477,1530
0.0014280449382669735,0.0021380257021832425,0.0,0.0,0.0,-0.0007911687133748641,0.9999996870259845,-0.0007637087674275015,-9.107589109798928e-05,0.0,0.0,0.0,-0.0008006435441303171,1477,1530
0.0015054410684662337,0.0018351125012233424,0.0,0.0,0.0,-0.0006577865706103938,0.9999997836583904,0.0005838257118503037,-0.002269996963661987,0.0,0.0,0.0,0.0019999126978717985,1477,1530
0.0015054410684662337,0.0018351125012233424,0.0,0.0,0.0,-0.0006577865706103938,0.9999997836583904,0.0005838257118503037,-0.002269996963661987,0.0,0.0,0.0,0.0019999126978717985,1477,1530
0.0014798568206985264,0.0018452377177627843,0.0,0.0,0.0,-0.0006740400278444043,0.9999997728349946,-0.0001919201812020672,7.56624117944785e-05,0.0,0.0,0.0,-0.00024372392090324737,1477,1530
0.0016310930740480992,0.0020125942969538247,0.0,0.0,0.0,-0.0007274776324499938,0.9999997353881122,0.0015102107738732323,0.0016757203569384698,0.0,0.0,0.0,-0.0010688271720447123,1477,1530
0.0014814524606171116,0.0019760433804839332,0.0,0.0,0.0,-0.0007204306915225705,0.9999997404897757,-0.0022454820107477807,-0.0005519401672757924,0.0,0.0,0.0,0.0002115658998173132,1477,1530
0.0014814524606171116,0.0019760433804839332,0.0,0.0,0.0,-0.0007204306915225705,0.9999997404897757,-0.0022454820107477807,-0.0005519401672757924,0.0,0.0,0.0,0.0002115658998173132,1477,1530
0.0015341483889514777,0.0019307013539030299,0.0,0.0,0.0,-0.0006931197528635926,0.9999997597924752,0.0007898502251833071,-0.0006776456534612011,0.0,0.0,0.0,0.0008177052194723644,1477,1530
0.0014890659564698752,0.0017696361096391753,0.0,0.0,0.0,-0.0006583323705738463,0.9999997832992215,-0.00016827447441916335,-0.0006044180782024624,0.0,0.0,0.0,0.0002609873114680636,1477,1530
0.0013888268143415717,0.0018187364961320983,0.0,0.0,0.0,-0.000647521015302459,0.9999997903582454,-0.0010028565255691465,0.0004895954989805528,0.0,0.0,0.0,0.00021618823763206994,1477,1530
0.0017608389953594396,0.001798193171607866,0.0,0.0,0.0,-0.0006323197256941132,0.9999998000858623,0.003720607971717153,-0.00020062739752349203,0.0,0.0,0.0,0.0003040440970529672,1477,1530
0.0014894335148807256,0.002063359569202451,0.0,0.0,0.0,-0.0007114233908551669,0.9999997469383475,-0.0016305871112744326,0.0015890775720857808,0.0,0.0,0.0,-0.0009493277362808094,1477,1530
0.0014894335148807256,0.002063359569202451,0.0,0.0,0.0,-0.0007114233908551669,0.9999997469383475,-0.0016305871112744326,0.0015890775720857808,0.0,0.0,0.0,-0.0009493277362808094,1477,1530
0.0016371614146091507,0.0021105865400313493,0.0,0.0,0.0,-0.0007220750001641994,0.999999739303813,0.0014787201043985835,0.00047505049357649904,0.0,0.0,0.0,-0.00021333731325605613,1477,1530
0.0013937517870126336,0.0018324696964848535,0.0,0.0,0.0,-0.0007134986348996817,0.9999997454598166,-0.0024291299536951657,-0.0027835951324249996,0.0,0.0,0.0,0.000171460479888608,1477,1530
0.0015584040042705407,0.0021163070722687795,0.0,0.0,0.0,-0.0007706675364465341,0.99999970303573,0.000984375649120148,0.0017025186390292062,0.0,0.0,0.0,-0.0006852567785560741,1477,1530
0.0015692700803522136,0.002060420924134601,0.0,0.0,0.0,-0.0007708862410781619,0.9999997028671574,0.0001642698948427705,-0.0008379729645163739,0.0,0.0,0.0,-6.560616048531992e-06,1477,1530
0.0015692700803522136,0.002060420924134601,0.0,0.0,0.0,-0.0007708862410781619,0.9999997028671574,0.0001642698948427705,-0.0008379729645163739,0.0,0.0,0.0,-6.560616048531992e-06,1477,1530
0.0014889698135451984,0.0019751780138748155,0.0,0.0,0.0,-0.0007245342225382347,0.9999997375250458,-0.0004009479776409695,-0.0004269440737132365,0.0,0.0,0.0,0.0004636408614690763,1477,1530
0.001614563558153957,0.0017614810909461496,0.0,0.0,0.0,-0.0006492306192194714,0.9999997892497793,0.0012510634670595691,-0.0021216322494101813,0.0,0.0,0.0,0.0014965394642088496,1477,1530
0.0017957672676812396,0.00183280757627494,0.0,0.0,0.0,-0.0006225879623741733,0.9999998061920958,0.0018219133674233878,0.0007198860356313199,0.0,0.0,0.0,0.0005360319138455627,1477,1530
0.0015444305369949917,0.0019724391688179985,0.0,0.0,0.0,-0.000699813952943121,0.9999997551301857,-0.0037693578374785896,0.0020879509315974844,0.0,0.0,0.0,-0.0023147548113142276,1477,1530
0.0013480535080624806,0.0016362789307323474,0.0,0.0,0.0,-0.000618612284461245,0.9999998086594024,-0.0009795757681617932,-0.0016822495188592306,0.0,0.0,0.0,0.0008120534029884473,1477,1530
0.0013480535080624806,0.0016362789307323474,0.0,0.0,0.0,-0.000618612284461245,0.9999998086594024,-0.0009795757681617932,-0.0016822495188592306,0.0,0.0,0.0,0.0008120534029884473,1477,1530
0.001511075872342042,0.0018695276348928943,0.0,0.0,0.0,-0.0006474410112582402,0.9999997904100465,0.0024462766041241004,0.0035093158888888985,0.0,0.0,0.0,-0.0008667297797803821,1477,1530
0.0015140454761757608,0.0017930983032924419,0.0,0.0,0.0,-0.0006276251285662554,0.9999998030433296,3.0414989502055306e-05,-0.0007575123623685854,0.0,0.0,0.0,0.0003928216219264625,1477,1530
0.0015160539302494903,0.0019734005269075104,0.0,0.0,0.0,-0.0006924960133750059,0.999999760224607,1.3440285705735478e-05,0.0013598042375348874,0.0,0.0,0.0,-0.0009784744472850335,1477,1530
0.0015160539302494903,0.0019734005269075104,0.0,0.0,0.0,-0.0006924960133750059,0.999999760224607,1.3440285705735478e-05,0.0013598042375348874,0.0,0.0,0.0,-0.0009784744472850335,1477,1530
0.0015770893545280207,0.0018884254059634152,0.0,0.0,0.0,-0.0006707074829262087,0.9999997750757109,0.000366948423227464,-0.0005093848048857618,0.0,0.0,0.0,0.00026148386778244645,1477,1530
0.0014157799835862674,0.001673479000899487,0.0,0.0,0.0,-0.0005957528374162704,0.9999998225392626,-0.0012067456087086598,-0.00161250201922242,0.0,0.0,0.0,0.0011234716861516136,1477,1530
0.0016274874192895028,0.0019186864566381006,0.0,0.0,0.0,-0.0006891551416910965,0.9999997625325672,0.0015867360112357671,0.0018422498836386156,0.0,0.0,0.0,-0.0014020267856820192,1477,1530
0.0014866073663168393,0.0016779905244706309,0.0,0.0,0.0,-0.000619728385339614,0.9999998079683458,-0.0013796003529318712,-0.0023645400282435655,0.0,0.0,0.0,0.0013629661780436857,1477,1530
0.0014871468575194558,0.0019265231095123773,0.0,0.0,0.0,-0.0006659509516835945,0.9999997782546405,2.3504397537197604e-06,0.002523972649393885,0.0,0.0,0.0,-0.0009388249272808946,1477,1530
0.001536384579389959,0.0018437643832848363,0.0,0.0,0.0,-0.0006593252464454238,0.999999782645086,0.00037104803661841833,-0.0006217711286140965,0.0,0.0,0.0,9.963768373142988e-05,1477,1530
0.001536384579389959,0.0018437643832848363,0.0,0.0,0.0,-0.0006593252464454238,0.999999782645086,0.00037104803661841833,-0.0006217711286140965,0.0,0.0,0.0,9.963768373142988e-05,1477,1530
0.00150370312914222,0.0018354209303236063,0.0,0.0,0.0,-0.0006458899537826573,0.9999997914130621,-0.00032382538966466547,-8.312641723457822e-05,0.0,0.0,0.0,0.0002663381641901009,1477,1530
0.0015714134371796781,0.001812152352252126,0.0,0.0,0.0,-0.0006358278016542885,0.9999997978614829,0.0004084235274685656,-0.0001397646894342338,0.0,0.0,0.0,0.00012133456564658411,1477,1530
0.0015053452997285258,0.0017692743870242847,0.0,0.0,0.0,-0.0006579671262760419,0.999999783539607,-0.0009915816690866965,-0.0006453262003018979,0.0,0.0,0.0,-0.0006651043726616999,1477,1530
0.0015053452997285258,0.0017692743870242847,0.0,0.0,0.0,-0.0006579671262760419,0.999999783539607,-0.0009915816690866965,-0.0006453262003018979,0.0,0.0,0.0,-0.0006651043726616999,1477,1530
0.0015538130932509955,0.0017042400862492576,0.0,0.0,0.0,-0.0006657589999984766,0.9999997783824525,0.0003639270876775434,-0.00048698020499790936,0.0,0.0,0.0,-0.0001168065874008292,1477,1530
0.0015463933617092347,0.0019158455112169791,0.0,0.0,0.0,-0.0007045657029650845,0.9999997517935544,-3.8504133819575635e-05,0.00105788686902577,0.0,0.0,0.0,-0.000388034137779886,1477,1530
0.0016338526328299346,0.0016540753850886757,0.0,0.0,0.0,-0.0006175511392779048,0.999999809315277,0.0008782805270319753,-0.0026164662466111877,0.0,0.0,0.0,0.0017402916523487407,1477,1530
0.001523719309716986,0.0018044994736528285,0.0,0.0,0.0,-0.0006444246285217907,0.9999997923584275,-0.0011031130641764666,0.001502774285174813,0.0,0.0,0.0,-0.0005374322715658651,1477,1530
0.001682752369391317,0.0019736456322858834,0.0,0.0,0.0,-0.0006565910209188542,0.9999997844440924,0.0009530420291120205,0.001016268529430019,0.0,0.0,0.0,-0.0001460201028685434,1477,1530
0.0013965168448556713,0.0017329104633257964,0.0,0.0,0.0,-0.0006651160669399335,0.9999997788102843,-0.0028600208930996546,-0.0024118078308918703,0.0,0.0,0.0,-0.00017055041727227142,1477,1530
0.0013965168448556713,0.0017329104633257964,0.0,0.0,0.0,-0.0006651160669399335,0.9999997788102843,-0.0028600208930996546,-0.0024118078308918703,0.0,0.0,0.0,-0.00017055041727227142,1477,1530
0.001664302631638082,0.0019561550714429616,0.0,0.0,0.0,-0.0006830187291392463,0.9999997667426807,0.0005976196757827545,0.00037998104819428607,0.0,0.0,0.0,0.00013694437925910351,1477,1530
0.001664302631638082,0.0019561550714429616,0.0,0.0,0.0,-0.0006830187291392463,0.9999997667426807,0.0005976196757827545,0.00037998104819428607,0.0,0.0,0.0,0.00013694437925910351,1477,1530
0.0015598546273099434,0.0019156211024919838,0.0,0.0,0.0,-0.000676637131096358,0.9999997710810702,-0.0015708282945077249,-0.0006120741379339414,0.0,0.0,0.0,0.0001920519890315626,1477,1530
0.0015773056136202971,0.0018306460887491526,0.0,0.0,0.0,-0.0006604971737159159,0.999999781871718,0.00013166409177089785,-0.0006367448935132166,0.0,0.0,0.0,0.00024195121968374297,1477,1530
0.0015504676920677946,0.0016970162086454217,0.0,0.0,0.0,-0.0006302176719047516,0.9999998014128233,-0.00026616657873079357,-0.0013344103530554007,0.0,0.0,0.0,0.0006045744771422679,1477,1530
0.0017347935603555507,0.001649184643279877,0.0,0.0,0.0,-0.0006173847300577966,0.9999998094180294,0.0011068850016047415,-0.0002857420508796081,0.0,0.0,0.0,0.0001540745264288213,1477,1530
0.0015777872860097786,0.0018369085166728882,0.0,0.0,0.0,-0.0006634410741376899,0.9999997799229463,-0.0015736069165663928,0.0018767625124619278,0.0,0.0,0.0,-0.0009218461102099304,1477,1530
0.0015777872860097786,0.0018369085166728882,0.0,0.0,0.0,-0.0006634410741376899,0.9999997799229463,-0.0015736069165663928,0.0018767625124619278,0.0,0.0,0.0,-0.0009218461102099304,1477,1530
0.0015108852264296695,0.001868143064290941,0.0,0.0,0.0,-0.0007107507616213912,0.9999997474166455,-0.0005017158581733039,0.00023342563455488422,0.0,0.0,0.0,-0.0007091366740054974,1477,1530
0.0014131028945685415,0.0017779535029628988,0.0,0.0,0.0,-0.0006745490334504521,0.9999997724917749,-0.0007323466260345939,-0.0006774093165429576,0.0,0.0,0.0,0.0005429826141281547,1477,1530
0.0014131028945685415,0.0017779535029628988,0.0,0.0,0.0,-0.0006745490334504521,0.9999997724917749,-0.0007323466260345939,-0.0006774093165429576,0.0,0.0,0.0,0.0005429826141281547,1477,1530
0.001408749108223667,0.0014370137584893785,0.0,0.0,0.0,-0.0005453177774650294,0.9999998513142497,-2.8881844081562736e-05,-0.0025289114137515955,0.0,0.0,0.0,0.00191710782239704,1477,1530
0.0016287102532863856,0.001897272889926449,0.0,0.0,0.0,-0.0006827675992398828,0.9999997669141756,0.0013277212132844507,0.0027860049313995577,0.0,0.0,0.0,-0.0016631356689803904,1477,1530
0.001514962458639609,0.0017792543264218412,0.0,0.0,0.0,-0.0007092308280847447,0.9999997484957847,-0.0011348552800989032,-0.0011806869890990917,0.0,0.0,0.0,-0.00052879407831308,1477,1530
0.001480336934356502,0.001727263139141164,0.0,0.0,0.0,-0.0005947068323455191,0.9999998231618762,-0.00034591522212726284,-0.0005210016513274313,0.0,0.0,0.0,0.0022931174829344102,1477,1530
0.0015816213652635068,0.0018660949865445457,0.0,0.0,0.0,-0.0006842439979580473,0.9999997659050482,0.0010111720845185231,0.001389494392763889,0.0,0.0,0.0,-0.0017907078624421638,1477,1530
0.0015816213652635068,0.0018660949865445457,0.0,0.0,0.0,-0.0006842439979580473,0.9999997659050482,0.0010111720845185231,0.001389494392763889,0.0,0.0,0.0,-0.0017907078624421638,1477,1530
0.0015816213652635068,0.0018660949865445457,0.0,0.0,0.0,-0.0006842439979580473,0.9999997659050482,0.0010111720845185231,0.001389494392763889,0.0,0.0,0.0,-0.0017907078624421638,1477,1530
0.0014895799934899847,0.0017526601114933255,0.0,0.0,0.0,-0.0006438762553381578,0.9999997927116624,-0.0013791941425538318,-0.0017045273601612046,0.0,0.0,0.0,0.0012118262915890789,1477,1530
0.0014895799934899847,0.0017526601114933255,0.0,0.0,0.0,-0.0006438762553381578,0.9999997927116624,-0.0013791941425538318,-0.0017045273601612046,0.0,0.0,0.0,0.0012118262915890789,1477,1530
0.0015605454427757115,0.0017272552709175517,0.0,0.0,0.0,-0.0006270487017402979,0.9999998034049435,0.0005172564683186251,-0.0001844209384792372,0.0,0.0,0.0,0.00024519422398318666,1477,1530
0.001673133885317803,0.0018651310593980758,0.0,0.0,0.0,-0.0006578001902416724,0.9999997836494314,0.0002616704205714346,0.00032126310070235457,0.0,0.0,0.0,-0.00014316105111626266,1477,1530
0.001673133885317803,0.0018651310593980758,0.0,0.0,0.0,-0.0006578001902416724,0.9999997836494314,0.0002616704205714346,0.00032126310070235457,0.0,0.0,0.0,-0.00014316105111626266,1477,1530
0.0014250601265057314,0.001508187061355186,0.0,0.0,0.0,-0.0005598782471322392,0.9999998432681619,-0.0024766834233946895,-0.0035736296937568493,0.0,0.0,0.0,0.001958948549446404,1477,1530
0.0014250601265057314,0.001508187061355186,0.0,0.0,0.0,-0.0005598782471322392,0.9999998432681619,-0.0024766834233946895,-0.0035736296937568493,0.0,0.0,0.0,0.001958948549446404,1477,1530
0.0014108729994608007,0.0018778590624230472,0.0,0.0,0.0,-0.0006872439042487833,0.9999997638478801,-0.00010971806541801726,0.00277773849310357,0.0,0.0,0.0,-0.0019141508231259666,1477,1530
0.001329507714223269,0.0013528393246256916,0.0,0.0,0.0,-0.00044666133442305847,0.9999999002468212,-0.0004026823091328259,-0.0026221679038154343,0.0,0.0,0.0,0.0024026305688532425,1477,1530
0.001329507714223269,0.0013528393246256916,0.0,0.0,0.0,-0.00044666133442305847,0.9999999002468212,-0.0004026823091328259,-0.0026221679038154343,0.0,0.0,0.0,0.0024026305688532425,1477,1530
0.0011673319742492964,0.0014199425723174155,0.0,0.0,0.0,-0.00048698297673521165,0.9999998814237832,-0.001218570635366317,0.0005029319317560412,0.0,0.0,0.0,-0.0006057211677902962,1477,1530
0.0011698922714249867,0.0012181177648617222,0.0,0.0,0.0,-0.0003948669674087442,0.999999922040036,2.7526273828782918e-05,-0.002015118897769696,0.0,0.0,0.0,0.0018394875528311044,1477,1530
0.0012479940012066904,0.001434724660278364,0.0,0.0,0.0,-0.00044641205440267907,0.9999999003581339,0.0005845470500906291,0.0016252007039675757,0.0,0.0,0.0,-0.0007732652985635639,1477,1530
0.0011435042545656841,0.0007959975676396369,0.0,0.0,0.0,-0.00026953677856151275,0.9999999636749618,-0.0006234816896515567,-0.003832706142567198,0.0,0.0,0.0,0.00212238458425183,1477,1530
0.001320452466023202,0.001366545642571976,0.0,0.0,0.0,-0.0003984668354391621,0.9999999206120874,0.0013252751104979152,0.004281345228530605,0.0,0.0,0.0,-0.0019346377534217936,1477,1530
0.001320452466023202,0.001366545642571976,0.0,0.0,0.0,-0.0003984668354391621,0.9999999206120874,0.0013252751104979152,0.004281345228530605,0.0,0.0,0.0,-0.0019346377534217936,1477,1530
0.0013498135289996217,0.0015901909168149983,0.0,0.0,0.0,-0.0004967823337861347,0.9999998766036488,0.00028995512208670365,0.0022223297701045278,0.0,0.0,0.0,-0.0019536893284942012,1477,1530
0.001324211699087202,0.0015001462373291983,0.0,0.0,0.0,-0.000504689015279349,0.9999998726444909,-0.00019217620484901222,-0.0006784683975108314,0.0,0.0,0.0,-0.00011911690684943456,1477,1530
0.0014341257402087273,0.0016563698327635764,0.0,0.0,0.0,-0.0005090644491249297,0.9999998704266849,0.00164742350965718,0.002346553902629265,0.0,0.0,0.0,-0.0001313490658675651,1477,1530
0.0014341257402087273,0.0016563698327635764,0.0,0.0,0.0,-0.0005090644491249297,0.9999998704266849,0.00164742350965718,0.002346553902629265,0.0,0.0,0.0,-0.0001313490658675651,1477,1530
0.0011346487873051773,0.0013222746528441871,0.0,0.0,0.0,-0.0004373811239776659,0.9999999043488716,-0.0011169984233742082,-0.001248674078283833,0.0,0.0,0.0,0.0005353417658257307,1477,1530
0.001309464282836622,0.0016368694551585946,0.0,0.0,0.0,-0.0005143414086995671,0.9999998677264489,0.001763709636184651,0.003180489520525488,0.0,0.0,0.0,-0.0015553504047719244,1477,1530
0.0014425040327584212,0.0011438283330668273,0.0,0.0,0.0,-0.00041443815757127487,0.999999914120503,0.0010030634329138977,-0.0037021759630154276,0.0,0.0,0.0,0.0015007362497257398,1477,1530
0.0013877622938869606,0.0012827498827336712,0.0,0.0,0.0,-0.00039678335207528033,0.9999999212814826,-0.0005478236482282323,0.0013868751280048256,0.0,0.0,0.0,0.0003526165804024904,1477,1530
0.0012479842409243635,0.0010053485597473822,0.0,0.0,0.0,-0.0003329123074403806,0.9999999445846962,-0.0020694555290691175,-0.004115132031968793,0.0,0.0,0.0,0.0018942434821653691,1477,1530
0.0012479842409243635,0.0010053485597473822,0.0,0.0,0.0,-0.0003329123074403806,0.9999999445846962,-0.0020694555290691175,-0.004115132031968793,0.0,0.0,0.0,0.0018942434821653691,1477,1530
0.001344533619699455,0.0015399731756267619,0.0,0.0,0.0,-0.0004943529483909197,0.9999998778075737,0.0009684028426347168,0.005382845229364338,0.0,0.0,0.0,-0.0032505266024077423,1477,1530
0.0012926063095277938,0.0010620450773273491,0.0,0.0,0.0,-0.00030615376566862706,0.9999999531349348,-0.0003090264285964463,-0.002870642532606325,0.0,0.0,0.0,0.002260569552617695,1477,1530
0.0012012124197935058,0.0010105115113471386,0.0,0.0,0.0,-0.0003338525017276791,0.999999944271252,-0.0009104638724872528,-0.0005141112089459065,0.0,0.0,0.0,-0.0005520591043997092,1477,1530
0.0012012124197935058,0.0010105115113471386,0.0,0.0,0.0,-0.0003338525017276791,0.999999944271252,-0.0009104638724872528,-0.0005141112089459065,0.0,0.0,0.0,-0.0005520591043997092,1477,1530
0.0013924603418333263,0.0011749817866022305,0.0,0.0,0.0,-0.00037066097019209006,0.9999999313052202,0.0008197299066277473,0.0007059078095977768,0.0,0.0,0.0,-0.00031571947525314603,1477,1530
0.0011649502783316868,0.0009420930878307344,0.0,0.0,0.0,-0.00032876931278468544,0.999999945955368,-0.0022739420404743168,-0.002331155718616582,0.0,0.0,0.0,0.0008380427098755569,1477,1530
0.0011649502783316868,0.0009420930878307344,0.0,0.0,0.0,-0.00032876931278468544,0.999999945955368,-0.0022739420404743168,-0.002331155718616582,0.0,0.0,0.0,0.0008380427098755569,1477,1530
0.0012075738478096337,0.0009894054382998262,0.0,0.0,0.0,-0.0003376162341120061,0.9999999430076376,0.0002555388599952485,0.00028402459177303695,0.0,0.0,0.0,-0.00010615648011801673,1477,1530
0.0012075738478096337,0.0009894054382998262,0.0,0.0,0.0,-0.0003376162341120061,0.9999999430076376,0.0002555388599952485,0.00028402459177303695,0.0,0.0,0.0,-0.00010615648011801673,1477,1530
0.0012673084579556907,0.0010761188211900056,0.0,0.0,0.0,-0.00038210252395389307,0.9999999269988279,0.0004478267170968222,0.0006510254460788277,0.0,0.0,0.0,-0.0006676766355439829,1477,1530
0.0012452856045944369,0.001158054963981362,0.0,0.0,0.0,-0.0004103659482262852,0.9999999157998908,-0.00011036716459446533,0.0004093733359875866,0.0,0.0,0.0,-0.00028248031311206556,1477,1530
0.0013774196326307002,0.001598392160022913,0.0,0.0,0.0,-0.0005282661981202933,0.9999998604674022,0.00198160222535882,0.0066234397175566504,0.0,0.0,0.0,-0.0035459792075961194,1477,1530
0.0013774196326307002,0.001598392160022913,0.0,0.0,0.0,-0.0005282661981202933,0.9999998604674022,0.00198160222535882,0.0066234397175566504,0.0,0.0,0.0,-0.0035459792075961194,1477,1530
0.0013357150539269362,0.0013264941030611704,0.0,0.0,0.0,-0.0004544592500959857,0.9999998967333896,-0.0003103069285063627,-0.0020374458121516746,0.0,0.0,0.0,0.0011059541609315464,1477,1530
0.001366272680575261,0.0012394670481253617,0.0,0.0,0.0,-0.0003830767983469476,0.9999999266260806,0.00022971907771152594,-0.0006523345125334807,0.0,0.0,0.0,0.0010704746031615876,1477,1530
0.0012228285967712756,0.0010803062904340512,0.0,0.0,0.0,-0.0003445810357640564,0.9999999406319532,-0.0014143814404705124,-0.0015717701335312129,0.0,0.0,0.0,0.0007597948352668674,1477,1530
0.0012228285967712756,0.0010803062904340512,0.0,0.0,0.0,-0.0003445810357640564,0.9999999406319532,-0.0014143814404705124,-0.0015717701335312129,0.0,0.0,0.0,0.0007597948352668674,1477,1530
0.0013285182458542529,0.001341251425170182,0.0,0.0,0.0,-0.0004068417557304272,0.9999999172398895,0.0008005234444783593,0.0019803940035515474,0.0,0.0,0.0,-0.0009447686183038827,1477,1530
0.001294900191778235,0.0014872295544649658,0.0,0.0,0.0,-0.0005011660689270002,0.9999998744162778,-0.000251803038744998,0.001089338984752287,0.0,0.0,0.0,-0.001408025359009349,1477,1530
0.001294900191778235,0.0014872295544649658,0.0,0.0,0.0,-0.0005011660689270002,0.9999998744162778,-0.000251803038744998,0.001089338984752287,0.0,0.0,0.0,-0.001408025359009349,1477,1530
0.0013402862106673523,0.0017112279518610302,0.0,0.0,0.0,-0.0005290717782552972,0.999999860041517,0.00027174441050235057,0.001348110166817037,0.0,0.0,0.0,-0.00033582700661210965,1477,1530
0.0013813343730240185,0.0014317942548593059,0.0,0.0,0.0,-0.00046410170930005935,0.9999998923047959,0.00020660340359940894,-0.0013961686741566952,0.0,0.0,0.0,0.0006493371405184689,1477,1530
0.0013781796822365194,0.0013571966854489764,0.0,0.0,0.0,-0.00041443383802330875,0.9999999141222933,-4.641585758386605e-05,-0.0011222502853685287,0.0,0.0,0.0,0.0014943549674548509,1477,1530
0.0013781796822365194,0.0013571966854489764,0.0,0.0,0.0,-0.00041443383802330875,0.9999999141222933,-4.641585758386605e-05,-0.0011222502853685287,0.0,0.0,0.0,0.0014943549674548509,1477,1530
0.0012540849553503988,0.0014573622467706,0.0,0.0,0.0,-0.00043601724751620287,0.9999999049444754,-0.0009298288137473354,0.000749258091147218,0.0,0.0,0.0,-0.00032322834978859685,1477,1530
0.0013981124800082516,0.001490990723342909,0.0,0.0,0.0,-0.0004979562718121285,0.999999876019768,0.0006177526585440108,0.000144805065396039,0.0,0.0,0.0,-0.0005314374175885924,1477,1530
0.001390510874974568,0.0013800261557318748,0.0,0.0,0.0,-0.00041621421171267895,0.9999999133828612,-5.541198080323354e-05,-0.0008208662177710642,0.0,0.0,0.0,0.0012093005876252733,1477,1530
0.001390510874974568,0.0013800261557318748,0.0,0.0,0.0,-0.00041621421171267895,0.9999999133828612,-5.541198080323354e-05,-0.0008208662177710642,0.0,0.0,0.0,0.0012093005876252733,1477,1530
0.001469015672813069,0.001132175613514832,0.0,0.0,0.0,-0.00033677715670082757,0.9999999432905718,0.0012115362710456005,-0.0038139562049807844,0.0,0.0,0.0,0.002445421148234675,1477,1530
0.001469015672813069,0.001132175613514832,0.0,0.0,0.0,-0.00033677715670082757,0.9999999432905718,0.0012115362710456005,-0.0038139562049807844,0.0,0.0,0.0,0.002445421148234675,1477,1530
0.0013923369567875414,0.0013719373240330935,0.0,0.0,0.0,-0.00045932126597892357,0.9999998945119818,-0.00046079692457229814,0.0014374981790906943,0.0,0.0,0.0,-0.0014697504573320682,1477,1530
0.001444831748655422,0.001073423183297739,0.0,0.0,0.0,-0.00038690044077536594,0.9999999251540217,0.000263937365451599,-0.001492851452174619,0.0,0.0,0.0,0.0007244618780430035,1477,1530
0.001444831748655422,0.001073423183297739,0.0,0.0,0.0,-0.00038690044077536594,0.9999999251540217,0.000263937365451599,-0.001492851452174619,0.0,0.0,0.0,0.0007244618780430035,1477,1530
0.0015016369183602316,0.0011727469507291411,0.0,0.0,0.0,-0.00044806829983724,0.9999998996173943,0.00033963141661155365,0.0005949128210225135,0.0,0.0,0.0,-0.0007324220867494648,1477,1530
0.0014787922988170666,0.001285506760919063,0.0,0.0,0.0,-0.0004760174565518055,0.9999998867036841,-0.0003387263039089437,0.0016642696891957115,0.0,0.0,0.0,-0.0008251770624933361,1477,1530
0.0014787922988170666,0.001285506760919063,0.0,0.0,0.0,-0.0004760174565518055,0.9999998867036841,-0.0003387263039089437,0.0016642696891957115,0.0,0.0,0.0,-0.0008251770624933361,1477,1530
0.0014787922988170666,0.001285506760919063,0.0,0.0,0.0,-0.0004760174565518055,0.9999998867036841,-0.0003387263039089437,0.0016642696891957115,0.0,0.0,0.0,-0.0008251770624933361,1477,1530
0.0016142003864506604,0.0009797145397325686,0.0,0.0,0.0,-0.0003458064264731607,0.9999999402089559,0.0005766579598265727,-0.0012989255881082596,0.0,0.0,0.0,0.0011066721128306831,1477,1530
0.001555658226399688,0.001040773765166667,0.0,0.0,0.0,-0.0003698552665693034,0.9999999316035385,-0.000254679241985296,0.00026526188670711006,0.0,0.0,0.0,-0.00020909127107572928,1477,1530
0.001555658226399688,0.001040773765166667,0.0,0.0,0.0,-0.0003698552665693034,0.9999999316035385,-0.000254679241985296,0.00026526188670711006,0.0,0.0,0.0,-0.00020909127107572928,1477,1530
0.001555658226399688,0.001040773765166667,0.0,0.0,0.0,-0.0003698552665693034,0.9999999316035385,-0.000254679241985296,0.00026526188670711006,0.0,0.0,0.0,-0.00020909127107572928,1477,1530
0.0014589904373448173,0.0010480051933570472,0.0,0.0,0.0,-0.00037950077639825033,0.9999999279895778,-0.0007249957760900004,5.3695507338784367e-05,0.0,0.0,0.0,-0.00014467216885581706,1477,1530
0.0014589904373448173,0.0010480051933570472,0.0,0.0,0.0,-0.00037950077639825033,0.9999999279895778,-0.0007249957760900004,5.3695507338784367e-05,0.0,0.0,0.0,-0.00014467216885581706,1477,1530
0.0014548355501645181,0.001130471959423591,0.0,0.0,0.0,-0.0003850318313830242,0.9999999258752417,-1.2658447910286865e-05,0.0002475083326992829,0.0,0.0,0.0,-3.3202103332317846e-05,1477,1530
0.0014548355501645181,0.001130471959423591,0.0,0.0,0.0,-0.0003850318313830242,0.9999999258752417,-1.2658447910286865e-05,0.0002475083326992829,0.0,0.0,0.0,-3.3202103332317846e-05,1477,1530
0.001502173202462155,0.0008776668702953597,0.0,0.0,0.0,-0.00032830144880873066,0.9999999461090779,0.0014202316917813703,-0.007552544555054278,0.0,0.0,0.0,0.003390127056282939,1477,1530
0.0015186591222845916,0.0015157845886083416,0.0,0.0,0.0,-0.0005050475641931841,0.9999998724634709,4.378613005465583e-05,0.0017390490718129578,0.0,0.0,0.0,-0.0009633490399677434,1477,1530
0.0015130141109884624,0.001039330454928623,0.0,0.0,0.0,-0.00036236392853535205,0.9999999343461895,-5.174300050501189e-05,-0.004774335570726189,0.0,0.0,0.0,0.002859506367272692,1477,1530
0.0015130141109884624,0.001039330454928623,0.0,0.0,0.0,-0.00036236392853535205,0.9999999343461895,-5.174300050501189e-05,-0.004774335570726189,0.0,0.0,0.0,0.002859506367272692,1477,1530
0.0016381500312032974,0.0013450066440427084,0.0,0.0,0.0,-0.0004710018329010322,0.9999998890786306,0.001877677228711878,0.004596199956711774,0.0,0.0,0.0,-0.003266028729715245,1477,1530
0.0016200955834797255,0.0013595070577132637,0.0,0.0,0.0,-0.00046265031099976343,0.9999998929773392,-0.0001080783076182845,8.66356407790561e-05,0.0,0.0,0.0,9.991293979046524e-05,1477,1530
0.0016200955834797255,0.0013595070577132637,0.0,0.0,0.0,-0.00046265031099976343,0.9999998929773392,-0.0001080783076182845,8.66356407790561e-05,0.0,0.0,0.0,9.991293979046524e-05,1477,1530
0.0015130674022043164,0.0014157719262572084,0.0,0.0,0.0,-0.0004799083173768944,0.9999998848439968,-0.0008052171884371475,0.0004223533175321317,0.0,0.0,0.0,-0.0002595520975316627,1477,1530
0.0014565152207792428,0.0015013592374407986,0.0,0.0,0.0,-0.0004934780083442743,0.9999998782397203,-0.0005665526593971809,0.0008556465096266519,0.0,0.0,0.0,-0.0002714943043765338,1477,1530
0.0014565152207792428,0.0015013592374407986,0.0,0.0,0.0,-0.0004934780083442743,0.9999998782397203,-0.0005665526593971809,0.0008556465096266519,0.0,0.0,0.0,-0.0002714943043765338,1477,1530
0.0014027177715494998,0.001163473147594566,0.0,0.0,0.0,-0.00042503291309739136,0.9999999096735073,-0.0002674989460911314,-0.0016908279596907837,0.0,0.0,0.0,0.0006849099138910227,1477,1530
0.0016591666161715197,0.0012445575847395123,0.0,0.0,0.0,-0.0004192663166556076,0.999999912107874,0.001281207272386402,0.00040629263311784433,0.0,0.0,0.0,5.76348467386942e-05,1477,1530
0.001493738422086914,0.001120734357195883,0.0,0.0,0.0,-0.00041970014093349297,0.999999911925892,-0.0016535076223929252,-0.0012398173801638447,0.0,0.0,0.0,-8.677874781056132e-06,1477,1530
0.0015784662757841361,0.0010327528546713095,0.0,0.0,0.0,-0.00032673383440335403,0.9999999466224992,0.0008474404958569849,-0.0008785061253447054,0.0,0.0,0.0,0.0018580627754004348,1477,1530
0.0015784662757841361,0.0010327528546713095,0.0,0.0,0.0,-0.00032673383440335403,0.9999999466224992,0.0008474404958569849,-0.0008785061253447054,0.0,0.0,0.0,0.0018580627754004348,1477,1530
0.0015784662757841361,0.0010327528546713095,0.0,0.0,0.0,-0.00032673383440335403,0.9999999466224992,0.0008474404958569849,-0.0008785061253447054,0.0,0.0,0.0,0.0018580627754004348,1477,1530
0.0015460214454089166,0.0012236823028800353,0.0,0.0,0.0,-0.00044457140016899337,0.9999999011781302,-9.694426650243676e-05,0.0005682434495473937,0.0,0.0,0.0,-0.0007014934684516554,1477,1530
0.0013792759174577022,0.0009837624104564171,0.0,0.0,0.0,-0.0003748341589516221,0.9999999297496742,-0.005405834545701259,-0.007792899375358969,0.0,0.0,0.0,0.00452751068154892,1477,1530
0.0015393754152101856,0.0011729073182091224,0.0,0.0,0.0,-0.0004214210292333755,0.999999911202154,0.001597930699673774,0.0018907013387759334,0.0,0.0,0.0,-0.0009307787770846971,1477,1530
0.0015393754152101856,0.0011729073182091224,0.0,0.0,0.0,-0.0004214210292333755,0.999999911202154,0.001597930699673774,0.0018907013387759334,0.0,0.0,0.0,-0.0009307787770846971,1477,1530
0.0013523016448643845,0.0009352752746004565,0.0,0.0,0.0,-0.0002888654730799555,0.9999999582783684,-0.0011228281848682333,-0.0014287580608870803,0.0,0.0,0.0,0.0015929191583500533,1477,1530
0.0015695792889436656,0.0009731632110724296,0.0,0.0,0.0,-0.00034244289375840267,0.9999999413664306,0.0016113904601231062,0.0002819466579836322,0.0,0.0,0.0,-0.000794769862093598,1477,1530
0.0013760504571515382,0.000809922127023535,0.0,0.0,0.0,-0.00031418030907763036,0.9999999506453655,-0.0011708829577704047,-0.0009890101090379113,0.0,0.0,0.0,0.00034218484525169854,1477,1530
0.0015956638643485166,0.001172990688241798,0.0,0.0,0.0,-0.00042085912559383285,0.9999999114387943,0.002193961956767053,0.0036322464718365017,0.0,0.0,0.0,-0.0021336831555386006,1477,1530
0.0015956638643485166,0.001172990688241798,0.0,0.0,0.0,-0.00042085912559383285,0.9999999114387943,0.002193961956767053,0.0036322464718365017,0.0,0.0,0.0,-0.0021336831555386006,1477,1530
0.0014816923279299477,0.001199220955544815,0.0,0.0,0.0,-0.00044099553448513943,0.9999999027614646,-0.0011381033989028776,0.0002609231746613685,0.0,0.0,0.0,-0.00040208086500604723,1477,1530
0.001700028645803711,0.0012276632519842069,0.0,0.0,0.0,-0.0003967778031013092,0.9999999212836844,0.0021847063066233454,0.0002865577475588652,0.0,0.0,0.0,0.0008850007555991685,1477,1530
0.0016966210388529228,0.0011374105824352603,0.0,0.0,0.0,-0.00038572030235109196,0.9999999256099215,-4.887962272844415e-05,-0.001322442017566614,0.0,0.0,0.0,0.00032403409856163,1477,1530
0.0015637259681552651,0.0010729037504148425,0.0,0.0,0.0,-0.0003701179959016176,0.9999999315063323,-0.0006693468431881933,-0.0003255370256049768,0.0,0.0,0.0,0.00015722585341041838,1477,1530
0.001419713772568133,0.001404857228964225,0.0,0.0,0.0,-0.0004966440660389572,0.9999998766723283,-0.0020909363408371357,0.0048099313630480325,0.0,0.0,0.0,-0.003667847917618177,1477,1530
0.0015440968898944379,0.0013375607687935447,0.0,0.0,0.0,-0.0004443323524941545,0.9999999012843754,0.0009500355031395264,-0.0005127896386395298,0.0,0.0,0.0,0.0007986826873811672,1477,1530
0.001614268526602978,0.001044419634537966,0.0,0.0,0.0,-0.00037428276836877755,0.9999999299562022,0.0007037581250426772,-0.002928443839473075,0.0,0.0,0.0,0.0013998719014829894,1477,1530
0.0016839631066943197,0.0013956467238514067,0.0,0.0,0.0,-0.0004688582551337277,0.9999998900859622,0.0010425171785050599,0.005274461889871272,0.0,0.0,0.0,-0.0028401049568548835,1477,1530
0.0016542417980277067,0.001543958306476104,0.0,0.0,0.0,-0.0005025041331859968,0.99999987374479,-0.0002985887686001943,0.0014827623344814884,0.0,0.0,0.0,-0.0006728839961163614,1477,1530
0.001754194552251231,0.0013042529646075753,0.0,0.0,0.0,-0.0004232825952361527,0.9999999104159183,0.0007509189193044892,-0.0017957607659620533,0.0,0.0,0.0,0.0011874800847664019,1477,1530
0.0014809285058045704,0.001120466926212485,0.0,0.0,0.0,-0.0003846512962313157,0.9999999260216874,-0.0027323331666935288,-0.0018410015510961421,0.0,0.0,0.0,0.0007729738812413193,1477,1530
0.0016046300186155586,0.0011122341844862242,0.0,0.0,0.0,-0.0003514825518255004,0.999999938230006,0.0012363610073673017,-8.132858344786639e-05,0.0,0.0,0.0,0.0006629903985287151,1477,1530
0.0015545730111735376,0.0011546790307062095,0.0,0.0,0.0,-0.0003859852393531909,0.9999999255076948,-0.0015167256856680686,0.0012842457500972875,0.0,0.0,0.0,-0.002089615714388767,1477,1530
0.0016842270274306243,0.0014901283953949738,0.0,0.0,0.0,-0.00045761270625068693,0.9999998952953001,0.0009677867244830421,0.002509680885856026,0.0,0.0,0.0,-0.0010714495403709643,1477,1530
0.0014411912531533155,0.0014942934972498548,0.0,0.0,0.0,-0.0004618475679555259,0.9999998933484063,-0.0036609499524911057,5.938915174631159e-05,0.0,0.0,0.0,-0.0001275810671472545,1477,1530
0.0014411912531533155,0.0014942934972498548,0.0,0.0,0.0,-0.0004618475679555259,0.9999998933484063,-0.0036609499524911057,5.938915174631159e-05,0.0,0.0,0.0,-0.0001275810671472545,1477,1530
0.001472928667584229,0.0011989194961828514,0.0,0.0,0.0,-0.0003956570657249958,0.9999999217277401,0.00015898439665093655,-0.0014668800318183423,0.0,0.0,0.0,0.0006574933027200868,1477,1530
0.0016811770572714017,0.001021676181525884,0.0,0.0,0.0,-0.0003369239384109307,0.9999999432411282,0.003181456460443379,-0.002703446806664292,0.0,0.0,0.0,0.0017933506733886354,1477,1530
0.0014411607792500132,0.0011268655618155783,0.0,0.0,0.0,-0.0003799662682649218,0.9999999278128149,-0.001800333729505963,0.0007875673714751033,0.0,0.0,0.0,-0.0006455204092642317,1477,1530
0.0014835554732041275,0.0011148778284832698,0.0,0.0,0.0,-0.0003788721368776186,0.9999999282279494,0.0002546177867084653,-7.178806625402708e-05,0.0,0.0,0.0,1.3139642558896793e-05,1477,1530
0.001495778460153711,0.0014120992559301397,0.0,0.0,0.0,-0.00044971366031508546,0.9999998988788067,0.00011997885600843479,0.002972335763515756,0.0,0.0,0.0,-0.0014168447578995357,1477,1530
0.0016733273725156627,0.0010303853597937054,0.0,0.0,0.0,-0.00034240292611486704,0.9999999413801164,0.002671374405608117,-0.005729728036590059,0.0,0.0,0.0,0.0032229319576600325,1477,1530
0.0014432054154133308,0.0008820844861321293,0.0,0.0,0.0,-0.0003015543284815572,0.9999999545324925,-0.0017245748612456562,-0.0011130653311773287,0.0,0.0,0.0,0.0006125238006595066,1477,1530
0.0012722612209688665,0.0009694710986957854,0.0,0.0,0.0,-0.00032184417520955043,0.9999999482081621,-0.0017070496149083345,0.000871344987589334,0.0,0.0,0.0,-0.0004051042260253704,1477,1530
0.0016321254956619378,0.0009631158536902881,0.0,0.0,0.0,-0.00029614892424537076,0.9999999561479064,0.003598754884476757,-6.123725734057898e-05,0.0,0.0,0.0,0.0005139153220811593,1477,1530
0.0014636249974063088,0.000957521593287031,0.0,0.0,0.0,-0.00034530080000459484,0.999999940383677,-0.0025322686388785055,-8.557351818736001e-05,0.0,0.0,0.0,-0.0014773633385143066,1477,1530
0.0014636249974063088,0.000957521593287031,0.0,0.0,0.0,-0.00034530080000459484,0.999999940383677,0.0,0.0,0.0,0.0,0.0,-1.9325750656691477e-19,1477,1530
0.0014636249974063088,0.000957521593287031,0.0,0.0,0.0,-0.00034530080000459484,0.999999940383677,0.0,0.0,0.0,0.0,0.0,-6.415291016083539e-20,1477,1530
0.0014636249974063088,0.000957521593287031,0.0,0.0,0.0,-0.00034530080000459484,0.999999940383677,0.0,0.0,0.0,0.0,0.0,-1.9324878857645266e-19,1477,1530
0.0014636249974063088,0.000957521593287031,0.0,0.0,0.0,-0.00034530080000459484,0.999999940383677,0.0,0.0,0.0,0.0,0.0,-1.2817018237458695e-19,1477,1530
0.0014292782529226325,0.0009623988796575423,0.0,0.0,0.0,-0.00034505027193752346,0.9999999404701532,-0.000257815923404064,3.642860578801661e-05,0.0,0.0,0.0,3.760694742314426e-06,1477,1530
0.0015255008155036147,0.0009673597787752396,0.0,0.0,0.0,-0.00032774394934005077,0.9999999462919504,0.0014438209559969658,7.543742947733124e-05,0.0,0.0,0.0,0.0005193818785763535,1477,1530
0.0015057152206784713,0.0009567692362484619,0.0,0.0,0.0,-0.00035007095228100125,0.9999999387251624,-0.00019809948320813624,-0.00010620289526319355,0.0,0.0,0.0,-0.0004472467342757498,1477,1530
0.0015716594480978182,0.0008978714015442482,0.0,0.0,0.0,-0.0003477044006340715,0.9999999395508231,0.0006593401956084019,-0.0005880578144471499,0.0,0.0,0.0,4.729414638501022e-05,1477,1530
0.0014627920646036975,0.0009529744175356406,0.0,0.0,0.0,-0.0003146570630621157,0.9999999504954651,-0.001088523386443913,0.0005500034516645696,0.0,0.0,0.0,0.0006606230822851128,1477,1530
0.0015248689751181717,0.0010619327593632394,0.0,0.0,0.0,-0.00038006010359684306,0.9999999277771563,0.0006198787320368631,0.00108961428855108,0.0,0.0,0.0,-0.001307629371216631,1477,1530
0.0016025192363453805,0.0009131929244535576,0.0,0.0,0.0,-0.00036928488331314626,0.9999999318143351,0.0005830381698407721,-0.0011147490433933997,0.0,0.0,0.0,0.00016157661108220884,1477,1530
0.0014083911552812437,0.0008159846028491241,0.0,0.0,0.0,-0.00030751453895527624,0.999999952717403,-0.0019331968499479318,-0.0009698217014507641,0.0,0.0,0.0,0.0012307179220211993,1477,1530
0.0014083911552812437,0.0008159846028491241,0.0,0.0,0.0,-0.00030751453895527624,0.999999952717403,-0.0019331968499479318,-0.0009698217014507641,0.0,0.0,0.0,0.0012307179220211993,1477,1530
0.0013919497316742186,0.0008878994692931718,0.0,0.0,0.0,-0.0003106858749792955,0.9999999517371424,-0.00024935565213132473,0.0010876036617554633,0.0,0.0,0.0,-9.593684072768361e-05,1477,1530
0.0014963374367285094,0.0009968291656848563,0.0,0.0,0.0,-0.00032541641920388995,0.9999999470520756,0.0006251048576813408,0.000653115570878482,0.0,0.0,0.0,-0.00017653633624841646,1477,1530
0.0013503260316604906,0.0010797780809076233,0.0,0.0,0.0,-0.0003629987924295339,0.9999999341159361,-0.0010963151773141424,0.0006218719734803473,0.0,0.0,0.0,-0.0005641601622025694,1477,1530
0.0013503260316604906,0.0010797780809076233,0.0,0.0,0.0,-0.0003629987924295339,0.9999999341159361,-0.0010963151773141424,0.0006218719734803473,0.0,0.0,0.0,-0.0005641601622025694,1477,1530
0.0014134722947517979,0.000959290239498633,0.0,0.0,0.0,-0.00035001014653190444,0.9999999387464468,0.00037918088032238824,-0.0007222300114209304,0.0,0.0,0.0,0.00015577278936406466,1477,1530
0.0015446742499252402,0.0008641612266847488,0.0,0.0,0.0,-0.0003104877229043587,0.9999999517986858,0.0013123045842950484,-0.0009500959269855683,0.0,0.0,0.0,0.0007902193518894114,1477,1530
0.0015446742499252402,0.0008641612266847488,0.0,0.0,0.0,-0.0003104877229043587,0.9999999517986858,0.0013123045842950484,-0.0009500959269855683,0.0,0.0,0.0,0.0007902193518894114,1477,1530
0.0014582014960094424,0.0008864524600308704,0.0,0.0,0.0,-0.0003017326710079874,0.9999999544786966,-0.0005187192516766182,0.0001333737073125567,0.0,0.0,0.0,0.00010502008992301064,1477,1530
0.0014847900240953788,0.0008984945616969375,0.0,0.0,0.0,-0.0003062249449374523,0.9999999531131405,0.00019943770120188948,9.047159556008066e-05,0.0,0.0,0.0,-6.741057070405596e-05,1477,1530
0.0016511751529858227,0.00097675900745358,0.0,0.0,0.0,-0.0003121495344385203,0.9999999512813329,0.00166585376847906,0.0007848327370525538,0.0,0.0,0.0,-0.00011866861191631094,1477,1530
0.001473379253293025,0.000833766560814658,0.0,0.0,0.0,-0.00031695230099051567,0.9999999497706182,-0.0013193944152258376,-0.0010624808192455,0.0,0.0,0.0,-7.13169219170212e-05,1477,1530
0.001497628391225829,0.0009495539244792134,0.0,0.0,0.0,-0.0003656902538907632,0.9999999331353169,0.0002446491015982508,0.0011718787269546314,0.0,0.0,0.0,-0.0009864185821361966,1477,1530
0.0014747076583935075,0.000972691938592353,0.0,0.0,0.0,-0.00033164480524780314,0.99999994500586,0.0005580035068877096,-0.00035110280422360546,0.0,0.0,0.0,0.000625464165904495,1477,1530
0.0015222266550561005,0.0009631055213324864,0.0,0.0,0.0,-0.0003347789106416761,0.9999999439615389,0.0004755244967646416,-9.560345693070433e-05,0.0,0.0,0.0,-6.271786053769e-05,1477,1530
0.0015222266550561005,0.0009631055213324864,0.0,0.0,0.0,-0.0003347789106416761,0.9999999439615389,0.0004755244967646416,-9.560345693070433e-05,0.0,0.0,0.0,-6.271786053769e-05,1477,1530
0.0013276048727249915,0.0008135411985166956,0.0,0.0,0.0,-0.0002860810690618146,0.9999999590788101,-0.0029181595395876793,-0.0022456772501781206,0.0,0.0,0.0,0.0014611033442401774,1477,1530
0.0013133872201719177,0.0009553128211510752,0.0,0.0,0.0,-0.0003687117604826612,0.9999999320258165,-0.00010707478341525533,0.0010615805348687672,0.0,0.0,0.0,-0.0012375422462011345,1477,1530
0.0013948657251155023,0.000977766860981105,0.0,0.0,0.0,-0.0003404140268681127,0.9999999420591434,0.0008116647867149593,0.0002243246371882757,0.0,0.0,0.0,0.0005639021041496712,1477,1530
0.0013884136853235987,0.0008856284210788982,0.0,0.0,0.0,-0.0003660336578915171,0.9999999330096784,-6.430527547055167e-05,-0.0009273725709530742,0.0,0.0,0.0,-0.0005156982783551747,1477,1530
0.0015434578287620818,0.0009601980054932168,0.0,0.0,0.0,-0.00037667310176867303,0.9999999290586846,0.0015477128442976616,0.0007457791231849974,0.0,0.0,0.0,-0.00021248928232418002,1477,1530
0.001365321017802225,0.0009763369437957585,0.0,0.0,0.0,-0.0003474493168433959,0.9999999396394843,-0.0017842190413117735,0.00016029259809654004,0.0,0.0,0.0,0.0005853713549251558,1477,1530
0.0014542228737143784,0.0008912011078211575,0.0,0.0,0.0,-0.0003413939305756842,0.9999999417250904,0.0005545517500420196,-0.0004019831197751512,0.0,0.0,0.0,0.00045687294926022624,1477,1530
0.0014542228737143784,0.0008912011078211575,0.0,0.0,0.0,-0.0003413939305756842,0.9999999417250904,0.0005545517500420196,-0.0004019831197751512,0.0,0.0,0.0,0.00045687294926022624,1477,1530
0.001433314574228312,0.0009847399487930546,0.0,0.0,0.0,-0.0003879140482018424,0.9999999247613428,-0.0002094556093140654,0.0009340591772026856,0.0,0.0,0.0,-0.0009292223018071659,1477,1530
0.0015295507801747035,0.001041869091145143,0.0,0.0,0.0,-0.00038663346788586487,0.999999925257278,0.0009612168576262872,0.0005716205960214662,0.0,0.0,0.0,2.559292540462701e-05,1477,1530
0.0014387136906024453,0.0009398797223419329,0.0,0.0,0.0,-0.0003236507873731033,0.9999999476250826,-0.0013651544390032282,-0.001535146048915752,0.0,0.0,0.0,0.001894728932745901,1477,1530
0.001403949615761436,0.000899302210103136,0.0,0.0,0.0,-0.00033767980323082985,0.9999999429861736,-0.00020833389311418024,-0.0002434914422789376,0.0,0.0,0.0,-0.00016827314966738318,1477,1530
0.0011264273534330551,0.0009212516392121305,0.0,0.0,0.0,-0.00034046873609061524,0.9999999420405182,-0.0027768419541849016,0.0002177353676261056,0.0,0.0,0.0,-5.580823876867463e-05,1477,1530
0.0014874115915474607,0.0010173824774406595,0.0,0.0,0.0,-0.00036803205898631113,0.9999999322761994,0.0036076356700457043,0.0009633519948632829,0.0,0.0,0.0,-0.0005510295497453145,1477,1530
0.0013277447137272757,0.0009721951450094166,0.0,0.0,0.0,-0.00033179125017450574,0.9999999449572816,-0.0015969905040612482,-0.0004532342784726209,0.0,0.0,0.0,0.0007251135170316804,1477,1530
0.0015369561709709415,0.0009436131954096773,0.0,0.0,0.0,-0.0003609735873093168,0.9999999348490325,0.002090861082472435,-0.00028423502036163824,0.0,0.0,0.0,-0.0005832443390533429,1477,1530
0.0013669860715787882,0.0009106424063995627,0.0,0.0,0.0,-0.00033079570381387127,0.9999999452870997,-0.0016996324825569468,-0.0003309679952278315,0.0,0.0,0.0,0.0006036180677506504,1477,1530
0.001459712156667825,0.0008319535485326487,0.0,0.0,0.0,-0.0002741955708729746,0.9999999624083937,0.0009283010952651237,-0.0007867154993589456,0.0,0.0,0.0,0.001132636986868441,1477,1530
0.0014871080321838357,0.0011779429899639537,0.0,0.0,0.0,-0.0004390232577300556,0.9999999036292849,0.00027169997761881655,0.0034554483842589266,0.0,0.0,0.0,-0.003292175342352965,1477,1530
0.0013328403386520418,0.0008333627449765414,0.0,0.0,0.0,-0.00031916733634251897,0.9999999490661043,-0.0009228970952717474,-0.0020662932262889926,0.0,0.0,0.0,0.0014368802573279816,1477,1530
0.0014403991700320895,0.001064238104398772,0.0,0.0,0.0,-0.00042352613067667523,0.9999999103128043,0.0016148938361975208,0.003472162899172077,0.0,0.0,0.0,-0.0031379971249994396,1477,1530
0.001465036520479556,0.0009432722876441432,0.0,0.0,0.0,-0.0003599384543460182,0.9999999352221525,0.00024721265019521496,-0.001208542635390984,0.0,0.0,0.0,0.0012708005231559633,1477,1530
0.0013884073328606402,0.0008045583691985979,0.0,0.0,0.0,-0.0002932210566780945,0.9999999570107051,-0.0011470908151430912,-0.002079996493829299,0.0,0.0,0.0,0.0020000420045761806,1477,1530
0.0017191344289820487,0.0007831926091972158,0.0,0.0,0.0,-0.00025795206106060507,0.9999999667303665,0.003303035683212369,-0.00021143894098320847,0.0,0.0,0.0,0.0007044500649404695,1477,1530
0.001409366092803157,0.0008965705823173628,0.0,0.0,0.0,-0.00033218519997734483,0.9999999448264949,-0.0018605533563757813,0.0006798908702394388,0.0,0.0,0.0,-0.0008915608812805272,1477,1530
0.001409366092803157,0.0008965705823173628,0.0,0.0,0.0,-0.00033218519997734483,0.9999999448264949,-0.0018605533563757813,0.0006798908702394388,0.0,0.0,0.0,-0.0008915608812805272,1477,1530
0.0013322281199175147,0.0008764237106691815,0.0,0.0,0.0,-0.0003325289292839795,0.9999999447122541,-0.0007721955092495498,-0.000202229896622421,0.0,0.0,0.0,-6.883052667160374e-06,1477,1530
0.0014009007332559486,0.0008870360326275821,0.0,0.0,0.0,-0.00032336565082148215,0.9999999477173266,0.000685647501609559,0.00010642346620587022,0.0,0.0,0.0,0.00018299657413909273,1477,1530
0.001369085080340882,0.000785846467050384,0.0,0.0,0.0,-0.0002865749187196916,0.9999999589374071,-0.0002379575786596535,-0.0007585373429332762,0.0,0.0,0.0,0.0005514694637776388,1477,1530
0.001459809631168164,0.0009552916548043563,0.0,0.0,0.0,-0.00037252244957968774,0.9999999306135099,0.0006805750730151235,0.0012728547620732562,0.0,0.0,0.0,-0.0012908621080583381,1477,1530
0.0016347801764078295,0.0009376552013845741,0.0,0.0,0.0,-0.0002993148684842474,0.9999999552053037,0.0017519913155786323,-0.00017527646627018545,0.0,0.0,0.0,0.0014659548279747788,1477,1530
0.0013651630972399973,0.0008920798154290939,0.0,0.0,0.0,-0.00034123027067307595,0.9999999417809495,-0.0026921553847960135,-0.00045673292706430716,0.0,0.0,0.0,-0.0008371444557934396,1477,1530
0.0014825157937240533,0.000987368927332062,0.0,0.0,0.0,-0.0003379588779390883,0.9999999428918968,0.001173979922129791,0.0009545890966759812,0.0,0.0,0.0,6.548941850577682e-05,1477,1530
0.0014242293554852083,0.000922863104843981,0.0,0.0,0.0,-0.00035933824130258605,0.999999935438012,-0.0008714680516518247,-0.0009657684764883123,0.0,0.0,0.0,-0.0006397846770807646,1477,1530
0.0014704348601973251,0.0008307576594679282,0.0,0.0,0.0,-0.00031515083465938077,0.9999999503399745,0.00034757813494642895,-0.000691617075421416,0.0,0.0,0.0,0.0006638434136866347,1477,1530
0.0013967803154369498,0.0008417072231563472,0.0,0.0,0.0,-0.00032766183718087083,0.9999999463188588,-0.000736290348822096,0.00010898341662854991,0.0,0.0,0.0,-0.0002501100149424516,1477,1530
0.0014180836317552942,0.0008507191888189022,0.0,0.0,0.0,-0.00030347090483249964,0.9999999539527039,0.00021294424770397185,9.024660841723298e-05,0.0,0.0,0.0,0.0004837509458894569,1477,1530
0.001416816210122638,0.000919979047023486,0.0,0.0,0.0,-0.00034331424153470006,0.999999941067664,-1.3102311373220211e-05,0.0006929996317479652,0.0,0.0,0.0,-0.0007973372045058032,1477,1530
0.0014636961249403233,0.0008078221542716314,0.0,0.0,0.0,-0.0002710080064439579,0.9999999632773295,0.00046816464485854056,-0.0011178930930237684,0.0,0.0,0.0,0.0014417993709762975,1477,1530
0.0014518376749701825,0.000872366610994909,0.0,0.0,0.0,-0.0003211166203770661,0.9999999484420568,-0.000178563978561203,0.000968952042950526,0.0,0.0,0.0,-0.001504627694606006,1477,1530
0.0013494995291706859,0.0009345318418667223,0.0,0.0,0.0,-0.0003659943390416638,0.9999999330240696,-0.0010236678892296496,0.000620926629028076,0.0,0.0,0.0,-0.0008974557059076852,1477,1530
0.001437128213421979,0.0009368398334661528,0.0,0.0,0.0,-0.0003081976283750523,0.9999999525071098,0.0008761032538981254,2.3716835616854965e-05,0.0,0.0,0.0,0.0011557146927344889,1477,1530
0.0014919902372172247,0.0009075832887448269,0.0,0.0,0.0,-0.0003230884734739564,0.9999999478069178,0.0005478800312231478,-0.00029173710639902536,0.0,0.0,0.0,-0.00029731742353411995,1477,1530
0.001781868377148567,0.0010689075869536103,0.0,0.0,0.0,-0.0003382590253812608,0.9999999427904143,0.004361764662839847,0.002431121804627173,0.0,0.0,0.0,-0.0004567036271929246,1477,1530
0.0014983269003890686,0.0009760125177790404,0.0,0.0,0.0,-0.0003160034529676402,0.9999999500709076,-0.0028388452155263073,-0.0009322017368117454,0.0,0.0,0.0,0.0004457488929785802,1477,1530
0.001377232361193442,0.0009571474104049802,0.0,0.0,0.0,-0.0003692896284400195,0.9999999318125828,-0.0012106443246864872,-0.00018938795368305812,0.0,0.0,0.0,-0.0010655637370702911,1477,1530
0.0014891180543739186,0.0009371856440207904,0.0,0.0,0.0,-0.00036654263205537606,0.9999999328232472,0.001056954341125695,0.0010064637755587541,0.0,0.0,0.0,-0.0012323183435882577,1477,1530
0.0014891180543739186,0.0009371856440207904,0.0,0.0,0.0,-0.00036654263205537606,0.9999999328232472,0.001056954341125695,0.0010064637755587541,0.0,0.0,0.0,-0.0012323183435882577,1477,1530
0.001242086039161879,0.0008508650709099084,0.0,0.0,0.0,-0.0003057467010024421,0.9999999532594763,-0.003688852404733699,-0.0012920335389677321,0.0,0.0,0.0,0.0018161593565230753,1477,1530
0.001362069912736233,0.0008955447586210856,0.0,0.0,0.0,-0.0003575509581459453,0.9999999360786541,0.000900392036216054,0.00033591575807740017,0.0,0.0,0.0,-0.0007776841026987736,1477,1530
0.0014018089013186773,0.0009282840443722021,0.0,0.0,0.0,-0.0003015371603526784,0.9999999545376694,0.0003971199241796635,0.0003276474597809224,0.0,0.0,0.0,0.0011201752004885192,1477,1530
0.0015778911531708203,0.001024795486924213,0.0,0.0,0.0,-0.00038291245613185343,0.9999999266890228,0.0010616955857229474,0.001162626643687112,0.0,0.0,0.0,-0.0010271200422496006,1477,1530
0.001484013605736466,0.0009500231559382154,0.0,0.0,0.0,-0.0003246530667901662,0.9999999473001917,-0.0009368628600672766,-0.0007473732843905677,0.0,0.0,0.0,0.001163524019909684,1477,1530
0.0015420916589452855,0.0009001960369554529,0.0,0.0,0.0,-0.00032471544519375637,0.9999999472799384,0.0008705024944690278,-0.0007458527158273793,0.0,0.0,0.0,-1.8688759457154166e-06,1477,1530
0.0015151512837280876,0.0009254119563597241,0.0,0.0,0.0,-0.0003268210167148757,0.99999994659401,-0.00020228077749529015,0.00018908646127828728,0.0,0.0,0.0,-3.160000649605298e-05,1477,1530
0.0015151512837280876,0.0009254119563597241,0.0,0.0,0.0,-0.0003268210167148757,0.99999994659401,-0.00020228077749529015,0.00018908646127828728,0.0,0.0,0.0,-3.160000649605298e-05,1477,1530
0.0014059259661995276,0.0008458757095986658,0.0,0.0,0.0,-0.00027021564433394517,0.9999999634917521,-0.001638131982356186,-0.0011945025737121952,0.0,0.0,0.0,0.0016987133282437342,1477,1530
0.0012951811525687188,0.0008983378088974429,0.0,0.0,0.0,-0.0003266872374063476,0.9999999466377231,-0.0008306698683002227,0.00039295590441547416,0.0,0.0,0.0,-0.0008469426573622966,1477,1530
0.001290263006684794,0.0009954197052476754,0.0,0.0,0.0,-0.0003879425181978427,0.9999999247502984,-4.982472508859366e-05,0.0009709613954249403,0.0,0.0,0.0,-0.0012253262521877172,1477,1530
0.0014284926257715359,0.0009964967192466116,0.0,0.0,0.0,-0.00034571112376051384,0.9999999402419076,0.0010052259037790245,0.0014321113283460682,0.0,0.0,0.0,-0.0004018636131608744,1477,1530
0.0013772610057678338,0.000958306485515236,0.0,0.0,0.0,-0.00031485004652009646,0.9999999504347229,-0.0007679129314501135,-0.0005732614580225875,0.0,0.0,0.0,0.0009256333564280042,1477,1530
0.0014671983947786606,0.0009542641409470379,0.0,0.0,0.0,-0.00035321825097817686,0.9999999376184316,0.0008998310853646285,-3.987624246976087e-05,0.0,0.0,0.0,-0.0007677326435000727,1477,1530
0.0015811321262201835,0.0009404936690129295,0.0,0.0,0.0,-0.00028932269010933047,0.9999999581461896,0.0008541934807334787,-0.00010262893522404089,0.0,0.0,0.0,0.0009580047548779896,1477,1530
0.001311673489392427,0.0008626988510413939,0.0,0.0,0.0,-0.0002902839622540862,0.9999999578676098,-0.008066757773104217,-0.0023339938300596494,0.0,0.0,0.0,-5.7564655675328755e-05,1477,1530
0.0014296216830617602,0.0008909207453598301,0.0,0.0,0.0,-0.0003320368367278967,0.9999999448757679,0.0011797780040781562,0.00028301404044903333,0.0,0.0,0.0,-0.0008353833292181031,1477,1530
0.001442439553799014,0.0009494529514887905,0.0,0.0,0.0,-0.00035975089460049415,0.9999999352896448,7.674428706268487e-05,0.0003515662660967021,0.0,0.0,0.0,-0.00033287362657587156,1477,1530
0.001442439553799014,0.0009494529514887905,0.0,0.0,0.0,-0.00035975089460049415,0.9999999352896448,7.674428706268487e-05,0.0003515662660967021,0.0,0.0,0.0,-0.00033287362657587156,1477,1530
0.0014380749422469173,0.0009670369322768135,0.0,0.0,0.0,-0.00033599922655806866,0.9999999435522583,-3.275756310279467e-05,0.000131567478566618,0.0,0.0,0.0,0.00035549473123387974,1477,1530
0.0015025384314687573,0.0010140847863180844,0.0,0.0,0.0,-0.0003786953106888526,0.9999999282949282,0.000644750568713171,0.0004712273501334396,0.0,0.0,0.0,-0.0008544942480889697,1477,1530
0.001510868613300457,0.0009263133379297382,0.0,0.0,0.0,-0.0003389174882205652,0.9999999425674664,6.298831033721074e-05,-0.0006583782604746538,0.0,0.0,0.0,0.0005967941940806276,1477,1530
0.001475820888002741,0.0009838785794222809,0.0,0.0,0.0,-0.00032866013328777783,0.999999945991257,-0.00035070955048295625,0.0005751558968002925,0.0,0.0,0.0,0.00020505483540534712,1477,1530
0.0013223453731582234,0.0009026238689841976,0.0,0.0,0.0,-0.0003208074987535722,0.999999948541273,-0.0046363685389803535,-0.0024585408553717473,0.0,0.0,0.0,0.00047460850069102624,1477,1530
0.0014031475671880654,0.000731305745703521,0.0,0.0,0.0,-0.00028050504318820514,0.9999999606584596,0.0006007372421412115,-0.0012715776024632796,0.0,0.0,0.0,0.0005984565422121989,1477,1530
0.0013629794719485324,0.0008500547357660145,0.0,0.0,0.0,-0.0003286836458961534,0.999999945983529,-0.0004077043177044901,0.0012030727425341764,0.0,0.0,0.0,-0.0009764020211361263,1477,1530
0.0013961378754889146,0.0009215758402887478,0.0,0.0,0.0,-0.0003325640985651452,0.9999999447005586,-0.0007560241389469106,8.8497329391731e-06,0.0,0.0,0.0,0.0005502837685017689,1477,1530
0.0014843518198086223,0.0008541707634815758,0.0,0.0,0.0,-0.0003124355001351815,0.9999999511920279,0.0008820142689423455,-0.0006730264160177633,0.0,0.0,0.0,0.0004023104876968585,1477,1530
0.0013804323024767797,0.0007488019955227031,0.0,0.0,0.0,-0.0002958559125289119,0.9999999562346386,-0.0015611222120890096,-0.001584873110516393,0.0,0.0,0.0,0.0004984468507341348,1477,1530
0.0012858714593109053,0.0009973756974204445,0.0,0.0,0.0,-0.0003985089884924532,0.99999992059529,-0.0014187813372326477,0.003722944371270666,0.0,0.0,0.0,-0.0030756095460879452,1477,1530
0.0013346654365373218,0.0007302473091574094,0.0,0.0,0.0,-0.0002730779013378556,0.9999999627142292,0.000367500058786021,-0.002002890198452964,0.0,0.0,0.0,0.0018812030412675381,1477,1530
0.0015389180652676318,0.000812373491777493,0.0,0.0,0.0,-0.00032462132533135765,0.9999999473104961,0.0030643419054310716,0.0012340594856807504,0.0,0.0,0.0,-0.001546921556965333,1477,1530
0.00123791766558101,0.0007124845600472896,0.0,0.0,0.0,-0.0002742352430208654,0.9999999623975151,-0.0022484047405710024,-0.0007477685437140056,0.0,0.0,0.0,0.0007529076320678208,1477,1530
0.0014615930960702244,0.0007940004273490453,0.0,0.0,0.0,-0.0003214781727217293,0.9999999483258909,0.0016849937672867412,0.0006151231881525793,0.0,0.0,0.0,-0.000711924167351286,1477,1530
0.0014615930960702244,0.0007940004273490453,0.0,0.0,0.0,-0.0003214781727217293,0.9999999483258909,0.0016849937672867412,0.0006151231881525793,0.0,0.0,0.0,-0.000711924167351286,1477,1530
0.0013909951452326862,0.0007440012199921204,0.0,0.0,0.0,-0.00024639074196991794,0.9999999696458006,-0.0010561527365405099,-0.0007490135064565487,0.0,0.0,0.0,0.0022476556926877876,1477,1530
0.0014785054888865289,0.0009615577366832855,0.0,0.0,0.0,-0.0003607296182746114,0.9999999349370692,0.0006549356343337018,0.0016305336991438695,0.0,0.0,0.0,-0.0017135453138698797,1477,1530
0.0011777385103581082,0.0008579755027578655,0.0,0.0,0.0,-0.00032093386909080933,0.9999999485007245,-0.0022581268391315182,-0.0007795073450627534,0.0,0.0,0.0,0.0005977132996002739,1477,1530
0.0011777385103581082,0.0008579755027578655,0.0,0.0,0.0,-0.00032093386909080933,0.9999999485007245,-0.0022581268391315182,-0.0007795073450627534,0.0,0.0,0.0,0.0005977132996002739,1477,1530
0.0013693420956680232,0.0009173262877303565,0.0,0.0,0.0,-0.0003098351237579669,0.9999999520010969,0.001149769827431307,0.00035695962415671357,0.0,0.0,0.0,0.0001332286496129113,1477,1530
0.001356042541003414,0.0007493719285477112,0.0,0.0,0.0,-0.0002955040430010626,0.9999999563386793,-0.0003947668221391306,-0.005024907804525856,0.0,0.0,0.0,0.0008574810873549623,1477,1530
0.0013868780950459189,0.0007166719434528907,0.0,0.0,0.0,-0.0002933749867895853,0.9999999569655577,0.00023049591456922642,-0.0002441433056404142,0.0,0.0,0.0,3.1809481391646096e-05,1477,1530
0.001459624830564052,0.0006744408733773531,0.0,0.0,0.0,-0.0002153269188103552,0.9999999768171588,0.0005480524624863112,-0.00031772663962486783,0.0,0.0,0.0,0.0011755820886029471,1477,1530
0.0010621801657263597,0.0006918615663479672,0.0,0.0,0.0,-0.00026530467005775544,0.9999999648067154,-0.002373146067687378,0.00010299518321092969,0.0,0.0,0.0,-0.0005968241113804806,1477,1530
0.0012703670340208093,0.0007179194185969772,0.0,0.0,0.0,-0.0003122745018041405,0.9999999512423166,0.0031611773563547775,0.00039737467501379105,0.0,0.0,0.0,-0.0014265055105176898,1477,1530
0.0013522423434403248,0.0007157908530583297,0.0,0.0,0.0,-0.0002728535694578714,0.9999999627754641,0.0012260650321164377,-3.110856518548901e-05,0.0,0.0,0.0,0.001180620965130387,1477,1530
0.0013481627086889963,0.0009472963724770833,0.0,0.0,0.0,-0.00034793628578619237,0.9999999394701686,-4.186751165969121e-05,0.002304455137541555,0.0,0.0,0.0,-0.0014947932966152308,1477,1530
0.0013236452617286045,0.0007274056198625842,0.0,0.0,0.0,-0.0002788572944883652,0.9999999611193039,-0.00014660937196887507,-0.001323262852421576,0.0,0.0,0.0,0.000831345536314818,1477,1530
0.001412043086493091,0.0008834624512614136,0.0,0.0,0.0,-0.0003260683654259162,0.999999946839709,0.001328241247889277,0.002347919260652834,0.0,0.0,0.0,-0.0014201595224305763,1477,1530
0.001412043086493091,0.0008834624512614136,0.0,0.0,0.0,-0.0003260683654259162,0.999999946839709,0.001328241247889277,0.002347919260652834,0.0,0.0,0.0,-0.0014201595224305763,1477,1530
0.0013507870172617905,0.0008315999210768579,0.0,0.0,0.0,-0.00031072883797327266,0.9999999517237935,-0.00036686821957746847,-0.0003110204250234115,0.0,0.0,0.0,0.00018384122807961782,1477,1530
0.001375709088752584,0.0007263690993576175,0.0,0.0,0.0,-0.0002938601509169018,0.9999999568231049,0.0001877909452650517,-0.0007907358589116233,0.0,0.0,0.0,0.00025355009509270634,1477,1530
0.0014985271289557002,0.0008421216048935818,0.0,0.0,0.0,-0.0003391543534218317,0.9999999424871606,0.0012256981127438252,0.0011565465585306768,0.0,0.0,0.0,-0.0009045544002721931,1477,1530
0.0013619650602920124,0.0008609080379025272,0.0,0.0,0.0,-0.0003128262083604125,0.9999999510698805,-0.0013659800190807144,0.00018696975938138966,0.0,0.0,0.0,0.000526652460079806,1477,1530
0.0013619650602920124,0.0008609080379025272,0.0,0.0,0.0,-0.0003128262083604125,0.9999999510698805,-0.0013659800190807144,0.00018696975938138966,0.0,0.0,0.0,0.000526652460079806,1477,1530
0.0012670172786027644,0.0006872509308437753,0.0,0.0,0.0,-0.0002863422036329719,0.9999999590040703,-0.0007102989374073352,-0.0013010521073747025,0.0,0.0,0.0,0.0003967047021209954,1477,1530
0.0014143459430861634,0.0008077289784801276,0.0,0.0,0.0,-0.000296308633120433,0.999999956100596,0.0011026802880441092,0.0009027713142590139,0.0,0.0,0.0,-0.00014925726388859804,1477,1530
0.001538374630489898,0.0007566356020253672,0.0,0.0,0.0,-0.00029732616200602664,0.9999999557985757,0.0012430382297159573,-0.0005112057347419165,0.0,0.0,0.0,-2.0390748382633377e-05,1477,1530
0.0013320338227335708,0.0007800420827240929,0.0,0.0,0.0,-0.0003082721368410128,0.9999999524841438,-0.0015462955690974736,0.00017447434282904828,0.0,0.0,0.0,-0.00016404486046003159,1477,1530
0.0014517726646423883,0.000801408249432481,0.0,0.0,0.0,-0.00031856846586791003,0.9999999492570649,0.0017994115360667152,0.00032223137761918096,0.0,0.0,0.0,-0.0003094964991125647,1477,1530
0.0015081034476690492,0.0007449491391607808,0.0,0.0,0.0,-0.00028621299611576576,0.9999999590410595,0.00042263118500697965,-0.000423054550027052,0.0,0.0,0.0,0.000485195000820342,1477,1530
0.0013555037736131044,0.0006706922685227342,0.0,0.0,0.0,-0.00028660030875624797,0.9999999589301306,-0.0015256477073208408,-0.0007434792788476802,0.0,0.0,0.0,-7.746640459375023e-06,1477,1530
0.001353321162646912,0.000784582825718527,0.0,0.0,0.0,-0.00028890498993958114,0.9999999582669525,-1.6883296475718644e-05,0.0008553907258512258,0.0,0.0,0.0,-3.4619638715474894e-05,1477,1530
0.0015316970787786106,0.0009713646226219412,0.0,0.0,0.0,-0.0003517786850242163,0.9999999381258765,0.0017826083153994882,0.0018687735800940971,0.0,0.0,0.0,-0.0012574236686448868,1477,1530
0.0012522260810280612,0.0008300266408655225,0.0,0.0,0.0,-0.00032816114283817064,0.9999999461551307,-0.0027934355485439424,-0.001415204186019208,0.0,0.0,0.0,0.0004723036406209656,1477,1530
0.001227713616557751,0.000688781646900353,0.0,0.0,0.0,-0.0003094724065514631,0.9999999521134136,-0.0003653901867150526,-0.0021136738631155707,0.0,0.0,0.0,0.0005592751147860888,1477,1530
0.0012806325726519713,0.0008225021220028715,0.0,0.0,0.0,-0.00035703202891639843,0.9999999362640631,0.0005279922091264192,0.0013365964165151557,0.0,0.0,0.0,-0.0009505271308564807,1477,1530
0.0012837289252640677,0.0007196369596394151,0.0,0.0,0.0,-0.0002812037762303198,0.9999999604622173,2.379714967054297e-05,-0.0007722383851822245,0.0,0.0,0.0,0.001138553862097281,1477,1530
0.0011354049701012524,0.0005836835027728751,0.0,0.0,0.0,-0.0002660277837257438,0.9999999646146085,-0.0014820152798363784,-0.0013599469551903284,0.0,0.0,0.0,0.0003034257994465512,1477,1530
0.0015415195299863596,0.0007687526846587885,0.0,0.0,0.0,-0.0002896669195537052,0.999999958046537,0.0040560232095054605,0.0018509643283440502,0.0,0.0,0.0,-0.0004723009877678935,1477,1530
0.0012775319659168432,0.0008522525318614342,0.0,0.0,0.0,-0.00034133519566951337,0.9999999417451404,-0.003961350487656408,0.001250459788271529,0.0,0.0,0.0,-0.0015503661851715713,1477,1530
0.0015971432239918365,0.000887439813763849,0.0,0.0,0.0,-0.00031869702626069517,0.9999999492161014,0.0019182442335433268,0.00021251268176640555,0.0,0.0,0.0,0.0002717602295279436,1477,1530
0.0013326735508956335,0.0008102416635998318,0.0,0.0,0.0,-0.0002989518285030731,0.9999999553139012,-0.0026441776955602315,-0.0007736593221114643,0.0,0.0,0.0,0.0003949000249644428,1477,1530
0.0014308249425921216,0.0008223369414668186,0.0,0.0,0.0,-0.00031735149624531275,0.9999999496440127,0.0029371283059084624,0.000363727690511352,0.0,0.0,0.0,-0.001101281976061876,1477,1530
0.0013319867727790936,0.0008997388374566075,0.0,0.0,0.0,-0.0003392326576429055,0.9999999424606003,-0.0007415173976603524,0.000579936318182637,0.0,0.0,0.0,-0.0003281567296361962,1477,1530
0.0012389209900355797,0.0008390034842454089,0.0,0.0,0.0,-0.00035159966118915575,0.9999999381888373,-0.0009312419738672685,-0.000608636051920497,0.0,0.0,0.0,-0.0002476050230503003,1477,1530
0.0012958393335523878,0.0007504126379697364,0.0,0.0,0.0,-0.00031970313476410034,0.9999999488949515,0.0008479638445655587,-0.0013177790590940424,0.0,0.0,0.0,0.0009493438164727639,1477,1530
0.00131065379210073,0.000814788548464214,0.0,0.0,0.0,-0.000312426788397562,0.9999999511947497,0.00014832474735489276,0.000646432965451484,0.0,0.0,0.0,0.00014610991315213708,1477,1530
0.0015129462648773913,0.000891464906163277,0.0,0.0,0.0,-0.0003150899800597143,0.999999950359151,0.0030395341277299846,0.001154268927518593,0.0,0.0,0.0,-8.005025078114727e-05,1477,1530
0.0014054635296961463,0.00014290573210960496,0.0,0.0,0.0,-8.660719731383048e-05,0.9999999962495967,-0.0015633869022600414,-0.001962643400864942,0.0,0.0,0.0,0.0008291207262000158,1477,1530
0.0013545241613341725,0.00014949171146937457,0.0,0.0,0.0,-6.930980100074495e-05,0.9999999975980757,-0.0007617272281753218,9.834999370689871e-05,0.0,0.0,0.0,0.0005173053118505064,1477,1530
0.0014320333363610814,9.358823362102476e-05,0.0,0.0,0.0,-7.769904571835911e-05,0.9999999969814292,0.0011651949373946734,-0.0008401511118835696,0.0,0.0,0.0,-0.00025220571317520637,1477,1530
0.0014210175072642153,0.00022457120926480204,0.0,0.0,0.0,-0.00011583936095786048,0.9999999932906212,-8.223254724583787e-05,0.0009759644595545659,0.0,0.0,0.0,-0.0005683804184751076,1477,1530
0.0015237619115824421,7.716022473861297e-05,0.0,0.0,0.0,-3.567674799876334e-05,0.9999999993635849,0.001035082869722388,-0.00148433633997611,0.0,0.0,0.0,0.0016146354423635441,1477,1530
0.001456438785364127,4.8983969822251236e-05,0.0,0.0,0.0,-3.7846666149388014e-05,0.9999999992838149,-0.0010125303148333853,-0.00042385180160402864,0.0,0.0,0.0,-6.527247479514022e-05,1477,1530
0.0014473922554473328,0.00024226693253663476,0.0,0.0,0.0,-0.00010763897657026033,0.9999999942069253,-9.044698770629672e-05,0.0019293114271893494,0.0,0.0,0.0,-0.0013933103863574586,1477,1530
0.0014965170306068534,7.950644640165489e-05,0.0,0.0,0.0,-6.969103099373478e-05,0.9999999975715801,0.0004924254023288215,-0.0016302378684436025,0.0,0.0,0.0,0.0007602361110437188,1477,1530
0.0014818647203777382,0.0002186215481624279,0.0,0.0,0.0,-7.416171407592171e-05,0.9999999972500201,-0.00021934071216141786,0.002079728780688381,0.0,0.0,0.0,-0.0001336726893030373,1477,1530
0.0014795078587841574,0.00014908833539460767,0.0,0.0,0.0,-6.051095889820971e-05,0.9999999981692119,-3.530767624429317e-05,-0.001046246788756406,0.0,0.0,0.0,0.0004107961242353756,1477,1530
0.0014702395729922137,-0.00022280164032897247,0.0,0.0,0.0,1.6525495389146092e-05,0.999999999863454,-6.90246356247181e-05,-0.0027831368451980004,0.0,0.0,0.0,0.0011530418303561303,1477,1530
0.0013906413709654456,0.0001934964873673144,0.0,0.0,0.0,-9.411274232983306e-05,0.9999999955713958,-0.0005984737659157852,0.003130575190581613,0.0,0.0,0.0,-0.0016639956328885544,1477,1530
0.0014179925332821167,5.729155752454894e-05,0.0,0.0,0.0,-3.58619752159867e-05,0.9999999993569594,0.0008153680924166172,-0.004056462331552726,0.0,0.0,0.0,0.0034697859907163765,1477,1530
0.0013723196925366319,0.00011052061581245189,0.0,0.0,0.0,-7.846180606754426e-05,0.9999999969218725,-0.00027440350374474383,0.0003197550271805834,0.0,0.0,0.0,-0.0005118387931068637,1477,1530
0.001267483459045964,0.00018440386646188453,0.0,0.0,0.0,-0.00010358163213996349,0.9999999946354228,-0.0015661785977504395,0.0011033953015065056,0.0,0.0,0.0,-0.0007504616080213957,1477,1530
0.0014922755338603504,4.654299815526621e-05,0.0,0.0,0.0,-1.7757735733909024e-05,0.9999999998423313,0.0011248511745214078,-0.0006895300209069244,0.0,0.0,0.0,0.0008588100735487663,1477,1530
0.0011901563854444077,8.3170979487926e-05,0.0,0.0,0.0,-9.257141908267861e-05,0.9999999957152662,-0.004532735947150611,0.0005493713922188904,0.0,0.0,0.0,-0.002244870700801499,1477,1530
0.0016007215595747932,0.0003001324727327701,0.0,0.0,0.0,-0.00011920045181227447,0.9999999928956261,0.012268027320541369,0.00648589495047126,0.0,0.0,0.0,-0.0015915508398240217,1477,1530
0.0016106288612561068,0.0002776930931982877,0.0,0.0,0.0,-0.00011725923231031853,0.9999999931251362,5.954223585930329e-05,-0.0001347722381962799,0.0,0.0,0.0,2.3320613349541187e-05,1477,1530
0.0012801969627421858,9.109004173118014e-05,0.0,0.0,0.0,-5.61894589247885e-05,0.9999999984213723,-0.004940087734063026,-0.002791317733766859,0.0,0.0,0.0,0.0018262765168951763,1477,1530
0.0014621475018597328,0.0001447909837228985,0.0,0.0,0.0,-7.986162502503683e-05,0.9999999968110604,0.0018203552087531706,0.0005374826318887353,0.0,0.0,0.0,-0.0004736801631488013,1477,1530
0.0012362292284461612,0.00011901758934889982,0.0,0.0,0.0,-9.670865253078964e-05,0.9999999953237182,-0.002257989964333306,-0.00025796322321615714,0.0,0.0,0.0,-0.00033676879932854713,1477,1530
0.0014662539009705489,0.00020041657236653186,0.0,0.0,0.0,-6.0644640776020824e-05,0.9999999981611137,0.002299629316635578,0.0008142718680974106,0.0,0.0,0.0,0.0007211360100084789,1477,1530
0.0014916933585226572,5.9108736479672756e-05,0.0,0.0,0.0,-3.5658208574153245e-05,0.9999999993642461,0.0002540046147099722,-0.0014099315444262089,0.0,0.0,0.0,0.0004986266796157273,1477,1530
0.001309272719493098,0.00014272450626170627,0.0,0.0,0.0,-5.488837498609774e-05,0.9999999984936331,0.0,0.0,0.0,0.0,0.0,-4.4399736548751354e-20,1477,1530
0.001309272719493098,0.00014272450626170627,0.0,0.0,0.0,-5.488837498609774e-05,0.9999999984936331,0.0,0.0,0.0,0.0,0.0,-6.580918553439006e-20,1477,1530
0.001309272719493098,0.00014272450626170627,0.0,0.0,0.0,-5.488837498609774e-05,0.9999999984936331,0.0,0.0,0.0,0.0,0.0,-1.3234391048807534e-19,1477,1530
0.001309272719493098,0.00014272450626170627,0.0,0.0,0.0,-5.488837498609777e-05,0.9999999984936331,0.0,0.0,0.0,0.0,0.0,-5.856319649631074e-19,1477,1530
0.0013613330835174388,7.298904455931634e-05,0.0,0.0,0.0,-2.1949737013406382e-05,0.9999999997591045,0.0005215668540817872,-0.0006984848869542705,0.0,0.0,0.0,0.0006598945806377517,1477,1530
0.0012575995407747107,-5.879690578120793e-05,0.0,0.0,0.0,3.010478471639366e-05,0.9999999995468509,-0.0009163202919156372,-0.0011976442360516902,0.0,0.0,0.0,0.0009834345695722282,1477,1530
0.0012649360659620875,-3.5865320667306507e-05,0.0,0.0,0.0,-1.0234787505783302e-05,0.9999999999476246,7.292038949948967e-05,0.0002278780803079953,0.0,0.0,0.0,-0.0008017484465901941,1477,1530
0.0012821726267778992,-1.575593822488302e-05,0.0,0.0,0.0,-3.706260870240716e-05,0.9999999993131815,0.0002603254671754757,0.00030372655585689587,0.0,0.0,0.0,-0.0008103857786350138,1477,1530
0.0012079999933663388,-0.0001047989494444986,0.0,0.0,0.0,1.5577454532778894e-05,0.9999999998786714,-0.0011124682437635342,-0.00133570092154502,0.0,0.0,0.0,0.0015791703131934486,1477,1530
0.001309993063825427,-0.00013915967182418027,0.0,0.0,0.0,3.92361380811838e-05,0.9999999992302627,0.0007648157167290943,-0.00025768737541030336,0.0,0.0,0.0,0.00035482259466289203,1477,1530
0.0012890711278774785,0.00016200711912953285,0.0,0.0,0.0,-5.8524102163807095e-05,0.9999999982874647,-0.00031410431875848624,0.004526602314916962,0.0,0.0,0.0,-0.0029386992960711063,1477,1530
0.0013952390350186188,0.00011557203418879433,0.0,0.0,0.0,-5.2629719639815024e-05,0.9999999986150563,0.0007956635308541364,-0.0003478916206518647,0.0,0.0,0.0,8.834506194648887e-05,1477,1530
0.0012456809040793826,0.00015750894007641227,0.0,0.0,0.0,-4.9493985052826094e-05,0.9999999987751728,-0.002243292351485812,0.0006287765782771574,0.0,0.0,0.0,9.406592344716599e-05,1477,1530
0.0013681193187303259,7.883822108116732e-05,0.0,0.0,0.0,-3.9417946870527425e-05,0.9999999992231127,0.0012246334637434255,-0.0007866961242543794,0.0,0.0,0.0,0.0002015489806998498,1477,1530
0.0012261106868288916,9.941671658307411e-05,0.0,0.0,0.0,-3.5778283572663156e-05,0.9999999993599572,-0.004260478032647875,0.0006170436835638998,0.0,0.0,0.0,0.00021838853356719035,1477,1530
0.0013341952837310142,0.0001516725051121687,0.0,0.0,0.0,-5.889143298442035e-05,0.9999999982658996,0.0005362563440813771,0.0002593118357406534,0.0,0.0,0.0,-0.00022935741475792036,1477,1530
0.001518868404506487,4.760313661222041e-05,0.0,0.0,0.0,3.845040069524255e-06,0.9999999999926078,0.002842844255875718,-0.0016015949580341217,0.0,0.0,0.0,0.0019313929976707946,1477,1530
0.0016999766146685031,2.639238674039445e-05,0.0,0.0,0.0,-3.4314410683167295e-06,0.9999999999941126,0.0027132698174398826,-0.0003177896688766687,0.0,0.0,0.0,-0.00021802517304507878,1477,1530
0.0012622162899912164,7.78700575882502e-05,0.0,0.0,0.0,-5.165798063246838e-05,0.9999999986657265,-0.0032855049380979082,0.0003863304304197774,0.0,0.0,0.0,-0.0007239048269052237,1477,1530
0.0012274852615126145,3.486109295351259e-05,0.0,0.0,0.0,-5.586517072012916e-06,0.9999999999843954,-0.0003470853634182311,-0.0004299019777194153,0.0,0.0,0.0,0.0009209503771459501,1477,1530
0.0012712002002017667,9.68827775336805e-05,0.0,0.0,0.0,-2.276869370522982e-05,0.9999999997407932,-0.0005866895481885158,-0.00027961205078582866,0.0,0.0,0.0,0.000548807844020952,1477,1530
0.0013646328687890448,-7.63109390188709e-05,0.0,0.0,0.0,4.862627426293614e-05,0.9999999988177427,0.0014047409014066902,-0.0026036480605753985,0.0,0.0,0.0,0.002146636036220068,1477,1530
0.0013728419336313969,-5.5913301969717926e-05,0.0,0.0,0.0,-1.2148301707851292e-05,0.9999999999262094,8.201862439783224e-05,0.00020374019698154034,0.0,0.0,0.0,-0.001214131691562187,1477,1530
0.0011911084576767372,-4.944089193984861e-05,0.0,0.0,0.0,1.1645171094990668e-05,0.999999999932195,-0.0018156840590922102,6.462113998028399e-05,0.0,0.0,0.0,0.0004754368085274189,1477,1530
0.0011911084576767372,-4.944089193984861e-05,0.0,0.0,0.0,1.1645171094990668e-05,0.999999999932195,-0.0018156840590922102,6.462113998028399e-05,0.0,0.0,0.0,0.0004754368085274189,1477,1530
0.001346137244952068,-0.00012552811310576864,0.0,0.0,0.0,3.623594045234227e-05,0.9999999993434783,0.0023325311095777623,-0.001144860024657153,0.0,0.0,0.0,0.0007399837311749375,1477,1530
0.001346137244952068,-0.00012552811310576864,0.0,0.0,0.0,3.623594045234227e-05,0.9999999993434783,0.0,0.0,0.0,0.0,0.0,5.781398699357114e-20,1477,1530
0.001346137244952068,-0.00012552811310576864,0.0,0.0,0.0,3.623594045234227e-05,0.9999999993434783,0.0,0.0,0.0,0.0,0.0,8.209270207297179e-20,1477,1530
0.001346137244952068,-0.00012552811310576864,0.0,0.0,0.0,3.6235940452342285e-05,0.9999999993434783,0.0,0.0,0.0,0.0,0.0,5.264982500625302e-19,1477,1530
0.0013133924173250368,-0.0004129738174780995,0.0,0.0,0.0,0.00010179492846048747,0.9999999948188962,-0.0004900490453752605,-0.004299053730642622,0.0,0.0,0.0,0.001961023844008757,1477,1530
0.0012496636293785573,-0.0005127977544878494,0.0,0.0,0.0,0.00013140562353903984,0.999999991366281,-0.00047829888107774716,-0.0007488648995461137,0.0,0.0,0.0,0.0004443281630304691,1477,1530
0.0013556878923849684,7.008816324634255e-05,0.0,0.0,0.0,-4.222927316987545e-05,0.9999999991083443,-0.0004916295981128928,-0.00023918732927131396,0.0,0.0,0.0,0.0003202795047156317,1477,1530
0.0014243638400741583,-0.0001755261444389248,0.0,0.0,0.0,3.897399859552918e-05,0.9999999992405137,0.001030955543290476,-0.00368593370559397,0.0,0.0,0.0,0.002437292424245301,1477,1530
0.0013663734387315343,-0.00012361564284748685,0.0,0.0,0.0,-2.2435691979036316e-07,0.9999999999999748,-0.00173669037248265,0.0015548540438280341,0.0,0.0,0.0,-0.002347980203968263,1477,1530
0.0012297854785363938,-9.2381886975103e-05,0.0,0.0,0.0,2.38916796745496e-05,0.9999999997145939,-0.00102571246140207,0.00023455058862359673,0.0,0.0,0.0,0.0003622005436045077,1477,1530
0.001373913333594659,-7.193590313278967e-05,0.0,0.0,0.0,3.0284965117389944e-06,0.9999999999954141,0.0014403664841653166,0.00020426024250362962,0.0,0.0,0.0,-0.00041699678532869746,1477,1530
0.0012472349982578102,-0.00012702150119040686,0.0,0.0,0.0,2.5615502926155668e-05,0.999999999671923,-0.0018979783798934475,-0.0008253150959908512,0.0,0.0,0.0,0.0006768250753713528,1477,1530
0.0013406962343940536,-0.00045800803448007817,0.0,0.0,0.0,0.00011483051454029841,0.9999999934069764,0.0007017970652690575,-0.002485852955076598,0.0,0.0,0.0,0.001340067769363171,1477,1530
0.001241296740057036,-0.0003687073523446024,0.0,0.0,0.0,8.613407244830652e-05,0.9999999962904608,-0.002967333995079964,0.0026670899038678687,0.0,0.0,0.0,-0.0017136808237381723,1477,1530
0.0012500413688634538,-5.550650575614896e-05,0.0,0.0,0.0,1.7609364701828785e-05,0.9999999998449551,6.597568408519167e-05,0.0023485077010531818,0.0,0.0,0.0,-0.0010276573780707361,1477,1530
0.0014507704382454635,5.192167042620916e-05,0.0,0.0,0.0,-3.279582182347539e-06,0.9999999999946222,0.002007248237484384,0.0010741681002055562,0.0,0.0,0.0,-0.00041776222718237563,1477,1530
0.0012252207130589421,-0.0003872612104018682,0.0,0.0,0.0,0.00010847104788168017,0.9999999941170159,-0.002254431406642624,-0.00438982428319323,0.0,0.0,0.0,0.0022339849677978263,1477,1530
0.0012274989339985224,-1.831387299381672e-05,0.0,0.0,0.0,2.7866615614531903e-05,0.9999999996117258,1.7684349764175487e-05,0.0027666931713870987,0.0,0.0,0.0,-0.001208888174828772,1477,1530
0.0014168669811491922,-4.2747483208635935e-05,0.0,0.0,0.0,-3.2249408632203225e-05,0.9999999994799879,0.0028422340391516154,-0.00036688626467184886,0.0,0.0,0.0,-0.001804581521319681,1477,1530
0.0011365415480120633,-0.0007364693726816885,0.0,0.0,0.0,0.0001973936760251215,0.9999999805178681,-0.004206587046371403,-0.010411982300334004,0.0,0.0,0.0,0.006893187168541938,1477,1530
0.001243470909879327,-0.0003846734491380233,0.0,0.0,0.0,0.00010289628948847967,0.9999999947061768,0.0008026525988082451,0.0026369725680502093,0.0,0.0,0.0,-0.0014168267824595548,1477,1530
0.0013535717307515238,-0.00033308833835413046,0.0,0.0,0.0,8.14336191607741e-05,0.9999999966842829,0.001656035168274029,0.0007754801666362095,0.0,0.0,0.0,-0.0006455812190409456,1477,1530
0.001296889942417971,-0.00023696518911964795,0.0,0.0,0.0,6.54123698667426e-05,0.9999999978606109,-0.0008458515407577954,0.0014349615566687894,0.0,0.0,0.0,-0.0004782962201036592,1477,1530
0.001296889942417971,-0.00023696518911964795,0.0,0.0,0.0,6.54123698667426e-05,0.9999999978606109,-0.0008458515407577954,0.0014349615566687894,0.0,0.0,0.0,-0.0004782962201036592,1477,1530
0.001314149784529682,1.4802963110409307e-05,0.0,0.0,0.0,-2.7606209495971443e-05,0.9999999996189486,8.650888195325157e-05,0.0012594843921898882,0.0,0.0,0.0,-0.0009306697410526289,1477,1530
0.0014834673555862328,0.0002103570383621165,0.0,0.0,0.0,-5.103129290457389e-05,0.9999999986979036,0.001009292353917434,0.0011658167214292563,0.0,0.0,0.0,-0.00027928897423638854,1477,1530
0.001328871707833601,0.00023541191734841263,0.0,0.0,0.0,-7.135867355824118e-05,0.9999999974539698,-0.0023584775608416673,0.00038198475094213154,0.0,0.0,0.0,-0.0006202099371679216,1477,1530
0.0014099928924285366,-0.00018944854898724858,0.0,0.0,0.0,2.1958649939335545e-05,0.9999999997589089,0.0008132006283410143,-0.004255723576165483,0.0,0.0,0.0,0.001869524660412008,1477,1530
0.0014099928924285366,-0.00018944854898724858,0.0,0.0,0.0,2.1958649939335545e-05,0.9999999997589089,0.0,0.0,0.0,0.0,0.0,-1.697207259461592e-20,1477,1530
0.0014099928924285366,-0.00018944854898724858,0.0,0.0,0.0,2.1958649939335545e-05,0.9999999997589089,0.0,0.0,0.0,0.0,0.0,-6.796355906910264e-20,1477,1530
0.0014099928924285366,-0.00018944854898724858,0.0,0.0,0.0,2.1958649939335545e-05,0.9999999997589089,0.0,0.0,0.0,0.0,0.0,-3.3974144209081816e-20,1477,1530
0.0014772205952371085,2.3093566407972137e-05,0.0,0.0,0.0,-5.256303124208984e-05,0.9999999986185638,0.0009509410485620088,0.003909214094237605,0.0,0.0,0.0,-0.003045764061617909,1477,1530
0.0014772205952371085,2.3093566407972137e-05,0.0,0.0,0.0,-5.256303124208984e-05,0.9999999986185638,0.0009509410485620088,0.003909214094237605,0.0,0.0,0.0,-0.003045764061617909,1477,1530
0.0013759945882413753,-0.0002403822513292122,0.0,0.0,0.0,2.3195415391890855e-05,0.9999999997309863,-6.143653583787296e-05,-6.601084764120836e-05,0.0,0.0,0.0,-0.0005708903763172564,1477,1530
0.0013943156903206144,-0.00027067775153172404,0.0,0.0,0.0,8.032134950344713e-05,0.9999999967742403,0.00018317498526278437,-0.0003029271497526131,0.0,0.0,0.0,0.001142381597503731,1477,1530
0.0012713852486750054,-0.00015226241527309902,0.0,0.0,0.0,3.683555246451687e-05,0.999999999321571,-0.0012274325923512163,0.001182730485320908,0.0,0.0,0.0,-0.0008685260613611465,1477,1530
0.0015256092176340575,0.00011921375438360491,0.0,0.0,0.0,-8.315113853057772e-05,0.999999996542944,0.0038209192698907043,0.0040796128638310005,0.0,0.0,0.0,-0.0036064529850117193,1477,1530
0.0014074211947908942,-0.0002762926507152423,0.0,0.0,0.0,5.247114739919306e-05,0.9999999986233893,-0.0011829021970528157,-0.003960885002372854,0.0,0.0,0.0,0.0027163028627432617,1477,1530
0.001477929200548453,3.550980392635081e-08,0.0,0.0,0.0,-4.070281075126821e-05,0.9999999991716406,0.0007048132363488141,0.002761026386411413,0.0,0.0,0.0,-0.0018620081745613839,1477,1530
0.0013104299435803362,-0.0002673659613352744,0.0,0.0,0.0,5.7037519448822426e-05,0.9999999983733606,-0.0016722831823601614,-0.0026701724993188755,0.0,0.0,0.0,0.0019518982733054606,1477,1530
0.0015053752606858698,-8.928051633615036e-05,0.0,0.0,0.0,-9.24786446791448e-06,0.9999999999572385,0.0029372910531087,0.0026826444113204366,0.0,0.0,0.0,-0.001997269612488097,1477,1530
0.0013398366050981685,-0.0002707287018427684,0.0,0.0,0.0,3.061019603811612e-05,0.999999999531508,-0.0016543603792017962,-0.0018134244176862292,0.0,0.0,0.0,0.0007966832000877297,1477,1530
0.0013631750029486369,-0.00010901228045929841,0.0,0.0,0.0,1.7132850316480962e-05,0.9999999998532327,0.0001749460373853636,0.0012117113164585073,0.0,0.0,0.0,-0.0002019683159773593,1477,1530
0.0014550463180182953,1.2901691589479672e-06,0.0,0.0,0.0,-9.779530862179567e-07,0.9999999999995218,0.0009185672326178836,0.0011027724606929889,0.0,0.0,0.0,-0.0003621436393230793,1477,1530
0.0013814616137399064,-0.0003726246303279811,0.0,0.0,0.0,9.869203722515167e-05,0.9999999951299409,-0.0005522705284187351,-0.0028063475664857223,0.0,0.0,0.0,0.0014961083512569106,1477,1530
0.0015602331252684563,-0.00016717705012644603,0.0,0.0,0.0,1.6329735038179305e-05,0.9999999998666699,0.0026815641421419154,0.003080475833811198,0.0,0.0,0.0,-0.0024703008983935847,1477,1530
0.0013266072322786126,-0.0003447040851702843,0.0,0.0,0.0,9.213805103977651e-05,0.9999999957552898,-0.0023087047986494937,-0.0017542136532204763,0.0,0.0,0.0,0.0014982472836599751,1477,1530
0.001282548768210826,-0.000167256888528786,0.0,0.0,0.0,1.2350011813371149e-05,0.9999999999237386,-0.0006709812546429379,0.0027045342846136206,0.0,0.0,0.0,-0.002432043139323955,1477,1530
0.0013507601690896617,-0.00015252239769418847,0.0,0.0,0.0,3.3531656831897406e-05,0.999999999437814,0.0006818926234372635,0.0001472794578478066,0.0,0.0,0.0,0.0004234931477194944,1477,1530
0.0013900278933436107,-0.0003369648038699268,0.0,0.0,0.0,0.00010532268953894964,0.9999999944535655,0.00039263600202757285,-0.0018448378077864514,0.0,0.0,0.0,0.0014361222423473416,1477,1530
0.0013556711591518598,8.765867934286257e-05,0.0,0.0,0.0,-5.077314338699397e-05,0.999999998711044,-0.00034267631131742126,0.004246349572290339,0.0,0.0,0.0,-0.0031219478696502437,1477,1530
0.001167664691850534,-8.012662509961833e-05,0.0,0.0,0.0,2.3449515228395813e-06,0.9999999999972505,-9.129912568870275e-05,0.0024059324110318947,0.0,0.0,0.0,-0.0024078753359103016,1477,1530
0.0013412950829330777,-0.0003373656436121505,0.0,0.0,0.0,8.30577448710346e-05,0.9999999965507055,0.001736239759352997,-0.0025723211585592745,0.0,0.0,0.0,0.001614207440897875,1477,1530
0.0013748448814167986,6.917199451944957e-05,0.0,0.0,0.0,-1.5748389949341252e-05,0.9999999998759941,0.0003362102853259081,0.004065767828274523,0.0,0.0,0.0,-0.0019763400925252852,1477,1530
0.0015917842922816463,-1.5491279614562046e-05,0.0,0.0,0.0,7.551127892941788e-05,0.9999999971490233,0.003255433333999869,-0.0012703547598910882,0.0,0.0,0.0,0.0027388856189825028,1477,1530
0.003558072769058799,0.0008022401838370812,0.0,0.0,0.0,0.0010634544495488635,0.999999434532157,0.019661170326957782,0.008173119034263914,0.0,0.0,0.0,0.019755900820612144,1477,1530
0.00858809255080301,0.001725757622310246,0.0,0.0,0.0,0.0021465783301640637,0.9999976960980823,0.05032777885298977,0.009129630358950112,0.0,0.0,0.0,0.021665968892801406,1477,1530
0.013115771127266173,0.001871975158899484,0.0,0.0,0.0,0.003070641905124998,0.9999952855680323,0.06794707077226209,0.0019023197955448825,0.0,0.0,0.0,0.027731427297300926,1477,1530
0.03214202260146744,0.004153153485874118,0.0,0.0,0.0,0.003914643689143801,0.9999923377530385,0.12697938157653332,0.006477320408236056,0.0,0.0,0.0,0.013390379751386634,1477,1530
0.046509136559146846,0.004470754799759137,0.0,0.0,0.0,0.004805515996317128,0.9999884534413431,0.14353228111566732,0.0020488076003079875,0.0,0.0,0.0,0.017797858113213622,1477,1530
0.0557399763000985,0.00416061375971045,0.0,0.0,0.0,0.004957157053027795,0.9999877132214933,0.138238691605131,-0.005975184832469168,0.0,0.0,0.0,0.004543606379524796,1477,1530
0.07158509788624771,0.006390255435313777,0.0,0.0,0.0,0.00467863328030989,0.9999890551354192,0.1585693378497711,0.02071197794865402,0.0,0.0,0.0,-0.005567199732881955,1477,1530
0.08183760842887575,0.00517430860076988,0.0,0.0,0.0,0.0047534039584956325,0.999988702511587,0.09995104172093608,-0.01280369350462741,0.0,0.0,0.0,0.0014595685922561238,1477,1530
0.08472707403183541,0.003876532282596054,0.0,0.0,0.0,0.005211280879385822,0.9999864211836059,0.04485706313188345,-0.020661816988417007,0.0,0.0,0.0,0.014278266588846907,1477,1530
0.08467354887650388,0.004502175266644138,0.0,0.0,0.0,0.005057757513079796,0.9999872094626705,-0.0004699965403667267,0.006261418183031215,0.0,0.0,0.0,-0.003070384976281743,1477,1530
0.08181133810958177,0.00431374460048705,0.0,0.0,0.0,0.005035283131995678,0.9999873228815357,-0.028642854512588183,-0.0015948620348346103,0.0,0.0,0.0,-0.00044954279510396546,1477,1530
0.07897507562368512,0.0045488175571321695,0.0,0.0,0.0,0.0052529720966234365,0.9999862030468981,-0.028374968723616757,0.002639718866328397,0.0,0.0,0.0,0.004359591533693005,1477,1530
0.08122381566700203,0.004811150446735897,0.0,0.0,0.0,0.006013257716167572,0.9999819202023799,0.03212291151206818,0.002366824480936413,0.0,0.0,0.0,0.009874873763222946,1477,1530
0.08796899092130252,0.005166039252535551,0.0,0.0,0.0,0.006555386497514577,0.9999785132230933,0.06735282827490127,0.0027318907929034715,0.0,0.0,0.0,0.010820823065433945,1477,1530
0.09377781434776927,0.00589018177847586,0.0,0.0,0.0,0.006628310531717008,0.9999780325084622,0.05810206673792245,0.006470760900562618,0.0,0.0,0.0,0.001456604219875546,1477,1530
0.09718184533190362,0.005074331413378966,0.0,0.0,0.0,0.007207109096520066,0.9999740284519748,0.0509638256670738,-0.012931335105990194,0.0,0.0,0.0,0.017388280591220964,1477,1530
0.10021009421938581,0.005540232143765198,0.0,0.0,0.0,0.007174470795355449,0.9999742631532107,0.030357122179677593,0.004223514468152818,0.0,0.0,0.0,-0.0006530114543054651,1477,1530
0.10222353830640198,0.00565064929072445,0.0,0.0,0.0,0.0075717933711046395,0.9999713335616903,0.030189109069392133,0.0012213924468965124,0.0,0.0,0.0,0.011906903451835125,1477,1530
0.10185013323689933,0.0057121407908936606,0.0,0.0,0.0,0.00786704682298543,0.9999690543083246,-0.0037341689878309867,0.0006731669533689091,0.0,0.0,0.0,0.005920876033758183,1477,1530
0.10312547057414786,0.00551019052789703,0.0,0.0,0.0,0.008020722373046065,0.9999678334889651,0.009522327792779835,-0.00166184503447929,0.0,0.0,0.0,0.0023009319994236927,1477,1530
0.10555065740891569,0.006536646714871381,0.0,0.0,0.0,0.007971479365828232,0.9999682272536063,0.036737293633928726,0.014858727387702927,0.0,0.0,0.0,-0.0014820652336643347,1477,1530
0.10988865248809877,0.006194234050727803,0.0,0.0,0.0,0.007895967648583342,0.9999688263615484,0.04332678098843388,-0.004115932813042274,0.0,0.0,0.0,-0.001510523559906502,1477,1530
0.11058774047689142,0.005037284809315468,0.0,0.0,0.0,0.008049325915763952,0.9999676036513893,0.006805607794861425,-0.011675526983475085,0.0,0.0,0.0,0.0030664961944573076,1477,1530
0.1080436068017869,0.005245074192119129,0.0,0.0,0.0,0.007316188257165851,0.999973236336546,-0.024957353989713216,0.0024433968500260504,0.0,0.0,0.0,-0.01440504650529593,1477,1530
0.10637888330096228,0.00367691634076699,0.0,0.0,0.0,0.007878447619597315,0.9999689645499531,-0.01716185164765469,-0.01569880162190622,0.0,0.0,0.0,0.011436733534822665,1477,1530
0.1046025890045715,0.003779367169589487,0.0,0.0,0.0,0.007666045131368089,0.9999706154442958,-0.02658724817675526,0.0019542129288467546,0.0,0.0,0.0,-0.006365169916753326,1477,1530
0.1023688891303556,0.0040612212062263705,0.0,0.0,0.0,0.007853477415045437,0.9999691609707229,-0.016711518640446586,0.002369532418591285,0.0,0.0,0.0,0.002810416621030671,1477,1530
0.10225721822462022,0.003500729780909758,0.0,0.0,0.0,0.007910729437597084,0.9999687096903408,-0.0018110544045414994,-0.008399259262058504,0.0,0.0,0.0,0.001721556396401848,1477,1530
0.10243492202279324,0.0035926447220938507,0.0,0.0,0.0,0.007875276049821736,0.999968989532745,0.001341689996271581,0.0006672807685666643,0.0,0.0,0.0,-0.0005310937675229177,1477,1530
0.10244969547170901,0.0035732318734088358,0.0,0.0,0.0,0.00790189282788769,0.9999687795575103,0.00014464994915518989,-0.00019641944960634565,0.0,0.0,0.0,0.0005323201863921517,1477,1530
0.1020889236246722,0.00355511673581784,0.0,0.0,0.0,0.007870565720517064,0.9999690266179443,-0.002711794547513916,-9.323046744771678e-05,0.0,0.0,0.0,-0.0004706495537275362,1477,1530
0.10210298944079818,0.003677988005255421,0.0,0.0,0.0,0.007822160120027196,0.9999694064375453,0.00015981685249483293,0.001225084580039123,0.0,0.0,0.0,-0.000967145651975278,1477,1530
0.10206170656631386,0.0035959369466723105,0.0,0.0,0.0,0.007848950711087082,0.99996919651194,-0.0004260231458841229,-0.0008147340952286611,0.0,0.0,0.0,0.0005363431596725417,1477,1530
0.10211330493462974,0.0037459148970253537,0.0,0.0,0.0,0.00775584514835505,0.9999699229807039,0.0005387785246056825,0.0014896033049294935,0.0,0.0,0.0,-0.0018598059818722556,1477,1530
0.10211330493462974,0.0037459148970253537,0.0,0.0,0.0,0.00775584514835505,0.9999699229807039,0.0005387785246056825,0.0014896033049294935,0.0,0.0,0.0,-0.0018598059818722556,1477,1530
0.10225912870875024,0.003723050057980525,0.0,0.0,0.0,0.007795949170758213,0.9999696111265216,0.0010906359210282029,-0.00018838662195209052,0.0,0.0,0.0,0.0006014401920526307,1477,1530
0.10227026612871648,0.0037951902339416867,0.0,0.0,0.0,0.007787055680852093,0.9999696804222732,0.00012259976082347568,0.0007195272212636774,0.0,0.0,0.0,-0.00017786274699046147,1477,1530
0.10184399830487263,0.0034740080860263486,0.0,0.0,0.0,0.00786164331588472,0.9999690968046832,-0.004310629198114231,-0.0031439147387227763,0.0,0.0,0.0,0.001491261510450205,1477,1530
0.10182278711938697,0.0034684334148808002,0.0,0.0,0.0,0.0078741378952065,0.999968998495657,-0.00021291103131359726,-5.239225398815458e-05,0.0,0.0,0.0,0.00024983935995070045,1477,1530
0.10175005199012846,0.003535976844417603,0.0,0.0,0.0,0.007865955663626058,0.9999690628921966,-0.0005373125560425923,0.0005149541975781218,0.0,0.0,0.0,-0.00012270169130234487,1477,1530
0.10193619856469402,0.003543144205196974,0.0,0.0,0.0,0.007878063481214668,0.9999689675763873,0.001863462366508073,4.2406250047615616e-05,0.0,0.0,0.0,0.00024230681617518375,1477,1530
0.10177985222348376,0.003504132682536229,0.0,0.0,0.0,0.007914145682671864,0.9999686826586688,-0.001570782437892414,-0.00036575164283870424,0.0,0.0,0.0,0.000722294923361495,1477,1530
0.10177985222348376,0.003504132682536229,0.0,0.0,0.0,0.007914145682671864,0.9999686826586688,-0.001570782437892414,-0.00036575164283870424,0.0,0.0,0.0,0.000722294923361495,1477,1530
0.10169775527920435,0.0034175593591703637,0.0,0.0,0.0,0.007930647682917406,0.9999685519191738,-0.000625084636557078,-0.0006386124564020576,0.0,0.0,0.0,0.00024720466378820957,1477,1530
0.10152470124100495,0.0034083361784940035,0.0,0.0,0.0,0.007902170831330864,0.9999687773606496,-0.001301605085791134,-4.8682792903147923e-05,0.0,0.0,0.0,-0.0004280758202349335,1477,1530
0.10158614842360188,0.0033854805711999586,0.0,0.0,0.0,0.007859782291226376,0.9999691114341155,0.00045735092996854854,-0.00017839170062995495,0.0,0.0,0.0,-0.0006348257784165259,1477,1530
0.10130661900978367,0.003443004750291599,0.0,0.0,0.0,0.007885050969483961,0.9999689125023881,-0.002785516529521857,0.000619023504611208,0.0,0.0,0.0,0.0005053184815010145,1477,1530
0.10139743750302647,0.003436413943282703,0.0,0.0,0.0,0.007897305041492882,0.9999688158003136,0.000905836951946885,-8.011584535602863e-05,0.0,0.0,0.0,0.00024476598013167816,1477,1530
0.10174338759585198,0.0034621609547251108,0.0,0.0,0.0,0.00792017502649897,0.9999686349218907,0.0025974558391057305,0.0001521047601658529,0.0,0.0,0.0,0.0003430742271089146,1477,1530
0.10174338759585198,0.0034621609547251108,0.0,0.0,0.0,0.00792017502649897,0.9999686349218907,0.0025974558391057305,0.0001521047601658529,0.0,0.0,0.0,0.0003430742271089146,1477,1530
0.10139487776932925,0.0032295303437477464,0.0,0.0,0.0,0.008003227615180599,0.9999679736610266,-0.0035251402723694278,-0.00227315215700547,0.0,0.0,0.0,0.0016628171222855621,1477,1530
0.1013204915574062,0.002822065735135903,0.0,0.0,0.0,0.0080864345654095,0.9999673042535038,-0.00048555340248456174,-0.002438145078119509,0.0,0.0,0.0,0.0009988493297043025,1477,1530
0.10139593507645568,0.0028593708055245533,0.0,0.0,0.0,0.008095793654432738,0.9999672285255676,0.0007608718031607878,0.00036103921921351996,0.0,0.0,0.0,0.00018731153340877305,1477,1530
0.10139593507645568,0.0028593708055245533,0.0,0.0,0.0,0.008095793654432738,0.9999672285255676,0.0007608718031607878,0.00036103921921351996,0.0,0.0,0.0,0.00018731153340877305,1477,1530
0.10140182492503594,0.002974568881651302,0.0,0.0,0.0,0.008089817952037828,0.9999672768873504,7.744729080813851e-05,0.0011494622879730165,0.0,0.0,0.0,-0.00011937113529050419,1477,1530
0.10135205857588203,0.0027648278064535577,0.0,0.0,0.0,0.008169094850820088,0.9999666323879604,-0.0005321445502819696,-0.002091489683763466,0.0,0.0,0.0,0.001587415897844667,1477,1530
0.10135205857588203,0.0027648278064535577,0.0,0.0,0.0,0.008169094850820088,0.9999666323879604,-0.0005321445502819696,-0.002091489683763466,0.0,0.0,0.0,0.001587415897844667,1477,1530
0.1012597494586626,0.0027684811082983266,0.0,0.0,0.0,0.008120107208880633,0.9999670313859934,-0.0003950282041963066,2.2102947770036744e-05,0.0,0.0,0.0,-0.0004196172662506847,1477,1530
0.10128406099193846,0.0027573274318033985,0.0,0.0,0.0,0.00812353091212263,0.999967003578378,0.00018036866716897488,-8.632251192800525e-05,0.0,0.0,0.0,5.119112731282338e-05,1477,1530
0.10128406099193846,0.0027573274318033985,0.0,0.0,0.0,0.00812353091212263,0.999967003578378,0.00018036866716897488,-8.632251192800525e-05,0.0,0.0,0.0,5.119112731282338e-05,1477,1530
0.1012633245884931,0.0027316103675589292,0.0,0.0,0.0,0.008120947549943537,0.9999670245617558,-0.00031933027655230286,-0.00038312084641486146,0.0,0.0,0.0,-7.800617167151015e-05,1477,1530
0.10138303946196084,0.0028519643559226002,0.0,0.0,0.0,0.008091625766866901,0.9999672622603447,0.000730749982103648,0.0007111677304144315,0.0,0.0,0.0,-0.000352271729787263,1477,1530
0.1011053199592176,0.0029689144331039104,0.0,0.0,0.0,0.008086404519199392,0.999967304496478,-0.0011806962199647508,0.0005198538426998023,0.0,0.0,0.0,-4.4707178986884386e-05,1477,1530
0.1011053199592176,0.0029689144331039104,0.0,0.0,0.0,0.008086404519199392,0.999967304496478,-0.0011806962199647508,0.0005198538426998023,0.0,0.0,0.0,-4.4707178986884386e-05,1477,1530
0.10115546527450456,0.0027974628610003267,0.0,0.0,0.0,0.008111035627636431,0.9999671050094834,0.001423813220720913,-0.005177506651660431,0.0,0.0,0.0,0.0014808618897454728,1477,1530
0.10110595625426573,0.0026984271803842455,0.0,0.0,0.0,0.008107424963335701,0.9999671342901545,-0.00030664060963817675,-0.0005892912948898067,0.0,0.0,0.0,-4.332748988479878e-05,1477,1530
0.10111577706815697,0.002900514843515801,0.0,0.0,0.0,0.008078209886796101,0.9999673707301778,7.853061340461506e-05,0.0012106895815715362,0.0,0.0,0.0,-0.0003503835708132252,1477,1530
0.1011512116265142,0.002792681611116733,0.0,0.0,0.0,0.008122944560396854,0.9999670083416096,0.0003367970836611548,-0.0010836562771868372,0.0,0.0,0.0,0.0008945081458836458,1477,1530
0.10129077625920574,0.002838742599968203,0.0,0.0,0.0,0.00810539623668522,0.9999671507363861,0.0014031834626943667,0.00043795078857305396,0.0,0.0,0.0,-0.00035103770497399737,1477,1530
0.10129077625920574,0.002838742599968203,0.0,0.0,0.0,0.00810539623668522,0.9999671507363861,0.0014031834626943667,0.00043795078857305396,0.0,0.0,0.0,-0.00035103770497399737,1477,1530
0.10123061287279889,0.002859177543194,0.0,0.0,0.0,0.008083155522401271,0.9999673307647609,-0.00044888817983492895,0.0001606303072837965,0.0,0.0,0.0,-0.00033377517999540223,1477,1530
0.10110837605943772,0.002854824137702344,0.0,0.0,0.0,0.008095563470636646,0.9999672303891227,-0.0007338779280550979,-1.4263235797505828e-05,0.0,0.0,0.0,0.0001489267597122824,1477,1530
0.10110837605943772,0.002854824137702344,0.0,0.0,0.0,0.008095563470636646,0.9999672303891227,-0.0007338779280550979,-1.4263235797505828e-05,0.0,0.0,0.0,0.0001489267597122824,1477,1530
0.10103837525369341,0.003022971243844176,0.0,0.0,0.0,0.008036602927702712,0.9999677059852395,-0.0005042066046996565,0.001268651592260237,0.0,0.0,0.0,-0.0008838889044557752,1477,1530
0.10131286370832064,0.00306113569127254,0.0,0.0,0.0,0.0080556434213118,0.9999675527781232,0.0027548514048639323,0.0003379912528760356,0.0,0.0,0.0,0.0003814019305316978,1477,1530
0.1012644696081423,0.0028717414887652762,0.0,0.0,0.0,0.008124456988423661,0.9999669960546914,-0.0003082973501657309,-0.0011303031825936464,0.0,0.0,0.0,0.0008248874020010112,1477,1530
0.10121999708146301,0.002885943805111642,0.0,0.0,0.0,0.008096124011141535,0.9999672258509257,-0.001333450627015979,0.00044984167896886884,0.0,0.0,0.0,-0.0017081997438786567,1477,1530
0.10121999708146301,0.002885943805111642,0.0,0.0,0.0,0.008096124011141535,0.9999672258509257,-0.001333450627015979,0.00044984167896886884,0.0,0.0,0.0,-0.0017081997438786567,1477,1530
0.10112033986403832,0.00276753202995662,0.0,0.0,0.0,0.008110657736711041,0.9999671080745995,-0.0006087282753098471,-0.0006999594258866107,0.0,0.0,0.0,0.00017422714629121864,1477,1530
0.10122115344675145,0.002778898766822957,0.0,0.0,0.0,0.008127126099420071,0.9999669743653358,0.0006064090727728361,5.842805910927713e-05,0.0,0.0,0.0,0.00019779024077424607,1477,1530
0.10107080697810054,0.0027928570092654206,0.0,0.0,0.0,0.008082912359166144,0.9999673327303218,-0.0022457581059690274,0.0002453743774446947,0.0,0.0,0.0,-0.001323075318895982,1477,1530
0.1009347023801191,0.0027898381713702194,0.0,0.0,0.0,0.008109981070002896,0.9999671135627632,-0.0008168904718215921,-4.9100949558331605e-06,0.0,0.0,0.0,0.00032486571443367154,1477,1530
0.10116830476080355,0.0028905618730310765,0.0,0.0,0.0,0.008107909343751859,0.9999671303628302,0.0017640311750149102,0.000726908027516343,0.0,0.0,0.0,-3.1076760129721386e-05,1477,1530
0.10116830476080355,0.0028905618730310765,0.0,0.0,0.0,0.008107909343751859,0.9999671303628302,0.0017640311750149102,0.000726908027516343,0.0,0.0,0.0,-3.1076760129721386e-05,1477,1530
0.10120485994169467,0.003072426203631542,0.0,0.0,0.0,0.008078911592518473,0.9999673650612205,0.00039489484452459394,0.0018120236644237524,0.0,0.0,0.0,-0.0005798290627562339,1477,1530
0.10094636531451974,0.002829577902585878,0.0,0.0,0.0,0.008103014613872214,0.9999671700381805,-0.0019694999080726236,-0.001791269035847271,0.0,0.0,0.0,0.00036185387508277234,1477,1530
0.10083788674711351,0.0028894044081445294,0.0,0.0,0.0,0.00805915083300824,0.9999675245165969,-0.0010758086867871971,0.0006162589911800759,0.0,0.0,0.0,-0.0008780066685650824,1477,1530
0.10083788674711351,0.0028894044081445294,0.0,0.0,0.0,0.00805915083300824,0.9999675245165969,-0.0010758086867871971,0.0006162589911800759,0.0,0.0,0.0,-0.0008780066685650824,1477,1530
0.10098790180918707,0.0028607336573622895,0.0,0.0,0.0,0.00807175357275593,0.9999674228664955,0.001119698283320958,-0.000232762272414178,0.0,0.0,0.0,0.000188743368393752,1477,1530
0.10111396945754102,0.002961219282040698,0.0,0.0,0.0,0.008075198783912095,0.9999673950507588,0.0007671386935178623,0.0005914715256769656,0.0,0.0,0.0,4.140317065437537e-05,1477,1530
0.10111378224780401,0.0029948329736586305,0.0,0.0,0.0,0.008041311210187425,0.9999676681343357,2.6642256601957495e-06,0.00025177964787500006,0.0,0.0,0.0,-0.0005076992940204226,1477,1530
0.10102098160650408,0.0028409697237967574,0.0,0.0,0.0,0.008084811439993646,0.999967317377913,-0.000954176609791709,-0.001525981309922537,0.0,0.0,0.0,0.0008714446183655207,1477,1530
0.10090999008768153,0.0027796849166487085,0.0,0.0,0.0,0.008114336333208844,0.9999670782310144,-0.0008382903630173536,-0.00044533577260233106,0.0,0.0,0.0,0.0004421131225804579,1477,1530
0.10090999008768153,0.0027796849166487085,0.0,0.0,0.0,0.008114336333208844,0.9999670782310144,-0.0008382903630173536,-0.00044533577260233106,0.0,0.0,0.0,0.0004421131225804579,1477,1530
0.10106378665971184,0.00263496490949583,0.0,0.0,0.0,0.008178809893727728,0.9999665529750094,0.0015135967118694704,-0.0014713057300894527,0.0,0.0,0.0,0.0012889339804908616,1477,1530
0.10082303457514691,0.0027815906228192285,0.0,0.0,0.0,0.008064982336463767,0.9999674775010997,-0.0017877643926498248,0.0011293037591383148,0.0,0.0,0.0,-0.0017078069657848996,1477,1530
0.10101265506229164,0.0029037658370550086,0.0,0.0,0.0,0.008088261065299713,0.9999672894814807,0.0014384564491499855,0.0008943183663197986,0.0,0.0,0.0,0.00034960748080974,1477,1530
0.10087522859294792,0.0026888419222364725,0.0,0.0,0.0,0.008133481336417694,0.999966922693621,-0.0010555088271495443,-0.0015933410094937444,0.0,0.0,0.0,0.0006776013457914663,1477,1530
0.10087522859294792,0.0026888419222364725,0.0,0.0,0.0,0.008133481336417694,0.999966922693621,-0.0010555088271495443,-0.0015933410094937444,0.0,0.0,0.0,0.0006776013457914663,1477,1530
0.10114501819149672,0.0028138658869264533,0.0,0.0,0.0,0.008193460811656592,0.9999664330365935,0.002711287535108044,0.0012032651753785472,0.0,0.0,0.0,0.0011967214448034055,1477,1530
0.10127427166965484,0.0027699895233301384,0.0,0.0,0.0,0.008152916959513768,0.9999667644202237,0.0007729239055145903,-0.0002765824363946117,0.0,0.0,0.0,-0.00048769147777295705,1477,1530
0.10127427166965484,0.0027699895233301384,0.0,0.0,0.0,0.008152916959513768,0.9999667644202237,0.0007729239055145903,-0.0002765824363946117,0.0,0.0,0.0,-0.00048769147777295705,1477,1530
0.10108197880483197,0.0027967550507873745,0.0,0.0,0.0,0.008134609792437594,0.9999669135144047,-0.002868456272025344,0.0004470566504079023,0.0,0.0,0.0,-0.0005475140313218594,1477,1530
0.10106753088378505,0.0029844919218823237,0.0,0.0,0.0,0.008087785645675881,0.9999672933268116,-5.6972276644659156e-05,0.0009399562592995775,0.0,0.0,0.0,-0.0004683669376401436,1477,1530
0.10106753088378505,0.0029844919218823237,0.0,0.0,0.0,0.008087785645675881,0.9999672933268116,-5.6972276644659156e-05,0.0009399562592995775,0.0,0.0,0.0,-0.0004683669376401436,1477,1530
0.1009803702404013,0.002843455249457223,0.0,0.0,0.0,0.00808270348304432,0.9999673344186825,-0.0005369847531895559,-0.0008382773971541091,0.0,0.0,0.0,-6.103359816950111e-05,1477,1530
0.10104245160149396,0.0029413533914184596,0.0,0.0,0.0,0.008065035496638702,0.9999674770723486,0.000635464612275172,0.0009671546229129086,0.0,0.0,0.0,-0.0003527644910325056,1477,1530
0.10106091367460732,0.0029077393642179417,0.0,0.0,0.0,0.008083168372090785,0.9999673306608913,0.00010748152329862654,-0.00020340029411696124,0.0,0.0,0.0,0.0002175541715684364,1477,1530
0.10106091367460732,0.0029077393642179417,0.0,0.0,0.0,0.008083168372090785,0.9999673306608913,0.00010748152329862654,-0.00020340029411696124,0.0,0.0,0.0,0.0002175541715684364,1477,1530
0.10111580837048124,0.0030759516557810587,0.0,0.0,0.0,0.00806251941583053,0.999967497362124,0.00043140504749425527,0.0012528954882905978,0.0,0.0,0.0,-0.00030928128847000457,1477,1530
0.10111580837048124,0.0030759516557810587,0.0,0.0,0.0,0.00806251941583053,0.999967497362124,0.00043140504749425527,0.0012528954882905978,0.0,0.0,0.0,-0.00030928128847000457,1477,1530
0.10111580837048124,0.0030759516557810587,0.0,0.0,0.0,0.00806251941583053,0.999967497362124,0.00043140504749425527,0.0012528954882905978,0.0,0.0,0.0,-0.00030928128847000457,1477,1530
0.10101321543645767,0.0030517974843986607,0.0,0.0,0.0,0.00809447296859412,0.9999672392170459,-0.0007732674759767771,-0.00016894413425032887,0.0,0.0,0.0,0.00047993925381365377,1477,1530
0.10100046970537062,0.00281598421461807,0.0,0.0,0.0,0.008155825066712667,0.9999667407056503,-5.5222500735601964e-05,-0.0007855021936471121,0.0,0.0,0.0,0.00040915705548619387,1477,1530
0.10106044460567536,0.002895661805750367,0.0,0.0,0.0,0.00811979083672998,0.9999670339550039,0.00045899767985818195,0.0005895214541119571,0.0,0.0,0.0,-0.0005399414619536076,1477,1530
0.10107763273003864,0.0027835587420453486,0.0,0.0,0.0,0.008145824963155756,0.9999668222174521,0.00011547297229735292,-0.0008444549680064182,0.0,0.0,0.0,0.0003913123277830415,1477,1530
0.10107763273003864,0.0027835587420453486,0.0,0.0,0.0,0.008145824963155756,0.9999668222174521,0.00011547297229735292,-0.0008444549680064182,0.0,0.0,0.0,0.0003913123277830415,1477,1530
0.10071805722929916,0.002750421158035844,0.0,0.0,0.0,0.008122059582200603,0.9999670155300839,-0.0026990969458448107,-0.0002044579397326199,0.0,0.0,0.0,-0.0003563063373893013,1477,1530
0.10069896641626801,0.0028728527395378693,0.0,0.0,0.0,0.00811456066977892,0.9999670764105869,-0.00012807704794538536,0.0009192235159767744,0.0,0.0,0.0,-0.00011233854466489266,1477,1530
0.10084053666062304,0.0029569761873804324,0.0,0.0,0.0,0.008072008819775808,0.9999674208061048,0.0014293824609008428,0.0008182715848551783,0.0,0.0,0.0,-0.0008511925521187483,1477,1530
0.10084053666062304,0.0029569761873804324,0.0,0.0,0.0,0.008072008819775808,0.9999674208061048,0.0014293824609008428,0.0008182715848551783,0.0,0.0,0.0,-0.0008511925521187483,1477,1530
0.10090293639627151,0.002981975206717523,0.0,0.0,0.0,0.008047995524873666,0.9999676143596009,0.0006278324669240987,0.00023983855052801088,0.0,0.0,0.0,-0.00048019026252769785,1477,1530
0.10075569791277329,0.0029779890658388724,0.0,0.0,0.0,0.008041677456906968,0.9999676651890695,-0.0008837897927799233,-9.695481259358763e-06,0.0,0.0,0.0,-7.582685181345911e-05,1477,1530
0.10070345593714837,0.0028914110062542957,0.0,0.0,0.0,0.00810161688778343,0.9999671813633704,-0.0008031095384721996,-0.0012838137440367033,0.0,0.0,0.0,0.0017953241038267832,1477,1530
0.10085176262760531,0.002830550706841186,0.0,0.0,0.0,0.008108975949568914,0.9999671217140338,0.000736896157900682,-0.00031644411161515617,0.0,0.0,0.0,7.363206026374422e-05,1477,1530
0.10073719820508757,0.0027403948128119134,0.0,0.0,0.0,0.008109197336347592,0.9999671199187302,-0.0011590597747854234,-0.0008820583102700987,0.0,0.0,0.0,4.423855450209122e-06,1477,1530
0.10073719820508757,0.0027403948128119134,0.0,0.0,0.0,0.008109197336347592,0.9999671199187302,-0.0011590597747854234,-0.0008820583102700987,0.0,0.0,0.0,4.423855450209122e-06,1477,1530
0.10082248327387264,0.0027888719834460096,0.0,0.0,0.0,0.00816259456928472,0.9999666854700198,0.0006464021893569596,0.000353678192987122,0.0,0.0,0.0,0.0008021661936515667,1477,1530
0.10070830869406773,0.0029391043755728715,0.0,0.0,0.0,0.008073335839371476,0.9999674100931614,-0.0011176051990813042,0.0015214926393535754,0.0,0.0,0.0,-0.0017860907456685444,1477,1530
0.10095350080520228,0.0028884534406338823,0.0,0.0,0.0,0.008116429719173939,0.9999670612418259,0.0018301151292762492,-0.0004089762695611972,0.0,0.0,0.0,0.0006455643203745721,1477,1530
0.10085647599742502,0.002872528851619738,0.0,0.0,0.0,0.008134151600948502,0.9999669172416319,-0.0009728900249190958,-0.0001435027926855021,0.0,0.0,0.0,0.00035451669427670284,1477,1530
0.10085647599742502,0.002872528851619738,0.0,0.0,0.0,0.008134151600948502,0.9999669172416319,-0.0009728900249190958,-0.0001435027926855021,0.0,0.0,0.0,0.00035451669427670284,1477,1530
0.10084252416231838,0.00280524770209659,0.0,0.0,0.0,0.00815874483745677,0.9999667168874559,-0.00011276132189487938,-0.0005025167413300764,0.0,0.0,0.0,0.0003686739161200311,1477,1530
0.10074860526214661,0.002723705013895729,0.0,0.0,0.0,0.008137542392256813,0.9999668896537596,-0.0009521692885869654,-0.0007998256638793192,0.0,0.0,0.0,-0.0004239739469266509,1477,1530
0.10083924699187534,0.002738279629563085,0.0,0.0,0.0,0.008135539660427694,0.9999669059496087,0.0006814065065619925,9.8217742704432e-05,0.0,0.0,0.0,-3.0037766604743427e-05,1477,1530
0.10083924699187534,0.002738279629563085,0.0,0.0,0.0,0.008135539660427694,0.9999669059496087,0.0006814065065619925,9.8217742704432e-05,0.0,0.0,0.0,-3.0037766604743427e-05,1477,1530
0.10076360728985767,0.002819274567381092,0.0,0.0,0.0,0.008109159836243805,0.9999671202228353,-0.00044597461316771866,0.000493403960045033,0.0,0.0,0.0,-0.00031664179366002566,1477,1530
0.1009725536740625,0.0029368651677561704,0.0,0.0,0.0,0.008124336643774963,0.9999669970324514,0.0015808074281002766,0.0008561888891215513,0.0,0.0,0.0,0.0002276038494312289,1477,1530
0.10097449114570643,0.0029525470720570194,0.0,0.0,0.0,0.00812725463013438,0.9999669733207077,2.1905718315027425e-05,0.00015638032731124624,0.0,0.0,0.0,5.8323160701865976e-05,1477,1530
0.10072487598258861,0.0029002553805907326,0.0,0.0,0.0,0.008097543946273374,0.9999672143535698,-0.0015032753001896976,-0.0002894967046106252,0.0,0.0,0.0,-0.0003567018812687755,1477,1530
0.10072487598258861,0.0029002553805907326,0.0,0.0,0.0,0.008097543946273374,0.9999672143535698,-0.0015032753001896976,-0.0002894967046106252,0.0,0.0,0.0,-0.0003567018812687755,1477,1530
0.1007000598269326,0.0030458978135897946,0.0,0.0,0.0,0.008057010293992492,0.9999675417657927,-0.00016831667915355515,0.0010946008023115202,0.0,0.0,0.0,-0.0006076979812413912,1477,1530
0.1008560926905424,0.003064518913022197,0.0,0.0,0.0,0.00802878427778666,0.999967768792085,0.0015612686580351906,0.00016085305160143816,0.0,0.0,0.0,-0.0005638675814253023,1477,1530
0.10073948485665211,0.0028572611027985998,0.0,0.0,0.0,0.008135396767271307,0.9999669071121499,-0.0009011719198348655,-0.0015432150417823537,0.0,0.0,0.0,0.0016023802374300665,1477,1530
0.10063422334456462,0.002771654013915328,0.0,0.0,0.0,0.00811517103241175,0.9999670714574129,-0.001064796435999372,-0.0008375665292917941,0.0,0.0,0.0,-0.0004039181345269543,1477,1530
0.10073258861509966,0.0028399599511185554,0.0,0.0,0.0,0.00816273547252361,0.9999666843198355,0.0007474891542814783,0.0005012813097392668,0.0,0.0,0.0,0.0007149558931582969,1477,1530
0.10078534968258282,0.0028709750282851832,0.0,0.0,0.0,0.008162262851589889,0.999966688177732,0.0005321724941707612,0.0003012522207424343,0.0,0.0,0.0,-9.445083063157498e-06,1477,1530
0.1008271810985308,0.0029116005449830425,0.0,0.0,0.0,0.008118402684489464,0.9999670452259177,0.0004249623667767285,0.00039944038757711643,0.0,0.0,0.0,-0.0008773815620550899,1477,1530
0.1008271810985308,0.0029116005449830425,0.0,0.0,0.0,0.008118402684489464,0.9999670452259177,0.0004249623667767285,0.00039944038757711643,0.0,0.0,0.0,-0.0008773815620550899,1477,1530
0.10062000054956584,0.002602812800284378,0.0,0.0,0.0,0.008258853245762155,0.99996589508996,-0.0015881105140608954,-0.0022858537381553207,0.0,0.0,0.0,0.0021026710184064374,1477,1530
0.1004372934241642,0.002041476767066026,0.0,0.0,0.0,0.008411688639870617,0.9999646211212804,-0.0019206142300288963,-0.005585544480094119,0.0,0.0,0.0,0.003058526838858967,1477,1530
0.10029726543479334,0.002086293774442682,0.0,0.0,0.0,0.008362773957080316,0.9999650313944697,-0.002095056671473113,0.0007096095194426311,0.0,0.0,0.0,-0.0014718782973459762,1477,1530
0.10029726543479334,0.002086293774442682,0.0,0.0,0.0,0.008362773957080316,0.9999650313944697,-0.002095056671473113,0.0007096095194426311,0.0,0.0,0.0,-0.0014718782973459762,1477,1530
0.10019815156596544,0.0020410347079795796,0.0,0.0,0.0,0.008374434971599688,0.9999649338046342,-0.0004992398773571048,-0.00021795568496145527,0.0,0.0,0.0,0.00011660373438078593,1477,1530
0.10019371419445815,0.0020707461452627862,0.0,0.0,0.0,0.008390485070096801,0.9999647992605982,-2.9472399554638153e-05,0.00022282434806127562,0.0,0.0,0.0,0.0002401805007145855,1477,1530
0.10006387098951282,0.0019048946341290065,0.0,0.0,0.0,0.008446320309934374,0.999964329200408,-0.003995539915241593,-0.00493083072449057,0.0,0.0,0.0,0.003364802701428365,1477,1530
0.10006361603316105,0.0020127990665647095,0.0,0.0,0.0,0.00840528719326677,0.9999646749496698,7.837853339969567e-06,0.0005393858085944883,0.0,0.0,0.0,-0.0004102841902968011,1477,1530
0.10022884272530327,0.0024079058077767393,0.0,0.0,0.0,0.008330432706874455,0.9999653013434597,0.0017202915382010298,0.003926936382473467,0.0,0.0,0.0,-0.0014987458014779007,1477,1530
0.10017422626040902,0.0022861241347714636,0.0,0.0,0.0,0.008317929883080631,0.9999654054228377,-0.0005654789106778863,-0.0012066299050517123,0.0,0.0,0.0,-0.0002496681673916497,1477,1530
0.10017422626040902,0.0022861241347714636,0.0,0.0,0.0,0.008317929883080631,0.9999654054228377,-0.0005654789106778863,-0.0012066299050517123,0.0,0.0,0.0,-0.0002496681673916497,1477,1530
0.10014069054261454,0.0021233725306961516,0.0,0.0,0.0,0.008356463226287894,0.9999650841516157,-0.00027185464816987295,-0.0012165790727371867,0.0,0.0,0.0,0.0005781604410176412,1477,1530
0.10000124995339804,0.002034614499001333,0.0,0.0,0.0,0.008363596338065578,0.9999650245165047,-0.0010566989851211706,-0.0006480625804028746,0.0,0.0,0.0,0.00010699185651616244,1477,1530
0.10005100806538567,0.002045326704423641,0.0,0.0,0.0,0.008393546991615564,0.9999647735639988,0.00037480730325382614,7.415342282016348e-05,0.0,0.0,0.0,0.00044967128388265454,1477,1530
0.10005100806538567,0.002045326704423641,0.0,0.0,0.0,0.008393546991615564,0.9999647735639988,0.00037480730325382614,7.415342282016348e-05,0.0,0.0,0.0,0.00044967128388265454,1477,1530
0.09999653343639674,0.0021404859843354713,0.0,0.0,0.0,0.008342557124550338,0.9999652002648011,-0.0003961008565883707,0.0007196876580772178,0.0,0.0,0.0,-0.0007640629692028045,1477,1530
0.10010454341588695,0.002062816976173483,0.0,0.0,0.0,0.008329963914336847,0.9999653052487301,0.0008014893687170635,-0.0005968803467363532,0.0,0.0,0.0,-0.00018919892143586203,1477,1530
0.10010454341588695,0.002062816976173483,0.0,0.0,0.0,0.008329963914336847,0.9999653052487301,0.0008014893687170635,-0.0005968803467363532,0.0,0.0,0.0,-0.00018919892143586203,1477,1530
0.10009363938508697,0.0019275691864366787,0.0,0.0,0.0,0.008419545813257517,0.999964554995975,-9.8570834208739e-05,-0.0010118636219894495,0.0,0.0,0.0,0.0013424599963637518,1477,1530
0.10023403426293995,0.0019736606842535678,0.0,0.0,0.0,0.008398203234012032,0.9999647344693913,0.0010586993021743398,0.0003279274304418695,0.0,0.0,0.0,-0.000320170018261066,1477,1530
0.10023403426293995,0.0019736606842535678,0.0,0.0,0.0,0.008398203234012032,0.9999647344693913,0.0010586993021743398,0.0003279274304418695,0.0,0.0,0.0,-0.000320170018261066,1477,1530
0.10004080022158614,0.002077161650503518,0.0,0.0,0.0,0.00835039246451197,0.9999651348650556,-0.0009556838926394551,0.0005327351519330226,0.0,0.0,0.0,-0.0004772963511514451,1477,1530
0.10004080022158614,0.002077161650503518,0.0,0.0,0.0,0.00835039246451197,0.9999651348650556,-0.0009556838926394551,0.0005327351519330226,0.0,0.0,0.0,-0.0004772963511514451,1477,1530
0.10008369243551427,0.0019919809861722315,0.0,0.0,0.0,0.00836587030301722,0.9999650054947289,0.0003097148718941434,-0.0006415223963923741,0.0,0.0,0.0,0.00023123283553294396,1477,1530
0.10013713503087984,0.002216027806691344,0.0,0.0,0.0,0.00832565981118478,0.9999653410937344,0.0003445858475109524,0.0013445173100529227,0.0,0.0,0.0,-0.0004846295218883567,1477,1530
0.10013713503087984,0.002216027806691344,0.0,0.0,0.0,0.00832565981118478,0.9999653410937344,0.0003445858475109524,0.0013445173100529227,0.0,0.0,0.0,-0.0004846295218883567,1477,1530
0.100153473843253,0.002236170533610468,0.0,0.0,0.0,0.008345952945154661,0.9999651719282213,0.0001250398523264523,0.00014900948085097145,0.0,0.0,0.0,0.00030440834671937325,1477,1530
0.09998149934487027,0.002150987548773152,0.0,0.0,0.0,0.008363683483526735,0.999965023787626,-0.0007433950247397861,-0.00035289295309446234,0.0,0.0,0.0,0.00015205715900683253,1477,1530
0.09998149934487027,0.002150987548773152,0.0,0.0,0.0,0.008363683483526735,0.999965023787626,-0.0007433950247397861,-0.00035289295309446234,0.0,0.0,0.0,0.00015205715900683253,1477,1530
0.10010616350570135,0.002118502829310854,0.0,0.0,0.0,0.00834780570935934,0.9999651564628833,0.0012406117439837955,-0.00034553656758547143,0.0,0.0,0.0,-0.00031745863360159026,1477,1530
0.10010616350570135,0.002118502829310854,0.0,0.0,0.0,0.00834780570935934,0.9999651564628833,0.0012406117439837955,-0.00034553656758547143,0.0,0.0,0.0,-0.00031745863360159026,1477,1530
0.10004652669335641,0.002112549165724646,0.0,0.0,0.0,0.008370475531990383,0.9999649669560271,-0.0005972311940056365,-4.95679891756692e-05,0.0,0.0,0.0,0.0004533760239311277,1477,1530
0.10004652669335641,0.002112549165724646,0.0,0.0,0.0,0.008370475531990383,0.9999649669560271,-0.0005972311940056365,-4.95679891756692e-05,0.0,0.0,0.0,0.0004533760239311277,1477,1530
0.1000338680684082,0.0021583316437054118,0.0,0.0,0.0,0.008364922236219966,0.9999650134259608,-3.963465363772677e-05,0.00015329273066280047,0.0,0.0,0.0,-3.702314456954704e-05,1477,1530
0.10011846893046997,0.0021119589096637355,0.0,0.0,0.0,0.00837399037070222,0.9999649375279472,0.0004981885042808684,-0.00028401503963947425,0.0,0.0,0.0,0.00010780632088586072,1477,1530
0.10011846893046997,0.0021119589096637355,0.0,0.0,0.0,0.00837399037070222,0.9999649375279472,0.0004981885042808684,-0.00028401503963947425,0.0,0.0,0.0,0.00010780632088586072,1477,1530
0.10008859252156616,0.0020154215970583076,0.0,0.0,0.0,0.008406798915055715,0.9999646622416224,-0.000238775276791421,-0.0007281286465322784,0.0,0.0,0.0,0.0004975803096803784,1477,1530
0.09997225578703739,0.0019698605081958863,0.0,0.0,0.0,0.008409191409899501,0.9999646421248262,-0.0011681762871011676,-0.0004349863207025143,0.0,0.0,0.0,4.774178222571912e-05,1477,1530
0.09997225578703739,0.0019698605081958863,0.0,0.0,0.0,0.008409191409899501,0.9999646421248262,-0.0011681762871011676,-0.0004349863207025143,0.0,0.0,0.0,4.774178222571912e-05,1477,1530
0.09975346667308183,0.002055500210685662,0.0,0.0,0.0,0.008362713891352975,0.9999650318968015,-0.0009330792964292025,0.0003834504324611831,0.0,0.0,0.0,-0.00039912713278754023,1477,1530
0.09994910700340101,0.0019734801489303057,0.0,0.0,0.0,0.008392996622647196,0.999964778183558,0.0019406071699612597,-0.0008520140609895461,0.0,0.0,0.0,0.0006051131267084242,1477,1530
0.1000051261542799,0.002009734374666748,0.0,0.0,0.0,0.008387896079084776,0.9999648209809016,0.00033942079086463094,0.0002116670409367281,0.0,0.0,0.0,-6.115498324435532e-05,1477,1530
0.1000051261542799,0.002009734374666748,0.0,0.0,0.0,0.008387896079084776,0.9999648209809016,0.00033942079086463094,0.0002116670409367281,0.0,0.0,0.0,-6.115498324435532e-05,1477,1530
0.09998628684651041,0.0020161649933332646,0.0,0.0,0.0,0.008360606151473564,0.999965049521622,-0.0001405220730455526,5.0613347722248325e-05,0.0,0.0,0.0,-0.00040952707914376784,1477,1530
0.10003440308529855,0.0020371954811930506,0.0,0.0,0.0,0.008378760341319003,0.9999648975714811,0.00029082567753841945,0.00012136259975242358,0.0,0.0,0.0,0.0002179019251061047,1477,1530
0.10003440308529855,0.0020371954811930506,0.0,0.0,0.0,0.008378760341319003,0.9999648975714811,0.00029082567753841945,0.00012136259975242358,0.0,0.0,0.0,0.0002179019251061047,1477,1530
0.10008229845391248,0.002138745112997253,0.0,0.0,0.0,0.00833275863089456,0.9999652819641286,0.0014858518075717977,0.0030182110574687024,0.0,0.0,0.0,-0.002756753041891343,1477,1530
0.10022154753450951,0.002168399789626544,0.0,0.0,0.0,0.008324973749688309,0.9999653468056116,0.00104886826070579,0.00020515847511957456,0.0,0.0,0.0,-0.00011688187786408532,1477,1530
0.10022154753450951,0.002168399789626544,0.0,0.0,0.0,0.008324973749688309,0.9999653468056116,0.00104886826070579,0.00020515847511957456,0.0,0.0,0.0,-0.00011688187786408532,1477,1530
0.10013853340161535,0.0022425273585165327,0.0,0.0,0.0,0.008368435526275503,0.9999649840303623,-0.0004889346255838563,0.0004514489954269461,0.0,0.0,0.0,0.0005197776891882129,1477,1530
0.09986622522964445,0.0018376359656268092,0.0,0.0,0.0,0.008467795144632155,0.9999641475799963,-0.0016781112651893847,-0.002407161493157689,0.0,0.0,0.0,0.001195087246842566,1477,1530
0.09986622522964445,0.0018376359656268092,0.0,0.0,0.0,0.008467795144632155,0.9999641475799963,-0.0016781112651893847,-0.002407161493157689,0.0,0.0,0.0,0.001195087246842566,1477,1530
0.10003269804390343,0.0020655270875099357,0.0,0.0,0.0,0.008388173783129173,0.9999648186514284,0.0012774014669026837,0.0016879123517056773,0.0,0.0,0.0,-0.0011944464519501846,1477,1530
0.10003269804390343,0.0020655270875099357,0.0,0.0,0.0,0.008388173783129173,0.9999648186514284,0.0012774014669026837,0.0016879123517056773,0.0,0.0,0.0,-0.0011944464519501846,1477,1530
0.0998625912791361,0.0020498800322457157,0.0,0.0,0.0,0.008344230233048295,0.9999651863049123,-0.0005675377415450131,-4.261625449880796e-05,0.0,0.0,0.0,-0.00029282279428041437,1477,1530
0.1001050838071716,0.002029831892082699,0.0,0.0,0.0,0.008438608869645156,0.9999643943062899,0.0036383392353301455,-0.00036202492178130516,0.0,0.0,0.0,0.002836507770229986,1477,1530
0.10008361654107653,0.0020339845499691093,0.0,0.0,0.0,0.008397517808817775,0.9999647402256995,-0.00010692892724832108,2.256300686640312e-05,0.0,0.0,0.0,-0.0004107649699642484,1477,1530
0.10008361654107653,0.0020339845499691093,0.0,0.0,0.0,0.008397517808817775,0.9999647402256995,-0.00010692892724832108,2.256300686640312e-05,0.0,0.0,0.0,-0.0004107649699642484,1477,1530
0.10039298731245679,0.001983436553218122,0.0,0.0,0.0,0.00851371903138227,0.9999637576373729,0.0018503326833419482,-0.0003343225117788802,0.0,0.0,0.0,0.0013940602421927853,1477,1530
0.10085117363309845,0.0020246934821578954,0.0,0.0,0.0,0.008466645792810052,0.9999641573121604,0.004590518991176832,0.00033466224723729173,0.0,0.0,0.0,-0.0009419696897584901,1477,1530
0.10085117363309845,0.0020246934821578954,0.0,0.0,0.0,0.008466645792810052,0.9999641573121604,0.004590518991176832,0.00033466224723729173,0.0,0.0,0.0,-0.0009419696897584901,1477,1530
0.1002578574863724,0.00206099163216923,0.0,0.0,0.0,0.008329741527722014,0.9999653071012421,-0.003537396265370207,0.00027660513237934547,0.0,0.0,0.0,-0.0016344524581188098,1477,1530
0.09984796851805262,0.0020719127386784916,0.0,0.0,0.0,0.00834636043421225,0.9999651685271354,-0.0030321097427443546,0.00013136467030383395,0.0,0.0,0.0,0.0002460250506082271,1477,1530
0.09984796851805262,0.0020719127386784916,0.0,0.0,0.0,0.00834636043421225,0.9999651685271354,-0.0030321097427443546,0.00013136467030383395,0.0,0.0,0.0,0.0002460250506082271,1477,1530
0.10006110271626209,0.0021846137776712843,0.0,0.0,0.0,0.008316081765298643,0.9999654207941757,0.002207132334807806,0.001120349790445667,0.0,0.0,0.0,-0.0006217282434087934,1477,1530
0.09987116437189723,0.0021145125615737222,0.0,0.0,0.0,0.008302748217049388,0.9999655315919865,-0.0009555092772766313,-0.0003347045566803319,0.0,0.0,0.0,-0.0001333567554884441,1477,1530
0.10012594079997586,0.002102778590800276,0.0,0.0,0.0,0.008317030511765439,0.9999654129035995,0.0019105504686470873,-0.000119812779504879,0.0,0.0,0.0,0.00021440476564012106,1477,1530
0.10012594079997586,0.002102778590800276,0.0,0.0,0.0,0.008317030511765439,0.9999654129035995,0.0019105504686470873,-0.000119812779504879,0.0,0.0,0.0,0.00021440476564012106,1477,1530
0.10004990869108468,0.002186106902294883,0.0,0.0,0.0,0.008305012509894703,0.9999655127889214,-0.0007462808706723898,0.000845730050520539,0.0,0.0,0.0,-0.00024034430461385785,1477,1530
0.09988144245091123,0.001949915260065886,0.0,0.0,0.0,0.008081509469994454,0.9999673440691382,-0.0010330597221424838,-0.001398627081004358,0.0,0.0,0.0,-0.002679179391175854,1477,1530
0.10430114352207688,0.004405216371240136,0.0,0.0,0.0,0.011168293127429245,0.9999376326694679,0.03285589313225272,0.017563791497295485,0.0,0.0,0.0,0.04549360345151195,1477,1530
0.10430114352207688,0.004405216371240136,0.0,0.0,0.0,0.011168293127429245,0.9999376326694679,0.03285589313225272,0.017563791497295485,0.0,0.0,0.0,0.04549360345151195,1477,1530
0.13393907556154244,0.007111017178980831,0.0,0.0,0.0,0.01082360030126513,0.9999414231226339,0.22715150408512425,0.015631220846853196,0.0,0.0,0.0,-0.005274480322618592,1477,1530
0.16368235729321376,0.008486261848428133,0.0,0.0,0.0,0.01021881423421894,0.9999477865547013,0.2975507193829351,0.007308309702866115,0.0,0.0,0.0,-0.012091916307209313,1477,1530
0.16368235729321376,0.008486261848428133,0.0,0.0,0.0,0.01021881423421894,0.9999477865547013,0.2975507193829351,0.007308309702866115,0.0,0.0,0.0,-0.012091916307209313,1477,1530
0.20475815292327776,0.00892971182094099,0.0,0.0,0.0,0.010373553692259513,0.9999461932443134,0.24272600802087718,-0.00234056017966013,0.0,0.0,0.0,0.001828855105250454,1477,1530
0.22132534520803485,0.008943675142221285,0.0,0.0,0.0,0.011223852481211204,0.9999370105839067,0.10090719680873748,-0.002008787735521177,0.0,0.0,0.0,0.010360624964401603,1477,1530
0.22132534520803485,0.008943675142221285,0.0,0.0,0.0,0.011223852481211204,0.9999370105839067,0.10090719680873748,-0.002008787735521177,0.0,0.0,0.0,0.010360624964401603,1477,1530
0.22032481954949465,0.008787248020775134,0.0,0.0,0.0,0.011488756284234791,0.9999340020616568,-0.015071391025180281,-0.0020108948619581477,0.0,0.0,0.0,0.007955343205838659,1477,1530
0.20579539060925106,0.009060276132019214,0.0,0.0,0.0,0.011658136234812233,0.9999320416205947,-0.062179379310151245,0.0025985693753042952,0.0,0.0,0.0,0.001450845541071398,1477,1530
0.20579539060925106,0.009060276132019214,0.0,0.0,0.0,0.011658136234812233,0.9999320416205947,-0.062179379310151245,0.0025985693753042952,0.0,0.0,0.0,0.001450845541071398,1477,1530
0.20579539060925106,0.009060276132019214,0.0,0.0,0.0,0.011658136234812233,0.9999320416205947,-0.062179379310151245,0.0025985693753042952,0.0,0.0,0.0,0.001450845541071398,1477,1530
0.20471217935123195,0.008830257296040846,0.0,0.0,0.0,0.011493580862974835,0.9999339466179484,-0.0065358214658426585,-0.0012293650761327865,0.0,0.0,0.0,-0.0019766548272137675,1477,1530
0.20471217935123195,0.008830257296040846,0.0,0.0,0.0,0.011493580862974835,0.9999339466179484,-0.0065358214658426585,-0.0012293650761327865,0.0,0.0,0.0,-0.0019766548272137675,1477,1530
0.20487651193875644,0.008843942590387323,0.0,0.0,0.0,0.011514966392228168,0.9999337005766862,0.0006168145040326586,3.7114409295478536e-05,0.0,0.0,0.0,0.00016028527631944787,1477,1530
0.20487651193875644,0.008843942590387323,0.0,0.0,0.0,0.011514966392228168,0.9999337005766862,0.0006168145040326586,3.7114409295478536e-05,0.0,0.0,0.0,0.00016028527631944787,1477,1530
0.20845886947615094,0.010758995074766891,0.0,0.0,0.0,0.012543081267093928,0.9999213324618728,0.018127178165875914,0.009160060049881999,0.0,0.0,0.0,0.010281685664975376,1477,1530
0.20845886947615094,0.010758995074766891,0.0,0.0,0.0,0.012543081267093928,0.9999213324618728,0.018127178165875914,0.009160060049881999,0.0,0.0,0.0,0.010281685664975376,1477,1530
0.2267414723327343,0.010663638966101915,0.0,0.0,0.0,0.013279127005157126,0.9999118285058842,0.07829841325984913,-0.002373360058378483,0.0,0.0,0.0,0.006307821881782887,1477,1530
0.24003270943393412,0.010920202257574634,0.0,0.0,0.0,0.012908643965551322,0.9999166799843728,0.09973338345397939,-0.000723901582437632,0.0,0.0,0.0,-0.005559570511620172,1477,1530
0.24003270943393412,0.010920202257574634,0.0,0.0,0.0,0.012908643965551322,0.9999166799843728,0.09973338345397939,-0.000723901582437632,0.0,0.0,0.0,-0.005559570511620172,1477,1530
0.2650472994209769,0.01377305771833488,0.0,0.0,0.0,0.011967895464157493,0.9999283821745231,0.15041502431557285,0.013231234854416183,0.0,0.0,0.0,-0.011285024141110699,1477,1530
0.27416656099920145,0.014309986683715298,0.0,0.0,0.0,0.012083934934819929,0.9999269865927667,0.13708369867074985,0.004782636867428172,0.0,0.0,0.0,0.003485025446543459,1477,1530
0.2823600395525605,0.014376218635227204,0.0,0.0,0.0,0.012531916686305352,0.9999214724487956,0.0409888444529909,-0.0006593680906396652,0.0,0.0,0.0,0.004482936174111315,1477,1530
0.2823600395525605,0.014376218635227204,0.0,0.0,0.0,0.012531916686305352,0.9999214724487956,0.0409888444529909,-0.0006593680906396652,0.0,0.0,0.0,0.004482936174111315,1477,1530
0.2810900856526209,0.01386880194418502,0.0,0.0,0.0,0.01259894839514013,0.9999206300998777,-0.01920143484305212,-0.007119345599365296,0.0,0.0,0.0,0.0020076969525393384,1477,1530
0.2810900856526209,0.01386880194418502,0.0,0.0,0.0,0.01259894839514013,0.9999206300998777,-0.01920143484305212,-0.007119345599365296,0.0,0.0,0.0,0.0020076969525393384,1477,1530
0.2747200163818962,0.013404764375415669,0.0,0.0,0.0,0.01261088079676754,0.9999204796810243,-0.027342128430316255,-0.0013002641922267438,0.0,0.0,0.0,0.0001022873155895848,1477,1530
0.273376877785853,0.013316474521910433,0.0,0.0,0.0,0.012591086362257553,0.9999207291301737,-0.008062404291853375,-0.0003260367331190831,0.0,0.0,0.0,-0.0002373394185657098,1477,1530
0.27366449673798854,0.013383400542527428,0.0,0.0,0.0,0.012586422810310001,0.9999207878431372,0.004340125839166782,0.0008953359896112445,0.0,0.0,0.0,-0.00013997993678366554,1477,1530
0.27366449673798854,0.013383400542527428,0.0,0.0,0.0,0.012586422810310001,0.9999207878431372,0.004340125839166782,0.0008953359896112445,0.0,0.0,0.0,-0.00013997993678366554,1477,1530
0.2739864774880817,0.013252963242134796,0.0,0.0,0.0,0.012633609216088448,0.999920192774491,0.0015941652383046473,-0.0006930188131992414,0.0,0.0,0.0,0.00047225340705879765,1477,1530
0.27403316168520236,0.013014209131188163,0.0,0.0,0.0,0.012700504646632804,0.9999193453382732,0.00040591661286095413,-0.002395890427144279,0.0,0.0,0.0,0.0013365190583277916,1477,1530
0.27403316168520236,0.013014209131188163,0.0,0.0,0.0,0.012700504646632804,0.9999193453382732,0.00040591661286095413,-0.002395890427144279,0.0,0.0,0.0,0.0013365190583277916,1477,1530
0.27408747323106136,0.013473384777337246,0.0,0.0,0.0,0.012607357925125845,0.999920524104865,0.00032997277827548984,0.002289556778572509,0.0,0.0,0.0,-0.0009320777419038009,1477,1530
0.27411029123561453,0.013554977628583,0.0,0.0,0.0,0.01261624393433836,0.9999204120273719,0.0003735100852621696,0.00121647381069531,0.0,0.0,0.0,0.00026695252226820756,1477,1530
0.27411029123561453,0.013554977628583,0.0,0.0,0.0,0.01261624393433836,0.9999204120273719,0.0003735100852621696,0.00121647381069531,0.0,0.0,0.0,0.00026695252226820756,1477,1530
0.2737212607508245,0.013520828128373411,0.0,0.0,0.0,0.01248918921309203,0.9999220070349485,-0.0019478867824707364,-0.00012155645407880862,0.0,0.0,0.0,-0.001270025009978279,1477,1530
0.27233452111910195,0.013349799154466744,0.0,0.0,0.0,0.012448948690958797,0.9999225088358047,-0.006952406921989871,-0.0006816513545070364,0.0,0.0,0.0,-0.000402408338830644,1477,1530
0.27233452111910195,0.013349799154466744,0.0,0.0,0.0,0.012448948690958797,0.9999225088358047,-0.006952406921989871,-0.0006816513545070364,0.0,0.0,0.0,-0.000402408338830644,1477,1530
0.2718404760143927,0.013304374199968166,0.0,0.0,0.0,0.012431650747558145,0.9999227240440587,-0.007403539660732557,-0.0004952087670153777,0.0,0.0,0.0,-0.0005174545587063676,1477,1530
0.27045728033005356,0.012882105312036053,0.0,0.0,0.0,0.011965366386227876,0.9999284124412324,-0.008316319894089041,-0.002314456852362915,0.0,0.0,0.0,-0.005566858606939296,1477,1530
0.27045728033005356,0.012882105312036053,0.0,0.0,0.0,0.011965366386227876,0.9999284124412324,-0.008316319894089041,-0.002314456852362915,0.0,0.0,0.0,-0.005566858606939296,1477,1530
0.2645627057398444,0.012543717741233508,0.0,0.0,0.0,0.010614882616266651,0.9999436605464544,-0.03558561146166479,-0.0011894423991103717,0.0,0.0,0.0,-0.016289094422320582,1477,1530
0.2645627057398444,0.012543717741233508,0.0,0.0,0.0,0.010614882616266651,0.9999436605464544,-0.03558561146166479,-0.0011894423991103717,0.0,0.0,0.0,-0.016289094422320582,1477,1530
0.2521210065124802,0.011201586108819696,0.0,0.0,0.0,0.008597682426824618,0.999963039245395,-0.06232665113448409,-0.005387659579056527,0.0,0.0,0.0,-0.020169594457916228,1477,1530
0.24762704390013507,0.010666443755145793,0.0,0.0,0.0,0.0076956744713122275,0.9999703878587763,-0.06766199584537486,-0.006879519828558863,0.0,0.0,0.0,-0.02711101820334893,1477,1530
0.24762704390013507,0.010666443755145793,0.0,0.0,0.0,0.0076956744713122275,0.9999703878587763,-0.06766199584537486,-0.006879519828558863,0.0,0.0,0.0,-0.02711101820334893,1477,1530
0.21927601396593815,0.00878299014166636,0.0,0.0,0.0,0.009565577478075297,0.9999542488171701,-0.10637883223855923,-0.005424095322516232,0.0,0.0,0.0,0.014020354830847032,1477,1530
0.20052232337659998,0.010261691445944248,0.0,0.0,0.0,0.012102575877416956,0.9999267611466008,-0.14041091883139156,0.013778576443142199,0.0,0.0,0.0,0.03805613241795711,1477,1530
0.20052232337659998,0.010261691445944248,0.0,0.0,0.0,0.012102575877416956,0.9999267611466008,-0.14041091883139156,0.013778576443142199,0.0,0.0,0.0,0.03805613241795711,1477,1530
0.1849701992311806,0.009023924228394604,0.0,0.0,0.0,0.013317188812091497,0.9999113223092051,-0.07794297142158832,-0.004308012015115016,0.0,0.0,0.0,0.012155738849752547,1477,1530
0.18675842661464373,0.009193894637227609,0.0,0.0,0.0,0.012900948326717758,0.9999167793032935,0.017531815993703855,0.001196290599127846,0.0,0.0,0.0,-0.008144632628311249,1477,1530
0.18675842661464373,0.009193894637227609,0.0,0.0,0.0,0.012900948326717758,0.9999167793032935,0.017531815993703855,0.001196290599127846,0.0,0.0,0.0,-0.008144632628311249,1477,1530
0.1904974814168485,0.00972567134043921,0.0,0.0,0.0,0.013378168805230073,0.9999105082953268,0.028598337343296382,0.0033170682601821664,0.0,0.0,0.0,0.00727643948530791,1477,1530
0.19603441767214347,0.01038433775432388,0.0,0.0,0.0,0.013580662949802619,0.9999077785445235,0.055459211229642744,0.0050968414499507255,0.0,0.0,0.0,0.004045396366228599,1477,1530
0.19603441767214347,0.01038433775432388,0.0,0.0,0.0,0.013580662949802619,0.9999077785445235,0.055459211229642744,0.0050968414499507255,0.0,0.0,0.0,0.004045396366228599,1477,1530
0.2170943564537461,0.012214544734120248,0.0,0.0,0.0,0.01569198920750321,0.9998768731572462,0.09039955057354532,0.005387371599003668,0.0,0.0,0.0,0.018091593279053284,1477,1530
0.23069634944595532,0.011602567223979905,0.0,0.0,0.0,0.015037879290095063,0.9998869247002166,0.10191418425399892,-0.007795964438146754,0.0,0.0,0.0,-0.009821818132481726,1477,1530
0.23069634944595532,0.011602567223979905,0.0,0.0,0.0,0.015037879290095063,0.9998869247002166,0.10191418425399892,-0.007795964438146754,0.0,0.0,0.0,-0.009821818132481726,1477,1530
0.2530641579977913,0.013233407555019757,0.0,0.0,0.0,0.01313921176809031,0.9999136768312119,0.13391466313895195,0.005722234511779043,0.0,0.0,0.0,-0.02269715247843576,1477,1530
0.2642913403251962,0.01514805952459196,0.0,0.0,0.0,0.014241391156004852,0.9998985862465962,0.1676548566099284,0.024076613158877574,0.0,0.0,0.0,0.032785048932503766,1477,1530
0.2642913403251962,0.01514805952459196,0.0,0.0,0.0,0.014241391156004852,0.9998985862465962,0.1676548566099284,0.024076613158877574,0.0,0.0,0.0,0.032785048932503766,1477,1530
0.2876611946758833,0.017567468669445755,0.0,0.0,0.0,0.014098869598477972,0.9999006059984388,0.11792529280009849,0.008822556887906166,0.0,0.0,0.0,-0.0014348357698279032,1477,1530
0.28733790289499617,0.01794619621603019,0.0,0.0,0.0,0.013669603104861542,0.9999065666105786,-0.0015607084960987856,0.0019363308976057313,0.0,0.0,0.0,-0.004288361452354208,1477,1530
0.28733790289499617,0.01794619621603019,0.0,0.0,0.0,0.013669603104861542,0.9999065666105786,-0.0015607084960987856,0.0019363308976057313,0.0,0.0,0.0,-0.004288361452354208,1477,1530
0.2829379498272917,0.01695556345566658,0.0,0.0,0.0,0.0137182743748765,0.9999059000466872,-0.04431282923547161,-0.008711411777058389,0.0,0.0,0.0,0.0009748131846770735,1477,1530
0.2829379498272917,0.01695556345566658,0.0,0.0,0.0,0.0137182743748765,0.9999059000466872,-0.04431282923547161,-0.008711411777058389,0.0,0.0,0.0,0.0009748131846770735,1477,1530
0.27576411243791615,0.0162376901192871,0.0,0.0,0.0,0.013528564821632172,0.9999084847794156,-0.030809046267214518,-0.002231346716802967,0.0,0.0,0.0,-0.0016257682918335865,1477,1530
0.27576411243791615,0.0162376901192871,0.0,0.0,0.0,0.013528564821632172,0.9999084847794156,-0.030809046267214518,-0.002231346716802967,0.0,0.0,0.0,-0.0016257682918335865,1477,1530
0.27573693665668286,0.016010966091441498,0.0,0.0,0.0,0.013457311622337207,0.9999094462819618,-0.00033293447957329975,-0.0022586289155120125,0.0,0.0,0.0,-0.00142492299047652,1477,1530
0.27650412723926554,0.016556750860853432,0.0,0.0,0.0,0.013478879078819386,0.9999091557830534,0.003349450480690377,0.002249564226262678,0.0,0.0,0.0,0.00018486589189842725,1477,1530
0.27629575871476003,0.01658342377793853,0.0,0.0,0.0,0.013406731107561054,0.9999101257418136,-0.001558959022715874,0.00024243413927347066,0.0,0.0,0.0,-0.0010838157400989805,1477,1530
0.27629575871476003,0.01658342377793853,0.0,0.0,0.0,0.013406731107561054,0.9999101257418136,-0.001558959022715874,0.00024243413927347066,0.0,0.0,0.0,-0.0010838157400989805,1477,1530
0.27628812275699516,0.016344770753210718,0.0,0.0,0.0,0.013424774900341566,0.9999098836489592,-0.00010506425512919252,-0.0017847650049072432,0.0,0.0,0.0,0.00027023401443345416,1477,1530
0.27628812275699516,0.016344770753210718,0.0,0.0,0.0,0.013424774900341566,0.9999098836489592,-0.00010506425512919252,-0.0017847650049072432,0.0,0.0,0.0,0.00027023401443345416,1477,1530
0.2766602647146741,0.01687881739649842,0.0,0.0,0.0,0.013310525207244142,0.9999114110353513,0.002314915090994667,0.0031388977616057406,0.0,0.0,0.0,-0.0013692511672136112,1477,1530
0.2766612859526598,0.01684666541210054,0.0,0.0,0.0,0.013305985771953344,0.9999114714526665,9.911257434834462e-07,-0.00019318825102388542,0.0,0.0,0.0,-5.452930554467436e-05,1477,1530
0.27657387235397235,0.016796918801299632,0.0,0.0,0.0,0.013324828444850936,0.9999112205325608,-0.0006661038645815329,-0.0003559528529906055,0.0,0.0,0.0,0.00028300759202366885,1477,1530
0.27657387235397235,0.016796918801299632,0.0,0.0,0.0,0.013324828444850936,0.9999112205325608,-0.0006661038645815329,-0.0003559528529906055,0.0,0.0,0.0,0.00028300759202366885,1477,1530
0.2764162478115807,0.01657889464115293,0.0,0.0,0.0,0.013387659311069515,0.9999103812733273,-0.0024512141093087866,-0.003206902602572826,0.0,0.0,0.0,0.001885508945359323,1477,1530
0.27634091772944813,0.01683453877661652,0.0,0.0,0.0,0.013278318771681966,0.999911839239139,-0.00029317890260807455,0.0011030569099314091,0.0,0.0,0.0,-0.0009365988666384799,1477,1530
0.27634091772944813,0.01683453877661652,0.0,0.0,0.0,0.013278318771681966,0.999911839239139,-0.00029317890260807455,0.0011030569099314091,0.0,0.0,0.0,-0.0009365988666384799,1477,1530
0.27657207359897007,0.0168470253415773,0.0,0.0,0.0,0.01334074411093386,0.9999110083135231,0.001373948662610118,3.766672449384599e-05,0.0,0.0,0.0,0.0007413535966571464,1477,1530
0.27657207359897007,0.0168470253415773,0.0,0.0,0.0,0.01334074411093386,0.9999110083135231,0.001373948662610118,3.766672449384599e-05,0.0,0.0,0.0,0.0007413535966571464,1477,1530
0.27654042522702954,0.016702364198655957,0.0,0.0,0.0,0.013386667564047544,0.9999103945511966,-0.0002154321369129169,-0.0008725263862742527,0.0,0.0,0.0,0.0005574780978738434,1477,1530
0.27645386532054705,0.01673264894903585,0.0,0.0,0.0,0.013392257510587459,0.9999103196981067,-0.0008567700683516935,0.00032575549612319136,0.0,0.0,0.0,0.0001117553111241786,1477,1530
0.27645386532054705,0.01673264894903585,0.0,0.0,0.0,0.013392257510587459,0.9999103196981067,-0.0008567700683516935,0.00032575549612319136,0.0,0.0,0.0,0.0001117553111241786,1477,1530
0.27630728426884127,0.016834068382848476,0.0,0.0,0.0,0.013296657035073293,0.9999115955481723,-0.0008624060495041915,0.0006315105478593851,0.0,0.0,0.0,-0.001146686358561069,1477,1530
0.276397626403094,0.01685578067684736,0.0,0.0,0.0,0.013299417823852553,0.9999115588318531,0.0005456744709776084,0.00011588816117870282,0.0,0.0,0.0,3.3153613323073304e-05,1477,1530
0.276432992535691,0.01720095189986183,0.0,0.0,0.0,0.013230695564117052,0.9999124705167396,0.0004449391797514568,0.0034379908510091465,0.0,0.0,0.0,-0.0013733301376121555,1477,1530
0.2764342131120812,0.017246613167058184,0.0,0.0,0.0,0.013188586331558906,0.9999130268131199,1.821054966418382e-05,0.000342064896924536,0.0,0.0,0.0,-0.0006316335990105606,1477,1530
0.2764342131120812,0.017246613167058184,0.0,0.0,0.0,0.013188586331558906,0.9999130268131199,1.821054966418382e-05,0.000342064896924536,0.0,0.0,0.0,-0.0006316335990105606,1477,1530
0.2763942405137029,0.017078488308588897,0.0,0.0,0.0,0.013270853304962518,0.999911938348852,-0.00033290812477317837,-0.0012524435816244923,0.0,0.0,0.0,0.0012339676141212544,1477,1530
0.2764316030715191,0.017121453345460173,0.0,0.0,0.0,0.013230387496927853,0.9999124745929922,0.0002890395492939671,0.0003150875952156246,0.0,0.0,0.0,-0.0006078123361586483,1477,1530
0.2763172526427563,0.01697732299106309,0.0,0.0,0.0,0.013249930822042465,0.9999122158135738,-0.0017657572584201416,-0.0021085304303953335,0.0,0.0,0.0,0.0005843322818395241,1477,1530
0.2763172526427563,0.01697732299106309,0.0,0.0,0.0,0.013249930822042465,0.9999122158135738,-0.0017657572584201416,-0.0021085304303953335,0.0,0.0,0.0,0.0005843322818395241,1477,1530
0.2763307840839322,0.017108798352208084,0.0,0.0,0.0,0.013201427007156335,0.999912857365568,7.296337788996301e-05,0.0005622044012731581,0.0,0.0,0.0,-0.0004161334969373691,1477,1530
0.2763307840839322,0.017108798352208084,0.0,0.0,0.0,0.013201427007156335,0.999912857365568,7.296337788996301e-05,0.0005622044012731581,0.0,0.0,0.0,-0.0004161334969373691,1477,1530
0.2761742964927573,0.016882166755669174,0.0,0.0,0.0,0.013333871238516051,0.9999110999872912,-0.0016232696627753603,-0.0022229897946877703,0.0,0.0,0.0,0.002647661580561201,1477,1530
0.27627256187856614,0.01669583800004222,0.0,0.0,0.0,0.013339536232687457,0.9999110244282222,0.0006990309907056064,-0.0014157431124934116,0.0,0.0,0.0,8.492981423891169e-05,1477,1530
0.2763146686110802,0.016776054340722858,0.0,0.0,0.0,0.013381761111225292,0.9999104602260954,0.00022125783826670335,0.00039550059604798356,0.0,0.0,0.0,0.000422476591964749,1477,1530
0.2763146686110802,0.016776054340722858,0.0,0.0,0.0,0.013381761111225292,0.9999104602260954,0.00022125783826670335,0.00039550059604798356,0.0,0.0,0.0,0.000422476591964749,1477,1530
0.2762200282238495,0.016819339958532662,0.0,0.0,0.0,0.013351000744812032,0.9999108714176039,-0.0009256780078279458,0.00045371317447813453,0.0,0.0,0.0,-0.0006094662678634913,1477,1530
0.27611645181820454,0.016899054775107555,0.0,0.0,0.0,0.013292647597988741,0.9999116488569556,-0.0007642537690836967,0.0006213730129105202,0.0,0.0,0.0,-0.0008795991572034565,1477,1530
0.27611645181820454,0.016899054775107555,0.0,0.0,0.0,0.013292647597988741,0.9999116488569556,-0.0007642537690836967,0.0006213730129105202,0.0,0.0,0.0,-0.0008795991572034565,1477,1530
0.27625028776466387,0.016823389749161484,0.0,0.0,0.0,0.013313204243764393,0.9999113753692194,0.0005648597079526804,-0.00033947173733469237,0.0,0.0,0.0,0.00017624663467757706,1477,1530
0.276347904769593,0.01724558762571774,0.0,0.0,0.0,0.013209665045715253,0.9999127485682838,0.000817001893559971,0.0031490657124612674,0.0,0.0,0.0,-0.001554802678802295,1477,1530
0.276347904769593,0.01724558762571774,0.0,0.0,0.0,0.013209665045715253,0.9999127485682838,0.000817001893559971,0.0031490657124612674,0.0,0.0,0.0,-0.001554802678802295,1477,1530
0.27631193145645927,0.01721288321587128,0.0,0.0,0.0,0.013190962257313492,0.9999129954724691,-0.00036869323882470845,-0.00031781143590619025,0.0,0.0,0.0,-0.0003745415568494284,1477,1530
0.2762042304846102,0.017016437581664514,0.0,0.0,0.0,0.01321645515624287,0.9999126588423126,-0.0006762894316969496,-0.001159871502122298,0.0,0.0,0.0,0.0003055869759971235,1477,1530
0.2762179521801945,0.017265243204761402,0.0,0.0,0.0,0.013148416283063357,0.9999135558383271,0.0001523520189967203,0.0018645627587393528,0.0,0.0,0.0,-0.001021708819849584,1477,1530
0.27629622863638753,0.017033526007759054,0.0,0.0,0.0,0.013252489178079146,0.9999121819092839,0.0007217020193974443,-0.002337397335431562,0.0,0.0,0.0,0.0020820348568754096,1477,1530
0.27629622863638753,0.017033526007759054,0.0,0.0,0.0,0.013252489178079146,0.9999121819092839,0.0007217020193974443,-0.002337397335431562,0.0,0.0,0.0,0.0020820348568754096,1477,1530
0.2762874578203479,0.01694963413796779,0.0,0.0,0.0,0.013289806799989846,0.9999116866179828,-6.587922436024254e-05,-0.0005012674185923261,0.0,0.0,0.0,0.00044739366676459534,1477,1530
0.27626596622430627,0.01705482631302802,0.0,0.0,0.0,0.0132203024284848,0.9999126079831674,-0.00014034457757020318,0.0007939787103075154,0.0,0.0,0.0,-0.0010440143902707996,1477,1530
0.27628606833598335,0.01718226196460646,0.0,0.0,0.0,0.013212965328266052,0.9999127049634053,0.000234654394425748,0.0012686598384800945,0.0,0.0,0.0,-0.00014676216056477227,1477,1530
0.27628606833598335,0.01718226196460646,0.0,0.0,0.0,0.013212965328266052,0.9999127049634053,0.000234654394425748,0.0012686598384800945,0.0,0.0,0.0,-0.00014676216056477227,1477,1530
0.27622151510831533,0.01673928886987932,0.0,0.0,0.0,0.013333365186589986,0.9999111067353942,-0.00045450050589750866,-0.002629819023251785,0.0,0.0,0.0,0.0014357226022618328,1477,1530
0.2762416825497452,0.016892205102103836,0.0,0.0,0.0,0.013293622461324785,0.9999116358968205,0.00018283346683072024,0.0011490349018434493,0.0,0.0,0.0,-0.000599640150371486,1477,1530
0.2762416825497452,0.016892205102103836,0.0,0.0,0.0,0.013293622461324785,0.9999116358968205,0.00018283346683072024,0.0011490349018434493,0.0,0.0,0.0,-0.000599640150371486,1477,1530
0.2761551380684368,0.017130682049183027,0.0,0.0,0.0,0.01323252976311938,0.9999124462452041,-0.0006024814066365962,0.0018087323168065246,0.0,0.0,0.0,-0.0009182639944901118,1477,1530
0.2763360046127158,0.017281475240577986,0.0,0.0,0.0,0.013189770313859777,0.9999130111960077,0.0013840455241869148,0.0010931503770635492,0.0,0.0,0.0,-0.0006405653398082807,1477,1530
0.2763360046127158,0.017281475240577986,0.0,0.0,0.0,0.013189770313859777,0.9999130111960077,0.0013840455241869148,0.0010931503770635492,0.0,0.0,0.0,-0.0006405653398082807,1477,1530
0.27621518909353504,0.017239869266529758,0.0,0.0,0.0,0.013205235819727441,0.9999128070721693,-0.0018338314041804655,-0.0005778882134895985,0.0,0.0,0.0,0.00046546948819086353,1477,1530
0.2768202377118097,0.017429788977977787,0.0,0.0,0.0,0.013114321168634278,0.9999140035924519,0.0026120364035890726,0.0007447179162464475,0.0,0.0,0.0,-0.000778853033785153,1477,1530
0.27686054767775364,0.017558362511952304,0.0,0.0,0.0,0.013086864910632894,0.9999143633165847,0.00026215605002795047,0.0007652628197285672,0.0,0.0,0.0,-0.00032968865782138386,1477,1530
0.27686054767775364,0.017558362511952304,0.0,0.0,0.0,0.013086864910632894,0.9999143633165847,0.00026215605002795047,0.0007652628197285672,0.0,0.0,0.0,-0.00032968865782138386,1477,1530
0.27683443333598545,0.01766331013921151,0.0,0.0,0.0,0.01303884906094364,0.9999149905942835,-0.00034935257407514114,0.0015792759900688299,0.0,0.0,0.0,-0.0014363683014414499,1477,1530
0.2766194405198303,0.017835077026515263,0.0,0.0,0.0,0.012986237793735122,0.9999156752586512,-0.0012625438526714585,0.0010638020382386377,0.0,0.0,0.0,-0.000631338156843148,1477,1530
0.2766194405198303,0.017835077026515263,0.0,0.0,0.0,0.012986237793735122,0.9999156752586512,-0.0012625438526714585,0.0010638020382386377,0.0,0.0,0.0,-0.000631338156843148,1477,1530
0.27673632192720976,0.017620553749109077,0.0,0.0,0.0,0.013019871483107046,0.9999152378809733,0.0006680240042189416,-0.0013056990009586913,0.0,0.0,0.0,0.00040387991751426346,1477,1530
0.27673632192720976,0.017620553749109077,0.0,0.0,0.0,0.013019871483107046,0.9999152378809733,0.0006680240042189416,-0.0013056990009586913,0.0,0.0,0.0,0.00040387991751426346,1477,1530
0.27662052896049943,0.017549038335942325,0.0,0.0,0.0,0.013043167878774034,0.9999149342677537,-0.0007048433137246175,-0.00041036150423357675,0.0,0.0,0.0,0.00027924316250239667,1477,1530
0.2767113066752242,0.017548869468514666,0.0,0.0,0.0,0.013062857372589656,0.9999146772386449,0.0005447443419283686,-1.5228100204154396e-05,0.0,0.0,0.0,0.0002364198320093788,1477,1530
0.2767113066752242,0.017548869468514666,0.0,0.0,0.0,0.013062857372589656,0.9999146772386449,0.0005447443419283686,-1.5228100204154396e-05,0.0,0.0,0.0,0.0002364198320093788,1477,1530
0.2766243647814368,0.017740424525162883,0.0,0.0,0.0,0.013001455806978287,0.9999154775014233,-0.000490080515965183,0.0011593286068763194,0.0,0.0,0.0,-0.0007348297199671481,1477,1530
0.27674169367467305,0.017679853134786854,0.0,0.0,0.0,0.01302127739571782,0.9999152195736315,0.0017480033808150838,-0.000960777480164829,0.0,0.0,0.0,0.0005989083297415093,1477,1530
0.27674169367467305,0.017679853134786854,0.0,0.0,0.0,0.01302127739571782,0.9999152195736315,0.0017480033808150838,-0.000960777480164829,0.0,0.0,0.0,0.0005989083297415093,1477,1530
0.2767479532511222,0.01767717650615424,0.0,0.0,0.0,0.01307036788738896,0.9999145790932785,3.091449933213443e-05,-1.4182479305557869e-05,0.0,0.0,0.0,0.0004905616054464065,1477,1530
0.27669891928431245,0.01760047031991208,0.0,0.0,0.0,0.013072569994336364,0.9999145503060465,-0.0002552858622472455,-0.0003772499343772201,0.0,0.0,0.0,2.203804707370223e-05,1477,1530
0.27668703256179206,0.017673116333070123,0.0,0.0,0.0,0.013020692594966769,0.999915227188959,-9.930156998094461e-05,0.0007254238476261857,0.0,0.0,0.0,-0.0010320939566716373,1477,1530
0.27668703256179206,0.017673116333070123,0.0,0.0,0.0,0.013020692594966769,0.999915227188959,-9.930156998094461e-05,0.0007254238476261857,0.0,0.0,0.0,-0.0010320939566716373,1477,1530
0.27674282227995084,0.01755344778470545,0.0,0.0,0.0,0.013102331906608103,0.9999141607651174,0.0005294060986635035,-0.0012173807551422598,0.0,0.0,0.0,0.0016417912009734962,1477,1530
0.27674282227995084,0.01755344778470545,0.0,0.0,0.0,0.013102331906608103,0.9999141607651174,0.0005294060986635035,-0.0012173807551422598,0.0,0.0,0.0,0.0016417912009734962,1477,1530
0.27674282227995084,0.01755344778470545,0.0,0.0,0.0,0.013102331906608103,0.9999141607651174,0.0005294060986635035,-0.0012173807551422598,0.0,0.0,0.0,0.0016417912009734962,1477,1530
0.27674282227995084,0.01755344778470545,0.0,0.0,0.0,0.013102331906608103,0.9999141607651174,0.0005294060986635035,-0.0012173807551422598,0.0,0.0,0.0,0.0016417912009734962,1477,1530
0.27677690218769707,0.017581457426912254,0.0,0.0,0.0,0.013076220287777694,0.9999145025765881,0.00020706677452896405,0.00016128236379777547,0.0,0.0,0.0,-0.0003107460606926249,1477,1530
0.27677690218769707,0.017581457426912254,0.0,0.0,0.0,0.013076220287777694,0.9999145025765881,0.00020706677452896405,0.00016128236379777547,0.0,0.0,0.0,-0.0003107460606926249,1477,1530
0.2766888221094211,0.01780179675402627,0.0,0.0,0.0,0.012971267042211219,0.9999158695766958,-0.0001752054408818135,0.00047388418285597146,0.0,0.0,0.0,-0.0004469650667876383,1477,1530
0.2766888221094211,0.01780179675402627,0.0,0.0,0.0,0.012971267042211219,0.9999158695766958,-0.0001752054408818135,0.00047388418285597146,0.0,0.0,0.0,-0.0004469650667876383,1477,1530
0.2766888221094211,0.01780179675402627,0.0,0.0,0.0,0.012971267042211219,0.9999158695766958,-0.0001752054408818135,0.00047388418285597146,0.0,0.0,0.0,-0.0004469650667876383,1477,1530
0.27668716356335704,0.017865062087826313,0.0,0.0,0.0,0.012984721519444976,0.9999156949498605,-7.362320112627162e-08,0.0002763096514481601,0.0,0.0,0.0,0.00011749367313009676,1477,1530
0.27663858942162983,0.01763533995253258,0.0,0.0,0.0,0.013062373710052522,0.9999146835570817,-0.00023386785052412193,-0.000979614193234531,0.0,0.0,0.0,0.0006662100815773153,1477,1530
0.27663858942162983,0.01763533995253258,0.0,0.0,0.0,0.013062373710052522,0.9999146835570817,-0.00023386785052412193,-0.000979614193234531,0.0,0.0,0.0,0.0006662100815773153,1477,1530
0.2767153483015706,0.017423445787275702,0.0,0.0,0.0,0.013104784064501192,0.9999141286303653,0.0005325644531843865,-0.0015994479039320437,0.0,0.0,0.0,0.0006345219437531586,1477,1530
0.2767153483015706,0.017423445787275702,0.0,0.0,0.0,0.013104784064501192,0.9999141286303653,0.0005325644531843865,-0.0015994479039320437,0.0,0.0,0.0,0.0006345219437531586,1477,1530
0.2767512949134769,0.017992224101432728,0.0,0.0,0.0,0.012949263600087574,0.9999161547710965,0.0003820318694209997,0.00426544301642901,0.0,0.0,0.0,-0.00233746363881754,1477,1530
0.27665556633007504,0.01788504831132017,0.0,0.0,0.0,0.012962558955776103,0.9999159825031891,-0.0004920103806021645,-0.0005229328449566613,0.0,0.0,0.0,0.00013287037882034051,1477,1530
0.27665556633007504,0.01788504831132017,0.0,0.0,0.0,0.012962558955776103,0.9999159825031891,-0.0004920103806021645,-0.0005229328449566613,0.0,0.0,0.0,0.00013287037882034051,1477,1530
0.27665556633007504,0.01788504831132017,0.0,0.0,0.0,0.012962558955776103,0.9999159825031891,-0.0004920103806021645,-0.0005229328449566613,0.0,0.0,0.0,0.00013287037882034051,1477,1530
0.2768767228366563,0.01772053880901138,0.0,0.0,0.0,0.013026879426375242,0.9999151466061561,0.0021695646786229327,-0.0017029623430992694,0.0,0.0,0.0,0.0012873419372153815,1477,1530
0.2768767228366563,0.01772053880901138,0.0,0.0,0.0,0.013026879426375242,0.9999151466061561,0.0021695646786229327,-0.0017029623430992694,0.0,0.0,0.0,0.0012873419372153815,1477,1530
0.2768767228366563,0.01772053880901138,0.0,0.0,0.0,0.013026879426375242,0.9999151466061561,0.0021695646786229327,-0.0017029623430992694,0.0,0.0,0.0,0.0012873419372153815,1477,1530
0.27658436216153065,0.017756724706881912,0.0,0.0,0.0,0.012983371026593136,0.9999157124862004,-0.0007285117847131311,0.00010950746619770759,0.0,0.0,0.0,-0.00021762459724533983,1477,1530
0.27658436216153065,0.017756724706881912,0.0,0.0,0.0,0.012983371026593136,0.9999157124862004,-0.0007285117847131311,0.00010950746619770759,0.0,0.0,0.0,-0.00021762459724533983,1477,1530
0.27688054494099634,0.01768937415442615,0.0,0.0,0.0,0.013055894115768714,0.9999147681821875,0.0014708399685135817,-0.000374878692330032,0.0,0.0,0.0,0.0007248828075543222,1477,1530
0.27688054494099634,0.01768937415442615,0.0,0.0,0.0,0.013055894115768714,0.9999147681821875,0.0014708399685135817,-0.000374878692330032,0.0,0.0,0.0,0.0007248828075543222,1477,1530
0.27688054494099634,0.01768937415442615,0.0,0.0,0.0,0.013055894115768714,0.9999147681821875,0.0014708399685135817,-0.000374878692330032,0.0,0.0,0.0,0.0007248828075543222,1477,1530
0.27688054494099634,0.01768937415442615,0.0,0.0,0.0,0.013055894115768714,0.9999147681821875,0.0014708399685135817,-0.000374878692330032,0.0,0.0,0.0,0.0007248828075543222,1477,1530
0.27688054494099634,0.01768937415442615,0.0,0.0,0.0,0.013055894115768714,0.9999147681821875,0.0014708399685135817,-0.000374878692330032,0.0,0.0,0.0,0.0007248828075543222,1477,1530
0.27688054494099634,0.01768937415442615,0.0,0.0,0.0,0.013055894115768714,0.9999147681821875,0.0014708399685135817,-0.000374878692330032,0.0,0.0,0.0,0.0007248828075543222,1477,1530
0.27688054494099634,0.01768937415442615,0.0,0.0,0.0,0.013055894115768714,0.9999147681821875,0.0014708399685135817,-0.000374878692330032,0.0,0.0,0.0,0.0007248828075543222,1477,1530
0.27688054494099634,0.01768937415442615,0.0,0.0,0.0,0.013055894115768714,0.9999147681821875,0.0014708399685135817,-0.000374878692330032,0.0,0.0,0.0,0.0007248828075543222,1477,1530
0.27688054494099634,0.01768937415442615,0.0,0.0,0.0,0.013055894115768714,0.9999147681821875,0.0014708399685135817,-0.000374878692330032,0.0,0.0,0.0,0.0007248828075543222,1477,1530
0.27688054494099634,0.01768937415442615,0.0,0.0,0.0,0.013055894115768714,0.9999147681821875,0.0014708399685135817,-0.000374878692330032,0.0,0.0,0.0,0.0007248828075543222,1477,1530
0.27688054494099634,0.01768937415442615,0.0,0.0,0.0,0.013055894115768714,0.9999147681821875,0.0014708399685135817,-0.000374878692330032,0.0,0.0,0.0,0.0007248828075543222,1477,1530
0.27688054494099634,0.01768937415442615,0.0,0.0,0.0,0.013055894115768714,0.9999147681821875,0.0014708399685135817,-0.000374878692330032,0.0,0.0,0.0,0.0007248828075543222,1477,1530
0.27688054494099634,0.01768937415442615,0.0,0.0,0.0,0.013055894115768714,0.9999147681821875,0.0014708399685135817,-0.000374878692330032,0.0,0.0,0.0,0.0007248828075543222,1477,1530
0.27688054494099634,0.01768937415442615,0.0,0.0,0.0,0.013055894115768714,0.9999147681821875,0.0014708399685135817,-0.000374878692330032,0.0,0.0,0.0,0.0007248828075543222,1477,1530
